ISO-10303-21;
HEADER;
FILE_DESCRIPTION (( 'STEP AP214' ),
    '1' );
FILE_NAME ('VZ43FM1B8230001L.STEP',
    '2024-11-13T21:56:02',
    ( '' ),
    ( '' ),
    'SwSTEP 2.0',
    'SolidWorks 2021',
    '' );
FILE_SCHEMA (( 'AUTOMOTIVE_DESIGN' ));
ENDSEC;

DATA;
#1 = VERTEX_POINT ( 'NONE', #125 ) ;
#2 = DIRECTION ( 'NONE',  ( 1.000000000000000000, -0.000000000000000000, -0.000000000000000000 ) ) ;
#3 = CARTESIAN_POINT ( 'NONE',  ( 1.024999999999999911, 0.3150000000000000022, -1.450000000000631228 ) ) ;
#4 = ORIENTED_EDGE ( 'NONE', *, *, #8837, .F. ) ;
#5 = ORIENTED_EDGE ( 'NONE', *, *, #8871, .T. ) ;
#6 = EDGE_CURVE ( 'NONE', #4373, #2212, #2878, .T. ) ;
#7 = ORIENTED_EDGE ( 'NONE', *, *, #6882, .T. ) ;
#8 = CARTESIAN_POINT ( 'NONE',  ( -2.875000000000000000, 3.107142857142857206, 0.4824998678227593873 ) ) ;
#9 = CARTESIAN_POINT ( 'NONE',  ( -2.874999999999662492, 1.187852254442064215, 2.081548843649189795 ) ) ;
#10 = DIRECTION ( 'NONE',  ( -1.000000000000000000, -0.000000000000000000, -0.000000000000000000 ) ) ;
#11 = FACE_OUTER_BOUND ( 'NONE', #1399, .T. ) ;
#12 = ORIENTED_EDGE ( 'NONE', *, *, #454, .T. ) ;
#13 = ADVANCED_FACE ( 'NONE', ( #5881, #7118 ), #5698, .T. ) ;
#14 = VERTEX_POINT ( 'NONE', #1590 ) ;
#15 = CARTESIAN_POINT ( 'NONE',  ( -3.424999999999793321, -1.580166996069204022E-16, -0.9000000000004242384 ) ) ;
#16 = EDGE_CURVE ( 'NONE', #5316, #199, #3661, .T. ) ;
#17 = CARTESIAN_POINT ( 'NONE',  ( -2.874999999999999556, 1.899999999999999467, 9.390636416674440884E-13 ) ) ;
#18 = ORIENTED_EDGE ( 'NONE', *, *, #786, .T. ) ;
#19 = UNCERTAINTY_MEASURE_WITH_UNIT (LENGTH_MEASURE( 1.000000000000000082E-05 ), #6046, 'distance_accuracy_value', 'NONE');
#20 = DIRECTION ( 'NONE',  ( 1.000000000000000000, 4.613626265895768243E-17, 0.000000000000000000 ) ) ;
#21 = CARTESIAN_POINT ( 'NONE',  ( 3.737220696082744098, 1.032628200968646714, -1.005439070954236902 ) ) ;
#22 = CARTESIAN_POINT ( 'NONE',  ( -3.424999999999793321, -1.580166996069204022E-16, -1.100000000000424194 ) ) ;
#23 = ORIENTED_EDGE ( 'NONE', *, *, #5685, .F. ) ;
#24 = DIRECTION ( 'NONE',  ( -0.000000000000000000, -0.000000000000000000, -1.000000000000000000 ) ) ;
#25 = DIRECTION ( 'NONE',  ( 0.000000000000000000, -1.000000000000000000, 0.000000000000000000 ) ) ;
#26 = CYLINDRICAL_SURFACE ( 'NONE', #7948, 0.5000000000000001110 ) ;
#27 = VECTOR ( 'NONE', #6038, 1000.000000000000000 ) ;
#28 = ADVANCED_FACE ( 'NONE', ( #1683 ), #1467, .T. ) ;
#29 =( NAMED_UNIT ( * ) SI_UNIT ( $, .STERADIAN. ) SOLID_ANGLE_UNIT ( ) );
#30 = CARTESIAN_POINT ( 'NONE',  ( 3.275000000000000355, 1.637750119160781725, 0.9649999999999354650 ) ) ;
#31 = FACE_OUTER_BOUND ( 'NONE', #8642, .T. ) ;
#32 = AXIS2_PLACEMENT_3D ( 'NONE', #5555, #6926, #1994 ) ;
#34 = ORIENTED_EDGE ( 'NONE', *, *, #5305, .T. ) ;
#33 = AXIS2_PLACEMENT_3D ( 'NONE', #7792, #1524, #7092 ) ;
#35 = ORIENTED_EDGE ( 'NONE', *, *, #5140, .F. ) ;
#36 = ORIENTED_EDGE ( 'NONE', *, *, #2656, .F. ) ;
#37 = DIRECTION ( 'NONE',  ( -1.000000000000000000, -0.000000000000000000, -0.000000000000000000 ) ) ;
#38 = CARTESIAN_POINT ( 'NONE',  ( 3.275000000000515055, 0.8000000000000002665, 0.4000000000000425437 ) ) ;
#39 = AXIS2_PLACEMENT_3D ( 'NONE', #3379, #6156, #4789 ) ;
#40 = CYLINDRICAL_SURFACE ( 'NONE', #2562, 0.5000000000000004441 ) ;
#41 = ORIENTED_EDGE ( 'NONE', *, *, #3321, .T. ) ;
#42 = AXIS2_PLACEMENT_3D ( 'NONE', #6707, #4746, #1874 ) ;
#43 = CARTESIAN_POINT ( 'NONE',  ( 3.277663711335768060, 2.956175808745023836, 1.679545526866349725 ) ) ;
#44 = CARTESIAN_POINT ( 'NONE',  ( 3.147523376874675538, 1.479080129537357235, 0.8358446139566115818 ) ) ;
#45 = ORIENTED_EDGE ( 'NONE', *, *, #1233, .T. ) ;
#46 = ORIENTED_EDGE ( 'NONE', *, *, #4255, .F. ) ;
#47 = VERTEX_POINT ( 'NONE', #343 ) ;
#48 = VECTOR ( 'NONE', #7238, 1000.000000000000000 ) ;
#49 = CIRCLE ( 'NONE', #6282, 0.9000000000000002442 ) ;
#50 = EDGE_LOOP ( 'NONE', ( #5871, #8995, #1600, #6229 ) ) ;
#51 = LINE ( 'NONE', #7696, #2092 ) ;
#52 = CARTESIAN_POINT ( 'NONE',  ( 2.924999999999999822, 1.899999999999999911, 0.000000000000000000 ) ) ;
#53 = B_SPLINE_CURVE_WITH_KNOTS ( 'NONE', 3,
 ( #7998, #8051, #1786, #4564, #7360, #5792, #1114, #3200, #3889, #7218, #6664, #447, #8593, #5976, #2323, #5108, #5384, #8783, #535 ),
 .UNSPECIFIED., .F., .F.,
 ( 4, 3, 3, 3, 3, 3, 4 ),
 ( -3.029608912282221113E-06, 4.235164736271501695E-22, 2.231038810779296518E-05, 5.675648653840457297E-05, 9.030295400240831124E-05, 0.0001234299160633677266, 0.0001565837084219502944 ),
 .UNSPECIFIED. ) ;
#54 = EDGE_CURVE ( 'NONE', #6872, #3496, #6466, .T. ) ;
#55 = FACE_OUTER_BOUND ( 'NONE', #2336, .T. ) ;
#56 = ADVANCED_FACE ( 'NONE', ( #1635 ), #8541, .T. ) ;
#57 = CIRCLE ( 'NONE', #8178, 0.2000000000000013989 ) ;
#58 = DIRECTION ( 'NONE',  ( 0.9961946980917455452, 0.08715574274765836016, 0.000000000000000000 ) ) ;
#59 = ORIENTED_EDGE ( 'NONE', *, *, #6625, .T. ) ;
#60 = ORIENTED_EDGE ( 'NONE', *, *, #3618, .T. ) ;
#61 = PLANE ( 'NONE',  #1329 ) ;
#62 = ORIENTED_EDGE ( 'NONE', *, *, #640, .T. ) ;
#63 = DIRECTION ( 'NONE',  ( -1.000000000000000000, -0.000000000000000000, -0.000000000000000000 ) ) ;
#64 = PLANE ( 'NONE',  #3268 ) ;
#65 = ORIENTED_EDGE ( 'NONE', *, *, #8570, .T. ) ;
#66 = EDGE_CURVE ( 'NONE', #5878, #7683, #8214, .T. ) ;
#67 = VECTOR ( 'NONE', #2951, 1000.000000000000114 ) ;
#68 = CARTESIAN_POINT ( 'NONE',  ( 3.425000000000000266, 1.070000000000038476, 1.277499999999935465 ) ) ;
#69 = CARTESIAN_POINT ( 'NONE',  ( -2.974999999999999645, 1.899999999999999911, 0.000000000000000000 ) ) ;
#70 = CARTESIAN_POINT ( 'NONE',  ( 3.275000000000000355, 0.8229156321506279070, -1.669545873791086210 ) ) ;
#71 = VERTEX_POINT ( 'NONE', #6509 ) ;
#72 = VECTOR ( 'NONE', #5234, 1000.000000000000000 ) ;
#73 = DIRECTION ( 'NONE',  ( -1.000000000000000000, -0.000000000000000000, -0.000000000000000000 ) ) ;
#74 = CARTESIAN_POINT ( 'NONE',  ( 3.763286936559658624, 2.023271074420724069, -1.441575960432278203 ) ) ;
#75 = CARTESIAN_POINT ( 'NONE',  ( 3.253539591671258613, 1.952828867920465949, -0.9631224575565331403 ) ) ;
#76 = LINE ( 'NONE', #8911, #2921 ) ;
#77 = CARTESIAN_POINT ( 'NONE',  ( 2.925000000000000711, 3.399999999999999911, 0.000000000000000000 ) ) ;
#78 = EDGE_CURVE ( 'NONE', #2756, #8923, #164, .T. ) ;
#79 = STYLED_ITEM ( 'NONE', ( #3377 ), #6661 ) ;
#80 = ORIENTED_EDGE ( 'NONE', *, *, #6935, .T. ) ;
#81 = VERTEX_POINT ( 'NONE', #1552 ) ;
#82 = ORIENTED_EDGE ( 'NONE', *, *, #2248, .F. ) ;
#83 = DIRECTION ( 'NONE',  ( -3.336006684570784581E-16, 0.000000000000000000, 1.000000000000000000 ) ) ;
#84 = CARTESIAN_POINT ( 'NONE',  ( 3.275000000000000355, 1.849045831746048751, 0.9649999999999354650 ) ) ;
#85 = DIRECTION ( 'NONE',  ( 0.000000000000000000, 0.000000000000000000, 1.000000000000000000 ) ) ;
#86 = VECTOR ( 'NONE', #7425, 1000.000000000000000 ) ;
#87 = ORIENTED_EDGE ( 'NONE', *, *, #7076, .T. ) ;
#88 = CARTESIAN_POINT ( 'NONE',  ( 2.225000000000000089, 1.899999999999999689, 1.133352670977950737E-13 ) ) ;
#89 = EDGE_CURVE ( 'NONE', #5372, #3654, #3007, .T. ) ;
#90 = LINE ( 'NONE', #8419, #5252 ) ;
#91 = ORIENTED_EDGE ( 'NONE', *, *, #6663, .F. ) ;
#92 = VERTEX_POINT ( 'NONE', #5150 ) ;
#93 = ADVANCED_FACE ( 'NONE', ( #4327 ), #4411, .F. ) ;
#94 = CIRCLE ( 'NONE', #7349, 0.3499999999999998668 ) ;
#95 = ORIENTED_EDGE ( 'NONE', *, *, #7738, .T. ) ;
#96 = CARTESIAN_POINT ( 'NONE',  ( 2.224999999999671907, 1.008266633727411099, -1.829865345314123815 ) ) ;
#97 = VERTEX_POINT ( 'NONE', #2414 ) ;
#98 = CARTESIAN_POINT ( 'NONE',  ( 3.125000000000000000, 1.899999999999999911, 0.000000000000000000 ) ) ;
#99 = FACE_OUTER_BOUND ( 'NONE', #8453, .T. ) ;
#100 = VECTOR ( 'NONE', #6538, 1000.000000000000000 ) ;
#101 = CIRCLE ( 'NONE', #1244, 0.7500000000000112133 ) ;
#102 = CARTESIAN_POINT ( 'NONE',  ( 3.723875846775732246, 0.7451420990443864412, -1.247209272841525607 ) ) ;
#103 = DIRECTION ( 'NONE',  ( -1.000000000000000000, -4.613626265895765162E-17, 1.619075244254214076E-13 ) ) ;
#104 = VECTOR ( 'NONE', #3946, 1000.000000000000000 ) ;
#105 = VERTEX_POINT ( 'NONE', #3645 ) ;
#106 = VECTOR ( 'NONE', #3676, 1000.000000000000000 ) ;
#107 = DIRECTION ( 'NONE',  ( -8.091380703721135954E-14, -0.8660254037844422603, -0.4999999999999937828 ) ) ;
#108 = CARTESIAN_POINT ( 'NONE',  ( 3.697601750778153562, 0.7395707884294844270, -1.248390800232766606 ) ) ;
#109 = EDGE_CURVE ( 'NONE', #6442, #5164, #197, .T. ) ;
#110 = ORIENTED_EDGE ( 'NONE', *, *, #8472, .T. ) ;
#111 = CARTESIAN_POINT ( 'NONE',  ( 3.974931375685629487, 1.230463042243285621, -1.248858165635379658 ) ) ;
#112 = CARTESIAN_POINT ( 'NONE',  ( -2.863561386096296513, 3.266667860901630860, 0.1751804608039192190 ) ) ;
#113 = DIRECTION ( 'NONE',  ( 0.000000000000000000, 0.000000000000000000, 1.000000000000000000 ) ) ;
#114 = CARTESIAN_POINT ( 'NONE',  ( 1.925000000000000266, 0.1749999999999999889, 6.421812867798747930E-16 ) ) ;
#115 = LINE ( 'NONE', #7807, #4097 ) ;
#116 = EDGE_LOOP ( 'NONE', ( #8154, #2644 ) ) ;
#117 = EDGE_CURVE ( 'NONE', #4731, #5973, #4247, .T. ) ;
#118 = DIRECTION ( 'NONE',  ( -1.000000000000000000, -0.000000000000000000, -0.000000000000000000 ) ) ;
#119 = VECTOR ( 'NONE', #2119, 1000.000000000000000 ) ;
#120 = CARTESIAN_POINT ( 'NONE',  ( 3.878356560107946382, 1.733588865324522610, 1.231890857064560807 ) ) ;
#121 = LINE ( 'NONE', #4922, #5436 ) ;
#122 = CARTESIAN_POINT ( 'NONE',  ( 3.972545373505499189, 2.736680769864680229, 1.223130039374799694 ) ) ;
#123 = CARTESIAN_POINT ( 'NONE',  ( 1.524999999999999911, 7.035780055491041117E-17, -0.4000000000000419331 ) ) ;
#124 = VERTEX_POINT ( 'NONE', #7210 ) ;
#125 = CARTESIAN_POINT ( 'NONE',  ( 3.772916391609243192, 0.8810330121718139562, -1.438836915049394705 ) ) ;
#126 = CARTESIAN_POINT ( 'NONE',  ( 2.224999999999720313, 3.021990892406452023, -1.727769019922569704 ) ) ;
#127 = CARTESIAN_POINT ( 'NONE',  ( 2.225000000000328271, 1.008266633727470829, 1.829865345312492675 ) ) ;
#128 = EDGE_CURVE ( 'NONE', #8927, #189, #4326, .T. ) ;
#129 = CARTESIAN_POINT ( 'NONE',  ( 3.275000000000000355, 0.7000000000000005107, -1.067930766093607486 ) ) ;
#130 = AXIS2_PLACEMENT_3D ( 'NONE', #6344, #9007, #2746 ) ;
#131 = EDGE_LOOP ( 'NONE', ( #4276, #5653, #1270, #415 ) ) ;
#132 = EDGE_LOOP ( 'NONE', ( #3176, #4468, #60, #3734 ) ) ;
#133 = DIRECTION ( 'NONE',  ( -6.195440985635106757E-16, -2.858344926013327567E-32, 1.000000000000000000 ) ) ;
#134 = DIRECTION ( 'NONE',  ( -0.000000000000000000, 0.9461585652950790237, 0.3237035207080047328 ) ) ;
#135 = ORIENTED_EDGE ( 'NONE', *, *, #161, .T. ) ;
#136 = CARTESIAN_POINT ( 'NONE',  ( 3.703812642653109943, 1.903830291743290548, -1.002516245008675533 ) ) ;
#137 = FACE_OUTER_BOUND ( 'NONE', #8210, .T. ) ;
#138 = LINE ( 'NONE', #930, #5366 ) ;
#139 = EDGE_CURVE ( 'NONE', #8063, #7956, #5055, .T. ) ;
#140 = CARTESIAN_POINT ( 'NONE',  ( -3.074999999999999734, -1.418690076762947653E-16, 0.2000000000004247269 ) ) ;
#141 = DIRECTION ( 'NONE',  ( -1.000000000000000000, -0.000000000000000000, -0.000000000000000000 ) ) ;
#142 = ORIENTED_EDGE ( 'NONE', *, *, #1805, .F. ) ;
#143 = CARTESIAN_POINT ( 'NONE',  ( 3.655504509961679638, 1.633289831042133766, 1.247338505565005695 ) ) ;
#144 = DIRECTION ( 'NONE',  ( 0.000000000000000000, 0.000000000000000000, 1.000000000000000000 ) ) ;
#145 = VERTEX_POINT ( 'NONE', #5292 ) ;
#146 = DIRECTION ( 'NONE',  ( 0.9924325091389671893, -0.08682659386424800008, -0.08682659386424806947 ) ) ;
#147 = DIRECTION ( 'NONE',  ( -1.000000000000000000, -4.613626265895765162E-17, -0.000000000000000000 ) ) ;
#148 = VECTOR ( 'NONE', #8122, 1000.000000000000000 ) ;
#149 = DIRECTION ( 'NONE',  ( 0.000000000000000000, 1.000000000000000000, 0.000000000000000000 ) ) ;
#150 = EDGE_CURVE ( 'NONE', #4788, #7989, #1150, .T. ) ;
#151 = CARTESIAN_POINT ( 'NONE',  ( 3.772916391609242748, 1.781033012171813423, 1.438836915049395593 ) ) ;
#152 = DIRECTION ( 'NONE',  ( 1.000000000000000000, 3.702068915267376537E-16, -1.613462176309816233E-13 ) ) ;
#153 = ORIENTED_EDGE ( 'NONE', *, *, #5786, .T. ) ;
#154 = VERTEX_POINT ( 'NONE', #3328 ) ;
#155 = CARTESIAN_POINT ( 'NONE',  ( 3.974997746167169055, 2.516714500752684103, 1.254263297168825453 ) ) ;
#156 = LINE ( 'NONE', #659, #1822 ) ;
#157 = CARTESIAN_POINT ( 'NONE',  ( 2.669999999999988827, 0.6000000000000003109, 0.000000000000000000 ) ) ;
#158 = ADVANCED_FACE ( 'NONE', ( #1908 ), #6061, .T. ) ;
#159 = CARTESIAN_POINT ( 'NONE',  ( 3.941511161385399031, 1.809303764954649063, 1.254487745477171234 ) ) ;
#160 = CARTESIAN_POINT ( 'NONE',  ( 3.971903135266017681, 1.845945239847945230, -1.223922426933315100 ) ) ;
#161 = EDGE_CURVE ( 'NONE', #4856, #4655, #8222, .T. ) ;
#162 = ORIENTED_EDGE ( 'NONE', *, *, #827, .F. ) ;
#163 = VECTOR ( 'NONE', #968, 1000.000000000000000 ) ;
#164 = LINE ( 'NONE', #4455, #1911 ) ;
#165 = FACE_OUTER_BOUND ( 'NONE', #1847, .T. ) ;
#166 = LINE ( 'NONE', #2058, #3568 ) ;
#167 =( GEOMETRIC_REPRESENTATION_CONTEXT ( 3 ) GLOBAL_UNCERTAINTY_ASSIGNED_CONTEXT ( ( #3824 ) ) GLOBAL_UNIT_ASSIGNED_CONTEXT ( ( #2973, #8055, #3789 ) ) REPRESENTATION_CONTEXT ( 'NONE', 'WORKASPACE' ) );
#168 = CARTESIAN_POINT ( 'NONE',  ( 3.633715574274765103, 0.9823385055650710740, -1.247338505565005917 ) ) ;
#169 = ORIENTED_EDGE ( 'NONE', *, *, #4107, .F. ) ;
#170 = CARTESIAN_POINT ( 'NONE',  ( 3.025000000000512834, 1.395621945433705452E-16, -0.4000000000000417666 ) ) ;
#171 = EDGE_CURVE ( 'NONE', #715, #4151, #2342, .T. ) ;
#172 = VECTOR ( 'NONE', #3584, 1000.000000000000227 ) ;
#173 = EDGE_CURVE ( 'NONE', #1061, #8823, #8630, .T. ) ;
#174 = ORIENTED_EDGE ( 'NONE', *, *, #1747, .T. ) ;
#175 = ORIENTED_EDGE ( 'NONE', *, *, #4715, .T. ) ;
#176 = DIRECTION ( 'NONE',  ( 0.000000000000000000, 0.000000000000000000, -1.000000000000000000 ) ) ;
#177 = DIRECTION ( 'NONE',  ( -3.497426362856462163E-15, -1.000000000000000000, 8.743565907141156639E-17 ) ) ;
#178 = DIRECTION ( 'NONE',  ( -1.618418152019836092E-13, 0.000000000000000000, -1.000000000000000000 ) ) ;
#179 = AXIS2_PLACEMENT_3D ( 'NONE', #3344, #4211, #4170 ) ;
#180 = COLOUR_RGB ( '',0.7921568627450980005, 0.8196078431372548767, 0.9333333333333333481 ) ;
#181 = DIRECTION ( 'NONE',  ( -1.000000000000000000, 0.000000000000000000, 0.000000000000000000 ) ) ;
#182 = CARTESIAN_POINT ( 'NONE',  ( 0.009595037822621735324, -0.07500000000000001110, 0.7500000000000000000 ) ) ;
#183 = EDGE_CURVE ( 'NONE', #1838, #6993, #4691, .T. ) ;
#184 = ORIENTED_EDGE ( 'NONE', *, *, #1053, .T. ) ;
#185 = AXIS2_PLACEMENT_3D ( 'NONE', #859, #3503, #5512 ) ;
#186 = AXIS2_PLACEMENT_3D ( 'NONE', #7854, #8581, #2357 ) ;
#187 = DIRECTION ( 'NONE',  ( 1.000000000000000000, 0.000000000000000000, -0.000000000000000000 ) ) ;
#188 = CARTESIAN_POINT ( 'NONE',  ( 3.669745707734085371, 2.165464225597749870, -1.251839274281357550 ) ) ;
#189 = VERTEX_POINT ( 'NONE', #8866 ) ;
#190 = DIRECTION ( 'NONE',  ( 0.000000000000000000, 0.000000000000000000, -1.000000000000000000 ) ) ;
#191 = DIRECTION ( 'NONE',  ( 0.000000000000000000, 6.829619984159958918E-16, -1.000000000000000000 ) ) ;
#192 = DIRECTION ( 'NONE',  ( 0.000000000000000000, -0.000000000000000000, -1.000000000000000000 ) ) ;
#193 = VECTOR ( 'NONE', #4440, 1000.000000000000000 ) ;
#194 = DIRECTION ( 'NONE',  ( -4.613626265895765162E-17, 1.000000000000000000, -0.000000000000000000 ) ) ;
#195 = DIRECTION ( 'NONE',  ( -1.000000000000000000, -0.000000000000000000, -0.000000000000000000 ) ) ;
#196 = CARTESIAN_POINT ( 'NONE',  ( 3.675000000000000266, 2.300000000000000711, -0.7499999999999988898 ) ) ;
#197 = CIRCLE ( 'NONE', #3965, 0.1350000000000001477 ) ;
#198 = DIRECTION ( 'NONE',  ( -1.000000000000000000, -4.613626265895765162E-17, 1.619075244254214076E-13 ) ) ;
#199 = VERTEX_POINT ( 'NONE', #1779 ) ;
#200 = EDGE_CURVE ( 'NONE', #6060, #5443, #7442, .T. ) ;
#201 = PLANE ( 'NONE',  #3979 ) ;
#202 = VECTOR ( 'NONE', #6835, 1000.000000000000227 ) ;
#203 = CARTESIAN_POINT ( 'NONE',  ( 2.924999999999999822, 0.7750000000000000222, 2.075000000000000178 ) ) ;
#204 = DIRECTION ( 'NONE',  ( 0.08715574274765836016, 0.9961946980917455452, 0.000000000000000000 ) ) ;
#205 = FACE_OUTER_BOUND ( 'NONE', #6704, .T. ) ;
#206 = ORIENTED_EDGE ( 'NONE', *, *, #7623, .T. ) ;
#207 = CIRCLE ( 'NONE', #8207, 2.200000000000939870 ) ;
#208 = ORIENTED_EDGE ( 'NONE', *, *, #8449, .T. ) ;
#209 = CARTESIAN_POINT ( 'NONE',  ( -2.874999999999765077, 0.3149999999999998357, 1.449999999999999956 ) ) ;
#210 = DIRECTION ( 'NONE',  ( 1.000000000000000000, -0.000000000000000000, -0.000000000000000000 ) ) ;
#211 = EDGE_CURVE ( 'NONE', #2534, #5443, #1480, .T. ) ;
#212 = PLANE ( 'NONE',  #5462 ) ;
#213 = EDGE_CURVE ( 'NONE', #3401, #4828, #1621, .T. ) ;
#214 = CARTESIAN_POINT ( 'NONE',  ( 1.025000000000027223, 1.246118888169586381, -1.911240301896662830 ) ) ;
#215 = ORIENTED_EDGE ( 'NONE', *, *, #3059, .F. ) ;
#216 = EDGE_LOOP ( 'NONE', ( #2473, #8504, #6699, #7756, #8292, #966 ) ) ;
#217 = CARTESIAN_POINT ( 'NONE',  ( 3.025000000000512834, 1.395621945433705452E-16, 0.4000000000000425437 ) ) ;
#218 = ORIENTED_EDGE ( 'NONE', *, *, #7426, .F. ) ;
#219 = DIRECTION ( 'NONE',  ( 0.000000000000000000, 0.000000000000000000, 1.000000000000000000 ) ) ;
#220 = VECTOR ( 'NONE', #1983, 1000.000000000000000 ) ;
#221 = EDGE_CURVE ( 'NONE', #3201, #5916, #6153, .T. ) ;
#222 = CARTESIAN_POINT ( 'NONE',  ( -2.674999999999999378, 0.2500000000000000000, -1.173935688187389248 ) ) ;
#223 = CARTESIAN_POINT ( 'NONE',  ( 3.050000000000000266, 0.1749999999999999889, 0.000000000000000000 ) ) ;
#224 = EDGE_CURVE ( 'NONE', #6677, #5095, #5843, .T. ) ;
#225 = EDGE_CURVE ( 'NONE', #6630, #4043, #5407, .T. ) ;
#226 = CARTESIAN_POINT ( 'NONE',  ( 3.275000000000000355, 1.899999999999999911, -2.000000000000000000 ) ) ;
#227 = VECTOR ( 'NONE', #192, 1000.000000000000000 ) ;
#228 = AXIS2_PLACEMENT_3D ( 'NONE', #4752, #1294, #7592 ) ;
#229 = DIRECTION ( 'NONE',  ( 1.000000000000000000, 4.613626265895768243E-17, 0.000000000000000000 ) ) ;
#230 = VERTEX_POINT ( 'NONE', #4605 ) ;
#231 = CARTESIAN_POINT ( 'NONE',  ( 3.772916391609242748, 2.918966987828185644, 1.438836915049394927 ) ) ;
#232 = CARTESIAN_POINT ( 'NONE',  ( 3.024999999999999911, 0.2499999999999999445, -2.000000000000000000 ) ) ;
#233 = VERTEX_POINT ( 'NONE', #1240 ) ;
#234 = LINE ( 'NONE', #2293, #3844 ) ;
#235 = CIRCLE ( 'NONE', #945, 0.2250000000000012546 ) ;
#236 = DIRECTION ( 'NONE',  ( 0.000000000000000000, 0.000000000000000000, -1.000000000000000000 ) ) ;
#237 = ORIENTED_EDGE ( 'NONE', *, *, #626, .T. ) ;
#238 = EDGE_CURVE ( 'NONE', #2064, #6006, #4016, .T. ) ;
#239 = CARTESIAN_POINT ( 'NONE',  ( -2.674999999999999822, 3.199999999999999734, 0.000000000000000000 ) ) ;
#240 = VECTOR ( 'NONE', #414, 1000.000000000000000 ) ;
#241 = LINE ( 'NONE', #2124, #8670 ) ;
#242 = DIRECTION ( 'NONE',  ( 0.000000000000000000, 2.677042401198776473E-15, 1.000000000000000000 ) ) ;
#243 = DIRECTION ( 'NONE',  ( 0.000000000000000000, 0.000000000000000000, -1.000000000000000000 ) ) ;
#244 = AXIS2_PLACEMENT_3D ( 'NONE', #1274, #6784, #6828 ) ;
#245 = EDGE_LOOP ( 'NONE', ( #8199, #8860, #2845, #153 ) ) ;
#246 = CARTESIAN_POINT ( 'NONE',  ( -2.874999999999999556, 1.899999999999999467, 9.390636416674440884E-13 ) ) ;
#247 = CARTESIAN_POINT ( 'NONE',  ( 2.669999999999988827, 0.6000000000000003109, -0.8000000000000000444 ) ) ;
#248 = CYLINDRICAL_SURFACE ( 'NONE', #2672, 0.1000000000000004774 ) ;
#249 = VECTOR ( 'NONE', #5038, 1000.000000000000000 ) ;
#250 = ADVANCED_FACE ( 'NONE', ( #6656 ), #1827, .T. ) ;
#251 = CARTESIAN_POINT ( 'NONE',  ( 3.838730832139330751, 1.692042006643796448, 1.014320057092164884 ) ) ;
#252 = DIRECTION ( 'NONE',  ( 0.9924325091389669673, 0.08682659386424779191, -0.08682659386424777803 ) ) ;
#253 = ORIENTED_EDGE ( 'NONE', *, *, #238, .T. ) ;
#254 = DIRECTION ( 'NONE',  ( 0.000000000000000000, 0.000000000000000000, 1.000000000000000000 ) ) ;
#255 = CARTESIAN_POINT ( 'NONE',  ( 3.125000000000000000, 0.8549999999999998712, -0.8000000000000000444 ) ) ;
#256 = CARTESIAN_POINT ( 'NONE',  ( 3.275000000000000355, 0.2499999999999999445, -2.000000000000000000 ) ) ;
#257 = PLANE ( 'NONE',  #803 ) ;
#258 = AXIS2_PLACEMENT_3D ( 'NONE', #8839, #3207, #6670 ) ;
#259 = CARTESIAN_POINT ( 'NONE',  ( 3.125000000000000000, 3.399999999999999911, -1.433745095893967036 ) ) ;
#260 = CARTESIAN_POINT ( 'NONE',  ( 3.275000000000000355, 1.899999999999999911, 0.000000000000000000 ) ) ;
#261 = ADVANCED_FACE ( 'NONE', ( #438 ), #1867, .F. ) ;
#262 = ORIENTED_EDGE ( 'NONE', *, *, #8702, .T. ) ;
#263 = ORIENTED_EDGE ( 'NONE', *, *, #7703, .T. ) ;
#264 = VERTEX_POINT ( 'NONE', #8139 ) ;
#265 = VERTEX_POINT ( 'NONE', #7023 ) ;
#266 = DIRECTION ( 'NONE',  ( 1.000000000000000000, 0.000000000000000000, 0.000000000000000000 ) ) ;
#267 = VECTOR ( 'NONE', #7427, 1000.000000000000000 ) ;
#268 = LINE ( 'NONE', #7369, #4571 ) ;
#269 = LINE ( 'NONE', #3018, #694 ) ;
#270 =( BOUNDED_CURVE ( )  B_SPLINE_CURVE ( 3, ( #143, #729, #5548, #894 ),
 .UNSPECIFIED., .F., .T. ) 
 B_SPLINE_CURVE_WITH_KNOTS ( ( 4, 4 ),
 ( 1.658062789394617820, 1.779747063836602416 ),
 .UNSPECIFIED. ) 
 CURVE ( )  GEOMETRIC_REPRESENTATION_ITEM ( )  RATIONAL_B_SPLINE_CURVE ( ( 1.000000000000000000, 0.9987664587066348298, 0.9987664587066348298, 1.000000000000000000 ) ) 
 REPRESENTATION_ITEM ( '' )  );
#271 = CARTESIAN_POINT ( 'NONE',  ( 1.824999999999999734, -5.421010862427522170E-17, 2.000000000000000000 ) ) ;
#272 = CYLINDRICAL_SURFACE ( 'NONE', #635, 0.5000000000000000000 ) ;
#273 = EDGE_CURVE ( 'NONE', #2147, #3949, #2778, .T. ) ;
#274 = ORIENTED_EDGE ( 'NONE', *, *, #1948, .F. ) ;
#275 = DIRECTION ( 'NONE',  ( 1.618788986244930865E-13, 0.000000000000000000, 1.000000000000000000 ) ) ;
#276 = PLANE ( 'NONE',  #7824 ) ;
#277 = ORIENTED_EDGE ( 'NONE', *, *, #1588, .F. ) ;
#278 = DIRECTION ( 'NONE',  ( 0.000000000000000000, 0.000000000000000000, 1.000000000000000000 ) ) ;
#279 = DIRECTION ( 'NONE',  ( -1.000000000000000000, -0.000000000000000000, -0.000000000000000000 ) ) ;
#280 = LINE ( 'NONE', #1664, #5154 ) ;
#281 = CARTESIAN_POINT ( 'NONE',  ( 3.739370139709939256, 0.8717193242104069872, -1.451552697008589687 ) ) ;
#282 = CARTESIAN_POINT ( 'NONE',  ( -3.474999999999999645, 1.899999999999999911, 0.8000000000000000444 ) ) ;
#283 = DIRECTION ( 'NONE',  ( -1.000000000000000000, 0.000000000000000000, -3.336006684570777678E-16 ) ) ;
#284 = EDGE_CURVE ( 'NONE', #8022, #2734, #3553, .T. ) ;
#285 = CARTESIAN_POINT ( 'NONE',  ( 2.924999999999999822, 0.6000000000000003109, -0.8000000000000000444 ) ) ;
#286 = EDGE_LOOP ( 'NONE', ( #8027, #2754, #5534, #1866 ) ) ;
#287 = CARTESIAN_POINT ( 'NONE',  ( 3.641673936429752345, 1.491733461032040298, 0.7833260635702473662 ) ) ;
#288 = DIRECTION ( 'NONE',  ( -1.000000000000000000, 0.000000000000000000, 0.000000000000000000 ) ) ;
#289 = CONICAL_SURFACE ( 'NONE', #581, 0.1500000000000008271, 0.7853981633974393972 ) ;
#290 = CARTESIAN_POINT ( 'NONE',  ( 2.225000000000234568, -8.996571218496731866E-17, 1.449999999999174172 ) ) ;
#291 = CARTESIAN_POINT ( 'NONE',  ( 3.125000000000000000, 0.4516044443118980012, -1.164278760968653792 ) ) ;
#292 = DIRECTION ( 'NONE',  ( -1.604619215278542523E-13, 0.000000000000000000, -1.000000000000000000 ) ) ;
#293 = CARTESIAN_POINT ( 'NONE',  ( 3.675000000000000266, 1.899999999999999689, -2.075000000000000178 ) ) ;
#294 = ORIENTED_EDGE ( 'NONE', *, *, #6995, .F. ) ;
#295 = ORIENTED_EDGE ( 'NONE', *, *, #5410, .T. ) ;
#296 = CARTESIAN_POINT ( 'NONE',  ( 3.275000000000000355, 0.3750000000000000000, -1.100000000000000089 ) ) ;
#297 = LINE ( 'NONE', #4370, #2113 ) ;
#298 = ADVANCED_FACE ( 'NONE', ( #5514 ), #7769, .F. ) ;
#299 = DIRECTION ( 'NONE',  ( 1.000000000000000000, 0.000000000000000000, 0.000000000000000000 ) ) ;
#300 = DIRECTION ( 'NONE',  ( -1.000000000000000000, -4.613626265895765162E-17, 1.619075244254214076E-13 ) ) ;
#301 = EDGE_LOOP ( 'NONE', ( #401, #6655, #8104, #6756 ) ) ;
#302 = LINE ( 'NONE', #3741, #5387 ) ;
#303 = CARTESIAN_POINT ( 'NONE',  ( 1.925000000000000044, 0.2500000000000000000, 1.173935688187389248 ) ) ;
#304 = EDGE_LOOP ( 'NONE', ( #1993, #547 ) ) ;
#305 = DIRECTION ( 'NONE',  ( 1.532051254914897511E-13, -0.3237035207080047328, 0.9461585652950790237 ) ) ;
#306 = CARTESIAN_POINT ( 'NONE',  ( -3.074999999999999734, -1.418690076762947653E-16, -0.4000000000004247380 ) ) ;
#307 = FACE_OUTER_BOUND ( 'NONE', #2960, .T. ) ;
#308 = VECTOR ( 'NONE', #4073, 1000.000000000000000 ) ;
#309 = DIRECTION ( 'NONE',  ( 0.000000000000000000, 1.000000000000000000, -8.743565907141156639E-17 ) ) ;
#310 = DIRECTION ( 'NONE',  ( -4.613626265895765162E-17, 1.000000000000000000, -0.000000000000000000 ) ) ;
#311 = VERTEX_POINT ( 'NONE', #3507 ) ;
#312 = DIRECTION ( 'NONE',  ( -1.000000000000000000, 0.000000000000000000, 0.000000000000000000 ) ) ;
#313 = VECTOR ( 'NONE', #4905, 1000.000000000000000 ) ;
#314 = ORIENTED_EDGE ( 'NONE', *, *, #2753, .T. ) ;
#315 = ORIENTED_EDGE ( 'NONE', *, *, #3779, .F. ) ;
#316 = DIRECTION ( 'NONE',  ( 1.410953178252797009E-13, -0.4999999999999937828, 0.8660254037844422603 ) ) ;
#317 = SURFACE_STYLE_USAGE ( .BOTH. , #5180 ) ;
#318 = ADVANCED_FACE ( 'NONE', ( #6240 ), #6974, .F. ) ;
#319 = LINE ( 'NONE', #2394, #3693 ) ;
#320 = EDGE_CURVE ( 'NONE', #5446, #4163, #7627, .T. ) ;
#321 = VERTEX_POINT ( 'NONE', #1372 ) ;
#322 = DIRECTION ( 'NONE',  ( 4.613626265895765162E-17, -1.000000000000000000, 0.000000000000000000 ) ) ;
#323 = AXIS2_PLACEMENT_3D ( 'NONE', #8743, #3798, #2479 ) ;
#324 = VECTOR ( 'NONE', #107, 1000.000000000000000 ) ;
#325 = LINE ( 'NONE', #2398, #3699 ) ;
#326 = PLANE ( 'NONE',  #2653 ) ;
#327 = CARTESIAN_POINT ( 'NONE',  ( 3.655504509961679638, 1.633289831042133766, 1.253814209305440519 ) ) ;
#328 = ORIENTED_EDGE ( 'NONE', *, *, #8871, .F. ) ;
#329 = CARTESIAN_POINT ( 'NONE',  ( 3.973177881677378398, 2.718042024625754394, 1.225196149966141013 ) ) ;
#330 = AXIS2_PLACEMENT_3D ( 'NONE', #3458, #6285, #5557 ) ;
#331 = AXIS2_PLACEMENT_3D ( 'NONE', #1862, #6058, #4052 ) ;
#332 = EDGE_CURVE ( 'NONE', #5946, #7782, #7618, .T. ) ;
#333 = DIRECTION ( 'NONE',  ( 0.000000000000000000, 0.000000000000000000, 1.000000000000000000 ) ) ;
#334 = EDGE_CURVE ( 'NONE', #3496, #4163, #6333, .T. ) ;
#335 = DIRECTION ( 'NONE',  ( 1.604619215278538989E-13, 0.000000000000000000, 1.000000000000000000 ) ) ;
#336 = DIRECTION ( 'NONE',  ( 1.000000000000000000, 4.613626265895765162E-17, 0.000000000000000000 ) ) ;
#337 = DIRECTION ( 'NONE',  ( -1.000000000000000000, 0.000000000000000000, 0.000000000000000000 ) ) ;
#338 = CARTESIAN_POINT ( 'NONE',  ( 2.224999999999658140, 3.404330127020342101, -2.110000000000826770 ) ) ;
#339 = CIRCLE ( 'NONE', #8781, 2.024999999999999911 ) ;
#340 = ORIENTED_EDGE ( 'NONE', *, *, #6116, .T. ) ;
#341 = ORIENTED_EDGE ( 'NONE', *, *, #5117, .T. ) ;
#342 = EDGE_CURVE ( 'NONE', #97, #3644, #8949, .T. ) ;
#343 = CARTESIAN_POINT ( 'NONE',  ( 3.125000000000000000, 1.464110105645798354, -0.8999999999999351852 ) ) ;
#344 = CARTESIAN_POINT ( 'NONE',  ( 3.231750655984344078, 1.952828867920465949, -1.212171132079469471 ) ) ;
#345 = CARTESIAN_POINT ( 'NONE',  ( 1.925000000000000044, 1.899999999999999911, 0.000000000000000000 ) ) ;
#346 = DIRECTION ( 'NONE',  ( -0.000000000000000000, 0.000000000000000000, -1.000000000000000000 ) ) ;
#347 = EDGE_CURVE ( 'NONE', #3078, #6781, #7578, .T. ) ;
#348 = ORIENTED_EDGE ( 'NONE', *, *, #3602, .T. ) ;
#349 = EDGE_CURVE ( 'NONE', #2756, #8875, #6290, .T. ) ;
#350 = FACE_OUTER_BOUND ( 'NONE', #301, .T. ) ;
#351 = CARTESIAN_POINT ( 'NONE',  ( 3.878356560107679929, 2.066411134675770089, -1.231890857063645761 ) ) ;
#352 = AXIS2_PLACEMENT_3D ( 'NONE', #6646, #1185, #1816 ) ;
#353 = ORIENTED_EDGE ( 'NONE', *, *, #1222, .T. ) ;
#354 = ORIENTED_EDGE ( 'NONE', *, *, #868, .F. ) ;
#355 = SURFACE_SIDE_STYLE ('',( #8738 ) ) ;
#356 = CARTESIAN_POINT ( 'NONE',  ( 2.224999999999643929, 0.9500000000000000666, -2.000173887067151046 ) ) ;
#357 = CARTESIAN_POINT ( 'NONE',  ( 1.524999999999999911, 0.1800000000000000766, 1.449999999999174172 ) ) ;
#358 = CLOSED_SHELL ( 'NONE', ( #860, #1888, #8755, #2807, #3382, #2502 ) ) ;
#359 = EDGE_CURVE ( 'NONE', #1940, #1533, #6005, .T. ) ;
#360 = FACE_OUTER_BOUND ( 'NONE', #5656, .T. ) ;
#361 = EDGE_CURVE ( 'NONE', #7325, #105, #1778, .T. ) ;
#362 = DIRECTION ( 'NONE',  ( 4.613626265895765162E-17, -1.000000000000000000, 0.000000000000000000 ) ) ;
#363 = ORIENTED_EDGE ( 'NONE', *, *, #3419, .T. ) ;
#364 = VECTOR ( 'NONE', #5103, 1000.000000000000000 ) ;
#365 = EDGE_LOOP ( 'NONE', ( #3050, #4431, #8623, #768, #1517, #4726, #6016 ) ) ;
#366 = FACE_BOUND ( 'NONE', #8691, .T. ) ;
#367 = VERTEX_POINT ( 'NONE', #8403 ) ;
#368 = ORIENTED_EDGE ( 'NONE', *, *, #6201, .F. ) ;
#369 = CARTESIAN_POINT ( 'NONE',  ( -3.424999999999793321, 0.1799999999999998268, 0.6000000000004247491 ) ) ;
#370 = CARTESIAN_POINT ( 'NONE',  ( 0.000000000000000000, 0.1749999999999999889, 0.000000000000000000 ) ) ;
#371 = CARTESIAN_POINT ( 'NONE',  ( 1.025000000000027223, 0.5351873510799257661, -1.668013584959945561 ) ) ;
#372 = ORIENTED_EDGE ( 'NONE', *, *, #7669, .T. ) ;
#373 = AXIS2_PLACEMENT_3D ( 'NONE', #2044, #3625, #4195 ) ;
#374 = CARTESIAN_POINT ( 'NONE',  ( 3.749189833332645438, 0.8728616533023108026, -1.446944172292255804 ) ) ;
#375 = LINE ( 'NONE', #3081, #3123 ) ;
#376 = PLANE ( 'NONE',  #8198 ) ;
#377 = ORIENTED_EDGE ( 'NONE', *, *, #5386, .T. ) ;
#378 = EDGE_CURVE ( 'NONE', #5394, #2823, #3416, .T. ) ;
#379 = CARTESIAN_POINT ( 'NONE',  ( -3.424999999999793321, 0.1799999999999998268, -0.9000000000004242384 ) ) ;
#380 = VERTEX_POINT ( 'NONE', #6887 ) ;
#381 = VECTOR ( 'NONE', #2965, 999.9999999999998863 ) ;
#382 = AXIS2_PLACEMENT_3D ( 'NONE', #3746, #3793, #1069 ) ;
#383 = DIRECTION ( 'NONE',  ( 1.000000000000000000, 4.613626265895765162E-17, -0.000000000000000000 ) ) ;
#384 = DIRECTION ( 'NONE',  ( -1.000000000000000000, 0.000000000000000000, 0.000000000000000000 ) ) ;
#385 = ORIENTED_EDGE ( 'NONE', *, *, #2408, .T. ) ;
#386 = DIRECTION ( 'NONE',  ( 1.626303258728254884E-13, 1.548860246407861759E-15, 1.000000000000000000 ) ) ;
#387 = DIRECTION ( 'NONE',  ( 0.000000000000000000, 4.134233232122796829E-16, -1.000000000000000000 ) ) ;
#388 = CIRCLE ( 'NONE', #669, 0.2500000000000000000 ) ;
#389 = DIRECTION ( 'NONE',  ( -1.000000000000000000, 0.000000000000000000, 0.000000000000000000 ) ) ;
#390 = LINE ( 'NONE', #3876, #8470 ) ;
#391 = CIRCLE ( 'NONE', #2397, 1.399999999999999689 ) ;
#392 = EDGE_CURVE ( 'NONE', #380, #8411, #4784, .T. ) ;
#393 = ORIENTED_EDGE ( 'NONE', *, *, #2888, .F. ) ;
#394 = EDGE_CURVE ( 'NONE', #4336, #6666, #1354, .T. ) ;
#395 = AXIS2_PLACEMENT_3D ( 'NONE', #3832, #397, #3778 ) ;
#396 = CARTESIAN_POINT ( 'NONE',  ( 2.224999999999765166, 1.845450506358312782E-17, -1.450000000000825739 ) ) ;
#397 = DIRECTION ( 'NONE',  ( -1.000000000000000000, -4.613626265895765162E-17, 1.619075244254214076E-13 ) ) ;
#398 = AXIS2_PLACEMENT_3D ( 'NONE', #1859, #2504, #4682 ) ;
#399 = DIRECTION ( 'NONE',  ( 0.000000000000000000, -1.000000000000000000, -7.228014483236700746E-17 ) ) ;
#400 = CARTESIAN_POINT ( 'NONE',  ( 3.275000000000515055, 0.8000000000000002665, 0.4000000000000425437 ) ) ;
#401 = ORIENTED_EDGE ( 'NONE', *, *, #1864, .T. ) ;
#402 = CARTESIAN_POINT ( 'NONE',  ( 3.658340931104572480, 2.304164767223857435, 0.7666590688954276755 ) ) ;
#403 = CARTESIAN_POINT ( 'NONE',  ( 3.903997254861658384, 2.038273744255135522, -1.320097139545525655 ) ) ;
#404 = ORIENTED_EDGE ( 'NONE', *, *, #7035, .T. ) ;
#405 =( BOUNDED_SURFACE ( )  B_SPLINE_SURFACE ( 3, 2, ( 
 ( #7395, #1145, #3919 ),
 ( #477, #7670, #6196 ),
 ( #2772, #7018, #4189 ),
 ( #783, #3502, #151 ) ),
 .UNSPECIFIED., .F., .F., .F. ) 
 B_SPLINE_SURFACE_WITH_KNOTS ( ( 4, 4 ),
 ( 3, 3 ),
 ( 0.000000000000000000, 3.704708399398513364E-05 ),
 ( 0.000000000000000000, 1.000000000000000000 ),
 .UNSPECIFIED. ) 
 GEOMETRIC_REPRESENTATION_ITEM ( )  RATIONAL_B_SPLINE_SURFACE ( (
 ( 1.000000000000000000, 0.8595424877200064095, 1.000000000000000000),
 ( 1.000000000000000000, 0.8725388237179931838, 1.000000000000000000),
 ( 1.000000000000000000, 0.8822439801183813435, 1.000000000000000000),
 ( 1.000000000000000000, 0.8883828308395772533, 1.000000000000000000) ) ) 
 REPRESENTATION_ITEM ( '' )  SURFACE ( )  );
#406 = EDGE_CURVE ( 'NONE', #1972, #3782, #7715, .T. ) ;
#407 = PLANE ( 'NONE',  #8316 ) ;
#408 = CARTESIAN_POINT ( 'NONE',  ( 3.275000000000000355, 3.399999999999999911, 1.322875655532295802 ) ) ;
#409 = CARTESIAN_POINT ( 'NONE',  ( 3.025000000000512834, 0.2500000000000000555, 0.4000000000000425993 ) ) ;
#410 = DIRECTION ( 'NONE',  ( 0.000000000000000000, -0.000000000000000000, -1.000000000000000000 ) ) ;
#411 = CARTESIAN_POINT ( 'NONE',  ( 1.024999999999951505, 0.1799999999999998268, 1.449999999999368461 ) ) ;
#412 = VERTEX_POINT ( 'NONE', #4236 ) ;
#413 = ORIENTED_EDGE ( 'NONE', *, *, #6211, .T. ) ;
#414 = DIRECTION ( 'NONE',  ( 0.7071067811865632269, -0.7071067811865318076, -0.000000000000000000 ) ) ;
#415 = ORIENTED_EDGE ( 'NONE', *, *, #1317, .F. ) ;
#416 = ORIENTED_EDGE ( 'NONE', *, *, #7412, .F. ) ;
#417 = DIRECTION ( 'NONE',  ( 0.000000000000000000, -1.000000000000000000, -8.539115121389577196E-16 ) ) ;
#418 = FACE_OUTER_BOUND ( 'NONE', #4150, .T. ) ;
#419 = EDGE_CURVE ( 'NONE', #6193, #1308, #2735, .T. ) ;
#420 = CARTESIAN_POINT ( 'NONE',  ( 3.125000000000000000, 2.335889894354201246, -0.8999999999999351852 ) ) ;
#421 = ORIENTED_EDGE ( 'NONE', *, *, #869, .F. ) ;
#422 = CARTESIAN_POINT ( 'NONE',  ( 1.824999999999999956, 0.1499999999999999667, -1.200000000000000178 ) ) ;
#423 = PLANE ( 'NONE',  #5453 ) ;
#424 = CARTESIAN_POINT ( 'NONE',  ( 3.655504509961679638, 2.166710168957866056, -1.247338505565005473 ) ) ;
#425 = VERTEX_POINT ( 'NONE', #7534 ) ;
#426 = PRODUCT_CONTEXT ( 'NONE', #719, 'mechanical' ) ;
#427 = ORIENTED_EDGE ( 'NONE', *, *, #5627, .T. ) ;
#428 = CARTESIAN_POINT ( 'NONE',  ( 3.432005710675442689, 1.753915907873639712, 1.604547722920079966 ) ) ;
#429 = DIRECTION ( 'NONE',  ( -0.000000000000000000, 0.000000000000000000, -1.000000000000000000 ) ) ;
#430 = ORIENTED_EDGE ( 'NONE', *, *, #5564, .F. ) ;
#431 = EDGE_CURVE ( 'NONE', #460, #7248, #3885, .T. ) ;
#432 = MECHANICAL_DESIGN_GEOMETRIC_PRESENTATION_REPRESENTATION (  '', ( #5854 ), #8725 ) ;
#433 = DIRECTION ( 'NONE',  ( 1.000000000000000000, 0.000000000000000000, 0.000000000000000000 ) ) ;
#434 = CYLINDRICAL_SURFACE ( 'NONE', #8627, 2.075000000000000178 ) ;
#435 = CARTESIAN_POINT ( 'NONE',  ( 3.141527854425239852, 2.323068022916714437, -0.8449327600732875476 ) ) ;
#436 = ORIENTED_EDGE ( 'NONE', *, *, #4204, .T. ) ;
#437 = VERTEX_POINT ( 'NONE', #610 ) ;
#438 = FACE_OUTER_BOUND ( 'NONE', #3451, .T. ) ;
#439 = DIRECTION ( 'NONE',  ( -1.531752565501796716E-13, -0.3237035207080049548, -0.9461585652950790237 ) ) ;
#440 = CIRCLE ( 'NONE', #3755, 2.000000000000000000 ) ;
#441 = DIRECTION ( 'NONE',  ( -1.000000000000000000, 0.000000000000000000, 0.000000000000000000 ) ) ;
#442 = EDGE_CURVE ( 'NONE', #8978, #1435, #2909, .T. ) ;
#443 = DIRECTION ( 'NONE',  ( 1.000000000000000000, 0.000000000000000000, 0.000000000000000000 ) ) ;
#444 = ADVANCED_FACE ( 'NONE', ( #5048 ), #1544, .F. ) ;
#445 = ORIENTED_EDGE ( 'NONE', *, *, #4467, .T. ) ;
#446 = CARTESIAN_POINT ( 'NONE',  ( 3.862283002801675469, 0.8141746901401305525, -1.347632669782822257 ) ) ;
#447 = CARTESIAN_POINT ( 'NONE',  ( 3.155146614375006653, 2.318955299345502929, 0.8276047653927434133 ) ) ;
#448 = VERTEX_POINT ( 'NONE', #2305 ) ;
#449 = ORIENTED_EDGE ( 'NONE', *, *, #8234, .T. ) ;
#450 = ORIENTED_EDGE ( 'NONE', *, *, #5227, .F. ) ;
#451 = DIRECTION ( 'NONE',  ( 0.000000000000000000, 0.000000000000000000, -1.000000000000000000 ) ) ;
#452 = LINE ( 'NONE', #3206, #2383 ) ;
#453 = CARTESIAN_POINT ( 'NONE',  ( 3.346115798439259326, 3.093778173838968915, 1.402926247519323821 ) ) ;
#454 = EDGE_CURVE ( 'NONE', #8897, #1837, #7890, .T. ) ;
#455 = CARTESIAN_POINT ( 'NONE',  ( 3.973012182502877021, 1.824935720507610881, -1.223831243442083494 ) ) ;
#456 = FACE_OUTER_BOUND ( 'NONE', #3168, .T. ) ;
#457 = EDGE_LOOP ( 'NONE', ( #1148, #4642, #8719, #3989, #253, #2666, #6541, #3298 ) ) ;
#458 = ORIENTED_EDGE ( 'NONE', *, *, #6355, .F. ) ;
#459 = DIRECTION ( 'NONE',  ( 4.613626265895765162E-17, -1.000000000000000000, 0.000000000000000000 ) ) ;
#460 = VERTEX_POINT ( 'NONE', #1583 ) ;
#461 = ORIENTED_EDGE ( 'NONE', *, *, #332, .T. ) ;
#462 = LINE ( 'NONE', #6490, #2227 ) ;
#463 = CARTESIAN_POINT ( 'NONE',  ( 3.974974966031485035, 1.648440251030601544, -1.251246220669200993 ) ) ;
#464 = VECTOR ( 'NONE', #5841, 1000.000000000000000 ) ;
#465 = DIRECTION ( 'NONE',  ( 0.000000000000000000, 0.000000000000000000, 1.000000000000000000 ) ) ;
#466 = CARTESIAN_POINT ( 'NONE',  ( 3.697601750784967223, 1.639570788430928294, 1.248390800231957032 ) ) ;
#467 = LINE ( 'NONE', #7928, #6458 ) ;
#468 = CARTESIAN_POINT ( 'NONE',  ( 3.501012903048625891, 0.7197735668273391729, -1.328800041608464433 ) ) ;
#469 = AXIS2_PLACEMENT_3D ( 'NONE', #8428, #2152, #4264 ) ;
#470 = ORIENTED_EDGE ( 'NONE', *, *, #1936, .F. ) ;
#471 = ORIENTED_EDGE ( 'NONE', *, *, #8287, .T. ) ;
#472 = DIRECTION ( 'NONE',  ( -1.000000000000000000, -4.613626265895765162E-17, 1.619075244254214076E-13 ) ) ;
#473 = LINE ( 'NONE', #4047, #5898 ) ;
#474 = EDGE_LOOP ( 'NONE', ( #6453, #3528, #7467, #6248, #3713, #5568, #3392, #2406 ) ) ;
#475 = VECTOR ( 'NONE', #7987, 1000.000000000000000 ) ;
#476 = CARTESIAN_POINT ( 'NONE',  ( -3.624999999999793943, 0.1799999999999998268, 0.9000000000000425437 ) ) ;
#477 = CARTESIAN_POINT ( 'NONE',  ( 3.694899308663204263, 1.636736429330402753, 1.248350986894372294 ) ) ;
#478 = DIRECTION ( 'NONE',  ( 0.000000000000000000, -0.1305261922198301394, 0.9914448613738395810 ) ) ;
#479 = EDGE_CURVE ( 'NONE', #5200, #3612, #4956, .T. ) ;
#480 = ORIENTED_EDGE ( 'NONE', *, *, #5255, .T. ) ;
#481 = ORIENTED_EDGE ( 'NONE', *, *, #2842, .F. ) ;
#482 = CIRCLE ( 'NONE', #7891, 0.2500000000000002220 ) ;
#483 = AXIS2_PLACEMENT_3D ( 'NONE', #1001, #4503, #6416 ) ;
#484 = CARTESIAN_POINT ( 'NONE',  ( 3.275000000000000355, 2.077084367848936353, -1.669545873791305590 ) ) ;
#485 = CARTESIAN_POINT ( 'NONE',  ( 3.565601798606645723, 1.625424362978311610, 1.466955438269058165 ) ) ;
#486 = DIRECTION ( 'NONE',  ( 1.411434100908851287E-13, 0.4878221271334045039, 0.8729430521397374410 ) ) ;
#487 = ORIENTED_EDGE ( 'NONE', *, *, #7488, .T. ) ;
#488 = AXIS2_PLACEMENT_3D ( 'NONE', #4772, #2547, #7566 ) ;
#489 = DIRECTION ( 'NONE',  ( -1.000000000000000000, 0.000000000000000000, 0.000000000000000000 ) ) ;
#490 = DIRECTION ( 'NONE',  ( 0.000000000000000000, 0.000000000000000000, -1.000000000000000000 ) ) ;
#491 = ORIENTED_EDGE ( 'NONE', *, *, #6702, .T. ) ;
#492 = ORIENTED_EDGE ( 'NONE', *, *, #4619, .F. ) ;
#493 = ADVANCED_FACE ( 'NONE', ( #4360 ), #2353, .T. ) ;
#494 = LINE ( 'NONE', #6032, #6671 ) ;
#495 = CARTESIAN_POINT ( 'NONE',  ( 3.275000000000000355, 1.265261816192204902, 0.7727272727272159747 ) ) ;
#496 = CARTESIAN_POINT ( 'NONE',  ( 3.147523376874675538, 1.479080129537356569, -0.8358446139566111377 ) ) ;
#497 = CARTESIAN_POINT ( 'NONE',  ( 2.224999999999690559, 1.008266633727411099, -1.829865345314123815 ) ) ;
#498 = CARTESIAN_POINT ( 'NONE',  ( 2.224999999999643929, 0.9500000000000000666, -2.000173887067151046 ) ) ;
#499 = VERTEX_POINT ( 'NONE', #7935 ) ;
#500 = PRODUCT_RELATED_PRODUCT_CATEGORY ( 'part', '', ( #3101 ) ) ;
#501 = EDGE_CURVE ( 'NONE', #2690, #5153, #3001, .T. ) ;
#502 = TOROIDAL_SURFACE ( 'NONE', #6434, 1.824999999999999734, 0.2000000000000000111 ) ;
#503 = ORIENTED_EDGE ( 'NONE', *, *, #2298, .F. ) ;
#504 = ADVANCED_FACE ( 'NONE', ( #4279 ), #3088, .F. ) ;
#505 = DIRECTION ( 'NONE',  ( 0.000000000000000000, 0.4999999999999937828, -0.8660254037844422603 ) ) ;
#506 = VERTEX_POINT ( 'NONE', #6500 ) ;
#507 = DIRECTION ( 'NONE',  ( 0.000000000000000000, 0.000000000000000000, 1.000000000000000000 ) ) ;
#508 = CARTESIAN_POINT ( 'NONE',  ( 3.974997746167169055, 1.616714500752683303, -1.254263297168828561 ) ) ;
#509 = LINE ( 'NONE', #6002, #2868 ) ;
#510 = AXIS2_PLACEMENT_3D ( 'NONE', #2318, #4459, #3886 ) ;
#511 = CARTESIAN_POINT ( 'NONE',  ( -2.874999999999999556, -1.326417551445032214E-16, -1.300000000000425482 ) ) ;
#512 = ORIENTED_EDGE ( 'NONE', *, *, #8893, .F. ) ;
#513 =( LENGTH_UNIT ( ) NAMED_UNIT ( * ) SI_UNIT ( .MILLI., .METRE. ) );
#514 = ORIENTED_EDGE ( 'NONE', *, *, #3779, .T. ) ;
#515 = FACE_OUTER_BOUND ( 'NONE', #2588, .T. ) ;
#516 = EDGE_CURVE ( 'NONE', #1943, #2788, #3601, .T. ) ;
#517 = VECTOR ( 'NONE', #8361, 999.9999999999998863 ) ;
#518 = CARTESIAN_POINT ( 'NONE',  ( 3.972958179448169425, 1.072817553534013202, -1.223386406454132658 ) ) ;
#519 = EDGE_LOOP ( 'NONE', ( #8685, #8374, #983, #5477 ) ) ;
#520 = LINE ( 'NONE', #5141, #5249 ) ;
#521 = LINE ( 'NONE', #3967, #5695 ) ;
#522 = AXIS2_PLACEMENT_3D ( 'NONE', #7144, #900, #7970 ) ;
#523 = CARTESIAN_POINT ( 'NONE',  ( 1.824999999999999734, 0.1499999999999999389, 2.000000000000000000 ) ) ;
#524 = VECTOR ( 'NONE', #5026, 1000.000000000000000 ) ;
#525 = ORIENTED_EDGE ( 'NONE', *, *, #840, .T. ) ;
#526 = ORIENTED_EDGE ( 'NONE', *, *, #8985, .T. ) ;
#527 = CARTESIAN_POINT ( 'NONE',  ( 3.633715574274765103, 1.917661494434929725, -1.253814209305440963 ) ) ;
#528 = CARTESIAN_POINT ( 'NONE',  ( -3.624999999999793499, -1.672439521387119461E-16, -0.6000000000004247491 ) ) ;
#529 = LINE ( 'NONE', #8778, #6183 ) ;
#530 = EDGE_CURVE ( 'NONE', #3980, #6383, #207, .T. ) ;
#531 = LINE ( 'NONE', #6023, #5869 ) ;
#532 = CIRCLE ( 'NONE', #7808, 0.2800000000000003042 ) ;
#533 = ORIENTED_EDGE ( 'NONE', *, *, #1709, .T. ) ;
#534 = CARTESIAN_POINT ( 'NONE',  ( 3.624999999999999556, 2.312310562561766591, 0.8000000000000002665 ) ) ;
#535 = CARTESIAN_POINT ( 'NONE',  ( 3.225000000000000089, 2.312310562561766591, 0.8000000000000002665 ) ) ;
#536 = CIRCLE ( 'NONE', #7513, 0.2500000000000000555 ) ;
#537 = EDGE_LOOP ( 'NONE', ( #8445, #7183, #4257, #206 ) ) ;
#538 = CIRCLE ( 'NONE', #4882, 0.2500000000000000000 ) ;
#539 = VECTOR ( 'NONE', #4920, 1000.000000000000114 ) ;
#540 = EDGE_LOOP ( 'NONE', ( #91, #6553, #667, #7645, #2204, #4935, #4330, #6233 ) ) ;
#541 = CARTESIAN_POINT ( 'NONE',  ( 3.275000000000513278, 0.2499999999999991396, -0.4000000000000417111 ) ) ;
#542 = PLANE ( 'NONE',  #664 ) ;
#543 = DIRECTION ( 'NONE',  ( 0.000000000000000000, 0.000000000000000000, 1.000000000000000000 ) ) ;
#544 = EDGE_CURVE ( 'NONE', #1003, #2499, #6370, .T. ) ;
#545 = CYLINDRICAL_SURFACE ( 'NONE', #1015, 0.1500000000000001887 ) ;
#546 = DIRECTION ( 'NONE',  ( -1.000000000000000000, -0.000000000000000000, -0.000000000000000000 ) ) ;
#547 = ORIENTED_EDGE ( 'NONE', *, *, #6435, .T. ) ;
#548 = ORIENTED_EDGE ( 'NONE', *, *, #1749, .T. ) ;
#549 = CARTESIAN_POINT ( 'NONE',  ( 3.974999999999999201, 1.818042024625760478, -1.026242064468082527 ) ) ;
#550 = ORIENTED_EDGE ( 'NONE', *, *, #8637, .F. ) ;
#551 = CARTESIAN_POINT ( 'NONE',  ( -2.974999924822695263, 3.137933834223291640, 0.4054654258967570479 ) ) ;
#552 = FACE_BOUND ( 'NONE', #304, .T. ) ;
#553 = LINE ( 'NONE', #1085, #7241 ) ;
#554 = ADVANCED_FACE ( 'NONE', ( #3681 ), #201, .T. ) ;
#555 = VERTEX_POINT ( 'NONE', #5327 ) ;
#556 = SURFACE_STYLE_USAGE ( .BOTH. , #2498 ) ;
#557 = ORIENTED_EDGE ( 'NONE', *, *, #419, .T. ) ;
#558 = ORIENTED_EDGE ( 'NONE', *, *, #6368, .F. ) ;
#559 = CARTESIAN_POINT ( 'NONE',  ( -3.425000000000000266, 1.899999999999999911, 0.000000000000000000 ) ) ;
#560 = CARTESIAN_POINT ( 'NONE',  ( -3.875000000000000000, 1.764989227386809967, 0.8898157625477363109 ) ) ;
#561 = VERTEX_POINT ( 'NONE', #4681 ) ;
#562 = EDGE_CURVE ( 'NONE', #2333, #3572, #3387, .T. ) ;
#563 = LINE ( 'NONE', #1365, #2915 ) ;
#564 = CARTESIAN_POINT ( 'NONE',  ( 2.924999999999999822, 1.899999999999999911, 2.024999999999999023 ) ) ;
#565 = DIRECTION ( 'NONE',  ( 1.000000000000000000, -0.000000000000000000, -0.000000000000000000 ) ) ;
#566 = VERTEX_POINT ( 'NONE', #7432 ) ;
#567 = ORIENTED_EDGE ( 'NONE', *, *, #4206, .T. ) ;
#568 = CARTESIAN_POINT ( 'NONE',  ( 3.746788935686913735, 2.199999999999999734, -1.006276183449501538 ) ) ;
#569 = FACE_OUTER_BOUND ( 'NONE', #607, .T. ) ;
#570 = CARTESIAN_POINT ( 'NONE',  ( 2.924999999999999822, 0.8549999999999998712, -0.8000000000000000444 ) ) ;
#571 = DIRECTION ( 'NONE',  ( -1.000000000000000000, 0.000000000000000000, 0.000000000000000000 ) ) ;
#572 = ORIENTED_EDGE ( 'NONE', *, *, #7537, .T. ) ;
#573 = DIRECTION ( 'NONE',  ( 0.000000000000000000, 0.000000000000000000, 1.000000000000000000 ) ) ;
#574 = DIRECTION ( 'NONE',  ( -1.000000000000000000, -0.000000000000000000, -0.000000000000000000 ) ) ;
#575 = ORIENTED_EDGE ( 'NONE', *, *, #544, .T. ) ;
#576 = ORIENTED_EDGE ( 'NONE', *, *, #1500, .F. ) ;
#577 = ADVANCED_FACE ( 'NONE', ( #5370 ), #4634, .T. ) ;
#578 = DIRECTION ( 'NONE',  ( 1.000000000000000000, 4.613626265895767627E-17, 0.000000000000000000 ) ) ;
#579 = CARTESIAN_POINT ( 'NONE',  ( 1.024999999999999911, 4.728966922543158228E-17, -1.375000000000000000 ) ) ;
#580 = EDGE_LOOP ( 'NONE', ( #1860, #7066, #4167, #4782 ) ) ;
#581 = AXIS2_PLACEMENT_3D ( 'NONE', #4340, #5066, #8510 ) ;
#582 = DIRECTION ( 'NONE',  ( -1.000000000000000000, -4.613626265895765162E-17, 1.619075244254214076E-13 ) ) ;
#583 = CARTESIAN_POINT ( 'NONE',  ( 3.202924673074586615, 1.487238488965216376, 0.8018566574648693379 ) ) ;
#584 = VERTEX_POINT ( 'NONE', #7479 ) ;
#585 = ORIENTED_EDGE ( 'NONE', *, *, #1547, .F. ) ;
#586 = EDGE_CURVE ( 'NONE', #1665, #6878, #4597, .T. ) ;
#587 = ORIENTED_EDGE ( 'NONE', *, *, #501, .F. ) ;
#588 = CARTESIAN_POINT ( 'NONE',  ( -2.974999999999999645, 3.107142857142856762, -0.4824998678227591653 ) ) ;
#589 = DIRECTION ( 'NONE',  ( -1.000000000000000000, 0.000000000000000000, -0.000000000000000000 ) ) ;
#590 = DIRECTION ( 'NONE',  ( 4.613626265895765162E-17, -1.000000000000000000, 0.000000000000000000 ) ) ;
#591 = DIRECTION ( 'NONE',  ( 1.619075244254214076E-13, 0.000000000000000000, 1.000000000000000000 ) ) ;
#592 = ORIENTED_EDGE ( 'NONE', *, *, #8171, .F. ) ;
#593 = ORIENTED_EDGE ( 'NONE', *, *, #3690, .F. ) ;
#594 = VECTOR ( 'NONE', #3987, 1000.000000000000000 ) ;
#595 = ORIENTED_EDGE ( 'NONE', *, *, #6859, .T. ) ;
#596 = ADVANCED_FACE ( 'NONE', ( #6691 ), #502, .T. ) ;
#597 = B_SPLINE_CURVE_WITH_KNOTS ( 'NONE', 3,
 ( #4075, #2018, #583, #6123, #4125, #2711, #3436, #5441, #44, #2799, #761, #6172, #6305, #6906, #8975, #3527, #4934, #676, #6217 ),
 .UNSPECIFIED., .F., .F.,
 ( 4, 3, 3, 3, 3, 3, 4 ),
 ( 0.000000000000000000, 3.288651964232077395E-05, 6.574642528222975134E-05, 9.902245443911264413E-05, 0.0001331908620947865529, 0.0001553213927079699424, 0.0001583510016202522067 ),
 .UNSPECIFIED. ) ;
#598 = ADVANCED_FACE ( 'NONE', ( #3961 ), #5192, .T. ) ;
#599 = CARTESIAN_POINT ( 'NONE',  ( 3.125000000000000000, 2.312310562561766591, 0.8000000000000002665 ) ) ;
#600 = CARTESIAN_POINT ( 'NONE',  ( -2.874999999999999556, 0.1799999999999998823, -0.2000000000004247824 ) ) ;
#601 = ORIENTED_EDGE ( 'NONE', *, *, #4495, .T. ) ;
#602 = VECTOR ( 'NONE', #2201, 1000.000000000000000 ) ;
#603 = CARTESIAN_POINT ( 'NONE',  ( 3.125000000000000000, 1.637750119160781725, 0.9649999999999354650 ) ) ;
#604 = DIRECTION ( 'NONE',  ( -1.000000000000000000, -0.000000000000000000, -0.000000000000000000 ) ) ;
#605 = B_SPLINE_CURVE_WITH_KNOTS ( 'NONE', 3,
 ( #7536, #5475, #8141, #8868 ),
 .UNSPECIFIED., .F., .F.,
 ( 4, 4 ),
 ( 4.344257796027619061E-05, 0.0004003609752852935470 ),
 .UNSPECIFIED. ) ;
#606 = CARTESIAN_POINT ( 'NONE',  ( 2.225000000000302069, 3.264478005466096455, 1.867769019920920037 ) ) ;
#607 = EDGE_LOOP ( 'NONE', ( #1433, #5532 ) ) ;
#608 = EDGE_CURVE ( 'NONE', #4482, #1580, #2594, .T. ) ;
#609 = ADVANCED_FACE ( 'NONE', ( #515 ), #5958, .F. ) ;
#610 = CARTESIAN_POINT ( 'NONE',  ( 2.225000000000326938, 1.899999999999999689, 2.019999999999345430 ) ) ;
#611 = CARTESIAN_POINT ( 'NONE',  ( 1.925000000000000488, 0.1749999999999999889, -2.075000000000000178 ) ) ;
#612 = VECTOR ( 'NONE', #4602, 1000.000000000000000 ) ;
#613 = CARTESIAN_POINT ( 'NONE',  ( 3.275000000000000355, 2.510553028000122033, 0.9149999999999356426 ) ) ;
#614 = LINE ( 'NONE', #4061, #3682 ) ;
#615 = ORIENTED_EDGE ( 'NONE', *, *, #1198, .F. ) ;
#616 = CIRCLE ( 'NONE', #8325, 0.2500000000000000000 ) ;
#617 = DIRECTION ( 'NONE',  ( 4.613626265895765162E-17, -1.000000000000000000, 0.000000000000000000 ) ) ;
#618 = CARTESIAN_POINT ( 'NONE',  ( 3.125000000000000000, 1.899999999999999911, 0.000000000000000000 ) ) ;
#619 = VECTOR ( 'NONE', #8892, 1000.000000000000000 ) ;
#620 = ORIENTED_EDGE ( 'NONE', *, *, #996, .T. ) ;
#621 = VECTOR ( 'NONE', #7719, 1000.000000000000000 ) ;
#622 = VERTEX_POINT ( 'NONE', #5919 ) ;
#623 = CARTESIAN_POINT ( 'NONE',  ( 1.524999999999972378, 0.5351873510799013411, 1.668013584958593531 ) ) ;
#624 = PLANE ( 'NONE',  #5156 ) ;
#625 = EDGE_CURVE ( 'NONE', #3401, #715, #1814, .T. ) ;
#626 = EDGE_CURVE ( 'NONE', #6781, #6693, #2404, .T. ) ;
#627 = VECTOR ( 'NONE', #4826, 1000.000000000000000 ) ;
#628 = PLANE ( 'NONE',  #1829 ) ;
#629 = VERTEX_POINT ( 'NONE', #8855 ) ;
#630 = CARTESIAN_POINT ( 'NONE',  ( 3.885544326710325347, 1.717890972906913172, 1.242627755705807413 ) ) ;
#631 = CARTESIAN_POINT ( 'NONE',  ( -2.875000000000308642, 3.021990892406452023, -1.907769019921743858 ) ) ;
#632 = CARTESIAN_POINT ( 'NONE',  ( 3.275000000000000355, 3.099999999999999645, 1.436668947343170188 ) ) ;
#633 = VERTEX_POINT ( 'NONE', #6783 ) ;
#634 = EDGE_LOOP ( 'NONE', ( #6127, #7692, #262, #6303 ) ) ;
#635 = AXIS2_PLACEMENT_3D ( 'NONE', #5068, #5119, #3022 ) ;
#636 = FACE_OUTER_BOUND ( 'NONE', #4843, .T. ) ;
#637 = ORIENTED_EDGE ( 'NONE', *, *, #6524, .F. ) ;
#638 = CARTESIAN_POINT ( 'NONE',  ( -2.863561975951545158, 3.266666192522909906, 0.08883082933692477978 ) ) ;
#639 = DIRECTION ( 'NONE',  ( 4.613626265895765162E-17, -1.000000000000000000, 0.000000000000000000 ) ) ;
#640 = EDGE_CURVE ( 'NONE', #6942, #92, #7626, .T. ) ;
#641 = DIRECTION ( 'NONE',  ( 1.000000000000000000, 4.613626265895768243E-17, 0.000000000000000000 ) ) ;
#642 = CARTESIAN_POINT ( 'NONE',  ( 2.669999999999988827, 3.199999999999999734, 0.8000000000000000444 ) ) ;
#643 = AXIS2_PLACEMENT_3D ( 'NONE', #3319, #6093, #8031 ) ;
#644 = ORIENTED_EDGE ( 'NONE', *, *, #6375, .F. ) ;
#645 = ORIENTED_EDGE ( 'NONE', *, *, #8702, .F. ) ;
#646 = CARTESIAN_POINT ( 'NONE',  ( 3.025000000000512834, 1.395621945433705452E-16, 0.4000000000000425437 ) ) ;
#647 = FACE_OUTER_BOUND ( 'NONE', #1349, .T. ) ;
#648 = VERTEX_POINT ( 'NONE', #8811 ) ;
#649 = CIRCLE ( 'NONE', #2819, 0.3499999999999998668 ) ;
#650 = CARTESIAN_POINT ( 'NONE',  ( 2.924999999999999378, 2.200000000000000178, 1.897345511577197108 ) ) ;
#651 = EDGE_CURVE ( 'NONE', #3473, #5200, #6738, .T. ) ;
#652 = CARTESIAN_POINT ( 'NONE',  ( -3.074999999999999734, -1.418690076762947653E-16, -1.100000000000424416 ) ) ;
#653 = DIRECTION ( 'NONE',  ( 0.000000000000000000, 0.000000000000000000, 1.000000000000000000 ) ) ;
#654 = ORIENTED_EDGE ( 'NONE', *, *, #128, .T. ) ;
#655 = VERTEX_POINT ( 'NONE', #1717 ) ;
#656 = AXIS2_PLACEMENT_3D ( 'NONE', #2512, #5293, #1373 ) ;
#657 = CARTESIAN_POINT ( 'NONE',  ( -7.875000000000000000, 2.188918058954341106, -1.776661575880238431 ) ) ;
#658 = DIRECTION ( 'NONE',  ( 0.000000000000000000, -0.000000000000000000, -1.000000000000000000 ) ) ;
#659 = CARTESIAN_POINT ( 'NONE',  ( 0.009595037822621726650, 0.1250000000000000000, 0.7500000000000000000 ) ) ;
#660 = CARTESIAN_POINT ( 'NONE',  ( 0.1950000000000133016, 8.996571218497355251E-18, 0.7500000000000000000 ) ) ;
#661 = ORIENTED_EDGE ( 'NONE', *, *, #8106, .F. ) ;
#662 = AXIS2_PLACEMENT_3D ( 'NONE', #6143, #2768, #8257 ) ;
#663 = DIRECTION ( 'NONE',  ( -1.000000000000000000, -0.000000000000000000, -0.000000000000000000 ) ) ;
#664 = AXIS2_PLACEMENT_3D ( 'NONE', #5434, #1970, #5486 ) ;
#665 = CARTESIAN_POINT ( 'NONE',  ( -3.875000000000000000, 1.764989227386809745, -0.8898157625477363109 ) ) ;
#666 = EDGE_CURVE ( 'NONE', #5301, #5317, #3820, .T. ) ;
#667 = ORIENTED_EDGE ( 'NONE', *, *, #2125, .T. ) ;
#668 = CARTESIAN_POINT ( 'NONE',  ( 3.275000000000000355, 1.899999999999999911, 0.000000000000000000 ) ) ;
#669 = AXIS2_PLACEMENT_3D ( 'NONE', #7949, #399, #4511 ) ;
#670 = DIRECTION ( 'NONE',  ( 1.410953178252797009E-13, -0.4999999999999937828, 0.8660254037844422603 ) ) ;
#671 = CARTESIAN_POINT ( 'NONE',  ( 3.275000000000000355, 2.670000000000056328, -1.372499999999934994 ) ) ;
#672 = ORIENTED_EDGE ( 'NONE', *, *, #2014, .F. ) ;
#673 = DIRECTION ( 'NONE',  ( 1.000000000000000000, 4.613626265895765162E-17, 0.000000000000000000 ) ) ;
#674 = EDGE_CURVE ( 'NONE', #8897, #81, #5418, .T. ) ;
#675 = CONICAL_SURFACE ( 'NONE', #5321, 1.399766955455214346, 0.4363323129985794968 ) ;
#676 = CARTESIAN_POINT ( 'NONE',  ( 3.125000000000000000, 1.464336086188348096, 0.8990157391204325332 ) ) ;
#677 = EDGE_LOOP ( 'NONE', ( #8143, #2179, #4633, #4561 ) ) ;
#678 = ORIENTED_EDGE ( 'NONE', *, *, #5471, .F. ) ;
#679 = EDGE_CURVE ( 'NONE', #189, #7611, #4750, .T. ) ;
#680 = ORIENTED_EDGE ( 'NONE', *, *, #7046, .F. ) ;
#681 = CARTESIAN_POINT ( 'NONE',  ( 3.025000000000512834, 0.2500000000000000555, -0.4000000000000417111 ) ) ;
#682 = ORIENTED_EDGE ( 'NONE', *, *, #5640, .T. ) ;
#683 = CARTESIAN_POINT ( 'NONE',  ( -3.474999999999999645, 1.899999999999999911, 0.000000000000000000 ) ) ;
#684 = CARTESIAN_POINT ( 'NONE',  ( 3.024999999999999911, 0.1500000000000000222, -2.000000000000000000 ) ) ;
#685 = VECTOR ( 'NONE', #3593, 1000.000000000000000 ) ;
#686 = DIRECTION ( 'NONE',  ( -0.000000000000000000, -0.000000000000000000, -1.000000000000000000 ) ) ;
#687 = LINE ( 'NONE', #6871, #6417 ) ;
#688 = VERTEX_POINT ( 'NONE', #1096 ) ;
#689 = EDGE_CURVE ( 'NONE', #822, #584, #5282, .T. ) ;
#690 = ORIENTED_EDGE ( 'NONE', *, *, #5675, .T. ) ;
#691 = CARTESIAN_POINT ( 'NONE',  ( 1.824999999999999956, 8.419867935259771467E-17, -1.200000000000000178 ) ) ;
#692 = FACE_OUTER_BOUND ( 'NONE', #750, .T. ) ;
#693 = ORIENTED_EDGE ( 'NONE', *, *, #3032, .T. ) ;
#694 = VECTOR ( 'NONE', #7370, 1000.000000000000000 ) ;
#695 = DIRECTION ( 'NONE',  ( -1.000000000000000000, 0.000000000000000000, 0.000000000000000000 ) ) ;
#696 = LINE ( 'NONE', #2082, #7154 ) ;
#697 = CARTESIAN_POINT ( 'NONE',  ( 2.225000000000284750, 2.885400696809102161, 1.763344965321712587 ) ) ;
#698 = ORIENTED_EDGE ( 'NONE', *, *, #3019, .T. ) ;
#699 = DIRECTION ( 'NONE',  ( 0.000000000000000000, 0.000000000000000000, -1.000000000000000000 ) ) ;
#700 = DIRECTION ( 'NONE',  ( -1.000000000000000000, -0.000000000000000000, -0.000000000000000000 ) ) ;
#701 = CARTESIAN_POINT ( 'NONE',  ( 1.524999999999999911, 0.1800000000000000766, 0.9000000000000425437 ) ) ;
#702 = DIRECTION ( 'NONE',  ( -1.000000000000000000, 0.000000000000000000, 0.000000000000000000 ) ) ;
#703 = DIRECTION ( 'NONE',  ( -4.613626265895765778E-17, 1.000000000000000000, 0.000000000000000000 ) ) ;
#704 = DIRECTION ( 'NONE',  ( 0.000000000000000000, 0.000000000000000000, -1.000000000000000000 ) ) ;
#705 = EDGE_LOOP ( 'NONE', ( #449, #3153, #2727, #4918 ) ) ;
#706 = ORIENTED_EDGE ( 'NONE', *, *, #8893, .T. ) ;
#707 = CARTESIAN_POINT ( 'NONE',  ( 3.432005710675442245, 2.946084092126359355, 1.604547722920079744 ) ) ;
#708 = EDGE_CURVE ( 'NONE', #8531, #265, #5506, .T. ) ;
#709 = LINE ( 'NONE', #2183, #1815 ) ;
#710 = EDGE_CURVE ( 'NONE', #7078, #4079, #6922, .T. ) ;
#711 = DIRECTION ( 'NONE',  ( 1.000000000000000000, 0.000000000000000000, 0.000000000000000000 ) ) ;
#712 = VERTEX_POINT ( 'NONE', #5409 ) ;
#713 = FACE_OUTER_BOUND ( 'NONE', #4499, .T. ) ;
#714 = DIRECTION ( 'NONE',  ( 1.000000000000000000, 4.613626265895770092E-17, 0.000000000000000000 ) ) ;
#715 = VERTEX_POINT ( 'NONE', #7012 ) ;
#716 = VERTEX_POINT ( 'NONE', #4818 ) ;
#717 = ORIENTED_EDGE ( 'NONE', *, *, #2431, .F. ) ;
#718 =( LENGTH_UNIT ( ) NAMED_UNIT ( * ) SI_UNIT ( .MILLI., .METRE. ) );
#719 = APPLICATION_CONTEXT ( 'automotive_design' ) ;
#720 = AXIS2_PLACEMENT_3D ( 'NONE', #8876, #1120, #451 ) ;
#721 = CARTESIAN_POINT ( 'NONE',  ( 2.224999999999658140, 3.404330127020342101, -2.110000000000826770 ) ) ;
#722 = CYLINDRICAL_SURFACE ( 'NONE', #5509, 2.024999999999999911 ) ;
#723 = ADVANCED_FACE ( 'NONE', ( #2767 ), #6876, .T. ) ;
#724 = AXIS2_PLACEMENT_3D ( 'NONE', #3616, #5799, #6353 ) ;
#725 = CARTESIAN_POINT ( 'NONE',  ( 2.924999999999999822, 2.200000000000000178, -1.824999999999999734 ) ) ;
#726 = CYLINDRICAL_SURFACE ( 'NONE', #8342, 0.1499999999999997446 ) ;
#727 = ORIENTED_EDGE ( 'NONE', *, *, #3928, .F. ) ;
#728 = EDGE_CURVE ( 'NONE', #3357, #8282, #731, .T. ) ;
#729 = CARTESIAN_POINT ( 'NONE',  ( 3.669655719042829833, 1.634527901411919615, 1.247692239956373017 ) ) ;
#730 = ORIENTED_EDGE ( 'NONE', *, *, #8679, .T. ) ;
#731 = LINE ( 'NONE', #599, #1633 ) ;
#732 = FACE_OUTER_BOUND ( 'NONE', #5634, .T. ) ;
#733 = EDGE_CURVE ( 'NONE', #2369, #3437, #6964, .T. ) ;
#734 = UNCERTAINTY_MEASURE_WITH_UNIT (LENGTH_MEASURE( 1.000000000000000082E-05 ), #718, 'distance_accuracy_value', 'NONE');
#735 = FACE_OUTER_BOUND ( 'NONE', #6167, .T. ) ;
#736 = CARTESIAN_POINT ( 'NONE',  ( 3.655504509961678750, 0.7332898310421344101, -1.247338505565005917 ) ) ;
#737 = DIRECTION ( 'NONE',  ( 0.000000000000000000, 0.000000000000000000, 1.000000000000000000 ) ) ;
#738 = VERTEX_POINT ( 'NONE', #4727 ) ;
#739 = DIRECTION ( 'NONE',  ( -0.7071067811865482389, 0.000000000000000000, 0.7071067811865469066 ) ) ;
#740 = CARTESIAN_POINT ( 'NONE',  ( 2.424999999999999378, 1.600000000000000311, -2.002654488422803247 ) ) ;
#741 = FACE_OUTER_BOUND ( 'NONE', #4926, .T. ) ;
#742 = AXIS2_PLACEMENT_3D ( 'NONE', #3435, #5439, #6989 ) ;
#743 = DIRECTION ( 'NONE',  ( 1.000000000000000000, 0.000000000000000000, 0.000000000000000000 ) ) ;
#744 = FACE_OUTER_BOUND ( 'NONE', #4260, .T. ) ;
#745 = ADVANCED_FACE ( 'NONE', ( #6191 ), #8348, .F. ) ;
#746 = LINE ( 'NONE', #8317, #7003 ) ;
#747 = DIRECTION ( 'NONE',  ( 0.000000000000000000, -0.000000000000000000, -1.000000000000000000 ) ) ;
#748 = EDGE_LOOP ( 'NONE', ( #3443, #3296, #6921, #8155, #2352 ) ) ;
#749 = ORIENTED_EDGE ( 'NONE', *, *, #1953, .T. ) ;
#750 = EDGE_LOOP ( 'NONE', ( #5752, #575, #3947, #3337 ) ) ;
#751 = DIRECTION ( 'NONE',  ( 0.000000000000000000, 0.000000000000000000, -1.000000000000000000 ) ) ;
#752 = CARTESIAN_POINT ( 'NONE',  ( 3.275000000000515055, 0.8000000000000002665, -0.4000000000000417666 ) ) ;
#753 = CIRCLE ( 'NONE', #1760, 0.9000000000000000222 ) ;
#754 = DIRECTION ( 'NONE',  ( 0.000000000000000000, 0.000000000000000000, -1.000000000000000000 ) ) ;
#755 = ORIENTED_EDGE ( 'NONE', *, *, #6131, .F. ) ;
#756 = VECTOR ( 'NONE', #3043, 1000.000000000000000 ) ;
#757 = AXIS2_PLACEMENT_3D ( 'NONE', #260, #1691, #2468 ) ;
#758 = DIRECTION ( 'NONE',  ( 1.000000000000000000, -0.000000000000000000, -0.000000000000000000 ) ) ;
#759 = EDGE_CURVE ( 'NONE', #3472, #6872, #8988, .T. ) ;
#760 = B_SPLINE_CURVE_WITH_KNOTS ( 'NONE', 3,
 ( #2379, #4524, #8057, #6571, #3938, #3254, #5116, #6715, #496, #7264, #3163, #5168, #7960, #7318, #1793, #5937, #6036, #1070, #4573 ),
 .UNSPECIFIED., .F., .F.,
 ( 4, 3, 3, 3, 3, 3, 4 ),
 ( 0.000000000000000000, 3.288651964232076717E-05, 6.574642528222975134E-05, 9.902245443911249505E-05, 0.0001331908620947864987, 0.0001553213927079698069, 0.0001583510016202520441 ),
 .UNSPECIFIED. ) ;
#761 = CARTESIAN_POINT ( 'NONE',  ( 3.135373369255975540, 1.474726869433135246, 0.8542618654119656929 ) ) ;
#762 = ORIENTED_EDGE ( 'NONE', *, *, #3951, .T. ) ;
#763 = ORIENTED_EDGE ( 'NONE', *, *, #1747, .F. ) ;
#764 = ORIENTED_EDGE ( 'NONE', *, *, #4065, .F. ) ;
#765 = CARTESIAN_POINT ( 'NONE',  ( 3.746788929492051778, 1.842822762206907772, -1.006276182907521299 ) ) ;
#766 = AXIS2_PLACEMENT_3D ( 'NONE', #7621, #821, #737 ) ;
#767 = VECTOR ( 'NONE', #4285, 1000.000000000000000 ) ;
#768 = ORIENTED_EDGE ( 'NONE', *, *, #2885, .T. ) ;
#769 = DIRECTION ( 'NONE',  ( -1.000000000000000000, -0.000000000000000000, -0.000000000000000000 ) ) ;
#770 = LINE ( 'NONE', #5027, #852 ) ;
#771 = AXIS2_PLACEMENT_3D ( 'NONE', #3923, #2647, #8730 ) ;
#772 = CARTESIAN_POINT ( 'NONE',  ( 3.974999999999999201, 9.073506254591835852E-17, -1.255324857972438091 ) ) ;
#773 = PLANE ( 'NONE',  #3812 ) ;
#774 = EDGE_CURVE ( 'NONE', #2147, #8539, #4866, .T. ) ;
#775 = EDGE_CURVE ( 'NONE', #3357, #264, #6278, .T. ) ;
#776 = ORIENTED_EDGE ( 'NONE', *, *, #6911, .F. ) ;
#777 = AXIS2_PLACEMENT_3D ( 'NONE', #8312, #2043, #699 ) ;
#778 = DIRECTION ( 'NONE',  ( 0.000000000000000000, 0.000000000000000000, 1.000000000000000000 ) ) ;
#779 = ORIENTED_EDGE ( 'NONE', *, *, #501, .T. ) ;
#780 = DIRECTION ( 'NONE',  ( 0.000000000000000000, -1.000000000000000000, 0.000000000000000000 ) ) ;
#781 = AXIS2_PLACEMENT_3D ( 'NONE', #4349, #279, #3029 ) ;
#782 = FACE_OUTER_BOUND ( 'NONE', #8709, .T. ) ;
#783 = CARTESIAN_POINT ( 'NONE',  ( 3.772916391609241860, 1.664750249911416180, 1.240916967422945438 ) ) ;
#784 = LINE ( 'NONE', #7711, #3956 ) ;
#785 = ORIENTED_EDGE ( 'NONE', *, *, #1009, .T. ) ;
#786 = EDGE_CURVE ( 'NONE', #8416, #2040, #944, .T. ) ;
#787 = AXIS2_PLACEMENT_3D ( 'NONE', #15, #8895, #5550 ) ;
#788 = CARTESIAN_POINT ( 'NONE',  ( 3.275000000000000355, 1.599999999999999867, 0.9649999999999353539 ) ) ;
#789 = DIRECTION ( 'NONE',  ( 0.000000000000000000, 0.000000000000000000, -1.000000000000000000 ) ) ;
#790 = CARTESIAN_POINT ( 'NONE',  ( 3.275000000000000355, 0.8458563656608284465, 0.8499999999999353628 ) ) ;
#791 = CARTESIAN_POINT ( 'NONE',  ( 3.655504509961680082, 1.882338505565070097, 0.9982898310420694754 ) ) ;
#792 = CYLINDRICAL_SURFACE ( 'NONE', #2639, 0.1000000000000002554 ) ;
#793 = CIRCLE ( 'NONE', #1504, 1.824999999999999734 ) ;
#794 = ORIENTED_EDGE ( 'NONE', *, *, #5930, .F. ) ;
#795 = CARTESIAN_POINT ( 'NONE',  ( 3.749189833332651212, 2.927138346697688132, 1.446944172292253361 ) ) ;
#796 = EDGE_CURVE ( 'NONE', #7311, #2123, #2814, .T. ) ;
#797 = DIRECTION ( 'NONE',  ( -1.532051254914897259E-13, 0.3237035207080047328, -0.9461585652950790237 ) ) ;
#798 = FACE_OUTER_BOUND ( 'NONE', #3460, .T. ) ;
#799 = AXIS2_PLACEMENT_3D ( 'NONE', #7401, #2604, #8825 ) ;
#800 = LINE ( 'NONE', #8592, #2904 ) ;
#801 = CARTESIAN_POINT ( 'NONE',  ( 3.125257593149248780, 2.333547333354653919, -0.8898025973573311376 ) ) ;
#802 = ORIENTED_EDGE ( 'NONE', *, *, #2842, .T. ) ;
#803 = AXIS2_PLACEMENT_3D ( 'NONE', #5972, #443, #2368 ) ;
#804 = EDGE_LOOP ( 'NONE', ( #5312, #6527, #5644, #5528, #3803 ) ) ;
#805 = CARTESIAN_POINT ( 'NONE',  ( -2.875000000000000444, 0.3990502126031043595, -1.125439571509940118 ) ) ;
#806 = FACE_OUTER_BOUND ( 'NONE', #3594, .T. ) ;
#807 = EDGE_CURVE ( 'NONE', #4749, #8773, #1361, .T. ) ;
#808 = DIRECTION ( 'NONE',  ( 0.000000000000000000, 0.000000000000000000, -1.000000000000000000 ) ) ;
#809 = CARTESIAN_POINT ( 'NONE',  ( 2.225000000000341149, 3.404330127020342101, 2.109999999999175646 ) ) ;
#810 = ORIENTED_EDGE ( 'NONE', *, *, #3085, .F. ) ;
#811 = CARTESIAN_POINT ( 'NONE',  ( 3.275000000000000355, 0.7000000000000005107, -1.436668947343170633 ) ) ;
#812 = CARTESIAN_POINT ( 'NONE',  ( 2.225000000000000089, 1.899999999999999689, 1.133352670977950737E-13 ) ) ;
#813 = AXIS2_PLACEMENT_3D ( 'NONE', #5329, #3963, #6737 ) ;
#814 = ORIENTED_EDGE ( 'NONE', *, *, #4490, .F. ) ;
#815 = PLANE ( 'NONE',  #7915 ) ;
#816 = EDGE_CURVE ( 'NONE', #8382, #7225, #8358, .T. ) ;
#817 = CYLINDRICAL_SURFACE ( 'NONE', #662, 0.09999999999999993616 ) ;
#818 = EDGE_CURVE ( 'NONE', #4043, #1916, #5592, .T. ) ;
#819 = PLANE ( 'NONE',  #4716 ) ;
#820 = DIRECTION ( 'NONE',  ( 0.000000000000000000, 0.000000000000000000, -1.000000000000000000 ) ) ;
#821 = DIRECTION ( 'NONE',  ( -1.000000000000000000, 0.000000000000000000, 0.000000000000000000 ) ) ;
#822 = VERTEX_POINT ( 'NONE', #4226 ) ;
#823 = ORIENTED_EDGE ( 'NONE', *, *, #6884, .F. ) ;
#824 = DIRECTION ( 'NONE',  ( -1.000000000000000000, 0.000000000000000000, 0.000000000000000000 ) ) ;
#825 = VECTOR ( 'NONE', #3722, 1000.000000000000000 ) ;
#826 = CARTESIAN_POINT ( 'NONE',  ( 3.773638242482628247, 1.665111599171620549, 1.244166813809645111 ) ) ;
#827 = EDGE_CURVE ( 'NONE', #2520, #5484, #1273, .T. ) ;
#828 = DIRECTION ( 'NONE',  ( 0.000000000000000000, -0.000000000000000000, 1.000000000000000000 ) ) ;
#829 = CARTESIAN_POINT ( 'NONE',  ( 2.924999999999999822, 1.600000000000000311, -1.824999999999999734 ) ) ;
#830 = PLANE ( 'NONE',  #5689 ) ;
#831 = B_SPLINE_CURVE_WITH_KNOTS ( 'NONE', 3,
 ( #7788, #3485, #5535, #5665 ),
 .UNSPECIFIED., .F., .F.,
 ( 4, 4 ),
 ( 0.000000000000000000, 7.177429867708381907E-05 ),
 .UNSPECIFIED. ) ;
#832 = ORIENTED_EDGE ( 'NONE', *, *, #5005, .F. ) ;
#833 = ORIENTED_EDGE ( 'NONE', *, *, #7900, .T. ) ;
#834 = VERTEX_POINT ( 'NONE', #1944 ) ;
#835 = CARTESIAN_POINT ( 'NONE',  ( 3.742613154901747397, 2.928104473339506963, 1.449918478026932300 ) ) ;
#836 = CARTESIAN_POINT ( 'NONE',  ( -2.974999999999999645, 3.107142857142856762, 0.4824998678227591653 ) ) ;
#837 = DIRECTION ( 'NONE',  ( -1.604619215278542523E-13, 0.000000000000000000, -1.000000000000000000 ) ) ;
#838 = EDGE_CURVE ( 'NONE', #6024, #712, #2127, .T. ) ;
#839 = DIRECTION ( 'NONE',  ( 0.000000000000000000, 0.000000000000000000, -1.000000000000000000 ) ) ;
#840 = EDGE_CURVE ( 'NONE', #3360, #2094, #6322, .T. ) ;
#841 = ORIENTED_EDGE ( 'NONE', *, *, #2621, .T. ) ;
#842 = AXIS2_PLACEMENT_3D ( 'NONE', #6268, #7608, #808 ) ;
#843 = CARTESIAN_POINT ( 'NONE',  ( 2.225000000000000089, 1.899999999999999689, 1.133352670977950737E-13 ) ) ;
#844 = CARTESIAN_POINT ( 'NONE',  ( 3.125000000000000000, 1.899999999999999911, 0.000000000000000000 ) ) ;
#845 = DIRECTION ( 'NONE',  ( -1.000000000000000000, -0.000000000000000000, -0.000000000000000000 ) ) ;
#846 = EDGE_CURVE ( 'NONE', #3297, #2520, #6574, .T. ) ;
#847 = CARTESIAN_POINT ( 'NONE',  ( 3.967687726247452140, 2.806753718819241517, 1.229123359310904107 ) ) ;
#848 = EDGE_LOOP ( 'NONE', ( #1713, #3323, #5, #4253 ) ) ;
#849 = ORIENTED_EDGE ( 'NONE', *, *, #674, .T. ) ;
#850 = CARTESIAN_POINT ( 'NONE',  ( 3.675000000000000266, 3.399999999999999911, 0.7499999999999997780 ) ) ;
#851 = CARTESIAN_POINT ( 'NONE',  ( 3.683705463586064877, 0.7366241396706205702, -1.248043438062935717 ) ) ;
#852 = VECTOR ( 'NONE', #7868, 1000.000000000000000 ) ;
#853 = ORIENTED_EDGE ( 'NONE', *, *, #5320, .F. ) ;
#854 = CARTESIAN_POINT ( 'NONE',  ( 3.974996390809751645, 2.179752042327973705, 1.253944110271215662 ) ) ;
#855 = DIRECTION ( 'NONE',  ( 0.000000000000000000, -1.000000000000000000, -0.000000000000000000 ) ) ;
#856 = LINE ( 'NONE', #8483, #932 ) ;
#857 = CARTESIAN_POINT ( 'NONE',  ( -3.424999999999793321, -1.580166996069204022E-16, 1.100000000000424194 ) ) ;
#858 = ADVANCED_FACE ( 'NONE', ( #7190 ), #815, .F. ) ;
#859 = CARTESIAN_POINT ( 'NONE',  ( 2.224999999999674571, 3.021990892406452467, -2.007769019922569953 ) ) ;
#860 = ADVANCED_FACE ( 'NONE', ( #985 ), #8797, .T. ) ;
#861 = ORIENTED_EDGE ( 'NONE', *, *, #5263, .T. ) ;
#862 = CARTESIAN_POINT ( 'NONE',  ( -2.961183428355804725, 3.192219385628104256, 0.1640399164906080620 ) ) ;
#863 = CYLINDRICAL_SURFACE ( 'NONE', #2245, 0.2250000000000012546 ) ;
#864 = CARTESIAN_POINT ( 'NONE',  ( 3.125000000000000000, 0.8549999999999998712, 0.000000000000000000 ) ) ;
#865 = CARTESIAN_POINT ( 'NONE',  ( 3.974999999999999201, 1.981957975374244008, 1.026242064468082527 ) ) ;
#866 = CARTESIAN_POINT ( 'NONE',  ( 3.275000000000000355, 1.201787997811427422, -0.8499999999999353628 ) ) ;
#867 = ADVANCED_FACE ( 'NONE', ( #7099 ), #7143, .T. ) ;
#868 = EDGE_CURVE ( 'NONE', #4700, #8022, #6301, .T. ) ;
#869 = EDGE_CURVE ( 'NONE', #988, #5705, #2783, .T. ) ;
#870 = ORIENTED_EDGE ( 'NONE', *, *, #3195, .F. ) ;
#871 = AXIS2_PLACEMENT_3D ( 'NONE', #6169, #6950, #7039 ) ;
#872 = CARTESIAN_POINT ( 'NONE',  ( 3.750616035036992812, 0.8723302709393190302, -1.445885627488021630 ) ) ;
#873 = FACE_OUTER_BOUND ( 'NONE', #7990, .T. ) ;
#874 = CARTESIAN_POINT ( 'NONE',  ( -5.735000000000000320, 1.899999999999999911, 0.000000000000000000 ) ) ;
#875 = DIRECTION ( 'NONE',  ( -0.08715574274765873486, 0.000000000000000000, -0.9961946980917455452 ) ) ;
#876 = VERTEX_POINT ( 'NONE', #6400 ) ;
#877 = VERTEX_POINT ( 'NONE', #6360 ) ;
#878 = CARTESIAN_POINT ( 'NONE',  ( 3.125000000000000000, 1.070000000000038476, 1.277499999999935465 ) ) ;
#879 = AXIS2_PLACEMENT_3D ( 'NONE', #3710, #6481, #4341 ) ;
#880 = ORIENTED_EDGE ( 'NONE', *, *, #1333, .F. ) ;
#881 = ORIENTED_EDGE ( 'NONE', *, *, #586, .F. ) ;
#882 = ADVANCED_FACE ( 'NONE', ( #5766 ), #7802, .T. ) ;
#883 = CARTESIAN_POINT ( 'NONE',  ( -3.074999999999999734, -1.418690076762947653E-16, -0.4000000000004247380 ) ) ;
#884 = CIRCLE ( 'NONE', #1325, 0.1000000000000000472 ) ;
#885 = DIRECTION ( 'NONE',  ( 1.000000000000000000, 0.000000000000000000, 0.000000000000000000 ) ) ;
#886 = DIRECTION ( 'NONE',  ( -1.000000000000000000, -4.613626265895765162E-17, -0.000000000000000000 ) ) ;
#887 = VECTOR ( 'NONE', #5160, 1000.000000000000000 ) ;
#888 = CARTESIAN_POINT ( 'NONE',  ( 1.024999999999999911, 0.4769207173524852017, -1.838322126713059834 ) ) ;
#889 = DIRECTION ( 'NONE',  ( 1.531752565501796969E-13, 0.3237035207080049548, 0.9461585652950789127 ) ) ;
#890 = EDGE_LOOP ( 'NONE', ( #1754, #6534, #1875, #6238, #427, #5494, #4581 ) ) ;
#891 = AXIS2_PLACEMENT_3D ( 'NONE', #5232, #7338, #8028 ) ;
#892 = CIRCLE ( 'NONE', #4529, 0.1499999999999999944 ) ;
#893 = ORIENTED_EDGE ( 'NONE', *, *, #7447, .F. ) ;
#894 = CARTESIAN_POINT ( 'NONE',  ( 3.697601750784967223, 1.639570788430928294, 1.248390800231957032 ) ) ;
#895 = LINE ( 'NONE', #8479, #5185 ) ;
#896 = VERTEX_POINT ( 'NONE', #6491 ) ;
#897 = CARTESIAN_POINT ( 'NONE',  ( 3.669655719040521014, 3.065472098588281735, 1.247692239956315730 ) ) ;
#898 = DIRECTION ( 'NONE',  ( 1.000000000000000000, 4.613626265895768243E-17, 0.000000000000000000 ) ) ;
#899 = EDGE_CURVE ( 'NONE', #6891, #1488, #2361, .T. ) ;
#900 = DIRECTION ( 'NONE',  ( -1.000000000000000000, -0.000000000000000000, 0.000000000000000000 ) ) ;
#901 = TOROIDAL_SURFACE ( 'NONE', #5846, 1.824999999999999734, 0.2000000000000000111 ) ;
#902 = CARTESIAN_POINT ( 'NONE',  ( 2.924999999999999822, 0.6000000000000003109, -0.8000000000000000444 ) ) ;
#903 = DIRECTION ( 'NONE',  ( 0.000000000000000000, 0.000000000000000000, -1.000000000000000000 ) ) ;
#904 = DIRECTION ( 'NONE',  ( 1.618788986244930865E-13, 0.000000000000000000, 1.000000000000000000 ) ) ;
#905 = AXIS2_PLACEMENT_3D ( 'NONE', #4644, #2462, #6701 ) ;
#906 = LINE ( 'NONE', #2994, #5260 ) ;
#907 = ORIENTED_EDGE ( 'NONE', *, *, #6423, .T. ) ;
#908 = CARTESIAN_POINT ( 'NONE',  ( 3.425000000000000266, 2.670000000000056328, -1.222499999999934195 ) ) ;
#909 = CARTESIAN_POINT ( 'NONE',  ( 3.877637474871495904, 2.873675240860646962, 1.386097155119651259 ) ) ;
#910 = DIRECTION ( 'NONE',  ( 1.606225440719264164E-13, 0.000000000000000000, 1.000000000000000000 ) ) ;
#911 = ADVANCED_FACE ( 'NONE', ( #2942 ), #7774, .T. ) ;
#912 = CARTESIAN_POINT ( 'NONE',  ( 3.746788935686913735, 1.981957975374244452, 1.006276183449501538 ) ) ;
#913 = DIRECTION ( 'NONE',  ( 0.000000000000000000, -0.000000000000000000, -1.000000000000000000 ) ) ;
#914 = VECTOR ( 'NONE', #7152, 1000.000000000000000 ) ;
#915 = ORIENTED_EDGE ( 'NONE', *, *, #6158, .T. ) ;
#916 = DIRECTION ( 'NONE',  ( -1.000000000000000000, 0.000000000000000000, 0.000000000000000000 ) ) ;
#917 = LINE ( 'NONE', #7164, #2314 ) ;
#918 = CARTESIAN_POINT ( 'NONE',  ( 3.125000000000000000, 0.2500000000000000000, -0.9000000000000002442 ) ) ;
#919 = CARTESIAN_POINT ( 'NONE',  ( 3.772916391609242748, 2.349999999999999201, 0.4178409582463116778 ) ) ;
#920 = EDGE_CURVE ( 'NONE', #3015, #8927, #8554, .T. ) ;
#921 = VERTEX_POINT ( 'NONE', #5807 ) ;
#922 = FACE_OUTER_BOUND ( 'NONE', #6963, .T. ) ;
#923 = AXIS2_PLACEMENT_3D ( 'NONE', #790, #2089, #8450 ) ;
#924 = CARTESIAN_POINT ( 'NONE',  ( 3.800671528346311057, 2.120404454172303943, -1.367492820086088079 ) ) ;
#925 = ORIENTED_EDGE ( 'NONE', *, *, #6244, .F. ) ;
#926 = EDGE_LOOP ( 'NONE', ( #7612, #7430, #6800, #6688, #1777, #5290, #3294, #5385, #7634, #8563, #7945, #4434, #368, #1784, #1799 ) ) ;
#927 = ORIENTED_EDGE ( 'NONE', *, *, #3235, .F. ) ;
#928 = CIRCLE ( 'NONE', #656, 1.824999999999999734 ) ;
#929 = LINE ( 'NONE', #5065, #3269 ) ;
#930 = CARTESIAN_POINT ( 'NONE',  ( 2.924999999999999822, 0.7749999999999999112, -1.683745824048273443 ) ) ;
#931 = ADVANCED_FACE ( 'NONE', ( #1757 ), #8071, .T. ) ;
#932 = VECTOR ( 'NONE', #7148, 1000.000000000000000 ) ;
#933 = CARTESIAN_POINT ( 'NONE',  ( 3.125000000000000000, 1.899999999999999911, 0.000000000000000000 ) ) ;
#934 = CIRCLE ( 'NONE', #6033, 0.1499999999999999944 ) ;
#935 = MANIFOLD_SOLID_BREP ( 'Fillet9', #358 ) ;
#936 = AXIS2_PLACEMENT_3D ( 'NONE', #1563, #1436, #2111 ) ;
#937 = LINE ( 'NONE', #1608, #4251 ) ;
#938 = ORIENTED_EDGE ( 'NONE', *, *, #3600, .T. ) ;
#939 = DIRECTION ( 'NONE',  ( -1.000000000000000000, -4.613626265895765162E-17, 1.619075244254214076E-13 ) ) ;
#940 = CARTESIAN_POINT ( 'NONE',  ( 1.824999999999999956, 8.419867935259771467E-17, 1.200000000000000178 ) ) ;
#941 = ORIENTED_EDGE ( 'NONE', *, *, #4207, .F. ) ;
#942 = LINE ( 'NONE', #8070, #1797 ) ;
#943 = CARTESIAN_POINT ( 'NONE',  ( 3.974974966031485035, 2.151559748969396502, 1.251246220669200993 ) ) ;
#944 = B_SPLINE_CURVE_WITH_KNOTS ( 'NONE', 3,
 ( #7664, #7569, #3361, #4185 ),
 .UNSPECIFIED., .F., .F.,
 ( 4, 4 ),
 ( 4.848699518061080308E-19, 0.0004234710735987028954 ),
 .UNSPECIFIED. ) ;
#945 = AXIS2_PLACEMENT_3D ( 'NONE', #7034, #5614, #7637 ) ;
#946 = LINE ( 'NONE', #6402, #227 ) ;
#947 = DIRECTION ( 'NONE',  ( 1.000000000000000000, 0.000000000000000000, 0.000000000000000000 ) ) ;
#948 = FACE_OUTER_BOUND ( 'NONE', #1759, .T. ) ;
#949 = CARTESIAN_POINT ( 'NONE',  ( 2.225000000000356248, 0.9500000000000000666, 2.000173887065693989 ) ) ;
#950 = DIRECTION ( 'NONE',  ( 1.000000000000000000, 4.613626265895765162E-17, -1.619075244254214076E-13 ) ) ;
#951 = ADVANCED_FACE ( 'NONE', ( #1131 ), #6636, .T. ) ;
#952 = CIRCLE ( 'NONE', #1967, 1.399999999999999911 ) ;
#953 = ORIENTED_EDGE ( 'NONE', *, *, #1210, .F. ) ;
#954 = CARTESIAN_POINT ( 'NONE',  ( -2.974999999999999645, 3.107142857142856762, -0.4824998678227591653 ) ) ;
#955 = CARTESIAN_POINT ( 'NONE',  ( 3.972194506361171662, 2.762265384610307350, 1.194202521280622431 ) ) ;
#956 = FACE_OUTER_BOUND ( 'NONE', #5398, .T. ) ;
#957 = AXIS2_PLACEMENT_3D ( 'NONE', #7841, #855, #236 ) ;
#958 = FACE_OUTER_BOUND ( 'NONE', #8015, .T. ) ;
#959 = CARTESIAN_POINT ( 'NONE',  ( 3.125000000000000000, 2.200000000000000622, 2.053198723942716519 ) ) ;
#960 = FACE_OUTER_BOUND ( 'NONE', #7424, .T. ) ;
#961 = EDGE_LOOP ( 'NONE', ( #4229, #4458, #548, #4077, #907, #6854, #3239 ) ) ;
#962 = CARTESIAN_POINT ( 'NONE',  ( 3.761856587770106231, 0.8752398959485386820, -1.441512601584382436 ) ) ;
#963 = CARTESIAN_POINT ( 'NONE',  ( 3.972736919131083067, 1.967967707209645090, 1.223347938564750104 ) ) ;
#964 = PLANE ( 'NONE',  #1094 ) ;
#965 = CARTESIAN_POINT ( 'NONE',  ( 3.275000000000000355, 1.599999999999999645, 1.436668947343170410 ) ) ;
#966 = ORIENTED_EDGE ( 'NONE', *, *, #7300, .F. ) ;
#967 = AXIS2_PLACEMENT_3D ( 'NONE', #4949, #7751, #2898 ) ;
#968 = DIRECTION ( 'NONE',  ( -1.000000000000000000, 3.445345076184176030E-15, -8.758115402030108638E-47 ) ) ;
#969 = DIRECTION ( 'NONE',  ( -5.247538514829840198E-14, 0.9461585652950790237, -0.3237035207080047328 ) ) ;
#970 = ORIENTED_EDGE ( 'NONE', *, *, #5832, .T. ) ;
#971 = EDGE_CURVE ( 'NONE', #6725, #6529, #8711, .T. ) ;
#972 = ADVANCED_FACE ( 'NONE', ( #418 ), #3952, .F. ) ;
#973 = EDGE_CURVE ( 'NONE', #4023, #6633, #5715, .T. ) ;
#974 = CARTESIAN_POINT ( 'NONE',  ( 1.524999999999999911, 7.035780055491042349E-17, 0.9000000000000425437 ) ) ;
#975 = LINE ( 'NONE', #6035, #3999 ) ;
#976 = DIRECTION ( 'NONE',  ( 1.000000000000000000, 9.035018104045869462E-17, 0.000000000000000000 ) ) ;
#977 = FACE_OUTER_BOUND ( 'NONE', #5579, .T. ) ;
#978 = CARTESIAN_POINT ( 'NONE',  ( 3.675000000000000266, 1.899999999999999911, 0.000000000000000000 ) ) ;
#979 = VERTEX_POINT ( 'NONE', #3266 ) ;
#980 = EDGE_CURVE ( 'NONE', #2749, #3598, #7364, .T. ) ;
#981 = CARTESIAN_POINT ( 'NONE',  ( -3.624999999999793499, -1.672439521387119461E-16, -0.6000000000004247491 ) ) ;
#982 = ORIENTED_EDGE ( 'NONE', *, *, #8969, .T. ) ;
#983 = ORIENTED_EDGE ( 'NONE', *, *, #8555, .F. ) ;
#984 = CARTESIAN_POINT ( 'NONE',  ( -2.863561640702599220, 3.266667140750123099, -0.08880832331969000515 ) ) ;
#985 = FACE_OUTER_BOUND ( 'NONE', #8845, .T. ) ;
#986 = VECTOR ( 'NONE', #8936, 1000.000000000000000 ) ;
#987 = DIRECTION ( 'NONE',  ( -1.000000000000000000, 0.000000000000000000, 0.000000000000000000 ) ) ;
#988 = VERTEX_POINT ( 'NONE', #3075 ) ;
#989 = LINE ( 'NONE', #6583, #825 ) ;
#990 = CARTESIAN_POINT ( 'NONE',  ( 3.125000000000000000, 2.455048207272839011, 0.8318181818181231701 ) ) ;
#991 = CARTESIAN_POINT ( 'NONE',  ( 3.719964362133800329, 2.161070662640248496, -1.387635900700573854 ) ) ;
#992 = EDGE_CURVE ( 'NONE', #555, #2129, #440, .T. ) ;
#993 = CARTESIAN_POINT ( 'NONE',  ( -3.875000000000000000, 1.787491022822341291, 0.7415131354564488131 ) ) ;
#994 = ORIENTED_EDGE ( 'NONE', *, *, #3322, .T. ) ;
#995 = ORIENTED_EDGE ( 'NONE', *, *, #8486, .F. ) ;
#996 = EDGE_CURVE ( 'NONE', #688, #3204, #1887, .T. ) ;
#997 = CARTESIAN_POINT ( 'NONE',  ( -2.969842560204697168, 3.161009311022211943, -0.3264525434457751785 ) ) ;
#998 = DIRECTION ( 'NONE',  ( 0.000000000000000000, 0.000000000000000000, 1.000000000000000000 ) ) ;
#999 = CARTESIAN_POINT ( 'NONE',  ( -3.425000000000000266, 1.899999999999999911, 0.000000000000000000 ) ) ;
#1000 = CARTESIAN_POINT ( 'NONE',  ( -5.767032832369706452E-18, 0.1250000000000000000, 0.000000000000000000 ) ) ;
#1001 = CARTESIAN_POINT ( 'NONE',  ( -2.974999999999999645, 3.199999999999999734, -0.5196152422706638019 ) ) ;
#1002 = DIRECTION ( 'NONE',  ( -0.000000000000000000, 0.000000000000000000, 1.000000000000000000 ) ) ;
#1003 = VERTEX_POINT ( 'NONE', #4672 ) ;
#1004 = ORIENTED_EDGE ( 'NONE', *, *, #2065, .T. ) ;
#1005 = ADVANCED_FACE ( 'NONE', ( #1264 ), #1934, .T. ) ;
#1006 = DIRECTION ( 'NONE',  ( 1.606225440719264164E-13, 0.000000000000000000, 1.000000000000000000 ) ) ;
#1007 = CARTESIAN_POINT ( 'NONE',  ( 3.050000000000000266, 0.1749999999999999889, 0.8999999999999993561 ) ) ;
#1008 = CARTESIAN_POINT ( 'NONE',  ( 2.924999999999999822, 3.399999999999999911, -1.360376786041278985 ) ) ;
#1009 = EDGE_CURVE ( 'NONE', #7714, #6847, #2016, .T. ) ;
#1010 = FACE_OUTER_BOUND ( 'NONE', #1088, .T. ) ;
#1011 = VERTEX_POINT ( 'NONE', #684 ) ;
#1012 = DIRECTION ( 'NONE',  ( 0.000000000000000000, -0.000000000000000000, 1.000000000000000000 ) ) ;
#1013 = CARTESIAN_POINT ( 'NONE',  ( 3.945053189349974065, 1.971143586173485174, -1.214517269908949038 ) ) ;
#1014 = ORIENTED_EDGE ( 'NONE', *, *, #5760, .F. ) ;
#1015 = AXIS2_PLACEMENT_3D ( 'NONE', #3303, #6719, #4620 ) ;
#1016 = ORIENTED_EDGE ( 'NONE', *, *, #6010, .T. ) ;
#1017 = VERTEX_POINT ( 'NONE', #4083 ) ;
#1018 = CARTESIAN_POINT ( 'NONE',  ( 1.024999999999999911, 0.4769207173524653842, 1.838322126711693372 ) ) ;
#1019 = CARTESIAN_POINT ( 'NONE',  ( 3.772916391609242748, 2.918966987828184312, 1.438836915049396259 ) ) ;
#1020 = CARTESIAN_POINT ( 'NONE',  ( 1.024999999999999911, 4.728966922543158228E-17, -0.9000000000000422107 ) ) ;
#1021 = AXIS2_PLACEMENT_3D ( 'NONE', #5574, #3341, #3525 ) ;
#1022 = EDGE_CURVE ( 'NONE', #4258, #5002, #2759, .T. ) ;
#1023 = LINE ( 'NONE', #226, #8759 ) ;
#1024 = DIRECTION ( 'NONE',  ( 0.000000000000000000, 0.000000000000000000, -1.000000000000000000 ) ) ;
#1025 = ORIENTED_EDGE ( 'NONE', *, *, #1500, .T. ) ;
#1026 = VECTOR ( 'NONE', #4449, 1000.000000000000000 ) ;
#1027 = VERTEX_POINT ( 'NONE', #2025 ) ;
#1028 = DIRECTION ( 'NONE',  ( 3.497426362856461768E-15, 1.000000000000000000, 0.000000000000000000 ) ) ;
#1029 = AXIS2_PLACEMENT_3D ( 'NONE', #3749, #310, #3066 ) ;
#1030 = ORIENTED_EDGE ( 'NONE', *, *, #5187, .T. ) ;
#1031 = ORIENTED_EDGE ( 'NONE', *, *, #4958, .T. ) ;
#1032 = DIRECTION ( 'NONE',  ( 0.000000000000000000, 0.9461585652950789127, -0.3237035207080048993 ) ) ;
#1033 = CARTESIAN_POINT ( 'NONE',  ( -2.875000000000000000, 3.199999999999999734, 1.280868845745064100 ) ) ;
#1034 = DIRECTION ( 'NONE',  ( -0.000000000000000000, 0.4999999999999944489, 0.8660254037844419273 ) ) ;
#1035 = EDGE_LOOP ( 'NONE', ( #3171, #5302, #8345, #7826 ) ) ;
#1036 = AXIS2_PLACEMENT_3D ( 'NONE', #7771, #204, #2269 ) ;
#1037 = CARTESIAN_POINT ( 'NONE',  ( 2.225000000000337153, 1.187852254442064437, 2.081548843648364233 ) ) ;
#1038 = ADVANCED_FACE ( 'NONE', ( #7607 ), #722, .T. ) ;
#1039 = AXIS2_PLACEMENT_3D ( 'NONE', #379, #1714, #5917 ) ;
#1040 = VECTOR ( 'NONE', #4698, 1000.000000000000000 ) ;
#1041 = CARTESIAN_POINT ( 'NONE',  ( 3.125000000000000000, 0.7692519213489307228, -0.7857212390312815486 ) ) ;
#1042 = CARTESIAN_POINT ( 'NONE',  ( 3.125000000000000000, 3.400000000000000355, -1.322875655532294914 ) ) ;
#1043 = ORIENTED_EDGE ( 'NONE', *, *, #4899, .T. ) ;
#1044 = CARTESIAN_POINT ( 'NONE',  ( 2.225000000000000089, 1.899999999999999689, 1.133352670977950737E-13 ) ) ;
#1045 = ORIENTED_EDGE ( 'NONE', *, *, #4310, .F. ) ;
#1046 = CARTESIAN_POINT ( 'NONE',  ( 3.125000000000000000, 1.600000000000000755, 0.000000000000000000 ) ) ;
#1047 = VECTOR ( 'NONE', #820, 1000.000000000000000 ) ;
#1048 = CARTESIAN_POINT ( 'NONE',  ( 3.275000000000000355, 3.399999999999999911, 0.8149999999999357758 ) ) ;
#1049 = ORIENTED_EDGE ( 'NONE', *, *, #4379, .T. ) ;
#1050 = CARTESIAN_POINT ( 'NONE',  ( -5.585000000000000853, 1.899999999999999911, 0.000000000000000000 ) ) ;
#1051 = DIRECTION ( 'NONE',  ( -6.078109857129427534E-34, -1.000000000000000000, -1.445602896647339656E-16 ) ) ;
#1052 = FACE_OUTER_BOUND ( 'NONE', #4932, .T. ) ;
#1053 = EDGE_CURVE ( 'NONE', #97, #437, #3470, .T. ) ;
#1054 = CARTESIAN_POINT ( 'NONE',  ( 1.024999999999999911, 4.728966922543158228E-17, -1.450000000000825295 ) ) ;
#1055 = VECTOR ( 'NONE', #8604, 1000.000000000000227 ) ;
#1056 = ORIENTED_EDGE ( 'NONE', *, *, #2168, .F. ) ;
#1057 = CARTESIAN_POINT ( 'NONE',  ( 3.275000000000000355, 2.455048207272839011, -0.8318181818181228371 ) ) ;
#1058 = CARTESIAN_POINT ( 'NONE',  ( 1.024999999999999689, 4.728966922543157611E-17, 0.9000000000000426548 ) ) ;
#1059 = DIRECTION ( 'NONE',  ( 1.531752565501796969E-13, 0.3237035207080048993, 0.9461585652950789127 ) ) ;
#1060 = DIRECTION ( 'NONE',  ( 0.000000000000000000, 0.000000000000000000, -1.000000000000000000 ) ) ;
#1061 = VERTEX_POINT ( 'NONE', #1353 ) ;
#1062 = CARTESIAN_POINT ( 'NONE',  ( 3.944728227307397361, 0.9877048312773283323, -1.310778389833017421 ) ) ;
#1063 = CARTESIAN_POINT ( 'NONE',  ( 3.956146413604217482, 1.945219855128903941, -1.264846529534495723 ) ) ;
#1064 = VECTOR ( 'NONE', #63, 1000.000000000000000 ) ;
#1065 = ORIENTED_EDGE ( 'NONE', *, *, #8650, .F. ) ;
#1066 = EDGE_CURVE ( 'NONE', #738, #5031, #2743, .T. ) ;
#1067 = VERTEX_POINT ( 'NONE', #4902 ) ;
#1068 = DIRECTION ( 'NONE',  ( 0.000000000000000000, 0.000000000000000000, 1.000000000000000000 ) ) ;
#1069 = DIRECTION ( 'NONE',  ( 1.606225440719264164E-13, 0.000000000000000000, 1.000000000000000000 ) ) ;
#1070 = CARTESIAN_POINT ( 'NONE',  ( 3.125000000000000000, 1.464336086188347430, -0.8990157391204322002 ) ) ;
#1071 = VECTOR ( 'NONE', #6890, 1000.000000000000000 ) ;
#1072 = DIRECTION ( 'NONE',  ( -1.000000000000000000, 0.000000000000000000, 0.000000000000000000 ) ) ;
#1073 = DIRECTION ( 'NONE',  ( -1.000000000000000000, -0.000000000000000000, -0.000000000000000000 ) ) ;
#1074 = ORIENTED_EDGE ( 'NONE', *, *, #5074, .T. ) ;
#1075 = AXIS2_PLACEMENT_3D ( 'NONE', #5179, #8658, #2390 ) ;
#1076 = ORIENTED_EDGE ( 'NONE', *, *, #5238, .F. ) ;
#1077 = CARTESIAN_POINT ( 'NONE',  ( 2.225000000000000089, 1.899999999999999689, 1.133352670977950737E-13 ) ) ;
#1078 = VERTEX_POINT ( 'NONE', #3445 ) ;
#1079 = ADVANCED_FACE ( 'NONE', ( #5452 ), #6133, .T. ) ;
#1080 = ORIENTED_EDGE ( 'NONE', *, *, #2211, .F. ) ;
#1081 = CARTESIAN_POINT ( 'NONE',  ( -2.969843458459656915, 3.161005309794574725, -0.3264682594729949039 ) ) ;
#1082 = LINE ( 'NONE', #3860, #4161 ) ;
#1083 = VERTEX_POINT ( 'NONE', #9 ) ;
#1084 = AXIS2_PLACEMENT_3D ( 'NONE', #8966, #6115, #7508 ) ;
#1085 = CARTESIAN_POINT ( 'NONE',  ( 2.924999999999999822, 1.600000000000000977, 2.002654488422802803 ) ) ;
#1086 = LINE ( 'NONE', #1763, #7060 ) ;
#1087 = DIRECTION ( 'NONE',  ( 1.000000000000000000, 4.742465015015738602E-16, -1.626490331103372400E-13 ) ) ;
#1088 = EDGE_LOOP ( 'NONE', ( #3067, #1128, #59, #8918 ) ) ;
#1089 = LINE ( 'NONE', #3867, #5987 ) ;
#1090 = ORIENTED_EDGE ( 'NONE', *, *, #5938, .F. ) ;
#1091 = VERTEX_POINT ( 'NONE', #2070 ) ;
#1092 = CIRCLE ( 'NONE', #8522, 0.2500000000000002220 ) ;
#1093 = EDGE_CURVE ( 'NONE', #5946, #1978, #2674, .T. ) ;
#1094 = AXIS2_PLACEMENT_3D ( 'NONE', #3151, #7858, #4371 ) ;
#1095 = ADVANCED_FACE ( 'NONE', ( #7653 ), #8578, .F. ) ;
#1096 = CARTESIAN_POINT ( 'NONE',  ( 1.824999999999999734, -5.421010862427522170E-17, -2.000000000000000000 ) ) ;
#1097 = DIRECTION ( 'NONE',  ( 1.000000000000000000, 0.000000000000000000, -0.000000000000000000 ) ) ;
#1098 = DIRECTION ( 'NONE',  ( 0.000000000000000000, 0.000000000000000000, 1.000000000000000000 ) ) ;
#1099 = VECTOR ( 'NONE', #3102, 1000.000000000000000 ) ;
#1100 = CARTESIAN_POINT ( 'NONE',  ( -7.875000000000000000, 2.016124824835400009, -1.648185373389841057 ) ) ;
#1101 = CARTESIAN_POINT ( 'NONE',  ( -2.874999999999744205, 1.246118888169273964, 1.911240301895924532 ) ) ;
#1102 = VERTEX_POINT ( 'NONE', #1395 ) ;
#1103 = ORIENTED_EDGE ( 'NONE', *, *, #7352, .F. ) ;
#1104 = AXIS2_PLACEMENT_3D ( 'NONE', #2081, #7667, #4188 ) ;
#1105 = EDGE_CURVE ( 'NONE', #6394, #584, #6868, .T. ) ;
#1106 = CARTESIAN_POINT ( 'NONE',  ( 3.275000000000000355, 2.156150115450921056, -1.621109781535728711 ) ) ;
#1107 = CARTESIAN_POINT ( 'NONE',  ( 2.224999999999663025, 1.187852254442085975, -2.081548843649950964 ) ) ;
#1108 = EDGE_CURVE ( 'NONE', #8595, #7378, #6775, .T. ) ;
#1109 = AXIS2_PLACEMENT_3D ( 'NONE', #3376, #6658, #7355 ) ;
#1110 = DIRECTION ( 'NONE',  ( 1.626303258728254884E-13, 0.000000000000000000, 1.000000000000000000 ) ) ;
#1111 = CARTESIAN_POINT ( 'NONE',  ( -3.624999999999793499, -1.672439521387119461E-16, 0.9000000000004242384 ) ) ;
#1112 = VERTEX_POINT ( 'NONE', #3488 ) ;
#1113 = DIRECTION ( 'NONE',  ( 0.000000000000000000, 0.000000000000000000, -1.000000000000000000 ) ) ;
#1114 = CARTESIAN_POINT ( 'NONE',  ( 3.128045739392331104, 2.330234291699223803, 0.8755077287696670929 ) ) ;
#1115 = ORIENTED_EDGE ( 'NONE', *, *, #1246, .F. ) ;
#1116 = CIRCLE ( 'NONE', #8121, 0.09999999999999982514 ) ;
#1117 = ORIENTED_EDGE ( 'NONE', *, *, #5345, .F. ) ;
#1118 = ORIENTED_EDGE ( 'NONE', *, *, #2460, .F. ) ;
#1119 = ORIENTED_EDGE ( 'NONE', *, *, #5159, .F. ) ;
#1120 = DIRECTION ( 'NONE',  ( 1.000000000000000000, -0.000000000000000000, -0.000000000000000000 ) ) ;
#1121 = CARTESIAN_POINT ( 'NONE',  ( 3.275000000000000355, 1.599999999999999645, 1.214048674522871574 ) ) ;
#1122 = EDGE_CURVE ( 'NONE', #6302, #380, #4201, .T. ) ;
#1123 = AXIS2_PLACEMENT_3D ( 'NONE', #232, #6441, #4908 ) ;
#1124 = CARTESIAN_POINT ( 'NONE',  ( 3.275000000000000355, 0.3750000000000000000, 1.200000000000000400 ) ) ;
#1125 = DIRECTION ( 'NONE',  ( 0.000000000000000000, 0.000000000000000000, 1.000000000000000000 ) ) ;
#1126 = VERTEX_POINT ( 'NONE', #6180 ) ;
#1127 = CARTESIAN_POINT ( 'NONE',  ( 3.275000000000000355, 2.349999999999999201, 0.4178409582463116778 ) ) ;
#1128 = ORIENTED_EDGE ( 'NONE', *, *, #2970, .T. ) ;
#1129 = EDGE_LOOP ( 'NONE', ( #2272, #941, #5796, #3198 ) ) ;
#1130 = DIRECTION ( 'NONE',  ( 0.000000000000000000, 8.539115121389577196E-16, -1.000000000000000000 ) ) ;
#1131 = FACE_OUTER_BOUND ( 'NONE', #286, .T. ) ;
#1132 = DIRECTION ( 'NONE',  ( 1.000000000000000000, 0.000000000000000000, -0.000000000000000000 ) ) ;
#1133 = ADVANCED_FACE ( 'NONE', ( #2112, #552 ), #2719, .T. ) ;
#1134 = CARTESIAN_POINT ( 'NONE',  ( 3.655504509961679638, 1.633289831042133766, 1.253814209305440519 ) ) ;
#1135 = DIRECTION ( 'NONE',  ( 1.000000000000000000, -0.000000000000000000, -0.000000000000000000 ) ) ;
#1136 = CARTESIAN_POINT ( 'NONE',  ( 2.225000000000310507, 2.973208679693148504, 1.920474714706924324 ) ) ;
#1137 = ORIENTED_EDGE ( 'NONE', *, *, #2168, .T. ) ;
#1138 = FILL_AREA_STYLE ('',( #8761 ) ) ;
#1139 = ORIENTED_EDGE ( 'NONE', *, *, #6625, .F. ) ;
#1140 = DIRECTION ( 'NONE',  ( 0.000000000000000000, 0.000000000000000000, -1.000000000000000000 ) ) ;
#1141 = CARTESIAN_POINT ( 'NONE',  ( 3.125000000000000000, 1.070000000000038476, 1.552499999999935598 ) ) ;
#1142 = ORIENTED_EDGE ( 'NONE', *, *, #5837, .T. ) ;
#1143 = ADVANCED_FACE ( 'NONE', ( #4713 ), #7518, .F. ) ;
#1144 = CARTESIAN_POINT ( 'NONE',  ( 3.528907036823436094, 0.7222139873115105413, -1.315261024159007475 ) ) ;
#1145 = CARTESIAN_POINT ( 'NONE',  ( 3.719964362133799884, 1.638929337359750660, 1.387635900700573632 ) ) ;
#1146 = ADVANCED_FACE ( 'NONE', ( #99 ), #2931, .F. ) ;
#1147 = DIRECTION ( 'NONE',  ( 0.000000000000000000, 0.000000000000000000, 1.000000000000000000 ) ) ;
#1148 = ORIENTED_EDGE ( 'NONE', *, *, #4730, .T. ) ;
#1149 = ORIENTED_EDGE ( 'NONE', *, *, #7088, .F. ) ;
#1150 = LINE ( 'NONE', #568, #4535 ) ;
#1151 = CARTESIAN_POINT ( 'NONE',  ( 1.024999999999999911, 1.187852254442145483, -2.081548843649777325 ) ) ;
#1152 = AXIS2_PLACEMENT_3D ( 'NONE', #7560, #5400, #3352 ) ;
#1153 = CARTESIAN_POINT ( 'NONE',  ( 2.225000000000337153, 1.187852254442085975, 2.081548843648299396 ) ) ;
#1154 = CARTESIAN_POINT ( 'NONE',  ( -2.875000000000000000, 0.4500000000000000111, 0.000000000000000000 ) ) ;
#1155 = ORIENTED_EDGE ( 'NONE', *, *, #2792, .T. ) ;
#1156 = CARTESIAN_POINT ( 'NONE',  ( 3.773638242482328931, 0.7651115991714581011, -1.244166813808060601 ) ) ;
#1157 = ADVANCED_FACE ( 'NONE', ( #7697 ), #289, .T. ) ;
#1158 = DIRECTION ( 'NONE',  ( 0.000000000000000000, 0.000000000000000000, -1.000000000000000000 ) ) ;
#1159 = ADVANCED_FACE ( 'NONE', ( #7791 ), #4301, .T. ) ;
#1160 = EDGE_CURVE ( 'NONE', #6973, #6769, #138, .T. ) ;
#1161 = EDGE_LOOP ( 'NONE', ( #4358, #5967, #8196, #135 ) ) ;
#1162 = ORIENTED_EDGE ( 'NONE', *, *, #1257, .F. ) ;
#1163 = LINE ( 'NONE', #2573, #8135 ) ;
#1164 = DIRECTION ( 'NONE',  ( 0.000000000000000000, 0.000000000000000000, -1.000000000000000000 ) ) ;
#1165 = DIRECTION ( 'NONE',  ( 0.000000000000000000, 0.000000000000000000, 1.000000000000000000 ) ) ;
#1166 = PLANE ( 'NONE',  #5539 ) ;
#1167 = LINE ( 'NONE', #498, #8617 ) ;
#1168 = ORIENTED_EDGE ( 'NONE', *, *, #3343, .T. ) ;
#1169 = EDGE_CURVE ( 'NONE', #834, #1474, #2244, .T. ) ;
#1170 = ORIENTED_EDGE ( 'NONE', *, *, #4981, .F. ) ;
#1171 = CARTESIAN_POINT ( 'NONE',  ( 3.125000000000000000, 2.335889894354200802, 0.8999999999999355182 ) ) ;
#1172 = ORIENTED_EDGE ( 'NONE', *, *, #4552, .T. ) ;
#1173 = ORIENTED_EDGE ( 'NONE', *, *, #4476, .F. ) ;
#1174 = CARTESIAN_POINT ( 'NONE',  ( 2.225000000000317169, 3.108593432784897193, 1.957769019920919007 ) ) ;
#1175 = DIRECTION ( 'NONE',  ( -1.000000000000000000, -4.613626265895765162E-17, -0.000000000000000000 ) ) ;
#1176 = CIRCLE ( 'NONE', #8019, 2.024999999999999911 ) ;
#1177 = MECHANICAL_DESIGN_GEOMETRIC_PRESENTATION_REPRESENTATION (  '', ( #8458 ), #167 ) ;
#1178 = CARTESIAN_POINT ( 'NONE',  ( -2.874999999999999556, 1.899999999999999467, 9.390636416674440884E-13 ) ) ;
#1179 = VECTOR ( 'NONE', #2174, 1000.000000000000227 ) ;
#1180 = FACE_OUTER_BOUND ( 'NONE', #5696, .T. ) ;
#1181 = ORIENTED_EDGE ( 'NONE', *, *, #3295, .T. ) ;
#1182 = ORIENTED_EDGE ( 'NONE', *, *, #89, .T. ) ;
#1183 = ORIENTED_EDGE ( 'NONE', *, *, #8350, .T. ) ;
#1184 = EDGE_CURVE ( 'NONE', #7605, #1387, #5626, .T. ) ;
#1185 = DIRECTION ( 'NONE',  ( 0.000000000000000000, -1.000000000000000000, -7.228014483236700746E-17 ) ) ;
#1186 = CARTESIAN_POINT ( 'NONE',  ( 3.655504509961679638, 2.817661494434929192, 0.9982898310420694754 ) ) ;
#1187 =( BOUNDED_SURFACE ( )  B_SPLINE_SURFACE ( 3, 2, ( 
 ( #1597, #924, #4516 ),
 ( #6565, #8693, #4377 ),
 ( #351, #403, #8736 ),
 ( #1013, #1063, #3106 ),
 ( #5889, #2372, #1735 ),
 ( #3156, #7169, #2423 ) ),
 .UNSPECIFIED., .F., .F., .F. ) 
 B_SPLINE_SURFACE_WITH_KNOTS ( ( 4, 2, 4 ),
 ( 3, 3 ),
 ( 0.000000000000000000, 5.549287441068183818E-05, 0.0001109857488213636764 ),
 ( 0.01456418988621957164, 1.000000000000000000 ),
 .UNSPECIFIED. ) 
 GEOMETRIC_REPRESENTATION_ITEM ( )  RATIONAL_B_SPLINE_SURFACE ( (
 ( 0.9967961241992208121, 0.8900084444857917498, 1.000000000000000000),
 ( 0.9973455069553286423, 0.9088691830644459735, 1.000000000000000000),
 ( 0.9980992397509402814, 0.9347454179082673731, 1.000000000000000000),
 ( 0.9993124760729255041, 0.9763967672611497672, 1.000000000000000000),
 ( 0.9997827083312081919, 0.9925402075058971096, 1.000000000000000000),
 ( 0.9999350869997002400, 0.9977714860624954385, 1.000000000000000000) ) ) 
 REPRESENTATION_ITEM ( '' )  SURFACE ( )  );
#1188 = ORIENTED_EDGE ( 'NONE', *, *, #1211, .T. ) ;
#1189 = AXIS2_PLACEMENT_3D ( 'NONE', #8153, #7463, #6767 ) ;
#1190 = AXIS2_PLACEMENT_3D ( 'NONE', #618, #1204, #490 ) ;
#1191 = CARTESIAN_POINT ( 'NONE',  ( 2.924999999999999822, 2.200000000000000622, 2.075000000000000178 ) ) ;
#1192 = LINE ( 'NONE', #8173, #5840 ) ;
#1193 = DIRECTION ( 'NONE',  ( -1.000000000000000000, 0.000000000000000000, 0.000000000000000000 ) ) ;
#1194 = ORIENTED_EDGE ( 'NONE', *, *, #5187, .F. ) ;
#1195 = AXIS2_PLACEMENT_3D ( 'NONE', #3725, #1622, #243 ) ;
#1196 = CARTESIAN_POINT ( 'NONE',  ( -2.875000000000234035, 0.3149999999999998357, -1.449999999999999956 ) ) ;
#1197 = PLANE ( 'NONE',  #7789 ) ;
#1198 = EDGE_CURVE ( 'NONE', #2755, #7847, #1721, .T. ) ;
#1199 = DIRECTION ( 'NONE',  ( 1.619075244254214076E-13, 0.000000000000000000, 1.000000000000000000 ) ) ;
#1200 = CARTESIAN_POINT ( 'NONE',  ( -1.619595037822595174, 0.1249999999999998890, 0.7500000000000000000 ) ) ;
#1201 = VERTEX_POINT ( 'NONE', #7000 ) ;
#1202 = CIRCLE ( 'NONE', #2059, 0.1000000000000004774 ) ;
#1203 = CARTESIAN_POINT ( 'NONE',  ( 3.425000000000000266, 1.070000000000038476, 1.277499999999935465 ) ) ;
#1204 = DIRECTION ( 'NONE',  ( -1.000000000000000000, -0.000000000000000000, -0.000000000000000000 ) ) ;
#1205 = EDGE_LOOP ( 'NONE', ( #4518, #7548, #12, #458 ) ) ;
#1206 = ORIENTED_EDGE ( 'NONE', *, *, #4730, .F. ) ;
#1207 = DIRECTION ( 'NONE',  ( 0.000000000000000000, -0.9461585652950790237, -0.3237035207080047328 ) ) ;
#1208 = DIRECTION ( 'NONE',  ( 1.000000000000000000, 4.613626265895763929E-17, 0.000000000000000000 ) ) ;
#1209 = CARTESIAN_POINT ( 'NONE',  ( 3.275000000000000355, 1.950954168234951602, -0.9649999999999351319 ) ) ;
#1210 = EDGE_CURVE ( 'NONE', #6897, #14, #770, .T. ) ;
#1211 = EDGE_CURVE ( 'NONE', #834, #5980, #8427, .T. ) ;
#1212 = VECTOR ( 'NONE', #7242, 1000.000000000000114 ) ;
#1213 = LINE ( 'NONE', #5940, #594 ) ;
#1214 = FACE_OUTER_BOUND ( 'NONE', #2591, .T. ) ;
#1215 = ORIENTED_EDGE ( 'NONE', *, *, #6729, .T. ) ;
#1216 = VECTOR ( 'NONE', #3543, 1000.000000000000227 ) ;
#1217 = EDGE_LOOP ( 'NONE', ( #1796, #4102, #8636, #7313, #3519, #7568 ) ) ;
#1218 = DIRECTION ( 'NONE',  ( 4.613626265895765162E-17, -1.000000000000000000, 0.000000000000000000 ) ) ;
#1219 = ORIENTED_EDGE ( 'NONE', *, *, #6779, .T. ) ;
#1220 = CARTESIAN_POINT ( 'NONE',  ( -2.887131980481192794, 3.200000685727335092, -0.08405064995177247145 ) ) ;
#1221 = CARTESIAN_POINT ( 'NONE',  ( 3.024999999999999911, 0.2499999999999999445, -2.000000000000000000 ) ) ;
#1222 = EDGE_CURVE ( 'NONE', #4127, #8068, #5711, .T. ) ;
#1223 = DIRECTION ( 'NONE',  ( 0.000000000000000000, -1.000000000000000000, -3.046096706647208167E-16 ) ) ;
#1224 = AXIS2_PLACEMENT_3D ( 'NONE', #5008, #702, #2173 ) ;
#1225 = CARTESIAN_POINT ( 'NONE',  ( -2.674999999999999378, 1.899999999999999911, 0.000000000000000000 ) ) ;
#1226 = ORIENTED_EDGE ( 'NONE', *, *, #4834, .T. ) ;
#1227 = LINE ( 'NONE', #2678, #7153 ) ;
#1228 = ORIENTED_EDGE ( 'NONE', *, *, #6326, .T. ) ;
#1229 = CARTESIAN_POINT ( 'NONE',  ( 3.586044187466010502, 2.036611320839021744, -1.528816652529876308 ) ) ;
#1230 = AXIS2_PLACEMENT_3D ( 'NONE', #683, #4671, #507 ) ;
#1231 = DIRECTION ( 'NONE',  ( -1.000000000000000000, -0.000000000000000000, -0.000000000000000000 ) ) ;
#1232 = EDGE_LOOP ( 'NONE', ( #8987, #6044, #4520, #8668, #2906, #8891, #6377, #4117, #8278 ) ) ;
#1233 = EDGE_CURVE ( 'NONE', #2833, #3702, #7740, .T. ) ;
#1234 = CARTESIAN_POINT ( 'NONE',  ( -7.875000000000000000, 1.913705956592885560, 0.8702368337147617927 ) ) ;
#1235 = CARTESIAN_POINT ( 'NONE',  ( 2.424999999999999378, 2.200000000000000178, -2.002654488422803247 ) ) ;
#1236 = CIRCLE ( 'NONE', #8090, 2.019999999999232188 ) ;
#1237 = LINE ( 'NONE', #3920, #6717 ) ;
#1238 = CIRCLE ( 'NONE', #3559, 0.2000000000000000944 ) ;
#1239 = VERTEX_POINT ( 'NONE', #4262 ) ;
#1240 = CARTESIAN_POINT ( 'NONE',  ( 3.971903135266040330, 1.054054760152391301, -1.223922426933287122 ) ) ;
#1241 = CARTESIAN_POINT ( 'NONE',  ( 3.275000000000000355, 2.162249880839104854, 0.9649999999999354650 ) ) ;
#1242 = DIRECTION ( 'NONE',  ( -4.613626265895765162E-17, 1.000000000000000000, -0.000000000000000000 ) ) ;
#1243 = CARTESIAN_POINT ( 'NONE',  ( 3.425000000000000266, 1.070000000000038476, 1.077499999999933955 ) ) ;
#1244 = AXIS2_PLACEMENT_3D ( 'NONE', #2649, #6063, #8951 ) ;
#1245 = EDGE_LOOP ( 'NONE', ( #4032, #8884, #8034, #436 ) ) ;
#1246 = EDGE_CURVE ( 'NONE', #4591, #1693, #7176, .T. ) ;
#1247 = PLANE ( 'NONE',  #3505 ) ;
#1248 = CARTESIAN_POINT ( 'NONE',  ( 2.925000000000000711, 0.4000000000000001887, -0.8000000000000000444 ) ) ;
#1249 = ORIENTED_EDGE ( 'NONE', *, *, #733, .T. ) ;
#1250 = VERTEX_POINT ( 'NONE', #7045 ) ;
#1251 = DIRECTION ( 'NONE',  ( 0.000000000000000000, 0.000000000000000000, 1.000000000000000000 ) ) ;
#1252 = CARTESIAN_POINT ( 'NONE',  ( -7.724999999999998757, 1.899999999999999911, 0.000000000000000000 ) ) ;
#1253 = LINE ( 'NONE', #4030, #7435 ) ;
#1254 = ADVANCED_FACE ( 'NONE', ( #806 ), #3583, .T. ) ;
#1255 = DIRECTION ( 'NONE',  ( 0.000000000000000000, 0.000000000000000000, -1.000000000000000000 ) ) ;
#1256 = EDGE_CURVE ( 'NONE', #5358, #8430, #4985, .T. ) ;
#1257 = EDGE_CURVE ( 'NONE', #1943, #7138, #1564, .T. ) ;
#1258 = ORIENTED_EDGE ( 'NONE', *, *, #183, .T. ) ;
#1259 = VERTEX_POINT ( 'NONE', #7130 ) ;
#1260 = DIRECTION ( 'NONE',  ( -9.380793462452665093E-35, 1.365923996831991784E-15, -1.000000000000000000 ) ) ;
#1261 = VECTOR ( 'NONE', #6397, 1000.000000000000000 ) ;
#1262 = ORIENTED_EDGE ( 'NONE', *, *, #775, .T. ) ;
#1263 = CARTESIAN_POINT ( 'NONE',  ( -2.871515562225821494, 3.238896150871002355, 0.3503140782360399386 ) ) ;
#1264 = FACE_OUTER_BOUND ( 'NONE', #3073, .T. ) ;
#1265 = CARTESIAN_POINT ( 'NONE',  ( -3.424999999999793321, -1.580166996069204022E-16, 0.6000000000004247491 ) ) ;
#1266 = CIRCLE ( 'NONE', #2421, 0.8499999999999996447 ) ;
#1267 = EDGE_CURVE ( 'NONE', #2413, #3140, #1576, .T. ) ;
#1268 = DIRECTION ( 'NONE',  ( -1.000000000000000000, -4.613626265895765162E-17, 1.619075244254214076E-13 ) ) ;
#1269 = EDGE_CURVE ( 'NONE', #7565, #8147, #269, .T. ) ;
#1270 = ORIENTED_EDGE ( 'NONE', *, *, #3721, .F. ) ;
#1271 = CARTESIAN_POINT ( 'NONE',  ( -2.874999999999999556, -1.326417551445032214E-16, 0.2000000000004246992 ) ) ;
#1272 = VERTEX_POINT ( 'NONE', #1020 ) ;
#1273 = LINE ( 'NONE', #2634, #1357 ) ;
#1274 = CARTESIAN_POINT ( 'NONE',  ( 3.277663711335769836, 2.349999999999999201, 0.4178409582463116778 ) ) ;
#1275 = EDGE_LOOP ( 'NONE', ( #3970, #7649, #2835, #1262 ) ) ;
#1276 = EDGE_CURVE ( 'NONE', #8246, #6442, #5308, .T. ) ;
#1277 = CARTESIAN_POINT ( 'NONE',  ( 2.924999999999999822, 0.2500000000000000000, -1.173935688187389248 ) ) ;
#1278 = DIRECTION ( 'NONE',  ( 0.000000000000000000, 0.000000000000000000, 1.000000000000000000 ) ) ;
#1279 = CYLINDRICAL_SURFACE ( 'NONE', #1610, 0.07000000000000018707 ) ;
#1280 = ADVANCED_FACE ( 'NONE', ( #307 ), #5544, .T. ) ;
#1281 = ORIENTED_EDGE ( 'NONE', *, *, #7727, .T. ) ;
#1282 = EDGE_CURVE ( 'NONE', #4258, #6207, #3845, .T. ) ;
#1283 = CARTESIAN_POINT ( 'NONE',  ( 3.275000000000000355, 1.201787997811427200, 0.8499999999999355849 ) ) ;
#1284 = CARTESIAN_POINT ( 'NONE',  ( -3.674999999999999822, 3.399999999999999911, 2.199999999999999734 ) ) ;
#1285 = CARTESIAN_POINT ( 'NONE',  ( 2.224999999999765166, 0.3150000000000000577, -1.450000000000825739 ) ) ;
#1286 = DIRECTION ( 'NONE',  ( 0.000000000000000000, 0.000000000000000000, -1.000000000000000000 ) ) ;
#1287 = EDGE_LOOP ( 'NONE', ( #5201, #2958 ) ) ;
#1288 = DIRECTION ( 'NONE',  ( 0.000000000000000000, 1.000000000000000000, 3.046096706647207674E-16 ) ) ;
#1289 = LINE ( 'NONE', #5428, #5254 ) ;
#1290 = EDGE_LOOP ( 'NONE', ( #558, #2545, #4184, #1103 ) ) ;
#1291 = EDGE_CURVE ( 'NONE', #6464, #1126, #6792, .T. ) ;
#1292 = CARTESIAN_POINT ( 'NONE',  ( 3.350000000000000533, 1.070000000000038476, 1.002499999999935110 ) ) ;
#1293 = ADVANCED_FACE ( 'NONE', ( #8790 ), #2525, .T. ) ;
#1294 = DIRECTION ( 'NONE',  ( -1.000000000000000000, -4.613626265895765162E-17, 1.619075244254214076E-13 ) ) ;
#1295 = FACE_OUTER_BOUND ( 'NONE', #4454, .T. ) ;
#1296 = EDGE_LOOP ( 'NONE', ( #6190, #6862, #682, #6687 ) ) ;
#1297 = CARTESIAN_POINT ( 'NONE',  ( 3.773947465488431519, 1.665282119385084636, 1.245585735898727231 ) ) ;
#1298 = CARTESIAN_POINT ( 'NONE',  ( 3.025000000000512834, 0.2500000000000000555, -0.4000000000000417111 ) ) ;
#1299 = DIRECTION ( 'NONE',  ( 5.219536637890756552E-14, 0.9461585652950790237, 0.3237035207080046773 ) ) ;
#1300 = EDGE_LOOP ( 'NONE', ( #1543, #8201, #7288, #1215, #2177, #1172, #385, #7624, #7865 ) ) ;
#1301 = ORIENTED_EDGE ( 'NONE', *, *, #6170, .F. ) ;
#1302 = ORIENTED_EDGE ( 'NONE', *, *, #7689, .T. ) ;
#1303 = FACE_OUTER_BOUND ( 'NONE', #748, .T. ) ;
#1304 = CARTESIAN_POINT ( 'NONE',  ( 2.224999999999674571, 3.021990892406452467, -2.007769019922569953 ) ) ;
#1305 = CARTESIAN_POINT ( 'NONE',  ( 3.275000000000000355, 1.201787997811427200, 0.7499999999999353850 ) ) ;
#1306 = DIRECTION ( 'NONE',  ( 0.000000000000000000, 0.000000000000000000, 1.000000000000000000 ) ) ;
#1307 = DIRECTION ( 'NONE',  ( 0.000000000000000000, 0.000000000000000000, -1.000000000000000000 ) ) ;
#1308 = VERTEX_POINT ( 'NONE', #3747 ) ;
#1309 = APPLICATION_PROTOCOL_DEFINITION ( 'draft international standard', 'automotive_design', 1998, #719 ) ;
#1310 = AXIS2_PLACEMENT_3D ( 'NONE', #1834, #489, #1785 ) ;
#1311 = ORIENTED_EDGE ( 'NONE', *, *, #2739, .F. ) ;
#1312 = ORIENTED_EDGE ( 'NONE', *, *, #320, .T. ) ;
#1313 = CARTESIAN_POINT ( 'NONE',  ( 1.024999999999999911, 0.2130333909769784040, -1.748039948068581317 ) ) ;
#1314 =( BOUNDED_SURFACE ( )  B_SPLINE_SURFACE ( 3, 2, ( 
 ( #736, #4232, #1366 ),
 ( #5682, #6968, #3411 ),
 ( #8443, #2163, #5598 ),
 ( #8354, #3457, #21 ),
 ( #1493, #5556, #2216 ),
 ( #7575, #1322, #2348 ) ),
 .UNSPECIFIED., .F., .F., .T. ) 
 B_SPLINE_SURFACE_WITH_KNOTS ( ( 4, 2, 4 ),
 ( 3, 3 ),
 ( 4.799655442984404274, 5.541420375081996141, 6.283185307179587120 ),
 ( 0.000000000000000000, 1.000000000000000000 ),
 .UNSPECIFIED. ) 
 GEOMETRIC_REPRESENTATION_ITEM ( )  RATIONAL_B_SPLINE_SURFACE ( (
 ( 1.000000000000000000, 0.7097873355780223159, 1.000000000000000000),
 ( 1.000000000000000000, 0.7173738231503499208, 1.000000000000000000),
 ( 1.000000000000000000, 0.7244822983925857107, 1.000000000000000000),
 ( 1.000000000000000000, 0.7344611233347287937, 1.000000000000000000),
 ( 1.000000000000000000, 0.7373167490942864610, 1.000000000000000000),
 ( 1.000000000000000000, 0.7372773368101241953, 1.000000000000000000) ) ) 
 REPRESENTATION_ITEM ( '' )  SURFACE ( )  );
#1315 = CIRCLE ( 'NONE', #6108, 0.2500000000000000000 ) ;
#1316 = CARTESIAN_POINT ( 'NONE',  ( -2.875000000000000000, 3.245267434601899481, 0.3497366661766155294 ) ) ;
#1317 = EDGE_CURVE ( 'NONE', #629, #2483, #8740, .T. ) ;
#1318 = ADVANCED_FACE ( 'NONE', ( #2429 ), #1841, .F. ) ;
#1319 = ORIENTED_EDGE ( 'NONE', *, *, #5605, .T. ) ;
#1320 = AXIS2_PLACEMENT_3D ( 'NONE', #140, #2071, #641 ) ;
#1321 = CARTESIAN_POINT ( 'NONE',  ( 3.723875846778265775, 2.154857900955075234, -1.247209272841358629 ) ) ;
#1322 = CARTESIAN_POINT ( 'NONE',  ( 3.974999999999999201, 1.081957975374245651, -1.026242064468082527 ) ) ;
#1323 = CARTESIAN_POINT ( 'NONE',  ( -7.724999999999998757, 1.899999999999999911, 0.000000000000000000 ) ) ;
#1324 = ORIENTED_EDGE ( 'NONE', *, *, #16, .T. ) ;
#1325 = AXIS2_PLACEMENT_3D ( 'NONE', #3966, #433, #6741 ) ;
#1326 = DIRECTION ( 'NONE',  ( 0.000000000000000000, 0.000000000000000000, 1.000000000000000000 ) ) ;
#1327 = DIRECTION ( 'NONE',  ( -1.000000000000000000, -0.000000000000000000, -0.000000000000000000 ) ) ;
#1328 = AXIS2_PLACEMENT_3D ( 'NONE', #8377, #2105, #6860 ) ;
#1329 = AXIS2_PLACEMENT_3D ( 'NONE', #1530, #187, #3495 ) ;
#1330 = CARTESIAN_POINT ( 'NONE',  ( 3.903997254861492294, 1.761726255745250214, 1.320097139545914677 ) ) ;
#1331 = EDGE_CURVE ( 'NONE', #822, #8875, #2998, .T. ) ;
#1332 = ORIENTED_EDGE ( 'NONE', *, *, #8422, .F. ) ;
#1333 = EDGE_CURVE ( 'NONE', #1239, #47, #760, .T. ) ;
#1334 = CARTESIAN_POINT ( 'NONE',  ( -7.875000000000000000, 1.899999999999999911, 0.5000000000000013323 ) ) ;
#1335 = CYLINDRICAL_SURFACE ( 'NONE', #5979, 0.9000000000000002442 ) ;
#1336 = CIRCLE ( 'NONE', #8476, 0.2500000000000000555 ) ;
#1337 = AXIS2_PLACEMENT_3D ( 'NONE', #7941, #2956, #2270 ) ;
#1338 = VERTEX_POINT ( 'NONE', #1695 ) ;
#1339 = ORIENTED_EDGE ( 'NONE', *, *, #2993, .T. ) ;
#1340 = CARTESIAN_POINT ( 'NONE',  ( 3.772916391609242748, 2.918966987828184312, 1.438836915049396259 ) ) ;
#1341 = LINE ( 'NONE', #579, #1807 ) ;
#1342 = AXIS2_PLACEMENT_3D ( 'NONE', #1441, #8343, #2072 ) ;
#1343 = DIRECTION ( 'NONE',  ( 1.618788986246299066E-13, 0.000000000000000000, 1.000000000000000000 ) ) ;
#1344 = ORIENTED_EDGE ( 'NONE', *, *, #7132, .T. ) ;
#1345 = DIRECTION ( 'NONE',  ( 0.000000000000000000, 1.000000000000000000, 0.000000000000000000 ) ) ;
#1346 = ADVANCED_FACE ( 'NONE', ( #4472 ), #3794, .T. ) ;
#1347 = DIRECTION ( 'NONE',  ( -4.613626265895765162E-17, 1.000000000000000000, -0.000000000000000000 ) ) ;
#1348 = ORIENTED_EDGE ( 'NONE', *, *, #2430, .F. ) ;
#1349 = EDGE_LOOP ( 'NONE', ( #5337, #1689, #4378, #8351, #6308 ) ) ;
#1350 = CARTESIAN_POINT ( 'NONE',  ( 2.224999999999643485, 3.248445554339142838, -2.200000000000825739 ) ) ;
#1351 = ORIENTED_EDGE ( 'NONE', *, *, #586, .T. ) ;
#1352 = LINE ( 'NONE', #1886, #86 ) ;
#1353 = CARTESIAN_POINT ( 'NONE',  ( 3.275000000000000355, 1.070000000000038476, 1.002499999999935110 ) ) ;
#1354 = CIRCLE ( 'NONE', #2510, 0.1000000000000002554 ) ;
#1355 = CARTESIAN_POINT ( 'NONE',  ( 2.225000000000356248, 3.248445554339142838, 2.199999999999174616 ) ) ;
#1356 = DIRECTION ( 'NONE',  ( -4.365222008547630130E-17, 0.9461585652950789127, -0.3237035207080048993 ) ) ;
#1357 = VECTOR ( 'NONE', #8212, 1000.000000000000000 ) ;
#1358 = ORIENTED_EDGE ( 'NONE', *, *, #8610, .F. ) ;
#1359 = EDGE_CURVE ( 'NONE', #6530, #7956, #4175, .T. ) ;
#1360 = ORIENTED_EDGE ( 'NONE', *, *, #7502, .F. ) ;
#1361 = LINE ( 'NONE', #1313, #1216 ) ;
#1362 = CARTESIAN_POINT ( 'NONE',  ( 3.024999999999999911, 5.421010862427522170E-17, 2.000000000000000000 ) ) ;
#1363 = ORIENTED_EDGE ( 'NONE', *, *, #8030, .T. ) ;
#1364 = AXIS2_PLACEMENT_3D ( 'NONE', #1111, #8590, #5058 ) ;
#1365 = CARTESIAN_POINT ( 'NONE',  ( -3.875000000000000000, 2.016124824835400009, -1.648185373389841057 ) ) ;
#1366 = CARTESIAN_POINT ( 'NONE',  ( 3.655504509961679638, 0.9823385055650708519, -0.9982898310420694754 ) ) ;
#1367 = EDGE_CURVE ( 'NONE', #9005, #2483, #7385, .T. ) ;
#1368 = CYLINDRICAL_SURFACE ( 'NONE', #185, 0.1000000000000004774 ) ;
#1369 = EDGE_CURVE ( 'NONE', #124, #8870, #4660, .T. ) ;
#1370 = ORIENTED_EDGE ( 'NONE', *, *, #5503, .T. ) ;
#1371 = VECTOR ( 'NONE', #4483, 1000.000000000000000 ) ;
#1372 = CARTESIAN_POINT ( 'NONE',  ( 3.275000000000000355, 1.450000000000000844, -1.817840958246311311 ) ) ;
#1373 = DIRECTION ( 'NONE',  ( 0.000000000000000000, 0.000000000000000000, 1.000000000000000000 ) ) ;
#1374 = DIRECTION ( 'NONE',  ( -1.000000000000000000, -4.613626265895765162E-17, 1.619075244254214076E-13 ) ) ;
#1375 = DIRECTION ( 'NONE',  ( 0.000000000000000000, 0.1305261922198301394, 0.9914448613738395810 ) ) ;
#1376 = AXIS2_PLACEMENT_3D ( 'NONE', #3175, #5949, #1804 ) ;
#1377 = FACE_OUTER_BOUND ( 'NONE', #7465, .T. ) ;
#1378 = CIRCLE ( 'NONE', #4718, 0.8516191124590791750 ) ;
#1379 = DIRECTION ( 'NONE',  ( 0.7071067811865632269, -0.7071067811865318076, -0.000000000000000000 ) ) ;
#1380 = ADVANCED_FACE ( 'NONE', ( #1880 ), #1842, .T. ) ;
#1381 = ORIENTED_EDGE ( 'NONE', *, *, #3322, .F. ) ;
#1382 = CARTESIAN_POINT ( 'NONE',  ( 3.739370139709939256, 2.928280675789592280, 1.451552697008589909 ) ) ;
#1383 = AXIS2_PLACEMENT_3D ( 'NONE', #7120, #5658, #4329 ) ;
#1384 = CARTESIAN_POINT ( 'NONE',  ( 3.024999999999999911, 5.421010862427522170E-17, -2.000000000000000000 ) ) ;
#1385 = CARTESIAN_POINT ( 'NONE',  ( 0.000000000000000000, 0.000000000000000000, 0.8000000000000000444 ) ) ;
#1386 = CIRCLE ( 'NONE', #5464, 0.2000000000000000111 ) ;
#1387 = VERTEX_POINT ( 'NONE', #5764 ) ;
#1388 = CARTESIAN_POINT ( 'NONE',  ( 3.125000000000000000, 2.945000000000000284, 0.000000000000000000 ) ) ;
#1389 = FACE_OUTER_BOUND ( 'NONE', #8166, .T. ) ;
#1390 = ORIENTED_EDGE ( 'NONE', *, *, #2182, .F. ) ;
#1391 = ORIENTED_EDGE ( 'NONE', *, *, #7469, .T. ) ;
#1392 = EDGE_CURVE ( 'NONE', #8870, #6891, #2856, .T. ) ;
#1393 = EDGE_LOOP ( 'NONE', ( #5348, #7434, #4010, #7411 ) ) ;
#1394 = CARTESIAN_POINT ( 'NONE',  ( 3.746788935686913735, 1.081957975374245429, -1.006276183449501538 ) ) ;
#1395 = CARTESIAN_POINT ( 'NONE',  ( 1.024999999999972156, 0.2713000247044267121, 1.577731406314206941 ) ) ;
#1396 = CIRCLE ( 'NONE', #3998, 0.2250000000000012546 ) ;
#1397 = CARTESIAN_POINT ( 'NONE',  ( -3.474999999999999645, 1.899999999999999911, -0.3499999999999998668 ) ) ;
#1398 = CARTESIAN_POINT ( 'NONE',  ( 3.275000000000000355, 2.510553028000122477, -0.9149999999999351985 ) ) ;
#1399 = EDGE_LOOP ( 'NONE', ( #2455, #3855, #4193, #3735 ) ) ;
#1400 = ORIENTED_EDGE ( 'NONE', *, *, #6690, .T. ) ;
#1401 = CARTESIAN_POINT ( 'NONE',  ( 3.275000000000000355, 0.3750000000000000000, -0.9649999999999354650 ) ) ;
#1402 = ORIENTED_EDGE ( 'NONE', *, *, #2981, .T. ) ;
#1403 = CARTESIAN_POINT ( 'NONE',  ( 3.225000000000000089, 1.487689437438234119, 0.8000000000000002665 ) ) ;
#1404 = EDGE_CURVE ( 'NONE', #6442, #7605, #895, .T. ) ;
#1405 = LINE ( 'NONE', #2815, #6760 ) ;
#1406 = ORIENTED_EDGE ( 'NONE', *, *, #2075, .T. ) ;
#1407 = CIRCLE ( 'NONE', #1123, 0.1000000000000002554 ) ;
#1408 = FACE_OUTER_BOUND ( 'NONE', #2522, .T. ) ;
#1409 = CARTESIAN_POINT ( 'NONE',  ( -3.674999999999999822, 1.899999999999999911, 0.8000000000000000444 ) ) ;
#1410 = CARTESIAN_POINT ( 'NONE',  ( 1.024999999999999911, 0.1800000000000000488, 0.9000000000000425437 ) ) ;
#1411 = EDGE_LOOP ( 'NONE', ( #5269, #8180, #8080, #3327 ) ) ;
#1412 = ORIENTED_EDGE ( 'NONE', *, *, #3072, .F. ) ;
#1413 = EDGE_LOOP ( 'NONE', ( #1658, #5721, #4162, #4537 ) ) ;
#1414 = CARTESIAN_POINT ( 'NONE',  ( -7.724999999999998757, 1.899999999999999911, 0.3499999999999998668 ) ) ;
#1415 = CARTESIAN_POINT ( 'NONE',  ( 3.277663711335771612, 1.450000000000000844, -0.4178409582463116223 ) ) ;
#1416 = CARTESIAN_POINT ( 'NONE',  ( 3.755402748214405673, 2.026214365108992332, -1.444141416352063390 ) ) ;
#1417 = EDGE_CURVE ( 'NONE', #3841, #1078, #3251, .T. ) ;
#1418 = DIRECTION ( 'NONE',  ( 0.08715574274765836016, -7.200509705930750786E-17, 0.9961946980917455452 ) ) ;
#1419 = DIRECTION ( 'NONE',  ( -8.091380703721207898E-14, -0.8660254037844398178, -0.4999999999999980571 ) ) ;
#1420 = CARTESIAN_POINT ( 'NONE',  ( 2.225000000000310507, 2.973208679693148504, 1.920474714706924324 ) ) ;
#1421 = VERTEX_POINT ( 'NONE', #4270 ) ;
#1422 = ORIENTED_EDGE ( 'NONE', *, *, #66, .T. ) ;
#1423 = ORIENTED_EDGE ( 'NONE', *, *, #7978, .F. ) ;
#1424 = LINE ( 'NONE', #7684, #7542 ) ;
#1425 = CARTESIAN_POINT ( 'NONE',  ( 3.125000000000000000, 2.945000000000000284, 0.8000000000000000444 ) ) ;
#1426 = CARTESIAN_POINT ( 'NONE',  ( 3.275000000000000355, 0.2500000000000000000, 1.200000000000000178 ) ) ;
#1427 = EDGE_CURVE ( 'NONE', #5973, #5867, #7010, .T. ) ;
#1428 = EDGE_LOOP ( 'NONE', ( #5660, #6591, #2969, #2324 ) ) ;
#1429 = CARTESIAN_POINT ( 'NONE',  ( -3.875000000000000000, 1.899999999999999911, -0.3499999999999998668 ) ) ;
#1430 = CYLINDRICAL_SURFACE ( 'NONE', #179, 0.1000000000000002554 ) ;
#1431 = ORIENTED_EDGE ( 'NONE', *, *, #8089, .F. ) ;
#1432 = ORIENTED_EDGE ( 'NONE', *, *, #2362, .T. ) ;
#1433 = ORIENTED_EDGE ( 'NONE', *, *, #6485, .T. ) ;
#1434 = LINE ( 'NONE', #7042, #8832 ) ;
#1435 = VERTEX_POINT ( 'NONE', #8518 ) ;
#1436 = DIRECTION ( 'NONE',  ( 4.613626265895765162E-17, -1.000000000000000000, 0.000000000000000000 ) ) ;
#1437 = CARTESIAN_POINT ( 'NONE',  ( 1.824999999999999956, 0.3749999999999999445, 1.200000000000000178 ) ) ;
#1438 = VECTOR ( 'NONE', #2199, 1000.000000000000000 ) ;
#1439 = CARTESIAN_POINT ( 'NONE',  ( 1.925000000000000044, 0.2500000000000000000, 0.8999999999999993561 ) ) ;
#1440 = EDGE_CURVE ( 'NONE', #3573, #3012, #2290, .T. ) ;
#1441 = CARTESIAN_POINT ( 'NONE',  ( -5.235000000000000320, 1.899999999999999911, 0.000000000000000000 ) ) ;
#1442 = ORIENTED_EDGE ( 'NONE', *, *, #394, .T. ) ;
#1443 = DIRECTION ( 'NONE',  ( -1.000000000000000000, 0.000000000000000000, 0.000000000000000000 ) ) ;
#1444 = DIRECTION ( 'NONE',  ( 0.000000000000000000, 0.000000000000000000, -1.000000000000000000 ) ) ;
#1445 = CARTESIAN_POINT ( 'NONE',  ( 3.275000000000000355, 2.997069233906327401, 0.9649999999999354650 ) ) ;
#1446 = EDGE_LOOP ( 'NONE', ( #6261, #1137, #5612, #5053 ) ) ;
#1447 = CARTESIAN_POINT ( 'NONE',  ( -2.875000000000000000, 1.900000000000000133, -1.300000000000000044 ) ) ;
#1448 = CARTESIAN_POINT ( 'NONE',  ( 3.769770108971757683, 1.779384817730032653, 1.439597994792771507 ) ) ;
#1449 = CARTESIAN_POINT ( 'NONE',  ( -1.804999999999986837, 0.1249999999999999167, 0.7500000000000000000 ) ) ;
#1450 = EDGE_CURVE ( 'NONE', #5223, #1011, #1407, .T. ) ;
#1451 = ORIENTED_EDGE ( 'NONE', *, *, #7331, .F. ) ;
#1452 = CARTESIAN_POINT ( 'NONE',  ( 2.924999999999999822, 3.399999999999999911, 0.000000000000000000 ) ) ;
#1453 = DIRECTION ( 'NONE',  ( -1.000000000000000000, -0.000000000000000000, -0.000000000000000000 ) ) ;
#1454 = AXIS2_PLACEMENT_3D ( 'NONE', #878, #7953, #7084 ) ;
#1455 = FILL_AREA_STYLE ('',( #4965 ) ) ;
#1456 = FACE_OUTER_BOUND ( 'NONE', #7673, .T. ) ;
#1457 = DIRECTION ( 'NONE',  ( 1.000000000000000000, 4.613626265895765162E-17, 0.000000000000000000 ) ) ;
#1458 = ORIENTED_EDGE ( 'NONE', *, *, #3894, .F. ) ;
#1459 = VECTOR ( 'NONE', #8925, 1000.000000000000000 ) ;
#1460 = ADVANCED_FACE ( 'NONE', ( #2207 ), #2716, .T. ) ;
#1461 = ORIENTED_EDGE ( 'NONE', *, *, #1915, .T. ) ;
#1462 = VERTEX_POINT ( 'NONE', #2252 ) ;
#1463 = CARTESIAN_POINT ( 'NONE',  ( 3.125000000000000000, 2.510553028000122477, -0.9149999999999351985 ) ) ;
#1464 = CARTESIAN_POINT ( 'NONE',  ( 3.723708212296807929, 3.054893447135856643, 1.247216811244781010 ) ) ;
#1465 = VECTOR ( 'NONE', #1419, 999.9999999999998863 ) ;
#1466 = DIRECTION ( 'NONE',  ( 0.000000000000000000, 0.000000000000000000, 1.000000000000000000 ) ) ;
#1467 =( BOUNDED_SURFACE ( )  B_SPLINE_SURFACE ( 3, 2, ( 
 ( #4509, #5833, #3607 ),
 ( #8497, #3777, #962 ),
 ( #7991, #7946, #872 ),
 ( #7902, #2918, #2230 ) ),
 .UNSPECIFIED., .F., .F., .T. ) 
 B_SPLINE_SURFACE_WITH_KNOTS ( ( 4, 4 ),
 ( 3, 3 ),
 ( 0.000000000000000000, 3.704708399398559443E-05 ),
 ( 0.000000000000000000, 1.000000000000000000 ),
 .UNSPECIFIED. ) 
 GEOMETRIC_REPRESENTATION_ITEM ( )  RATIONAL_B_SPLINE_SURFACE ( (
 ( 1.000000000000000000, 0.8883828308395775863, 1.000000000000000000),
 ( 1.000000000000000000, 0.8822439801183827868, 1.000000000000000000),
 ( 1.000000000000000000, 0.8725388237179924067, 1.000000000000000000),
 ( 1.000000000000000000, 0.8595424877200067426, 1.000000000000000000) ) ) 
 REPRESENTATION_ITEM ( '' )  SURFACE ( )  );
#1468 = ORIENTED_EDGE ( 'NONE', *, *, #3422, .T. ) ;
#1469 = AXIS2_PLACEMENT_3D ( 'NONE', #3899, #8841, #5219 ) ;
#1470 = TOROIDAL_SURFACE ( 'NONE', #6865, 1.050000000000000044, 0.2500000000000000000 ) ;
#1471 = DIRECTION ( 'NONE',  ( -6.776263578034402713E-17, 1.000000000000000000, 0.000000000000000000 ) ) ;
#1472 = LINE ( 'NONE', #1101, #7006 ) ;
#1473 = ORIENTED_EDGE ( 'NONE', *, *, #3955, .F. ) ;
#1474 = VERTEX_POINT ( 'NONE', #940 ) ;
#1475 = EDGE_CURVE ( 'NONE', #4298, #2833, #4314, .T. ) ;
#1476 = DIRECTION ( 'NONE',  ( 1.000000000000000000, -0.000000000000000000, -0.000000000000000000 ) ) ;
#1477 = COLOUR_RGB ( '',0.7921568627450980005, 0.8196078431372548767, 0.9333333333333333481 ) ;
#1478 = CARTESIAN_POINT ( 'NONE',  ( -5.064949493661166535, 1.899999999999999911, 0.3499999999999998668 ) ) ;
#1479 = DIRECTION ( 'NONE',  ( 0.000000000000000000, 0.000000000000000000, -1.000000000000000000 ) ) ;
#1480 = CIRCLE ( 'NONE', #2650, 0.3150000000000001688 ) ;
#1481 = CARTESIAN_POINT ( 'NONE',  ( 3.095000000000512674, 0.2499999999999997780, -0.4000000000000417111 ) ) ;
#1482 = VECTOR ( 'NONE', #8850, 1000.000000000000000 ) ;
#1483 = DIRECTION ( 'NONE',  ( 0.000000000000000000, 9.293161478447181990E-16, 1.000000000000000000 ) ) ;
#1484 = EDGE_LOOP ( 'NONE', ( #5860, #8118, #1495, #3006 ) ) ;
#1485 = ADVANCED_FACE ( 'NONE', ( #6488 ), #276, .T. ) ;
#1486 = DIRECTION ( 'NONE',  ( -1.000000000000000000, 0.000000000000000000, 0.000000000000000000 ) ) ;
#1487 = FACE_OUTER_BOUND ( 'NONE', #2063, .T. ) ;
#1488 = VERTEX_POINT ( 'NONE', #4225 ) ;
#1489 = CARTESIAN_POINT ( 'NONE',  ( 3.973177881677031564, 1.981957975374244896, 1.225196149963283299 ) ) ;
#1490 = DIRECTION ( 'NONE',  ( 1.626303258728254884E-13, 0.000000000000000000, 1.000000000000000000 ) ) ;
#1491 = AXIS2_PLACEMENT_3D ( 'NONE', #3671, #7055, #7923 ) ;
#1492 = DIRECTION ( 'NONE',  ( -1.000000000000000000, -0.000000000000000000, -0.000000000000000000 ) ) ;
#1493 = CARTESIAN_POINT ( 'NONE',  ( 3.974999999999999201, 0.9952253937111960047, -1.255324857430461405 ) ) ;
#1494 = DIRECTION ( 'NONE',  ( 0.000000000000000000, -0.000000000000000000, 1.000000000000000000 ) ) ;
#1495 = ORIENTED_EDGE ( 'NONE', *, *, #7726, .T. ) ;
#1496 = EDGE_CURVE ( 'NONE', #5112, #8439, #6358, .T. ) ;
#1497 = CLOSED_SHELL ( 'NONE', ( #4132, #7563, #2349, #8769, #56, #8568, #5495, #4365, #2051, #3145, #3808, #4930, #4539, #6452, #3208, #7259, #609, #6037, #2249, #3144, #598, #6367, #8310, #250, #8160, #1991, #8859, #5042, #3791, #951, #8704, #5540, #5965, #4693, #4105, #5700, #3806, #2419, #2680, #6550, #8086, #5101, #1914, #8496, #4039, #3809, #3575, #3447, #867, #8741, #4049, #1159, #4146, #3680, #858, #7820, #7924, #6842, #3638, #2883, #8409, #8954, #1510, #6567, #8460, #3511, #5467, #7615, #5663, #4393, #3742, #3433, #8624, #2035, #4426, #2721, #3556, #5217, #7359, #7831, #2640, #7767, #4266, #8224, #5670, #8128, #8721, #5709, #2934, #8211, #5761 ) ) ;
#1498 = CARTESIAN_POINT ( 'NONE',  ( 3.974991601482650960, 2.527312111141329698, 1.253275665901280922 ) ) ;
#1499 = CARTESIAN_POINT ( 'NONE',  ( 3.965140506008803190, 1.922028547950801691, 1.267052698056461146 ) ) ;
#1500 = EDGE_CURVE ( 'NONE', #3364, #3932, #2854, .T. ) ;
#1501 = CARTESIAN_POINT ( 'NONE',  ( 3.275000000000000355, 0.8458563656608284465, 0.7499999999999352740 ) ) ;
#1502 = CARTESIAN_POINT ( 'NONE',  ( 3.746788929492051778, 1.957177237793092939, 1.006276182907521299 ) ) ;
#1503 = CARTESIAN_POINT ( 'NONE',  ( 3.024999999999999911, 0.1500000000000000222, -2.000000000000000000 ) ) ;
#1504 = AXIS2_PLACEMENT_3D ( 'NONE', #4787, #571, #2651 ) ;
#1505 = ORIENTED_EDGE ( 'NONE', *, *, #608, .T. ) ;
#1506 = ORIENTED_EDGE ( 'NONE', *, *, #5330, .F. ) ;
#1507 = ORIENTED_EDGE ( 'NONE', *, *, #213, .T. ) ;
#1508 = CARTESIAN_POINT ( 'NONE',  ( 2.224999999999683009, 3.108593432784897193, -1.957769019922569909 ) ) ;
#1509 = CARTESIAN_POINT ( 'NONE',  ( 3.277663711335768060, 2.349999999999999201, 0.4178409582463116778 ) ) ;
#1510 = ADVANCED_FACE ( 'NONE', ( #1487 ), #7054, .T. ) ;
#1511 = CARTESIAN_POINT ( 'NONE',  ( 3.125000000000000000, 2.162249880839104854, 0.9649999999999354650 ) ) ;
#1512 = VECTOR ( 'NONE', #316, 1000.000000000000114 ) ;
#1513 = ORIENTED_EDGE ( 'NONE', *, *, #1333, .T. ) ;
#1514 = VERTEX_POINT ( 'NONE', #4994 ) ;
#1515 = LINE ( 'NONE', #7862, #163 ) ;
#1516 = AXIS2_PLACEMENT_3D ( 'NONE', #4999, #7760, #2903 ) ;
#1517 = ORIENTED_EDGE ( 'NONE', *, *, #7572, .T. ) ;
#1518 = VECTOR ( 'NONE', #8236, 1000.000000000000000 ) ;
#1519 = CARTESIAN_POINT ( 'NONE',  ( 3.680191045031844244, 1.915501696326181058, -1.000449623002444000 ) ) ;
#1520 = CARTESIAN_POINT ( 'NONE',  ( 3.382793893284286479, 2.841520581817364555, 0.9744307436596338912 ) ) ;
#1521 = CARTESIAN_POINT ( 'NONE',  ( 2.424999999999999822, 2.200000000000000178, -1.824999999999999734 ) ) ;
#1522 = EDGE_CURVE ( 'NONE', #3504, #4151, #7265, .T. ) ;
#1523 = VECTOR ( 'NONE', #7493, 1000.000000000000000 ) ;
#1524 = DIRECTION ( 'NONE',  ( -1.000000000000000000, -4.613626265895765162E-17, 1.619075244254214076E-13 ) ) ;
#1525 = EDGE_CURVE ( 'NONE', #2755, #3261, #5727, .T. ) ;
#1526 = EDGE_CURVE ( 'NONE', #97, #2565, #8525, .T. ) ;
#1527 = FACE_OUTER_BOUND ( 'NONE', #8605, .T. ) ;
#1528 = ORIENTED_EDGE ( 'NONE', *, *, #1093, .F. ) ;
#1529 = VERTEX_POINT ( 'NONE', #1761 ) ;
#1530 = CARTESIAN_POINT ( 'NONE',  ( -7.875000000000000000, 1.764989227386809745, -0.8898157625477363109 ) ) ;
#1531 = CARTESIAN_POINT ( 'NONE',  ( -2.875000000000310418, 1.246118888169527095, -1.911240301896011129 ) ) ;
#1532 = VECTOR ( 'NONE', #8084, 1000.000000000000000 ) ;
#1533 = VERTEX_POINT ( 'NONE', #2990 ) ;
#1534 = CARTESIAN_POINT ( 'NONE',  ( 3.973177881677378398, 1.081957975374245429, -1.225196149966140569 ) ) ;
#1535 = DIRECTION ( 'NONE',  ( -1.000000000000000000, 0.000000000000000000, 0.000000000000000000 ) ) ;
#1536 = EDGE_LOOP ( 'NONE', ( #6589, #2658, #7398, #7666 ) ) ;
#1537 = ADVANCED_FACE ( 'NONE', ( #744 ), #8665, .T. ) ;
#1538 = EDGE_CURVE ( 'NONE', #8421, #3159, #3031, .T. ) ;
#1539 = CARTESIAN_POINT ( 'NONE',  ( 3.275000000000000355, 2.200000000000000178, -1.436668947343170410 ) ) ;
#1540 = DIRECTION ( 'NONE',  ( 0.000000000000000000, -1.000000000000000000, -4.134233232122796829E-16 ) ) ;
#1541 = CYLINDRICAL_SURFACE ( 'NONE', #5105, 0.3499999999999998668 ) ;
#1542 = ORIENTED_EDGE ( 'NONE', *, *, #5175, .F. ) ;
#1543 = ORIENTED_EDGE ( 'NONE', *, *, #8917, .T. ) ;
#1544 = PLANE ( 'NONE',  #5121 ) ;
#1545 = AXIS2_PLACEMENT_3D ( 'NONE', #844, #6390, #2284 ) ;
#1546 = CARTESIAN_POINT ( 'NONE',  ( 3.425000000000000266, 2.670000000000056328, -1.522499999999935794 ) ) ;
#1547 = EDGE_CURVE ( 'NONE', #8063, #2895, #3442, .T. ) ;
#1548 = CARTESIAN_POINT ( 'NONE',  ( 3.275000000000000355, 2.510553028000122477, -0.9149999999999351985 ) ) ;
#1549 = FACE_OUTER_BOUND ( 'NONE', #4622, .T. ) ;
#1550 = EDGE_CURVE ( 'NONE', #5902, #5128, #7972, .T. ) ;
#1551 = ORIENTED_EDGE ( 'NONE', *, *, #8376, .T. ) ;
#1552 = CARTESIAN_POINT ( 'NONE',  ( 3.425000000000000266, 2.670000000000056328, -1.522499999999935794 ) ) ;
#1553 = CARTESIAN_POINT ( 'NONE',  ( 2.924999999999999822, 1.600000000000000755, 2.075000000000001066 ) ) ;
#1554 = DIRECTION ( 'NONE',  ( 3.497426362856462163E-15, 1.000000000000000000, -8.743565907141156639E-17 ) ) ;
#1555 = CARTESIAN_POINT ( 'NONE',  ( -2.875000000000310418, 1.246118888169779781, -1.911240301896097504 ) ) ;
#1556 = ORIENTED_EDGE ( 'NONE', *, *, #3907, .F. ) ;
#1557 = DIRECTION ( 'NONE',  ( 3.336006684570785074E-16, 0.000000000000000000, -1.000000000000000000 ) ) ;
#1558 = ORIENTED_EDGE ( 'NONE', *, *, #3653, .T. ) ;
#1559 = EDGE_CURVE ( 'NONE', #3108, #6861, #2345, .T. ) ;
#1560 = AXIS2_PLACEMENT_3D ( 'NONE', #4927, #5657, #83 ) ;
#1561 = ORIENTED_EDGE ( 'NONE', *, *, #3641, .F. ) ;
#1562 = SURFACE_STYLE_FILL_AREA ( #6263 ) ;
#1563 = CARTESIAN_POINT ( 'NONE',  ( -3.424999999999793321, 0.1799999999999998268, 0.9000000000004242384 ) ) ;
#1564 = LINE ( 'NONE', #1521, #1438 ) ;
#1565 = PLANE ( 'NONE',  #8319 ) ;
#1566 = FACE_OUTER_BOUND ( 'NONE', #8729, .T. ) ;
#1567 = ORIENTED_EDGE ( 'NONE', *, *, #4982, .T. ) ;
#1568 = CARTESIAN_POINT ( 'NONE',  ( 3.734183172238227932, 3.053311346906284030, 1.243949153199899849 ) ) ;
#1569 = CARTESIAN_POINT ( 'NONE',  ( 3.669655719040521014, 0.7345279014117185312, -1.247692239956315730 ) ) ;
#1570 = ADVANCED_FACE ( 'NONE', ( #5768 ), #7927, .T. ) ;
#1571 = ORIENTED_EDGE ( 'NONE', *, *, #992, .F. ) ;
#1572 = DIRECTION ( 'NONE',  ( -4.613626265895765162E-17, 1.000000000000000000, -0.000000000000000000 ) ) ;
#1573 = CARTESIAN_POINT ( 'NONE',  ( 3.974999999999999201, 2.191416460674818101, 1.254971004365237564 ) ) ;
#1574 = LINE ( 'NONE', #1617, #2381 ) ;
#1575 = DIRECTION ( 'NONE',  ( 0.000000000000000000, -1.000000000000000000, 0.000000000000000000 ) ) ;
#1576 = CIRCLE ( 'NONE', #1545, 1.000000000000029754 ) ;
#1577 = FACE_OUTER_BOUND ( 'NONE', #1161, .T. ) ;
#1578 = CARTESIAN_POINT ( 'NONE',  ( -2.674999999999999378, 1.899999999999999911, 0.000000000000000000 ) ) ;
#1579 = DIRECTION ( 'NONE',  ( 0.000000000000000000, 0.000000000000000000, 1.000000000000000000 ) ) ;
#1580 = VERTEX_POINT ( 'NONE', #8023 ) ;
#1581 = PRODUCT_DEFINITION ( 'UNKNOWN', '', #3811, #4637 ) ;
#1582 = EDGE_CURVE ( 'NONE', #4676, #7274, #989, .T. ) ;
#1583 = CARTESIAN_POINT ( 'NONE',  ( 3.675000000000000266, 1.499999999999999556, 0.7499999999999997780 ) ) ;
#1584 = FACE_OUTER_BOUND ( 'NONE', #4491, .T. ) ;
#1585 = CARTESIAN_POINT ( 'NONE',  ( 2.924999999999999822, 2.200000000000000622, 2.002654488422802359 ) ) ;
#1586 = DIRECTION ( 'NONE',  ( 0.000000000000000000, 0.000000000000000000, -1.000000000000000000 ) ) ;
#1587 = ORIENTED_EDGE ( 'NONE', *, *, #5161, .F. ) ;
#1588 = EDGE_CURVE ( 'NONE', #1250, #6439, #7882, .T. ) ;
#1589 = VECTOR ( 'NONE', #410, 1000.000000000000000 ) ;
#1590 = CARTESIAN_POINT ( 'NONE',  ( -2.875000000000356160, 3.248445554339142394, -2.200000000000000178 ) ) ;
#1591 = DIRECTION ( 'NONE',  ( -0.000000000000000000, 0.9461585652950790237, 0.3237035207080047328 ) ) ;
#1592 = DIRECTION ( 'NONE',  ( 0.000000000000000000, 0.000000000000000000, 1.000000000000000000 ) ) ;
#1593 =( BOUNDED_CURVE ( )  B_SPLINE_CURVE ( 3, ( #424, #6004, #6732, #2628 ),
 .UNSPECIFIED., .F., .T. ) 
 B_SPLINE_CURVE_WITH_KNOTS ( ( 4, 4 ),
 ( 1.658062789394628478, 1.779747063836616849 ),
 .UNSPECIFIED. ) 
 CURVE ( )  GEOMETRIC_REPRESENTATION_ITEM ( )  RATIONAL_B_SPLINE_CURVE ( ( 1.000000000000000000, 0.9987664587066348298, 0.9987664587066348298, 1.000000000000000000 ) ) 
 REPRESENTATION_ITEM ( '' )  );
#1594 = MECHANICAL_DESIGN_GEOMETRIC_PRESENTATION_REPRESENTATION (  '', ( #6042 ), #3634 ) ;
#1595 = LINE ( 'NONE', #4372, #4990 ) ;
#1596 = ORIENTED_EDGE ( 'NONE', *, *, #5808, .T. ) ;
#1597 = CARTESIAN_POINT ( 'NONE',  ( 3.773638242482361349, 2.134888400828522048, -1.244166813808422756 ) ) ;
#1598 = CIRCLE ( 'NONE', #3353, 1.000000000000000444 ) ;
#1599 = EDGE_LOOP ( 'NONE', ( #277, #8115, #3230, #1968 ) ) ;
#1600 = ORIENTED_EDGE ( 'NONE', *, *, #1817, .T. ) ;
#1601 = DIRECTION ( 'NONE',  ( 1.395448198271999250E-13, 0.4999999999999944489, 0.8660254037844419273 ) ) ;
#1602 = DIRECTION ( 'NONE',  ( -0.7071067811865507924, 0.000000000000000000, 0.7071067811865441310 ) ) ;
#1603 = DIRECTION ( 'NONE',  ( 0.000000000000000000, 0.000000000000000000, 1.000000000000000000 ) ) ;
#1604 = CIRCLE ( 'NONE', #7742, 0.1500000000000001887 ) ;
#1605 = AXIS2_PLACEMENT_3D ( 'NONE', #6396, #1486, #2206 ) ;
#1606 = EDGE_CURVE ( 'NONE', #5178, #6993, #1981, .T. ) ;
#1607 = CARTESIAN_POINT ( 'NONE',  ( 2.924999999999999822, 1.899999999999999911, 0.000000000000000000 ) ) ;
#1608 = CARTESIAN_POINT ( 'NONE',  ( 2.924999999999999822, 0.6000000000000003109, 0.000000000000000000 ) ) ;
#1609 = EDGE_LOOP ( 'NONE', ( #5332, #5438, #8455, #4799, #5587, #6598, #1458 ) ) ;
#1610 = AXIS2_PLACEMENT_3D ( 'NONE', #4054, #2557, #6833 ) ;
#1611 = AXIS2_PLACEMENT_3D ( 'NONE', #2947, #8717, #7929 ) ;
#1612 = DIRECTION ( 'NONE',  ( -0.000000000000000000, -1.000000000000000000, -0.000000000000000000 ) ) ;
#1613 = CARTESIAN_POINT ( 'NONE',  ( -2.674999999999999378, 0.2500000000000000000, 1.173935688187389248 ) ) ;
#1614 = VERTEX_POINT ( 'NONE', #6493 ) ;
#1615 = PLANE ( 'NONE',  #6603 ) ;
#1616 = CARTESIAN_POINT ( 'NONE',  ( 3.624999999999999112, 1.981957975374244452, 1.600000000000000533 ) ) ;
#1617 = CARTESIAN_POINT ( 'NONE',  ( 3.125000000000000000, 0.2500000000000000000, -2.000000000000000000 ) ) ;
#1618 = FACE_OUTER_BOUND ( 'NONE', #2742, .T. ) ;
#1619 = DIRECTION ( 'NONE',  ( -1.000000000000000000, 0.000000000000000000, 0.000000000000000000 ) ) ;
#1620 = CARTESIAN_POINT ( 'NONE',  ( 3.125000000000000000, 0.3750000000000000000, 1.200000000000000400 ) ) ;
#1621 = CIRCLE ( 'NONE', #771, 1.399766955455214346 ) ;
#1622 = DIRECTION ( 'NONE',  ( 1.000000000000000000, 0.000000000000000000, 0.000000000000000000 ) ) ;
#1623 = VERTEX_POINT ( 'NONE', #7280 ) ;
#1624 = CARTESIAN_POINT ( 'NONE',  ( 3.974625753964697861, 2.633282216235523165, 1.240563721245440121 ) ) ;
#1625 = CARTESIAN_POINT ( 'NONE',  ( 3.965250449221160434, 2.816774406991878532, 1.204473552124484481 ) ) ;
#1626 = VECTOR ( 'NONE', #8447, 1000.000000000000000 ) ;
#1627 = DIRECTION ( 'NONE',  ( 0.000000000000000000, 0.000000000000000000, 1.000000000000000000 ) ) ;
#1628 = EDGE_CURVE ( 'NONE', #1, #2141, #5423, .T. ) ;
#1629 = LINE ( 'NONE', #2225, #1179 ) ;
#1630 = FACE_OUTER_BOUND ( 'NONE', #4136, .T. ) ;
#1631 = EDGE_CURVE ( 'NONE', #5388, #1529, #3148, .T. ) ;
#1632 = CARTESIAN_POINT ( 'NONE',  ( 3.761189784818153026, 3.052154341333956022, 1.007536094493638013 ) ) ;
#1633 = VECTOR ( 'NONE', #2076, 1000.000000000000000 ) ;
#1634 = ORIENTED_EDGE ( 'NONE', *, *, #2014, .T. ) ;
#1635 = FACE_OUTER_BOUND ( 'NONE', #7065, .T. ) ;
#1636 = CARTESIAN_POINT ( 'NONE',  ( 3.971903135266016793, 1.954054760152053927, 1.223922426933317320 ) ) ;
#1637 = DIRECTION ( 'NONE',  ( -1.000000000000000000, 0.000000000000000000, 0.000000000000000000 ) ) ;
#1638 = CYLINDRICAL_SURFACE ( 'NONE', #510, 0.2800000000000003042 ) ;
#1639 = ORIENTED_EDGE ( 'NONE', *, *, #284, .T. ) ;
#1640 = CARTESIAN_POINT ( 'NONE',  ( -2.875000000000000000, 3.199999999999999734, -1.360376786041278985 ) ) ;
#1641 = AXIS2_PLACEMENT_3D ( 'NONE', #7950, #4742, #2515 ) ;
#1642 = PLANE ( 'NONE',  #757 ) ;
#1643 = EDGE_CURVE ( 'NONE', #5002, #1250, #8616, .T. ) ;
#1644 = ORIENTED_EDGE ( 'NONE', *, *, #173, .T. ) ;
#1645 = ORIENTED_EDGE ( 'NONE', *, *, #6740, .T. ) ;
#1646 = SURFACE_STYLE_USAGE ( .BOTH. , #355 ) ;
#1647 = CIRCLE ( 'NONE', #4134, 0.2000000000000000944 ) ;
#1648 = DIRECTION ( 'NONE',  ( 4.613626265895765162E-17, -1.000000000000000000, 0.000000000000000000 ) ) ;
#1649 = CARTESIAN_POINT ( 'NONE',  ( 3.565601798609266737, 3.074575637021314201, 1.466955438267862677 ) ) ;
#1650 = EDGE_CURVE ( 'NONE', #648, #622, #6066, .T. ) ;
#1651 = DIRECTION ( 'NONE',  ( 0.000000000000000000, 0.000000000000000000, -1.000000000000000000 ) ) ;
#1652 = VECTOR ( 'NONE', #5910, 1000.000000000000000 ) ;
#1653 = AXIS2_PLACEMENT_3D ( 'NONE', #4939, #4300, #8509 ) ;
#1654 = DIRECTION ( 'NONE',  ( 1.000000000000000000, 4.613626265895765162E-17, -1.626303258728256651E-16 ) ) ;
#1655 = ADVANCED_FACE ( 'NONE', ( #1618 ), #6448, .T. ) ;
#1656 = ORIENTED_EDGE ( 'NONE', *, *, #7549, .F. ) ;
#1657 = DIRECTION ( 'NONE',  ( -1.000000000000000000, -4.613626265895765162E-17, -0.000000000000000000 ) ) ;
#1658 = ORIENTED_EDGE ( 'NONE', *, *, #6116, .F. ) ;
#1659 = EDGE_LOOP ( 'NONE', ( #2451, #2857, #853, #4793, #263 ) ) ;
#1660 = CARTESIAN_POINT ( 'NONE',  ( -2.865836991715250637, 3.260937622311837814, -0.1782610282084436393 ) ) ;
#1661 = CARTESIAN_POINT ( 'NONE',  ( 3.974625753964702302, 2.066717783764804306, 1.240563721245499407 ) ) ;
#1662 = B_SPLINE_CURVE_WITH_KNOTS ( 'NONE', 3,
 ( #1707, #4485, #4394, #2296 ),
 .UNSPECIFIED., .F., .F.,
 ( 4, 4 ),
 ( 0.000000000000000000, 0.0003528484447438522673 ),
 .UNSPECIFIED. ) ;
#1663 = AXIS2_PLACEMENT_3D ( 'NONE', #1285, #8225, #3974 ) ;
#1664 = CARTESIAN_POINT ( 'NONE',  ( 3.425000000000000266, 1.070000000000038476, 1.077499999999933955 ) ) ;
#1665 = VERTEX_POINT ( 'NONE', #5951 ) ;
#1666 = DIRECTION ( 'NONE',  ( 1.000000000000000000, 4.336808689942016158E-15, 0.000000000000000000 ) ) ;
#1667 = CONICAL_SURFACE ( 'NONE', #6463, 1.399999999999999689, 0.08726646259971666819 ) ;
#1668 = CARTESIAN_POINT ( 'NONE',  ( 3.024999999999999911, 0.2499999999999999445, 2.000000000000000000 ) ) ;
#1669 = DIRECTION ( 'NONE',  ( -3.336006684570777678E-16, 0.000000000000000000, 1.000000000000000000 ) ) ;
#1670 = EDGE_CURVE ( 'NONE', #8823, #6874, #2586, .T. ) ;
#1671 = DIRECTION ( 'NONE',  ( 0.000000000000000000, 0.000000000000000000, -1.000000000000000000 ) ) ;
#1672 = AXIS2_PLACEMENT_3D ( 'NONE', #4498, #384, #2222 ) ;
#1673 = VERTEX_POINT ( 'NONE', #422 ) ;
#1674 = EDGE_LOOP ( 'NONE', ( #3240, #6885, #2424, #3125, #4583, #4683, #7955, #2629, #4481 ) ) ;
#1675 = EDGE_CURVE ( 'NONE', #3096, #8760, #509, .T. ) ;
#1676 = CARTESIAN_POINT ( 'NONE',  ( 3.974974966031484147, 2.548440251031044657, 1.251246220669155029 ) ) ;
#1677 = CARTESIAN_POINT ( 'NONE',  ( 3.275000000000000355, 1.899999999999999911, 0.000000000000000000 ) ) ;
#1678 = DIRECTION ( 'NONE',  ( -1.000000000000000000, -4.613626265895765162E-17, 1.619075244254214076E-13 ) ) ;
#1679 = CARTESIAN_POINT ( 'NONE',  ( 3.275000000000000355, 0.8458563656608284465, 0.7499999999999352740 ) ) ;
#1680 = DIRECTION ( 'NONE',  ( -1.000000000000000000, -4.963434043403492428E-14, 1.449422113535520575E-13 ) ) ;
#1681 = CARTESIAN_POINT ( 'NONE',  ( 3.741907075646474290, 3.059150923960891610, 1.249498289803155249 ) ) ;
#1682 = ORIENTED_EDGE ( 'NONE', *, *, #2901, .T. ) ;
#1683 = FACE_OUTER_BOUND ( 'NONE', #5950, .T. ) ;
#1684 = DIRECTION ( 'NONE',  ( -0.000000000000000000, -0.000000000000000000, 1.000000000000000000 ) ) ;
#1685 = EDGE_CURVE ( 'NONE', #460, #7864, #1266, .T. ) ;
#1686 = DIRECTION ( 'NONE',  ( -1.000000000000000000, -4.613626265895765162E-17, 1.619075244254214076E-13 ) ) ;
#1687 = VERTEX_POINT ( 'NONE', #3862 ) ;
#1688 = LINE ( 'NONE', #5206, #7803 ) ;
#1689 = ORIENTED_EDGE ( 'NONE', *, *, #774, .F. ) ;
#1690 = CARTESIAN_POINT ( 'NONE',  ( 3.709899701959987528, 1.912902531784762106, -1.003048793692237428 ) ) ;
#1691 = DIRECTION ( 'NONE',  ( -1.000000000000000000, -0.000000000000000000, 0.000000000000000000 ) ) ;
#1692 = EDGE_LOOP ( 'NONE', ( #6631, #1928 ) ) ;
#1693 = VERTEX_POINT ( 'NONE', #8205 ) ;
#1694 = LINE ( 'NONE', #408, #4142 ) ;
#1695 = CARTESIAN_POINT ( 'NONE',  ( 1.925000000000000044, 0.2500000000000000000, 0.8999999999999993561 ) ) ;
#1696 = EDGE_CURVE ( 'NONE', #6425, #7798, #4719, .T. ) ;
#1697 = EDGE_CURVE ( 'NONE', #7714, #8874, #6618, .T. ) ;
#1698 = PLANE ( 'NONE',  #3940 ) ;
#1699 = FACE_OUTER_BOUND ( 'NONE', #3492, .T. ) ;
#1700 = ORIENTED_EDGE ( 'NONE', *, *, #8941, .T. ) ;
#1701 = CARTESIAN_POINT ( 'NONE',  ( 3.225000000000000089, 1.899999999999999911, 0.000000000000000000 ) ) ;
#1702 = EDGE_LOOP ( 'NONE', ( #4088, #8420, #1281, #62 ) ) ;
#1703 = ORIENTED_EDGE ( 'NONE', *, *, #5028, .F. ) ;
#1704 = CARTESIAN_POINT ( 'NONE',  ( 0.000000000000000000, 0.7750000000000000222, 2.075000000000000178 ) ) ;
#1705 = FILL_AREA_STYLE_COLOUR ( '', #3823 ) ;
#1706 = CIRCLE ( 'NONE', #842, 0.2750000000000002998 ) ;
#1707 = CARTESIAN_POINT ( 'NONE',  ( 3.772916391609243192, 2.018966987828186621, -1.438836915049395371 ) ) ;
#1708 = ORIENTED_EDGE ( 'NONE', *, *, #4322, .F. ) ;
#1709 = EDGE_CURVE ( 'NONE', #4202, #6161, #5363, .T. ) ;
#1710 = DIRECTION ( 'NONE',  ( 1.000000000000000000, 0.000000000000000000, -0.000000000000000000 ) ) ;
#1711 = LINE ( 'NONE', #4488, #8961 ) ;
#1712 = DIRECTION ( 'NONE',  ( -4.613626265895765778E-17, 1.000000000000000000, 0.000000000000000000 ) ) ;
#1713 = ORIENTED_EDGE ( 'NONE', *, *, #530, .F. ) ;
#1714 = DIRECTION ( 'NONE',  ( 4.613626265895765162E-17, -1.000000000000000000, 0.000000000000000000 ) ) ;
#1715 = EDGE_LOOP ( 'NONE', ( #6083, #7038, #3633, #3023 ) ) ;
#1716 = ORIENTED_EDGE ( 'NONE', *, *, #5144, .T. ) ;
#1717 = CARTESIAN_POINT ( 'NONE',  ( 3.275000000000000355, 2.455048207272839011, 0.8318181818181231701 ) ) ;
#1718 = AXIS2_PLACEMENT_3D ( 'NONE', #5797, #2376, #8599 ) ;
#1719 = DIRECTION ( 'NONE',  ( 0.000000000000000000, 0.000000000000000000, 1.000000000000000000 ) ) ;
#1720 = ORIENTED_EDGE ( 'NONE', *, *, #5482, .F. ) ;
#1721 = CIRCLE ( 'NONE', #6824, 2.199999999999231903 ) ;
#1722 = CARTESIAN_POINT ( 'NONE',  ( -2.875000000000324629, 3.021990892406452023, -2.007769019921744391 ) ) ;
#1723 = EDGE_CURVE ( 'NONE', #834, #412, #8756, .T. ) ;
#1724 = FACE_OUTER_BOUND ( 'NONE', #848, .T. ) ;
#1725 = LINE ( 'NONE', #7296, #7604 ) ;
#1726 = CARTESIAN_POINT ( 'NONE',  ( 3.225000000000000089, 2.312310562561765703, -0.7999999999999999334 ) ) ;
#1727 = ORIENTED_EDGE ( 'NONE', *, *, #3405, .F. ) ;
#1728 = ORIENTED_EDGE ( 'NONE', *, *, #3085, .T. ) ;
#1729 = CARTESIAN_POINT ( 'NONE',  ( 2.224999999999663025, 1.187852254442085975, -2.081548843649950964 ) ) ;
#1730 = DIRECTION ( 'NONE',  ( 0.08715574274765873486, 0.000000000000000000, 0.9961946980917455452 ) ) ;
#1731 = DIRECTION ( 'NONE',  ( 1.000000000000000000, 0.000000000000000000, 0.000000000000000000 ) ) ;
#1732 = CARTESIAN_POINT ( 'NONE',  ( 1.024999999999999911, 0.1800000000000000488, -0.9000000000000423217 ) ) ;
#1733 = ORIENTED_EDGE ( 'NONE', *, *, #1184, .F. ) ;
#1734 = CARTESIAN_POINT ( 'NONE',  ( -3.674999999999999822, 1.899999999999999911, -1.050000000000000044 ) ) ;
#1735 = CARTESIAN_POINT ( 'NONE',  ( 3.965140506008804078, 1.877971452049195245, -1.267052698056465587 ) ) ;
#1736 = EDGE_CURVE ( 'NONE', #1462, #6012, #5920, .T. ) ;
#1737 = VECTOR ( 'NONE', #1345, 1000.000000000000000 ) ;
#1738 = ORIENTED_EDGE ( 'NONE', *, *, #8985, .F. ) ;
#1739 = ORIENTED_EDGE ( 'NONE', *, *, #6791, .F. ) ;
#1740 = VECTOR ( 'NONE', #5708, 1000.000000000000000 ) ;
#1741 = FACE_OUTER_BOUND ( 'NONE', #4761, .T. ) ;
#1742 = B_SPLINE_CURVE_WITH_KNOTS ( 'NONE', 3,
 ( #1636, #4456, #3099, #6510, #963, #8688, #3048 ),
 .UNSPECIFIED., .F., .F.,
 ( 4, 3, 4 ),
 ( 9.413193949168538618E-05, 0.0001010000892591070927, 0.0001219433986062883789 ),
 .UNSPECIFIED. ) ;
#1743 = CARTESIAN_POINT ( 'NONE',  ( 0.1950000000000133571, 8.996571218497358332E-18, -0.7500000000000000000 ) ) ;
#1744 = DIRECTION ( 'NONE',  ( -1.000000000000000000, 0.000000000000000000, 0.000000000000000000 ) ) ;
#1745 = CIRCLE ( 'NONE', #2770, 1.000000000000029310 ) ;
#1746 = FACE_OUTER_BOUND ( 'NONE', #8356, .T. ) ;
#1747 = EDGE_CURVE ( 'NONE', #7931, #2756, #8266, .T. ) ;
#1748 = DIRECTION ( 'NONE',  ( -1.618418152019836092E-13, 0.000000000000000000, -1.000000000000000000 ) ) ;
#1749 = EDGE_CURVE ( 'NONE', #712, #4788, #6498, .T. ) ;
#1750 = ORIENTED_EDGE ( 'NONE', *, *, #2028, .T. ) ;
#1751 = VECTOR ( 'NONE', #1098, 1000.000000000000000 ) ;
#1752 = CARTESIAN_POINT ( 'NONE',  ( 3.125000000000000000, 2.945000000000000284, 0.000000000000000000 ) ) ;
#1753 = AXIS2_PLACEMENT_3D ( 'NONE', #3167, #1073, #3211 ) ;
#1754 = ORIENTED_EDGE ( 'NONE', *, *, #4704, .F. ) ;
#1755 = ORIENTED_EDGE ( 'NONE', *, *, #3663, .F. ) ;
#1756 = CARTESIAN_POINT ( 'NONE',  ( -2.887257675927554335, 3.159571384006859329, -0.3326178181817273649 ) ) ;
#1757 = FACE_OUTER_BOUND ( 'NONE', #5774, .T. ) ;
#1758 = CARTESIAN_POINT ( 'NONE',  ( 3.276770739005506083, 2.970246327350212212, 1.672798350336094808 ) ) ;
#1759 = EDGE_LOOP ( 'NONE', ( #4754, #5123, #620, #8494 ) ) ;
#1760 = AXIS2_PLACEMENT_3D ( 'NONE', #5297, #7405, #1113 ) ;
#1761 = CARTESIAN_POINT ( 'NONE',  ( -3.074999999999999734, -1.418690076762947653E-16, -0.4000000000004247380 ) ) ;
#1762 = VECTOR ( 'NONE', #6068, 1000.000000000000000 ) ;
#1763 = CARTESIAN_POINT ( 'NONE',  ( 1.524999999999999911, 0.1800000000000000766, -0.4000000000004248490 ) ) ;
#1764 = DIRECTION ( 'NONE',  ( -1.000000000000000000, -0.000000000000000000, -0.000000000000000000 ) ) ;
#1765 = EDGE_CURVE ( 'NONE', #8282, #1885, #5636, .T. ) ;
#1766 = EDGE_LOOP ( 'NONE', ( #8040, #2106, #7500, #7172 ) ) ;
#1767 = FACE_OUTER_BOUND ( 'NONE', #4334, .T. ) ;
#1768 = EDGE_CURVE ( 'NONE', #8226, #5178, #6777, .T. ) ;
#1769 = CARTESIAN_POINT ( 'NONE',  ( 3.425000000000000266, 2.670000000000056328, -1.372499999999934994 ) ) ;
#1770 = VECTOR ( 'NONE', #8771, 1000.000000000000000 ) ;
#1771 = CARTESIAN_POINT ( 'NONE',  ( -3.674999999999999822, 1.899999999999999911, -0.8000000000000000444 ) ) ;
#1772 = DIRECTION ( 'NONE',  ( 1.622287695126456588E-13, 0.000000000000000000, 1.000000000000000000 ) ) ;
#1773 = LINE ( 'NONE', #4551, #3069 ) ;
#1774 = DIRECTION ( 'NONE',  ( -8.091380703721137216E-14, -0.8660254037844422603, -0.4999999999999937828 ) ) ;
#1776 = ADVANCED_FACE ( 'NONE', ( #3354 ), #6818, .F. ) ;
#1775 = ORIENTED_EDGE ( 'NONE', *, *, #4820, .T. ) ;
#1777 = ORIENTED_EDGE ( 'NONE', *, *, #4781, .F. ) ;
#1778 = CIRCLE ( 'NONE', #6879, 1.168826837921906669 ) ;
#1779 = CARTESIAN_POINT ( 'NONE',  ( 3.275000000000000355, 0.8229156321506279070, -1.669545873791086210 ) ) ;
#1780 = DIRECTION ( 'NONE',  ( 0.000000000000000000, 0.000000000000000000, 1.000000000000000000 ) ) ;
#1781 = CARTESIAN_POINT ( 'NONE',  ( 2.924999999999999822, 0.8549999999999998712, -0.8000000000000000444 ) ) ;
#1782 = B_SPLINE_CURVE_WITH_KNOTS ( 'NONE', 3,
 ( #3475, #6250, #4928, #2793 ),
 .UNSPECIFIED., .F., .F.,
 ( 4, 4 ),
 ( 0.000000000000000000, 0.0002734104305172249780 ),
 .UNSPECIFIED. ) ;
#1783 = CARTESIAN_POINT ( 'NONE',  ( 2.224999999999663025, 1.187852254442085975, -2.081548843649950964 ) ) ;
#1784 = ORIENTED_EDGE ( 'NONE', *, *, #5005, .T. ) ;
#1785 = DIRECTION ( 'NONE',  ( 0.000000000000000000, 0.000000000000000000, 1.000000000000000000 ) ) ;
#1786 = CARTESIAN_POINT ( 'NONE',  ( 3.125014535521426051, 2.335438077181644978, 0.8980313379515988403 ) ) ;
#1787 = VECTOR ( 'NONE', #4140, 1000.000000000000000 ) ;
#1788 = VERTEX_POINT ( 'NONE', #7333 ) ;
#1789 = ORIENTED_EDGE ( 'NONE', *, *, #6094, .T. ) ;
#1790 = CARTESIAN_POINT ( 'NONE',  ( -3.474999999999999645, 1.899999999999999911, -0.8000000000000000444 ) ) ;
#1791 = EDGE_CURVE ( 'NONE', #6428, #7367, #553, .T. ) ;
#1792 = DIRECTION ( 'NONE',  ( 0.000000000000000000, 0.000000000000000000, 1.000000000000000000 ) ) ;
#1793 = CARTESIAN_POINT ( 'NONE',  ( 3.125257593149248780, 1.466452666645346126, -0.8898025973573313596 ) ) ;
#1794 = FACE_OUTER_BOUND ( 'NONE', #474, .T. ) ;
#1795 = CARTESIAN_POINT ( 'NONE',  ( 3.746788935686913735, 2.772644997420635082, 1.006276183449501538 ) ) ;
#1796 = ORIENTED_EDGE ( 'NONE', *, *, #6, .F. ) ;
#1797 = VECTOR ( 'NONE', #6000, 1000.000000000000000 ) ;
#1798 = DIRECTION ( 'NONE',  ( 0.000000000000000000, 0.000000000000000000, 1.000000000000000000 ) ) ;
#1799 = ORIENTED_EDGE ( 'NONE', *, *, #7473, .F. ) ;
#1800 = ORIENTED_EDGE ( 'NONE', *, *, #6859, .F. ) ;
#1801 = CARTESIAN_POINT ( 'NONE',  ( -2.875000000000000000, 3.199999999999999734, -0.5196152422706638019 ) ) ;
#1802 = CARTESIAN_POINT ( 'NONE',  ( -2.875000000000000000, 3.250056093522105005, 1.301375493315583887 ) ) ;
#1803 = ADVANCED_FACE ( 'NONE', ( #6640 ), #3313, .F. ) ;
#1804 = DIRECTION ( 'NONE',  ( 1.000000000000000000, -8.809142651444723526E-16, 0.000000000000000000 ) ) ;
#1805 = EDGE_CURVE ( 'NONE', #6693, #4591, #5047, .T. ) ;
#1806 = AXIS2_PLACEMENT_3D ( 'NONE', #2943, #8660, #7100 ) ;
#1807 = VECTOR ( 'NONE', #1922, 1000.000000000000000 ) ;
#1808 = LINE ( 'NONE', #6135, #986 ) ;
#1809 = DIRECTION ( 'NONE',  ( 0.000000000000000000, 0.000000000000000000, 1.000000000000000000 ) ) ;
#1810 = CARTESIAN_POINT ( 'NONE',  ( 3.274888711850526768, 0.8436426791668142355, -1.680893851126231686 ) ) ;
#1811 = ORIENTED_EDGE ( 'NONE', *, *, #3955, .T. ) ;
#1812 = AXIS2_PLACEMENT_3D ( 'NONE', #5080, #1619, #113 ) ;
#1813 = ORIENTED_EDGE ( 'NONE', *, *, #7049, .F. ) ;
#1814 = B_SPLINE_CURVE_WITH_KNOTS ( 'NONE', 3,
 ( #8167, #3231, #1229, #3278 ),
 .UNSPECIFIED., .F., .F.,
 ( 4, 4 ),
 ( 0.000000000000000000, 0.0005156856551341914641 ),
 .UNSPECIFIED. ) ;
#1815 = VECTOR ( 'NONE', #2098, 1000.000000000000000 ) ;
#1816 = DIRECTION ( 'NONE',  ( 0.000000000000000000, 0.000000000000000000, -1.000000000000000000 ) ) ;
#1817 = EDGE_CURVE ( 'NONE', #7533, #7031, #1808, .T. ) ;
#1818 = CARTESIAN_POINT ( 'NONE',  ( 0.000000000000000000, 0.4000000000000001887, 0.000000000000000000 ) ) ;
#1819 = EDGE_CURVE ( 'NONE', #2565, #1083, #5274, .T. ) ;
#1820 = ORIENTED_EDGE ( 'NONE', *, *, #6368, .T. ) ;
#1821 = DIRECTION ( 'NONE',  ( 4.613626265895765162E-17, -1.000000000000000000, 0.000000000000000000 ) ) ;
#1822 = VECTOR ( 'NONE', #2088, 1000.000000000000000 ) ;
#1823 = FACE_OUTER_BOUND ( 'NONE', #2696, .T. ) ;
#1824 = FACE_OUTER_BOUND ( 'NONE', #4234, .T. ) ;
#1825 = ORIENTED_EDGE ( 'NONE', *, *, #6117, .F. ) ;
#1826 = EDGE_LOOP ( 'NONE', ( #2717, #5069, #5279, #1302 ) ) ;
#1827 = PLANE ( 'NONE',  #4684 ) ;
#1828 = DIRECTION ( 'NONE',  ( -1.000000000000000000, 4.954206790871704513E-14, 1.449422113535520828E-13 ) ) ;
#1829 = AXIS2_PLACEMENT_3D ( 'NONE', #6853, #3386, #1132 ) ;
#1830 = CYLINDRICAL_SURFACE ( 'NONE', #1663, 0.3150000000000001688 ) ;
#1831 = CARTESIAN_POINT ( 'NONE',  ( 3.772916391609243192, 1.450000000000000844, -0.4178409582463116223 ) ) ;
#1832 = ORIENTED_EDGE ( 'NONE', *, *, #2739, .T. ) ;
#1833 = EDGE_CURVE ( 'NONE', #8903, #8672, #4942, .T. ) ;
#1834 = CARTESIAN_POINT ( 'NONE',  ( 3.675000000000000266, 1.899999999999999911, 0.000000000000000000 ) ) ;
#1835 = DIRECTION ( 'NONE',  ( 1.000000000000000000, -0.000000000000000000, -0.000000000000000000 ) ) ;
#1836 = EDGE_LOOP ( 'NONE', ( #2936, #4, #3285, #5236 ) ) ;
#1837 = VERTEX_POINT ( 'NONE', #6225 ) ;
#1838 = VERTEX_POINT ( 'NONE', #2115 ) ;
#1839 = DIRECTION ( 'NONE',  ( 1.000000000000000000, 0.000000000000000000, 0.000000000000000000 ) ) ;
#1840 = DIRECTION ( 'NONE',  ( 0.000000000000000000, -1.000000000000000000, 1.734723475976807094E-15 ) ) ;
#1841 = PLANE ( 'NONE',  #4024 ) ;
#1842 = CONICAL_SURFACE ( 'NONE', #7961, 0.1500000000000008271, 0.7853981633974393972 ) ;
#1843 = CARTESIAN_POINT ( 'NONE',  ( 3.971903135266016793, 1.954054760152053927, 1.223922426933317320 ) ) ;
#1844 = EDGE_CURVE ( 'NONE', #8501, #4258, #5668, .T. ) ;
#1845 = CARTESIAN_POINT ( 'NONE',  ( -2.874999999999643396, 3.248445554339142394, 2.200000000000000178 ) ) ;
#1846 = ORIENTED_EDGE ( 'NONE', *, *, #2514, .T. ) ;
#1847 = EDGE_LOOP ( 'NONE', ( #7365, #698, #1031, #3976 ) ) ;
#1848 = CARTESIAN_POINT ( 'NONE',  ( -3.875000000000000000, 1.899999999999999911, 0.000000000000000000 ) ) ;
#1849 = ORIENTED_EDGE ( 'NONE', *, *, #3580, .T. ) ;
#1850 = ORIENTED_EDGE ( 'NONE', *, *, #7669, .F. ) ;
#1851 = CARTESIAN_POINT ( 'NONE',  ( 3.655504509961679638, 0.7332898310421345212, -1.253814209305440519 ) ) ;
#1852 = CARTESIAN_POINT ( 'NONE',  ( 3.974999305145336059, 1.612650198509995247, -1.254630436786888348 ) ) ;
#1853 = CARTESIAN_POINT ( 'NONE',  ( 3.024999999999999911, 0.2499999999999999445, -2.000000000000000000 ) ) ;
#1854 = CARTESIAN_POINT ( 'NONE',  ( 3.125000000000000000, 2.312310562561765703, -0.7999999999999999334 ) ) ;
#1855 = ORIENTED_EDGE ( 'NONE', *, *, #6593, .T. ) ;
#1856 = EDGE_CURVE ( 'NONE', #6633, #6024, #6315, .T. ) ;
#1857 = ORIENTED_EDGE ( 'NONE', *, *, #2959, .F. ) ;
#1858 = CARTESIAN_POINT ( 'NONE',  ( -3.875000000000000000, 1.899999999999999911, 0.000000000000000000 ) ) ;
#1859 = CARTESIAN_POINT ( 'NONE',  ( 3.667261826174070816, 2.808672803329419043, 1.240916967422944994 ) ) ;
#1860 = ORIENTED_EDGE ( 'NONE', *, *, #818, .F. ) ;
#1861 = CARTESIAN_POINT ( 'NONE',  ( 3.125000000000000000, 3.399999999999999911, -0.8149999999999351097 ) ) ;
#1862 = CARTESIAN_POINT ( 'NONE',  ( 2.224999999999674571, 3.021990892406452467, -2.007769019922569953 ) ) ;
#1863 = CARTESIAN_POINT ( 'NONE',  ( 3.125000000000000000, 3.399999999999999911, 0.8000000000000000444 ) ) ;
#1864 = EDGE_CURVE ( 'NONE', #6972, #3893, #1706, .T. ) ;
#1865 = EDGE_LOOP ( 'NONE', ( #4172, #1468, #2797, #8384 ) ) ;
#1866 = ORIENTED_EDGE ( 'NONE', *, *, #5786, .F. ) ;
#1867 = PLANE ( 'NONE',  #2659 ) ;
#1868 = CARTESIAN_POINT ( 'NONE',  ( -3.674999999999999822, 1.899999999999999911, 0.000000000000000000 ) ) ;
#1869 = DIRECTION ( 'NONE',  ( -1.000000000000000000, -4.613626265895765162E-17, 1.619075244254214076E-13 ) ) ;
#1870 = SURFACE_SIDE_STYLE ('',( #5381 ) ) ;
#1871 = ORIENTED_EDGE ( 'NONE', *, *, #2970, .F. ) ;
#1872 = ORIENTED_EDGE ( 'NONE', *, *, #640, .F. ) ;
#1873 = FACE_OUTER_BOUND ( 'NONE', #3861, .T. ) ;
#1874 = DIRECTION ( 'NONE',  ( 0.000000000000000000, 0.000000000000000000, 1.000000000000000000 ) ) ;
#1875 = ORIENTED_EDGE ( 'NONE', *, *, #7514, .T. ) ;
#1876 = ADVANCED_FACE ( 'NONE', ( #4903 ), #4179, .T. ) ;
#1877 = ORIENTED_EDGE ( 'NONE', *, *, #2145, .T. ) ;
#1878 = PLANE ( 'NONE',  #8878 ) ;
#1879 = CARTESIAN_POINT ( 'NONE',  ( 3.974999999999999201, 2.349999999999999201, 0.4178409582463116778 ) ) ;
#1880 = FACE_OUTER_BOUND ( 'NONE', #5707, .T. ) ;
#1881 = PLANE ( 'NONE',  #8026 ) ;
#1882 = EDGE_LOOP ( 'NONE', ( #3147, #7554, #1332, #8931 ) ) ;
#1883 = EDGE_LOOP ( 'NONE', ( #6051, #1775, #5046, #328 ) ) ;
#1884 = CARTESIAN_POINT ( 'NONE',  ( 3.974999999999999201, 1.818042024625760700, -1.255324857972438091 ) ) ;
#1885 = VERTEX_POINT ( 'NONE', #4220 ) ;
#1886 = CARTESIAN_POINT ( 'NONE',  ( 3.125000000000000000, 0.2500000000000000000, 2.000000000000000000 ) ) ;
#1887 = LINE ( 'NONE', #3805, #148 ) ;
#1888 = ADVANCED_FACE ( 'NONE', ( #2760 ), #6184, .T. ) ;
#1889 = DIRECTION ( 'NONE',  ( -1.000000000000000000, 0.000000000000000000, 0.000000000000000000 ) ) ;
#1890 = FACE_OUTER_BOUND ( 'NONE', #677, .T. ) ;
#1891 = ORIENTED_EDGE ( 'NONE', *, *, #899, .T. ) ;
#1892 = AXIS2_PLACEMENT_3D ( 'NONE', #6438, #4988, #229 ) ;
#1893 = CARTESIAN_POINT ( 'NONE',  ( 3.024999999999999911, 0.2499999999999999445, -1.200000000000000178 ) ) ;
#1894 = EDGE_LOOP ( 'NONE', ( #6090, #2811, #915, #1872 ) ) ;
#1895 = DIRECTION ( 'NONE',  ( -1.000000000000000000, 0.000000000000000000, 0.000000000000000000 ) ) ;
#1896 = AXIS2_PLACEMENT_3D ( 'NONE', #6979, #6204, #703 ) ;
#1897 = DIRECTION ( 'NONE',  ( 1.000000000000000000, -0.000000000000000000, 0.000000000000000000 ) ) ;
#1898 = ORIENTED_EDGE ( 'NONE', *, *, #334, .F. ) ;
#1899 = VECTOR ( 'NONE', #5990, 1000.000000000000227 ) ;
#1900 = CIRCLE ( 'NONE', #3366, 2.000000000000000000 ) ;
#1901 = LINE ( 'NONE', #1277, #5974 ) ;
#1902 = CARTESIAN_POINT ( 'NONE',  ( -2.875000000000000000, 1.899999999999999911, 1.399999999999999911 ) ) ;
#1903 = LINE ( 'NONE', #6015, #8906 ) ;
#1904 = VERTEX_POINT ( 'NONE', #7743 ) ;
#1905 = EDGE_LOOP ( 'NONE', ( #3810, #315, #2437, #6941 ) ) ;
#1906 = AXIS2_PLACEMENT_3D ( 'NONE', #7286, #950, #7888 ) ;
#1907 = VECTOR ( 'NONE', #3190, 1000.000000000000000 ) ;
#1908 = FACE_OUTER_BOUND ( 'NONE', #3878, .T. ) ;
#1909 = CARTESIAN_POINT ( 'NONE',  ( -5.735000000000000320, 1.899999999999999911, -0.3499999999999998668 ) ) ;
#1910 = CARTESIAN_POINT ( 'NONE',  ( -3.074999999999999734, 0.1799999999999998546, 1.300000000000425482 ) ) ;
#1911 = VECTOR ( 'NONE', #8687, 1000.000000000000000 ) ;
#1912 = ADVANCED_FACE ( 'NONE', ( #55 ), #4085, .T. ) ;
#1913 = DIRECTION ( 'NONE',  ( 4.613626265895765162E-17, -1.000000000000000000, 0.000000000000000000 ) ) ;
#1914 = ADVANCED_FACE ( 'NONE', ( #5541 ), #6869, .F. ) ;
#1915 = EDGE_CURVE ( 'NONE', #1067, #3866, #3399, .T. ) ;
#1916 = VERTEX_POINT ( 'NONE', #8984 ) ;
#1917 = VECTOR ( 'NONE', #7428, 1000.000000000000000 ) ;
#1918 = CARTESIAN_POINT ( 'NONE',  ( -2.875000000000000000, 3.199999999999999734, 0.5196152422706638019 ) ) ;
#1919 = LINE ( 'NONE', #8102, #2046 ) ;
#1920 = ORIENTED_EDGE ( 'NONE', *, *, #2993, .F. ) ;
#1921 = CARTESIAN_POINT ( 'NONE',  ( 2.925000000000000711, 0.4000000000000001887, -0.8000000000000000444 ) ) ;
#1922 = DIRECTION ( 'NONE',  ( 0.000000000000000000, 0.000000000000000000, 1.000000000000000000 ) ) ;
#1923 = EDGE_CURVE ( 'NONE', #1338, #8146, #5500, .T. ) ;
#1924 = EDGE_CURVE ( 'NONE', #5408, #4298, #6168, .T. ) ;
#1925 = AXIS2_PLACEMENT_3D ( 'NONE', #7390, #383, #6736 ) ;
#1926 = CARTESIAN_POINT ( 'NONE',  ( -2.875000000000310418, 2.973208679693148060, -1.920474714707749886 ) ) ;
#1927 = CARTESIAN_POINT ( 'NONE',  ( -2.974999999999999645, 1.900000000000000133, -1.399999999999999911 ) ) ;
#1928 = ORIENTED_EDGE ( 'NONE', *, *, #5832, .F. ) ;
#1929 = AXIS2_PLACEMENT_3D ( 'NONE', #1729, #3047, #7818 ) ;
#1930 = EDGE_CURVE ( 'NONE', #4708, #71, #8296, .T. ) ;
#1931 = FACE_OUTER_BOUND ( 'NONE', #6808, .T. ) ;
#1932 = ORIENTED_EDGE ( 'NONE', *, *, #8106, .T. ) ;
#1933 = CARTESIAN_POINT ( 'NONE',  ( -2.887132088237690297, 3.199999314184138299, 0.08407211041983936317 ) ) ;
#1934 = CYLINDRICAL_SURFACE ( 'NONE', #7258, 2.000000000000000000 ) ;
#1935 = DIRECTION ( 'NONE',  ( 0.000000000000000000, 0.000000000000000000, 1.000000000000000000 ) ) ;
#1936 = EDGE_CURVE ( 'NONE', #3866, #2094, #5243, .T. ) ;
#1937 = EDGE_CURVE ( 'NONE', #4079, #1693, #2808, .T. ) ;
#1938 = CIRCLE ( 'NONE', #8654, 1.168826837921906669 ) ;
#1939 = LINE ( 'NONE', #6686, #1917 ) ;
#1940 = VERTEX_POINT ( 'NONE', #1397 ) ;
#1941 =( NAMED_UNIT ( * ) SI_UNIT ( $, .STERADIAN. ) SOLID_ANGLE_UNIT ( ) );
#1942 = ORIENTED_EDGE ( 'NONE', *, *, #2075, .F. ) ;
#1943 = VERTEX_POINT ( 'NONE', #725 ) ;
#1944 = CARTESIAN_POINT ( 'NONE',  ( 1.824999999999999734, 0.1499999999999999389, 1.200000000000000178 ) ) ;
#1945 = AXIS2_PLACEMENT_3D ( 'NONE', #4533, #8710, #2489 ) ;
#1946 = DIRECTION ( 'NONE',  ( -1.000000000000000000, 0.000000000000000000, 0.000000000000000000 ) ) ;
#1947 = ORIENTED_EDGE ( 'NONE', *, *, #6649, .F. ) ;
#1948 = EDGE_CURVE ( 'NONE', #2147, #655, #1598, .T. ) ;
#1949 = CARTESIAN_POINT ( 'NONE',  ( 3.275000000000000355, 1.599999999999999645, 1.436668947343170410 ) ) ;
#1950 = DIRECTION ( 'NONE',  ( -1.000000000000000000, 0.000000000000000000, 0.000000000000000000 ) ) ;
#1951 = AXIS2_PLACEMENT_3D ( 'NONE', #2140, #4929, #1466 ) ;
#1952 = LINE ( 'NONE', #5416, #4517 ) ;
#1953 = EDGE_CURVE ( 'NONE', #1837, #6984, #5672, .T. ) ;
#1954 = CIRCLE ( 'NONE', #3118, 2.000000000000000000 ) ;
#1955 = ORIENTED_EDGE ( 'NONE', *, *, #5098, .T. ) ;
#1956 = CARTESIAN_POINT ( 'NONE',  ( 3.276770739005432365, 1.729753672650089724, 1.672798350336251128 ) ) ;
#1957 = DIRECTION ( 'NONE',  ( 0.000000000000000000, -1.000000000000000000, 0.000000000000000000 ) ) ;
#1958 = DIRECTION ( 'NONE',  ( -1.000000000000000000, -0.000000000000000000, -0.000000000000000000 ) ) ;
#1959 = DIRECTION ( 'NONE',  ( -1.000000000000000000, -0.000000000000000000, -0.000000000000000000 ) ) ;
#1960 = VECTOR ( 'NONE', #7725, 1000.000000000000000 ) ;
#1961 = ORIENTED_EDGE ( 'NONE', *, *, #6474, .F. ) ;
#1962 = CARTESIAN_POINT ( 'NONE',  ( 3.275000000000000355, 1.599999999999999423, 1.600000000000000311 ) ) ;
#1963 = DIRECTION ( 'NONE',  ( -0.000000000000000000, -1.000000000000000000, 0.000000000000000000 ) ) ;
#1964 = AXIS2_PLACEMENT_3D ( 'NONE', #1701, #8608, #7920 ) ;
#1965 = ORIENTED_EDGE ( 'NONE', *, *, #4078, .T. ) ;
#1966 = EDGE_CURVE ( 'NONE', #633, #629, #3209, .T. ) ;
#1967 = AXIS2_PLACEMENT_3D ( 'NONE', #6055, #3916, #4546 ) ;
#1968 = ORIENTED_EDGE ( 'NONE', *, *, #4093, .T. ) ;
#1969 = DIRECTION ( 'NONE',  ( 1.000000000000000000, 4.613626265895765778E-17, 0.000000000000000000 ) ) ;
#1970 = DIRECTION ( 'NONE',  ( 0.000000000000000000, 0.000000000000000000, 1.000000000000000000 ) ) ;
#1971 = DIRECTION ( 'NONE',  ( -1.000000000000000000, -0.000000000000000000, -0.000000000000000000 ) ) ;
#1972 = VERTEX_POINT ( 'NONE', #6572 ) ;
#1973 = CARTESIAN_POINT ( 'NONE',  ( 3.963400461780832273, 1.831401266858476262, 1.234412946267825051 ) ) ;
#1974 = AXIS2_PLACEMENT_3D ( 'NONE', #6985, #4249, #7033 ) ;
#1975 = LINE ( 'NONE', #3723, #8097 ) ;
#1976 = DIRECTION ( 'NONE',  ( 4.613626265895765162E-17, -1.000000000000000000, 0.000000000000000000 ) ) ;
#1977 = EDGE_LOOP ( 'NONE', ( #3524, #5149, #363, #8611 ) ) ;
#1978 = VERTEX_POINT ( 'NONE', #6525 ) ;
#1979 = EDGE_CURVE ( 'NONE', #1972, #8147, #4508, .T. ) ;
#1980 = DIRECTION ( 'NONE',  ( 0.000000000000000000, 0.000000000000000000, -1.000000000000000000 ) ) ;
#1981 = CIRCLE ( 'NONE', #7083, 0.1000000000000000472 ) ;
#1982 = ORIENTED_EDGE ( 'NONE', *, *, #5386, .F. ) ;
#1983 = DIRECTION ( 'NONE',  ( 4.613626265895765162E-17, -1.000000000000000000, 0.000000000000000000 ) ) ;
#1984 = CARTESIAN_POINT ( 'NONE',  ( 3.749556694834045967, 1.653783852618471828, 1.246232236306272334 ) ) ;
#1985 = DIRECTION ( 'NONE',  ( 1.000000000000000000, 0.000000000000000000, 0.000000000000000000 ) ) ;
#1986 = AXIS2_PLACEMENT_3D ( 'NONE', #1178, #8073, #7520 ) ;
#1987 = DIRECTION ( 'NONE',  ( 1.000000000000000000, -0.000000000000000000, -0.000000000000000000 ) ) ;
#1988 = ORIENTED_EDGE ( 'NONE', *, *, #2865, .T. ) ;
#1989 = ORIENTED_EDGE ( 'NONE', *, *, #5161, .T. ) ;
#1990 = DIRECTION ( 'NONE',  ( -1.000000000000000000, -4.613626265895765162E-17, 1.619075244254214076E-13 ) ) ;
#1991 = ADVANCED_FACE ( 'NONE', ( #360 ), #5067, .T. ) ;
#1992 = CARTESIAN_POINT ( 'NONE',  ( -2.875000000000000000, 3.199999999999999734, -0.5196152422706638019 ) ) ;
#1993 = ORIENTED_EDGE ( 'NONE', *, *, #2460, .T. ) ;
#1994 = DIRECTION ( 'NONE',  ( -1.000000000000000000, 0.000000000000000000, 0.000000000000000000 ) ) ;
#1995 = DIRECTION ( 'NONE',  ( 5.219536637890716793E-14, -0.9461585652950789127, 0.3237035207080048438 ) ) ;
#1996 = LINE ( 'NONE', #6883, #8774 ) ;
#1997 = ORIENTED_EDGE ( 'NONE', *, *, #2932, .F. ) ;
#1998 = ORIENTED_EDGE ( 'NONE', *, *, #6175, .T. ) ;
#1999 = DIRECTION ( 'NONE',  ( -1.000000000000000000, 0.000000000000000000, 0.000000000000000000 ) ) ;
#2000 = CARTESIAN_POINT ( 'NONE',  ( -2.875000000000000000, 0.4500000000001271316, -1.108208012965241407 ) ) ;
#2001 = DIRECTION ( 'NONE',  ( -0.000000000000000000, -0.000000000000000000, 1.000000000000000000 ) ) ;
#2002 = ADVANCED_FACE ( 'NONE', ( #8651 ), #1565, .T. ) ;
#2003 = CARTESIAN_POINT ( 'NONE',  ( 3.275000000000000355, 1.201787997811427422, -0.7499999999999350520 ) ) ;
#2004 = VERTEX_POINT ( 'NONE', #3619 ) ;
#2005 = DIRECTION ( 'NONE',  ( 1.000000000000000000, -0.000000000000000000, -2.168404344971008079E-15 ) ) ;
#2006 = DIRECTION ( 'NONE',  ( -0.7071067811865632269, 0.7071067811865318076, 0.000000000000000000 ) ) ;
#2007 = VECTOR ( 'NONE', #6480, 1000.000000000000000 ) ;
#2008 = ORIENTED_EDGE ( 'NONE', *, *, #3982, .T. ) ;
#2009 = ORIENTED_EDGE ( 'NONE', *, *, #6201, .T. ) ;
#2010 = FACE_OUTER_BOUND ( 'NONE', #8378, .T. ) ;
#2011 = CARTESIAN_POINT ( 'NONE',  ( -2.875000000000000000, 3.199999999999999734, -0.5196152422706638019 ) ) ;
#2012 = DIRECTION ( 'NONE',  ( 0.000000000000000000, 0.000000000000000000, 1.000000000000000000 ) ) ;
#2013 = EDGE_LOOP ( 'NONE', ( #7441, #1249, #7136, #764 ) ) ;
#2014 = EDGE_CURVE ( 'NONE', #7031, #4565, #2933, .T. ) ;
#2015 = CARTESIAN_POINT ( 'NONE',  ( -5.235000000000000320, 1.899999999999999911, 0.000000000000000000 ) ) ;
#2016 = B_SPLINE_CURVE_WITH_KNOTS ( 'NONE', 3,
 ( #4178, #6085, #1984, #4858 ),
 .UNSPECIFIED., .F., .F.,
 ( 4, 4 ),
 ( -9.025489903574414262E-06, 7.162053497166178653E-05 ),
 .UNSPECIFIED. ) ;
#2017 = FACE_OUTER_BOUND ( 'NONE', #2726, .T. ) ;
#2018 = CARTESIAN_POINT ( 'NONE',  ( 3.214037826785892893, 1.487689437438234119, 0.8000000000000002665 ) ) ;
#2019 = ORIENTED_EDGE ( 'NONE', *, *, #1427, .T. ) ;
#2020 = VERTEX_POINT ( 'NONE', #888 ) ;
#2021 = DIRECTION ( 'NONE',  ( -1.000000000000000000, 0.000000000000000000, 0.000000000000000000 ) ) ;
#2022 = B_SPLINE_CURVE_WITH_KNOTS ( 'NONE', 3,
 ( #4955, #8398, #6284, #5641, #2126, #1448, #4915 ),
 .UNSPECIFIED., .F., .F.,
 ( 4, 3, 4 ),
 ( 0.000000000000000000, 2.639402489463978763E-05, 3.716531273995554241E-05 ),
 .UNSPECIFIED. ) ;
#2023 = ORIENTED_EDGE ( 'NONE', *, *, #5204, .F. ) ;
#2024 = DIRECTION ( 'NONE',  ( -1.000000000000000000, -0.000000000000000000, -0.000000000000000000 ) ) ;
#2025 = CARTESIAN_POINT ( 'NONE',  ( 3.024999999999999911, 1.395621945433468794E-16, 1.200000000000000178 ) ) ;
#2026 = EDGE_CURVE ( 'NONE', #5502, #4482, #2330, .T. ) ;
#2027 = DIRECTION ( 'NONE',  ( 0.000000000000000000, -1.000000000000000000, -7.228014483236700746E-17 ) ) ;
#2028 = EDGE_CURVE ( 'NONE', #3496, #6428, #4084, .T. ) ;
#2029 = FACE_OUTER_BOUND ( 'NONE', #2486, .T. ) ;
#2030 = ORIENTED_EDGE ( 'NONE', *, *, #8185, .F. ) ;
#2031 = CIRCLE ( 'NONE', #6694, 0.8516191124590786199 ) ;
#2032 = DIRECTION ( 'NONE',  ( 0.000000000000000000, 0.000000000000000000, 1.000000000000000000 ) ) ;
#2033 = CARTESIAN_POINT ( 'NONE',  ( 3.275000000000000355, 3.099999999999999645, 1.067930766093607486 ) ) ;
#2034 = VERTEX_POINT ( 'NONE', #5170 ) ;
#2035 = ADVANCED_FACE ( 'NONE', ( #977 ), #1698, .T. ) ;
#2036 = AXIS2_PLACEMENT_3D ( 'NONE', #8341, #6354, #2722 ) ;
#2037 = DIRECTION ( 'NONE',  ( 0.000000000000000000, -1.000000000000000000, -2.437924253196860008E-16 ) ) ;
#2038 = LINE ( 'NONE', #114, #5988 ) ;
#2039 = FACE_OUTER_BOUND ( 'NONE', #1766, .T. ) ;
#2040 = VERTEX_POINT ( 'NONE', #7869 ) ;
#2041 = TOROIDAL_SURFACE ( 'NONE', #6997, 0.8516191124590786199, 0.3499999999999999778 ) ;
#2042 = ORIENTED_EDGE ( 'NONE', *, *, #6665, .T. ) ;
#2043 = DIRECTION ( 'NONE',  ( 1.000000000000000000, 0.000000000000000000, 0.000000000000000000 ) ) ;
#2044 = CARTESIAN_POINT ( 'NONE',  ( 3.275000000000515055, 0.8000000000000002665, 0.4000000000000425437 ) ) ;
#2045 = AXIS2_PLACEMENT_3D ( 'NONE', #5198, #7040, #7297 ) ;
#2046 = VECTOR ( 'NONE', #2655, 1000.000000000000000 ) ;
#2047 = CARTESIAN_POINT ( 'NONE',  ( 3.831114405820025492, 1.692071357416733424, 1.239340916031886008 ) ) ;
#2048 = PLANE ( 'NONE',  #7490 ) ;
#2049 = DIRECTION ( 'NONE',  ( -1.000000000000000000, -4.613626265895765162E-17, 1.619075244254214328E-13 ) ) ;
#2050 = DIRECTION ( 'NONE',  ( -1.000000000000000000, -0.000000000000000000, -0.000000000000000000 ) ) ;
#2051 = ADVANCED_FACE ( 'NONE', ( #7179 ), #3748, .T. ) ;
#2052 = VECTOR ( 'NONE', #4722, 1000.000000000000000 ) ;
#2053 = AXIS2_PLACEMENT_3D ( 'NONE', #2310, #6505, #292 ) ;
#2054 = EDGE_LOOP ( 'NONE', ( #7567, #3760, #7482, #8048 ) ) ;
#2055 = ORIENTED_EDGE ( 'NONE', *, *, #840, .F. ) ;
#2056 = ORIENTED_EDGE ( 'NONE', *, *, #3641, .T. ) ;
#2057 = DIRECTION ( 'NONE',  ( -1.619075244254214076E-13, 0.000000000000000000, -1.000000000000000000 ) ) ;
#2058 = CARTESIAN_POINT ( 'NONE',  ( 2.669999999999988827, 3.199999999999999734, 0.000000000000000000 ) ) ;
#2059 = AXIS2_PLACEMENT_3D ( 'NONE', #8389, #5543, #3400 ) ;
#2060 = DIRECTION ( 'NONE',  ( 1.000000000000000000, 4.613626265895765162E-17, -1.619075244254214076E-13 ) ) ;
#2061 = DIRECTION ( 'NONE',  ( 0.000000000000000000, 0.000000000000000000, 1.000000000000000000 ) ) ;
#2062 = CARTESIAN_POINT ( 'NONE',  ( -3.074999999999999734, -1.418690076762947653E-16, 1.300000000000425482 ) ) ;
#2063 = EDGE_LOOP ( 'NONE', ( #5013, #7635, #4506, #4760 ) ) ;
#2064 = VERTEX_POINT ( 'NONE', #271 ) ;
#2065 = EDGE_CURVE ( 'NONE', #4514, #3980, #5800, .T. ) ;
#2066 = ORIENTED_EDGE ( 'NONE', *, *, #8285, .T. ) ;
#2067 = CARTESIAN_POINT ( 'NONE',  ( 3.655504509961680526, 2.166710168957866056, -1.247338505565005473 ) ) ;
#2068 = EDGE_LOOP ( 'NONE', ( #2568, #5645, #6286, #4969 ) ) ;
#2069 = DIRECTION ( 'NONE',  ( 0.000000000000000000, 0.000000000000000000, 1.000000000000000000 ) ) ;
#2070 = CARTESIAN_POINT ( 'NONE',  ( 2.924999999999999822, 0.8549999999999998712, 0.000000000000000000 ) ) ;
#2071 = DIRECTION ( 'NONE',  ( 4.613626265895765162E-17, -1.000000000000000000, 0.000000000000000000 ) ) ;
#2072 = DIRECTION ( 'NONE',  ( 0.000000000000000000, 0.000000000000000000, 1.000000000000000000 ) ) ;
#2073 = VERTEX_POINT ( 'NONE', #4473 ) ;
#2074 = CARTESIAN_POINT ( 'NONE',  ( 3.719964362133800329, 3.061070662640247519, 1.387635900700572966 ) ) ;
#2075 = EDGE_CURVE ( 'NONE', #5705, #2690, #8556, .T. ) ;
#2076 = DIRECTION ( 'NONE',  ( 1.000000000000000000, -0.000000000000000000, -0.000000000000000000 ) ) ;
#2077 = CARTESIAN_POINT ( 'NONE',  ( -7.875000000000000000, 2.188918058954341106, 1.776661575880237987 ) ) ;
#2078 = ORIENTED_EDGE ( 'NONE', *, *, #774, .T. ) ;
#2079 = UNCERTAINTY_MEASURE_WITH_UNIT (LENGTH_MEASURE( 1.000000000000000082E-05 ), #8908, 'distance_accuracy_value', 'NONE');
#2080 = VECTOR ( 'NONE', #828, 1000.000000000000000 ) ;
#2081 = CARTESIAN_POINT ( 'NONE',  ( 3.724999999999999201, 1.981957975374244896, 1.255324857972438091 ) ) ;
#2082 = CARTESIAN_POINT ( 'NONE',  ( 1.024999999999999911, 0.2130333909769859813, 1.748039948067321214 ) ) ;
#2083 = FACE_OUTER_BOUND ( 'NONE', #4002, .T. ) ;
#2084 = ORIENTED_EDGE ( 'NONE', *, *, #225, .T. ) ;
#2085 = VECTOR ( 'NONE', #1327, 1000.000000000000000 ) ;
#2086 = EDGE_CURVE ( 'NONE', #1837, #7952, #8603, .T. ) ;
#2087 = LINE ( 'NONE', #4880, #8948 ) ;
#2088 = DIRECTION ( 'NONE',  ( -3.614007241618347908E-17, -1.667367873506791430E-33, 1.000000000000000000 ) ) ;
#2089 = DIRECTION ( 'NONE',  ( 1.000000000000000000, 0.000000000000000000, 0.000000000000000000 ) ) ;
#2090 = VECTOR ( 'NONE', #1971, 1000.000000000000000 ) ;
#2091 = FACE_OUTER_BOUND ( 'NONE', #7464, .T. ) ;
#2092 = VECTOR ( 'NONE', #177, 1000.000000000000000 ) ;
#2093 = DIRECTION ( 'NONE',  ( 1.000000000000000000, 4.613626265895765162E-17, -1.619075244254214076E-13 ) ) ;
#2094 = VERTEX_POINT ( 'NONE', #5716 ) ;
#2095 = ORIENTED_EDGE ( 'NONE', *, *, #4552, .F. ) ;
#2096 = LINE ( 'NONE', #7591, #5926 ) ;
#2097 = CIRCLE ( 'NONE', #1383, 2.075000000000000178 ) ;
#2098 = DIRECTION ( 'NONE',  ( 0.000000000000000000, 0.000000000000000000, -1.000000000000000000 ) ) ;
#2099 = EDGE_CURVE ( 'NONE', #2339, #4594, #1023, .T. ) ;
#2100 = DIRECTION ( 'NONE',  ( -0.000000000000000000, 1.000000000000000000, 3.046096706647208167E-16 ) ) ;
#2101 = AXIS2_PLACEMENT_3D ( 'NONE', #3308, #6772, #2021 ) ;
#2102 = ORIENTED_EDGE ( 'NONE', *, *, #6346, .T. ) ;
#2103 = CARTESIAN_POINT ( 'NONE',  ( 3.024999999999999911, 5.421010862427522170E-17, -2.000000000000000000 ) ) ;
#2104 = AXIS2_PLACEMENT_3D ( 'NONE', #2132, #6202, #5690 ) ;
#2105 = DIRECTION ( 'NONE',  ( 1.000000000000000000, 0.000000000000000000, 0.000000000000000000 ) ) ;
#2106 = ORIENTED_EDGE ( 'NONE', *, *, #6256, .F. ) ;
#2107 = ORIENTED_EDGE ( 'NONE', *, *, #1856, .T. ) ;
#2108 = ORIENTED_EDGE ( 'NONE', *, *, #4366, .F. ) ;
#2109 = DIRECTION ( 'NONE',  ( -1.000000000000000000, 0.000000000000000000, 0.000000000000000000 ) ) ;
#2110 = EDGE_LOOP ( 'NONE', ( #5135, #3345, #727, #6289 ) ) ;
#2111 = DIRECTION ( 'NONE',  ( 1.000000000000000000, 0.000000000000000000, 0.000000000000000000 ) ) ;
#2112 = FACE_OUTER_BOUND ( 'NONE', #6113, .T. ) ;
#2113 = VECTOR ( 'NONE', #7819, 1000.000000000000000 ) ;
#2114 = EDGE_CURVE ( 'NONE', #6878, #5270, #1745, .T. ) ;
#2115 = CARTESIAN_POINT ( 'NONE',  ( 3.275000000000000355, 0.7692519213489307228, -0.7857212390312815486 ) ) ;
#2116 = CARTESIAN_POINT ( 'NONE',  ( 3.231750655984344078, 0.9471711320795347389, -1.212171132079469471 ) ) ;
#2117 = ORIENTED_EDGE ( 'NONE', *, *, #3371, .F. ) ;
#2118 = SURFACE_STYLE_FILL_AREA ( #4182 ) ;
#2119 = DIRECTION ( 'NONE',  ( -1.000000000000000000, -0.000000000000000000, -0.000000000000000000 ) ) ;
#2120 = ORIENTED_EDGE ( 'NONE', *, *, #4104, .T. ) ;
#2121 = DIRECTION ( 'NONE',  ( 0.000000000000000000, -1.000000000000000000, 0.000000000000000000 ) ) ;
#2122 = DIRECTION ( 'NONE',  ( 1.000000000000000000, 4.613626265895765162E-17, -1.619075244254214076E-13 ) ) ;
#2123 = VERTEX_POINT ( 'NONE', #8511 ) ;
#2124 = CARTESIAN_POINT ( 'NONE',  ( 3.125000000000000000, 3.399999999999999911, 1.322875655532295802 ) ) ;
#2125 = EDGE_CURVE ( 'NONE', #7307, #4023, #5073, .T. ) ;
#2126 = CARTESIAN_POINT ( 'NONE',  ( 3.766542119300694935, 1.777944136154004040, 1.440516748314647266 ) ) ;
#2127 = B_SPLINE_CURVE_WITH_KNOTS ( 'NONE', 3,
 ( #6827, #5463, #6141, #8940, #2681, #8256, #4392, #7879, #111, #5635, #4950, #8565, #1534 ),
 .UNSPECIFIED., .F., .F.,
 ( 4, 3, 3, 3, 4 ),
 ( -1.224255364886438515E-05, -1.694065894508600678E-21, 1.064353321164256525E-05, 7.432859958300153146E-05, 0.0002035779338781428731 ),
 .UNSPECIFIED. ) ;
#2128 = DIRECTION ( 'NONE',  ( -0.000000000000000000, 0.6427876096865372535, -0.7660444431189797898 ) ) ;
#2129 = VERTEX_POINT ( 'NONE', #8742 ) ;
#2130 = EDGE_LOOP ( 'NONE', ( #6822, #6739, #1855, #2374 ) ) ;
#2131 = DIRECTION ( 'NONE',  ( 1.000000000000000000, -0.000000000000000000, -0.000000000000000000 ) ) ;
#2132 = CARTESIAN_POINT ( 'NONE',  ( 2.225000000000000089, 1.899999999999999689, 1.133352670977950737E-13 ) ) ;
#2133 = ORIENTED_EDGE ( 'NONE', *, *, #5277, .F. ) ;
#2134 = CARTESIAN_POINT ( 'NONE',  ( 3.669745707731745021, 0.7345357744020459823, -1.251839274281681957 ) ) ;
#2135 = DIRECTION ( 'NONE',  ( 1.413135422465610246E-13, 0.4878221271330416831, 0.8729430521399402787 ) ) ;
#2136 = ADVANCED_FACE ( 'NONE', ( #1794 ), #1881, .F. ) ;
#2137 = ORIENTED_EDGE ( 'NONE', *, *, #2197, .T. ) ;
#2138 = DIRECTION ( 'NONE',  ( 1.000000000000000000, 4.613626265895768243E-17, 0.000000000000000000 ) ) ;
#2139 = CARTESIAN_POINT ( 'NONE',  ( 3.277663711335771612, 0.8438241912549762080, -1.679545526866349059 ) ) ;
#2140 = CARTESIAN_POINT ( 'NONE',  ( 3.275000000000000355, 0.3750000000000000000, -1.100000000000000089 ) ) ;
#2141 = VERTEX_POINT ( 'NONE', #8880 ) ;
#2142 = EDGE_LOOP ( 'NONE', ( #3135, #3393 ) ) ;
#2143 = CARTESIAN_POINT ( 'NONE',  ( 3.275000000000000355, 1.899999999999999911, -2.000000000000000000 ) ) ;
#2144 = ADVANCED_FACE ( 'NONE', ( #1746 ), #1166, .F. ) ;
#2145 = EDGE_CURVE ( 'NONE', #1102, #5164, #2478, .T. ) ;
#2146 = CARTESIAN_POINT ( 'NONE',  ( -3.424999999999793321, 0.1799999999999998546, -1.100000000000423972 ) ) ;
#2147 = VERTEX_POINT ( 'NONE', #2577 ) ;
#2148 = ORIENTED_EDGE ( 'NONE', *, *, #7724, .T. ) ;
#2149 = AXIS2_PLACEMENT_3D ( 'NONE', #6759, #7505, #1969 ) ;
#2150 = DIRECTION ( 'NONE',  ( 1.000000000000000000, 0.000000000000000000, -0.000000000000000000 ) ) ;
#2151 = DIRECTION ( 'NONE',  ( -1.000000000000000000, -0.000000000000000000, -0.000000000000000000 ) ) ;
#2152 = DIRECTION ( 'NONE',  ( -1.000000000000000000, 0.000000000000000000, 0.000000000000000000 ) ) ;
#2153 = CARTESIAN_POINT ( 'NONE',  ( -2.875000000000000000, 1.899999999999999911, 0.000000000000000000 ) ) ;
#2154 = ORIENTED_EDGE ( 'NONE', *, *, #3321, .F. ) ;
#2155 = ORIENTED_EDGE ( 'NONE', *, *, #7796, .F. ) ;
#2156 =( LENGTH_UNIT ( ) NAMED_UNIT ( * ) SI_UNIT ( .MILLI., .METRE. ) );
#2157 = DIRECTION ( 'NONE',  ( -1.000000000000000000, -0.000000000000000000, -0.000000000000000000 ) ) ;
#2158 = EDGE_CURVE ( 'NONE', #2777, #2123, #2172, .T. ) ;
#2159 = VERTEX_POINT ( 'NONE', #1843 ) ;
#2160 = CARTESIAN_POINT ( 'NONE',  ( -2.874999999999999556, 1.899999999999999467, 9.390636416674440884E-13 ) ) ;
#2161 = FACE_OUTER_BOUND ( 'NONE', #1245, .T. ) ;
#2162 = CARTESIAN_POINT ( 'NONE',  ( 2.225000000000309175, 1.246118888169526873, 1.911240301895185345 ) ) ;
#2163 = CARTESIAN_POINT ( 'NONE',  ( 3.838730832139335636, 0.7920420066438011997, -1.014320057092167993 ) ) ;
#2164 = AXIS2_PLACEMENT_3D ( 'NONE', #3574, #133, #8463 ) ;
#2165 = DIRECTION ( 'NONE',  ( -4.690396731226332546E-35, -6.829619984159958918E-16, 1.000000000000000000 ) ) ;
#2166 = ORIENTED_EDGE ( 'NONE', *, *, #1538, .F. ) ;
#2167 = AXIS2_PLACEMENT_3D ( 'NONE', #883, #219, #3656 ) ;
#2168 = EDGE_CURVE ( 'NONE', #5902, #1308, #7372, .T. ) ;
#2169 = ORIENTED_EDGE ( 'NONE', *, *, #5471, .T. ) ;
#2170 = DIRECTION ( 'NONE',  ( -1.000000000000000000, -4.959303851210689957E-14, 1.449563417308804531E-13 ) ) ;
#2171 = FACE_OUTER_BOUND ( 'NONE', #8695, .T. ) ;
#2172 = CIRCLE ( 'NONE', #7731, 2.024999999999999911 ) ;
#2173 = DIRECTION ( 'NONE',  ( 0.000000000000000000, 0.000000000000000000, 1.000000000000000000 ) ) ;
#2174 = DIRECTION ( 'NONE',  ( 8.099371738820811693E-14, -0.8660254037844418162, 0.4999999999999943934 ) ) ;
#2175 = DIRECTION ( 'NONE',  ( 0.000000000000000000, -1.000000000000000000, 0.000000000000000000 ) ) ;
#2176 = CIRCLE ( 'NONE', #3500, 0.8000000000000000444 ) ;
#2177 = ORIENTED_EDGE ( 'NONE', *, *, #117, .T. ) ;
#2178 = CIRCLE ( 'NONE', #8186, 2.199999999999231903 ) ;
#2179 = ORIENTED_EDGE ( 'NONE', *, *, #6716, .T. ) ;
#2180 = VERTEX_POINT ( 'NONE', #3898 ) ;
#2181 = CARTESIAN_POINT ( 'NONE',  ( -3.075000000000000178, 0.1799999999999998546, 0.4000000000004247380 ) ) ;
#2182 = EDGE_CURVE ( 'NONE', #6296, #1673, #3846, .T. ) ;
#2183 = CARTESIAN_POINT ( 'NONE',  ( 3.125000000000000000, 0.2500000000000000000, 0.000000000000000000 ) ) ;
#2184 = EDGE_CURVE ( 'NONE', #3654, #380, #4661, .T. ) ;
#2185 = EDGE_CURVE ( 'NONE', #5743, #1102, #3165, .T. ) ;
#2186 = AXIS2_PLACEMENT_3D ( 'NONE', #7584, #4198, #573 ) ;
#2187 = CARTESIAN_POINT ( 'NONE',  ( 3.275000000000000355, 0.9490486745229370635, -0.9649999999999354650 ) ) ;
#2188 = ORIENTED_EDGE ( 'NONE', *, *, #1697, .T. ) ;
#2189 = ORIENTED_EDGE ( 'NONE', *, *, #8297, .F. ) ;
#2190 = AXIS2_PLACEMENT_3D ( 'NONE', #8493, #4924, #1457 ) ;
#2191 = DIRECTION ( 'NONE',  ( -1.000000000000000000, -0.000000000000000000, -0.000000000000000000 ) ) ;
#2192 = B_SPLINE_CURVE_WITH_KNOTS ( 'NONE', 3,
 ( #4227, #4951, #7013, #7754 ),
 .UNSPECIFIED., .F., .F.,
 ( 4, 4 ),
 ( 2.979522895680848722E-05, 0.0003999559841580450589 ),
 .UNSPECIFIED. ) ;
#2193 = ORIENTED_EDGE ( 'NONE', *, *, #5204, .T. ) ;
#2194 = ORIENTED_EDGE ( 'NONE', *, *, #971, .T. ) ;
#2195 = LINE ( 'NONE', #2890, #3704 ) ;
#2196 = CIRCLE ( 'NONE', #2494, 0.5000000000000001110 ) ;
#2197 = EDGE_CURVE ( 'NONE', #3159, #7694, #1213, .T. ) ;
#2198 = CARTESIAN_POINT ( 'NONE',  ( 3.125000000000000000, 1.899999999999999911, 0.000000000000000000 ) ) ;
#2199 = DIRECTION ( 'NONE',  ( -1.000000000000000000, -0.000000000000000000, -0.000000000000000000 ) ) ;
#2200 = ADVANCED_FACE ( 'NONE', ( #6764 ), #545, .T. ) ;
#2201 = DIRECTION ( 'NONE',  ( -0.000000000000000000, 1.000000000000000000, 0.000000000000000000 ) ) ;
#2202 = VECTOR ( 'NONE', #5759, 1000.000000000000000 ) ;
#2203 = CARTESIAN_POINT ( 'NONE',  ( 3.947020533738645920, 2.866279034028911266, 1.233825257796262953 ) ) ;
#2204 = ORIENTED_EDGE ( 'NONE', *, *, #2331, .F. ) ;
#2205 = EDGE_CURVE ( 'NONE', #1838, #3129, #2432, .T. ) ;
#2206 = DIRECTION ( 'NONE',  ( 0.000000000000000000, 0.000000000000000000, 1.000000000000000000 ) ) ;
#2207 = FACE_OUTER_BOUND ( 'NONE', #1894, .T. ) ;
#2208 = VERTEX_POINT ( 'NONE', #4574 ) ;
#2209 = DIRECTION ( 'NONE',  ( -1.619075244254214076E-13, 0.000000000000000000, -1.000000000000000000 ) ) ;
#2210 = DIRECTION ( 'NONE',  ( 0.000000000000000000, 0.000000000000000000, -1.000000000000000000 ) ) ;
#2211 = EDGE_CURVE ( 'NONE', #2073, #2488, #5989, .T. ) ;
#2212 = VERTEX_POINT ( 'NONE', #5392 ) ;
#2213 = ADVANCED_FACE ( 'NONE', ( #5309 ), #4654, .T. ) ;
#2214 = VECTOR ( 'NONE', #6409, 1000.000000000000000 ) ;
#2215 = DIRECTION ( 'NONE',  ( 1.532051254914897259E-13, -0.3237035207080047328, 0.9461585652950790237 ) ) ;
#2216 = CARTESIAN_POINT ( 'NONE',  ( 3.746788929492051778, 1.057177237793092806, -1.006276182907521299 ) ) ;
#2217 = LINE ( 'NONE', #1410, #4525 ) ;
#2218 = EDGE_LOOP ( 'NONE', ( #3084, #8487, #525, #416 ) ) ;
#2219 = ORIENTED_EDGE ( 'NONE', *, *, #3281, .F. ) ;
#2220 = CARTESIAN_POINT ( 'NONE',  ( 3.624999999999999556, 1.487689437438234119, 0.8000000000000002665 ) ) ;
#2221 = PRESENTATION_LAYER_ASSIGNMENT (  '', '', ( #79 ) ) ;
#2222 = DIRECTION ( 'NONE',  ( 0.000000000000000000, 0.000000000000000000, 1.000000000000000000 ) ) ;
#2223 = PRESENTATION_STYLE_ASSIGNMENT (( #2738 ) ) ;
#2224 = EDGE_CURVE ( 'NONE', #648, #7104, #6076, .T. ) ;
#2225 = CARTESIAN_POINT ( 'NONE',  ( 2.225000000000356248, 3.248445554339142838, 2.199999999999174616 ) ) ;
#2226 = DIRECTION ( 'NONE',  ( -1.000000000000000000, -0.000000000000000000, -0.000000000000000000 ) ) ;
#2227 = VECTOR ( 'NONE', #7275, 1000.000000000000000 ) ;
#2228 = ORIENTED_EDGE ( 'NONE', *, *, #7484, .T. ) ;
#2229 = ORIENTED_EDGE ( 'NONE', *, *, #7810, .T. ) ;
#2230 = CARTESIAN_POINT ( 'NONE',  ( 3.739370139709939256, 0.8717193242104069872, -1.451552697008589687 ) ) ;
#2231 = CARTESIAN_POINT ( 'NONE',  ( -3.075000000000000178, 0.1799999999999998546, -0.4000000000004248490 ) ) ;
#2232 = CARTESIAN_POINT ( 'NONE',  ( 3.125000000000000000, 1.899999999999999911, 0.000000000000000000 ) ) ;
#2233 = FACE_OUTER_BOUND ( 'NONE', #3921, .T. ) ;
#2234 = VECTOR ( 'NONE', #4339, 1000.000000000000000 ) ;
#2235 = CARTESIAN_POINT ( 'NONE',  ( -3.875000000000000000, 2.164841554041476268, -1.778606444556866784 ) ) ;
#2236 = AXIS2_PLACEMENT_3D ( 'NONE', #6171, #8973, #2710 ) ;
#2237 = AXIS2_PLACEMENT_3D ( 'NONE', #1668, #3178, #6494 ) ;
#2238 = EDGE_CURVE ( 'NONE', #7932, #3980, #8840, .T. ) ;
#2239 = ORIENTED_EDGE ( 'NONE', *, *, #4041, .T. ) ;
#2240 = CIRCLE ( 'NONE', #5009, 0.2500000000000000000 ) ;
#2241 = VECTOR ( 'NONE', #5017, 1000.000000000000000 ) ;
#2242 = CARTESIAN_POINT ( 'NONE',  ( 3.824582974381678380, 2.118300959537129380, -1.251564919531613862 ) ) ;
#2243 = DIRECTION ( 'NONE',  ( -1.000000000000000000, -4.613626265895765162E-17, 1.619075244254214076E-13 ) ) ;
#2244 = LINE ( 'NONE', #1437, #3026 ) ;
#2245 = AXIS2_PLACEMENT_3D ( 'NONE', #7982, #3636, #1719 ) ;
#2246 = CARTESIAN_POINT ( 'NONE',  ( 3.974999999999999201, -1.814701250918366431E-16, 1.255324857972437869 ) ) ;
#2247 = DIRECTION ( 'NONE',  ( 3.614007241618347908E-17, 1.667367873506791430E-33, -1.000000000000000000 ) ) ;
#2248 = EDGE_CURVE ( 'NONE', #1126, #3360, #1253, .T. ) ;
#2249 = ADVANCED_FACE ( 'NONE', ( #2841 ), #7730, .F. ) ;
#2250 = ORIENTED_EDGE ( 'NONE', *, *, #8150, .F. ) ;
#2251 = DIRECTION ( 'NONE',  ( -0.000000000000000000, 1.000000000000000000, 7.228014483236700746E-17 ) ) ;
#2252 = CARTESIAN_POINT ( 'NONE',  ( -2.874999999999672706, 1.899999999999999689, 2.020000000000170992 ) ) ;
#2253 = CIRCLE ( 'NONE', #7371, 1.000000000000029754 ) ;
#2254 = ORIENTED_EDGE ( 'NONE', *, *, #1765, .F. ) ;
#2255 = CARTESIAN_POINT ( 'NONE',  ( 3.275000000000000355, 2.200000000000000622, -1.600000000000000311 ) ) ;
#2256 = CARTESIAN_POINT ( 'NONE',  ( -5.585000000000000853, 1.899999999999999911, 0.000000000000000000 ) ) ;
#2257 = CARTESIAN_POINT ( 'NONE',  ( 1.524999999999999911, 7.035780055491041117E-17, -0.4000000000000419331 ) ) ;
#2258 = DIRECTION ( 'NONE',  ( -0.000000000000000000, -0.000000000000000000, 1.000000000000000000 ) ) ;
#2259 = FACE_OUTER_BOUND ( 'NONE', #1393, .T. ) ;
#2260 = DIRECTION ( 'NONE',  ( 1.000000000000000000, 4.613626265895765778E-17, 0.000000000000000000 ) ) ;
#2261 = EDGE_CURVE ( 'NONE', #2823, #2499, #3202, .T. ) ;
#2262 = PLANE ( 'NONE',  #1906 ) ;
#2263 = VERTEX_POINT ( 'NONE', #8283 ) ;
#2264 = EDGE_CURVE ( 'NONE', #7499, #8943, #7550, .T. ) ;
#2265 = CARTESIAN_POINT ( 'NONE',  ( -2.957843773540097754, 3.199997213221188908, 0.08252542233656244564 ) ) ;
#2266 = VECTOR ( 'NONE', #5079, 1000.000000000000000 ) ;
#2267 = CARTESIAN_POINT ( 'NONE',  ( 3.773638242482320049, 3.034888400828546828, 1.244166813808026850 ) ) ;
#2268 = CARTESIAN_POINT ( 'NONE',  ( -3.674999999999999822, 1.899999999999999911, 0.000000000000000000 ) ) ;
#2269 = DIRECTION ( 'NONE',  ( -0.9961946980917455452, 0.08715574274765836016, 0.000000000000000000 ) ) ;
#2270 = DIRECTION ( 'NONE',  ( 0.000000000000000000, -1.000000000000000000, -8.142186219783199579E-12 ) ) ;
#2271 = VECTOR ( 'NONE', #6558, 1000.000000000000114 ) ;
#2272 = ORIENTED_EDGE ( 'NONE', *, *, #4991, .F. ) ;
#2273 = DIRECTION ( 'NONE',  ( 0.000000000000000000, 0.000000000000000000, 1.000000000000000000 ) ) ;
#2274 = DIRECTION ( 'NONE',  ( 1.000000000000000000, 4.613626265895765162E-17, -1.619075244254214076E-13 ) ) ;
#2275 = EDGE_CURVE ( 'NONE', #2565, #2755, #4946, .T. ) ;
#2276 = CARTESIAN_POINT ( 'NONE',  ( 3.275000000000000355, 3.099999999999999645, 1.214048674522871796 ) ) ;
#2277 = AXIS2_PLACEMENT_3D ( 'NONE', #4040, #8123, #3223 ) ;
#2278 = CARTESIAN_POINT ( 'NONE',  ( 2.669999999999988827, 0.6000000000000003109, -0.8000000000000000444 ) ) ;
#2279 = ORIENTED_EDGE ( 'NONE', *, *, #5640, .F. ) ;
#2280 = DIRECTION ( 'NONE',  ( -1.000000000000000000, 0.000000000000000000, 0.000000000000000000 ) ) ;
#2281 = ORIENTED_EDGE ( 'NONE', *, *, #1953, .F. ) ;
#2282 = DIRECTION ( 'NONE',  ( 1.000000000000000000, 4.613626265895765162E-17, 0.000000000000000000 ) ) ;
#2283 = CARTESIAN_POINT ( 'NONE',  ( 3.956348859917058647, 2.816418902174000927, 1.318709039668801042 ) ) ;
#2284 = DIRECTION ( 'NONE',  ( 0.000000000000000000, 0.000000000000000000, 1.000000000000000000 ) ) ;
#2285 = CARTESIAN_POINT ( 'NONE',  ( 3.971903135266017681, 1.845945239847945230, -1.223922426933315100 ) ) ;
#2286 = PLANE ( 'NONE',  #8928 ) ;
#2287 = EDGE_LOOP ( 'NONE', ( #1587, #7837, #7495, #2553, #6712 ) ) ;
#2288 = ORIENTED_EDGE ( 'NONE', *, *, #4850, .F. ) ;
#2289 = CARTESIAN_POINT ( 'NONE',  ( 2.924999999999999822, 0.7749999999999999112, 1.683745824048273443 ) ) ;
#2290 = LINE ( 'NONE', #5072, #119 ) ;
#2291 = VECTOR ( 'NONE', #1479, 1000.000000000000000 ) ;
#2292 = ORIENTED_EDGE ( 'NONE', *, *, #7726, .F. ) ;
#2293 = CARTESIAN_POINT ( 'NONE',  ( 3.024999999999999911, 0.1500000000000000222, -2.000000000000000000 ) ) ;
#2294 = CARTESIAN_POINT ( 'NONE',  ( 3.974994382114231506, 2.176219477659262935, 1.253614889613856809 ) ) ;
#2295 = EDGE_CURVE ( 'NONE', #367, #2180, #5618, .T. ) ;
#2296 = CARTESIAN_POINT ( 'NONE',  ( 3.971903135266017681, 1.845945239847945230, -1.223922426933315100 ) ) ;
#2297 = ADVANCED_FACE ( 'NONE', ( #2664 ), #4755, .T. ) ;
#2298 = EDGE_CURVE ( 'NONE', #1027, #6006, #7688, .T. ) ;
#2299 = CARTESIAN_POINT ( 'NONE',  ( 3.745898938664377731, 0.8722717938549461314, -1.448372788627172225 ) ) ;
#2300 = DIRECTION ( 'NONE',  ( 0.000000000000000000, -0.9461585652950790237, -0.3237035207080047328 ) ) ;
#2301 = CARTESIAN_POINT ( 'NONE',  ( 3.125000000000000000, 2.162249880839105298, -0.9649999999999350209 ) ) ;
#2302 = CARTESIAN_POINT ( 'NONE',  ( 3.275000000000513278, 0.2499999999999990841, 0.4000000000000425993 ) ) ;
#2303 = VERTEX_POINT ( 'NONE', #8417 ) ;
#2304 = ORIENTED_EDGE ( 'NONE', *, *, #2125, .F. ) ;
#2305 = CARTESIAN_POINT ( 'NONE',  ( 3.275000000000000355, 1.637750119160781725, 0.9649999999999354650 ) ) ;
#2306 = CARTESIAN_POINT ( 'NONE',  ( 3.956146413604306744, 2.845219855128785280, 1.264846529534307651 ) ) ;
#2307 = EDGE_CURVE ( 'NONE', #6847, #2159, #4766, .T. ) ;
#2308 = CARTESIAN_POINT ( 'NONE',  ( -2.874999999999682476, 3.108593432784896748, 1.957769019921744569 ) ) ;
#2309 = FACE_OUTER_BOUND ( 'NONE', #7957, .T. ) ;
#2310 = CARTESIAN_POINT ( 'NONE',  ( 2.225000000000324718, 3.021990892406452467, 2.007769019920918829 ) ) ;
#2311 = CARTESIAN_POINT ( 'NONE',  ( 3.192586053245626942, 2.313617956447025836, -0.8053990694770677417 ) ) ;
#2312 = ORIENTED_EDGE ( 'NONE', *, *, #4982, .F. ) ;
#2313 = ADVANCED_FACE ( 'NONE', ( #713 ), #7642, .T. ) ;
#2314 = VECTOR ( 'NONE', #6467, 1000.000000000000000 ) ;
#2315 = DIRECTION ( 'NONE',  ( -1.000000000000000000, 0.000000000000000000, -0.000000000000000000 ) ) ;
#2316 = CARTESIAN_POINT ( 'NONE',  ( 3.253539591671258613, 1.847171132079533873, 0.9631224575565331403 ) ) ;
#2317 = FACE_OUTER_BOUND ( 'NONE', #6771, .T. ) ;
#2318 = CARTESIAN_POINT ( 'NONE',  ( 2.224999999999674571, 3.021990892406452467, -2.007769019922569953 ) ) ;
#2319 = EDGE_CURVE ( 'NONE', #6017, #5957, #3046, .T. ) ;
#2320 = ORIENTED_EDGE ( 'NONE', *, *, #1331, .F. ) ;
#2321 = VECTOR ( 'NONE', #6967, 1000.000000000000000 ) ;
#2322 = PLANE ( 'NONE',  #2164 ) ;
#2323 = CARTESIAN_POINT ( 'NONE',  ( 3.182252106401948666, 2.314474014751812359, 0.8089398803433237584 ) ) ;
#2324 = ORIENTED_EDGE ( 'NONE', *, *, #211, .F. ) ;
#2325 = VECTOR ( 'NONE', #3784, 1000.000000000000000 ) ;
#2326 = DIRECTION ( 'NONE',  ( -1.000000000000000000, -0.000000000000000000, -0.000000000000000000 ) ) ;
#2327 = DIRECTION ( 'NONE',  ( 4.613626265895765162E-17, -1.000000000000000000, -0.000000000000000000 ) ) ;
#2328 = CIRCLE ( 'NONE', #4668, 0.1000000000000000472 ) ;
#2329 = CIRCLE ( 'NONE', #8915, 2.000000000000000000 ) ;
#2330 = LINE ( 'NONE', #3797, #602 ) ;
#2331 = EDGE_CURVE ( 'NONE', #6024, #6633, #2031, .T. ) ;
#2332 = CARTESIAN_POINT ( 'NONE',  ( 3.095000000000512674, 0.2499999999999997780, 0.4000000000000425993 ) ) ;
#2333 = VERTEX_POINT ( 'NONE', #1429 ) ;
#2334 = B_SPLINE_CURVE_WITH_KNOTS ( 'NONE', 3,
 ( #4764, #5537, #6814, #6774 ),
 .UNSPECIFIED., .F., .F.,
 ( 4, 4 ),
 ( 0.000000000000000000, 4.262462445191408407E-05 ),
 .UNSPECIFIED. ) ;
#2335 = AXIS2_PLACEMENT_3D ( 'NONE', #4325, #7113, #6246 ) ;
#2336 = EDGE_LOOP ( 'NONE', ( #1942, #421, #8137, #4555, #2607, #587 ) ) ;
#2337 = CYLINDRICAL_SURFACE ( 'NONE', #3571, 0.2250000000000012546 ) ;
#2338 = ORIENTED_EDGE ( 'NONE', *, *, #869, .T. ) ;
#2339 = VERTEX_POINT ( 'NONE', #2143 ) ;
#2340 = FACE_OUTER_BOUND ( 'NONE', #1609, .T. ) ;
#2341 = CARTESIAN_POINT ( 'NONE',  ( 3.275000000000000355, 1.599999999999997868, 1.529141487488484996 ) ) ;
#2342 = CIRCLE ( 'NONE', #5697, 0.2500000000000000555 ) ;
#2343 = DIRECTION ( 'NONE',  ( 0.000000000000000000, -1.000000000000000000, 0.000000000000000000 ) ) ;
#2344 = VECTOR ( 'NONE', #4343, 1000.000000000000114 ) ;
#2345 = LINE ( 'NONE', #3080, #6940 ) ;
#2346 = B_SPLINE_CURVE_WITH_KNOTS ( 'NONE', 3,
 ( #4639, #7245, #1144, #5196 ),
 .UNSPECIFIED., .F., .F.,
 ( 4, 4 ),
 ( 4.848699518061080308E-19, 0.0004234710735987031122 ),
 .UNSPECIFIED. ) ;
#2347 = CARTESIAN_POINT ( 'NONE',  ( 3.667261826174069039, 0.9913271966705804461, -1.240916967422944550 ) ) ;
#2348 = CARTESIAN_POINT ( 'NONE',  ( 3.746788935686913735, 1.081957975374245429, -1.006276183449501538 ) ) ;
#2349 = ADVANCED_FACE ( 'NONE', ( #8330 ), #6254, .T. ) ;
#2350 = CARTESIAN_POINT ( 'NONE',  ( 3.275000000000000355, 3.400000000000000355, -1.322875655532294914 ) ) ;
#2351 = ORIENTED_EDGE ( 'NONE', *, *, #3493, .T. ) ;
#2352 = ORIENTED_EDGE ( 'NONE', *, *, #3032, .F. ) ;
#2353 = PLANE ( 'NONE',  #7030 ) ;
#2354 = CARTESIAN_POINT ( 'NONE',  ( 3.125000000000000000, 0.8458563656608284465, 0.7499999999999352740 ) ) ;
#2355 = CARTESIAN_POINT ( 'NONE',  ( 3.275000000000000355, 2.162249880839105298, -0.9649999999999350209 ) ) ;
#2356 = LINE ( 'NONE', #6013, #1751 ) ;
#2357 = DIRECTION ( 'NONE',  ( 0.000000000000000000, 0.000000000000000000, -1.000000000000000000 ) ) ;
#2358 = CARTESIAN_POINT ( 'NONE',  ( 3.135373369255975540, 2.325273130566865021, -0.8542618654119652488 ) ) ;
#2359 = ADVANCED_FACE ( 'NONE', ( #2709 ), #4210, .T. ) ;
#2360 = ORIENTED_EDGE ( 'NONE', *, *, #3042, .F. ) ;
#2361 = CIRCLE ( 'NONE', #7481, 0.2500000000000000000 ) ;
#2362 = EDGE_CURVE ( 'NONE', #876, #877, #5488, .T. ) ;
#2363 = ORIENTED_EDGE ( 'NONE', *, *, #6049, .T. ) ;
#2364 = DIRECTION ( 'NONE',  ( 0.000000000000000000, 0.000000000000000000, -1.000000000000000000 ) ) ;
#2365 = CARTESIAN_POINT ( 'NONE',  ( -7.875000000000000000, 1.787491022822341291, -0.7415131354564488131 ) ) ;
#2366 = DIRECTION ( 'NONE',  ( 0.7071067811865318076, -0.7071067811865632269, 0.000000000000000000 ) ) ;
#2367 = VERTEX_POINT ( 'NONE', #1388 ) ;
#2368 = DIRECTION ( 'NONE',  ( 0.000000000000000000, 0.000000000000000000, -1.000000000000000000 ) ) ;
#2369 = VERTEX_POINT ( 'NONE', #4168 ) ;
#2370 = CARTESIAN_POINT ( 'NONE',  ( 3.624999999999999556, 2.312310562561766591, 0.8000000000000002665 ) ) ;
#2371 = VECTOR ( 'NONE', #7026, 1000.000000000000114 ) ;
#2372 = CARTESIAN_POINT ( 'NONE',  ( 3.968943106621309003, 1.897938241527447500, -1.236123766133790935 ) ) ;
#2373 = ORIENTED_EDGE ( 'NONE', *, *, #5355, .F. ) ;
#2374 = ORIENTED_EDGE ( 'NONE', *, *, #4921, .F. ) ;
#2375 = EDGE_CURVE ( 'NONE', #1003, #7589, #8170, .T. ) ;
#2376 = DIRECTION ( 'NONE',  ( 0.000000000000000000, 0.9914448613738395810, 0.1305261922198301394 ) ) ;
#2377 = AXIS2_PLACEMENT_3D ( 'NONE', #7628, #8313, #4785 ) ;
#2378 = CARTESIAN_POINT ( 'NONE',  ( 3.125000000000000000, 3.399999999999999911, -2.200000000000000622 ) ) ;
#2379 = CARTESIAN_POINT ( 'NONE',  ( 3.225000000000000089, 1.487689437438233231, -0.7999999999999998224 ) ) ;
#2380 = CARTESIAN_POINT ( 'NONE',  ( 3.275000000000000355, 2.670000000000056328, -1.372499999999934994 ) ) ;
#2381 = VECTOR ( 'NONE', #6165, 1000.000000000000000 ) ;
#2382 = B_SPLINE_CURVE_WITH_KNOTS ( 'NONE', 3,
 ( #1340, #2879, #5613, #795, #5569, #835, #8370 ),
 .UNSPECIFIED., .F., .F.,
 ( 4, 3, 4 ),
 ( 6.213150125419788094E-18, 2.637135365181338895E-05, 3.714245357224897122E-05 ),
 .UNSPECIFIED. ) ;
#2383 = VECTOR ( 'NONE', #8552, 1000.000000000000000 ) ;
#2384 = DIRECTION ( 'NONE',  ( 0.000000000000000000, 0.000000000000000000, 1.000000000000000000 ) ) ;
#2385 = ORIENTED_EDGE ( 'NONE', *, *, #6213, .T. ) ;
#2386 = VERTEX_POINT ( 'NONE', #43 ) ;
#2387 = FACE_OUTER_BOUND ( 'NONE', #7660, .T. ) ;
#2388 = ORIENTED_EDGE ( 'NONE', *, *, #8952, .F. ) ;
#2389 = ORIENTED_EDGE ( 'NONE', *, *, #1628, .T. ) ;
#2390 = DIRECTION ( 'NONE',  ( -1.624582302898913623E-13, 0.000000000000000000, -1.000000000000000000 ) ) ;
#2391 = CARTESIAN_POINT ( 'NONE',  ( 3.974991601482650960, 1.627312111141029138, -1.253275665901308233 ) ) ;
#2392 = EDGE_CURVE ( 'NONE', #1788, #5484, #7825, .T. ) ;
#2393 = VECTOR ( 'NONE', #6749, 1000.000000000000000 ) ;
#2394 = CARTESIAN_POINT ( 'NONE',  ( 1.925000000000000266, 0.2500000000000000000, 6.421812867798747930E-16 ) ) ;
#2395 = ORIENTED_EDGE ( 'NONE', *, *, #273, .F. ) ;
#2396 = DIRECTION ( 'NONE',  ( 0.000000000000000000, 0.000000000000000000, 1.000000000000000000 ) ) ;
#2397 = AXIS2_PLACEMENT_3D ( 'NONE', #3902, #5221, #8561 ) ;
#2398 = CARTESIAN_POINT ( 'NONE',  ( -2.874999999999716227, 0.2130333909769859813, 1.748039948067952709 ) ) ;
#2399 = LINE ( 'NONE', #2301, #3962 ) ;
#2400 = ORIENTED_EDGE ( 'NONE', *, *, #728, .T. ) ;
#2401 = LINE ( 'NONE', #4356, #3224 ) ;
#2402 = VECTOR ( 'NONE', #4361, 1000.000000000000000 ) ;
#2403 = VERTEX_POINT ( 'NONE', #4335 ) ;
#2404 = LINE ( 'NONE', #4545, #4547 ) ;
#2405 = LINE ( 'NONE', #1048, #2402 ) ;
#2406 = ORIENTED_EDGE ( 'NONE', *, *, #9004, .T. ) ;
#2407 = CARTESIAN_POINT ( 'NONE',  ( 3.125000000000000000, 1.070000000000038476, 1.552499999999935598 ) ) ;
#2408 = EDGE_CURVE ( 'NONE', #5394, #1003, #4941, .T. ) ;
#2409 = LINE ( 'NONE', #1191, #6705 ) ;
#2410 = DIRECTION ( 'NONE',  ( -0.000000000000000000, 0.000000000000000000, 1.000000000000000000 ) ) ;
#2411 = CARTESIAN_POINT ( 'NONE',  ( 3.128045739392331104, 2.330234291699224247, -0.8755077287696665378 ) ) ;
#2412 = ORIENTED_EDGE ( 'NONE', *, *, #221, .F. ) ;
#2413 = VERTEX_POINT ( 'NONE', #6471 ) ;
#2414 = CARTESIAN_POINT ( 'NONE',  ( 2.225000000000309175, 1.246118888169527539, 1.911240301895185567 ) ) ;
#2415 = LINE ( 'NONE', #5056, #5212 ) ;
#2416 = DIRECTION ( 'NONE',  ( 0.000000000000000000, 0.000000000000000000, -1.000000000000000000 ) ) ;
#2417 = ADVANCED_FACE ( 'NONE', ( #922 ), #3013, .F. ) ;
#2418 = CARTESIAN_POINT ( 'NONE',  ( 2.225000000000234568, 0.3150000000000000577, 1.449999999999174172 ) ) ;
#2419 = ADVANCED_FACE ( 'NONE', ( #3651 ), #2322, .T. ) ;
#2420 = ORIENTED_EDGE ( 'NONE', *, *, #7445, .T. ) ;
#2421 = AXIS2_PLACEMENT_3D ( 'NONE', #6086, #8803, #4588 ) ;
#2422 = CARTESIAN_POINT ( 'NONE',  ( 3.772916391609288489, 0.8810330121718285001, -1.438836915049378051 ) ) ;
#2423 = CARTESIAN_POINT ( 'NONE',  ( 3.972162274434781093, 1.844745649183840097, -1.222307968833313607 ) ) ;
#2424 = ORIENTED_EDGE ( 'NONE', *, *, #3333, .T. ) ;
#2425 = ORIENTED_EDGE ( 'NONE', *, *, #3169, .T. ) ;
#2426 = ORIENTED_EDGE ( 'NONE', *, *, #666, .T. ) ;
#2427 = DIRECTION ( 'NONE',  ( -1.000000000000000000, -0.000000000000000000, -0.000000000000000000 ) ) ;
#2428 = DIRECTION ( 'NONE',  ( 0.000000000000000000, 0.000000000000000000, -1.000000000000000000 ) ) ;
#2429 = FACE_OUTER_BOUND ( 'NONE', #4893, .T. ) ;
#2430 = EDGE_CURVE ( 'NONE', #7248, #8282, #3613, .T. ) ;
#2431 = EDGE_CURVE ( 'NONE', #4937, #154, #1515, .T. ) ;
#2432 = LINE ( 'NONE', #8060, #3631 ) ;
#2433 = CARTESIAN_POINT ( 'NONE',  ( 3.655504509961679638, 2.817661494434929192, 0.9982898310420694754 ) ) ;
#2434 = ORIENTED_EDGE ( 'NONE', *, *, #6336, .F. ) ;
#2435 = ORIENTED_EDGE ( 'NONE', *, *, #7870, .F. ) ;
#2436 = CARTESIAN_POINT ( 'NONE',  ( 3.709899701959987972, 0.9870974682152388047, -1.003048793692237428 ) ) ;
#2437 = ORIENTED_EDGE ( 'NONE', *, *, #3891, .F. ) ;
#2438 = ORIENTED_EDGE ( 'NONE', *, *, #8881, .T. ) ;
#2439 = DIRECTION ( 'NONE',  ( -1.000000000000000000, -0.000000000000000000, -0.000000000000000000 ) ) ;
#2440 = FILL_AREA_STYLE ('',( #1705 ) ) ;
#2441 = AXIS2_PLACEMENT_3D ( 'NONE', #2893, #7002, #1306 ) ;
#2442 = CARTESIAN_POINT ( 'NONE',  ( 1.024999999999999911, 0.3150000000000000022, -1.450000000000631228 ) ) ;
#2443 = ORIENTED_EDGE ( 'NONE', *, *, #1817, .F. ) ;
#2444 = CARTESIAN_POINT ( 'NONE',  ( 3.655504509961679638, 2.166710168957866056, -1.253814209305440741 ) ) ;
#2445 = EDGE_CURVE ( 'NONE', #7801, #8369, #302, .T. ) ;
#2446 = FACE_OUTER_BOUND ( 'NONE', #2142, .T. ) ;
#2447 = DIRECTION ( 'NONE',  ( -1.000000000000000000, -4.613626265895765162E-17, 1.619075244254214328E-13 ) ) ;
#2448 = ORIENTED_EDGE ( 'NONE', *, *, #3653, .F. ) ;
#2449 = PLANE ( 'NONE',  #891 ) ;
#2450 = EDGE_CURVE ( 'NONE', #7989, #1488, #5829, .T. ) ;
#2451 = ORIENTED_EDGE ( 'NONE', *, *, #361, .T. ) ;
#2452 = CARTESIAN_POINT ( 'NONE',  ( 2.225000000000309175, 1.008266633727470829, 1.829865345312492675 ) ) ;
#2453 = CIRCLE ( 'NONE', #2149, 0.5000000000000004441 ) ;
#2454 = CARTESIAN_POINT ( 'NONE',  ( -2.874999999999697131, 3.264478005466096455, 1.867769019921745377 ) ) ;
#2455 = ORIENTED_EDGE ( 'NONE', *, *, #7070, .T. ) ;
#2456 = UNCERTAINTY_MEASURE_WITH_UNIT (LENGTH_MEASURE( 1.000000000000000082E-05 ), #513, 'distance_accuracy_value', 'NONE');
#2457 = CARTESIAN_POINT ( 'NONE',  ( 3.746788935686913735, 2.718042024625754394, 1.006276183449501538 ) ) ;
#2458 = LINE ( 'NONE', #5240, #6136 ) ;
#2459 = CARTESIAN_POINT ( 'NONE',  ( 3.126268858646825244, 2.331869191334880131, -0.8825416276371242930 ) ) ;
#2460 = EDGE_CURVE ( 'NONE', #6874, #7173, #7277, .T. ) ;
#2461 = ORIENTED_EDGE ( 'NONE', *, *, #1833, .T. ) ;
#2462 = DIRECTION ( 'NONE',  ( 0.000000000000000000, -1.000000000000000000, 0.000000000000000000 ) ) ;
#2463 = CARTESIAN_POINT ( 'NONE',  ( 3.024999999999999911, 0.2499999999999999445, 2.000000000000000000 ) ) ;
#2464 = DIRECTION ( 'NONE',  ( -4.336808689942016158E-15, -1.000000000000000000, -0.000000000000000000 ) ) ;
#2465 = CARTESIAN_POINT ( 'NONE',  ( -5.585000000000000853, 1.899999999999999911, 0.3499999999999998668 ) ) ;
#2466 = ORIENTED_EDGE ( 'NONE', *, *, #8993, .T. ) ;
#2467 = CARTESIAN_POINT ( 'NONE',  ( 3.275000000000000355, 1.599999999999999867, 0.9649999999999353539 ) ) ;
#2468 = DIRECTION ( 'NONE',  ( 0.000000000000000000, 0.000000000000000000, 1.000000000000000000 ) ) ;
#2469 = AXIS2_PLACEMENT_3D ( 'NONE', #2927, #5060, #5662 ) ;
#2470 = VERTEX_POINT ( 'NONE', #6515 ) ;
#2471 = EDGE_CURVE ( 'NONE', #8396, #4410, #800, .T. ) ;
#2472 = EDGE_CURVE ( 'NONE', #4568, #2833, #3055, .T. ) ;
#2473 = ORIENTED_EDGE ( 'NONE', *, *, #4452, .F. ) ;
#2474 = CARTESIAN_POINT ( 'NONE',  ( 2.924999999999999822, 3.399999999999999911, -1.433745095893967036 ) ) ;
#2475 = DIRECTION ( 'NONE',  ( -1.000000000000000000, -6.776263578034402713E-17, -0.000000000000000000 ) ) ;
#2476 = CARTESIAN_POINT ( 'NONE',  ( 3.191023082102264041, 3.107347028313898196, 1.476635309602710056 ) ) ;
#2477 = AXIS2_PLACEMENT_3D ( 'NONE', #6436, #4385, #3660 ) ;
#2478 = LINE ( 'NONE', #5262, #7874 ) ;
#2479 = DIRECTION ( 'NONE',  ( 0.000000000000000000, -1.000000000000000000, -1.239088197126290669E-15 ) ) ;
#2480 = VERTEX_POINT ( 'NONE', #5107 ) ;
#2481 = EDGE_CURVE ( 'NONE', #7931, #822, #6384, .T. ) ;
#2482 = EDGE_CURVE ( 'NONE', #2094, #822, #3697, .T. ) ;
#2483 = VERTEX_POINT ( 'NONE', #5706 ) ;
#2484 = DIRECTION ( 'NONE',  ( -1.000000000000000000, -0.000000000000000000, -0.000000000000000000 ) ) ;
#2485 = VECTOR ( 'NONE', #8901, 1000.000000000000000 ) ;
#2486 = EDGE_LOOP ( 'NONE', ( #3836, #3787, #3714, #45 ) ) ;
#2487 = AXIS2_PLACEMENT_3D ( 'NONE', #2268, #7294, #5050 ) ;
#2488 = VERTEX_POINT ( 'NONE', #8503 ) ;
#2489 = DIRECTION ( 'NONE',  ( 0.000000000000000000, 0.000000000000000000, 1.000000000000000000 ) ) ;
#2490 = CARTESIAN_POINT ( 'NONE',  ( -2.855193983452056994, 3.301222650919845236, 1.321788991707637084 ) ) ;
#2491 = CARTESIAN_POINT ( 'NONE',  ( -7.875000000000000000, 1.787491022822341291, -0.7415131354564488131 ) ) ;
#2492 = DIRECTION ( 'NONE',  ( -1.000000000000000000, -4.613626265895768243E-17, 0.000000000000000000 ) ) ;
#2493 = AXIS2_PLACEMENT_3D ( 'NONE', #22, #6407, #2905 ) ;
#2494 = AXIS2_PLACEMENT_3D ( 'NONE', #3237, #8818, #7437 ) ;
#2495 = DIRECTION ( 'NONE',  ( 0.000000000000000000, -0.6427876096865374755, -0.7660444431189796788 ) ) ;
#2496 = CARTESIAN_POINT ( 'NONE',  ( 3.025000000000512834, 0.1799999999999998823, 0.4000000000000425993 ) ) ;
#2497 = ORIENTED_EDGE ( 'NONE', *, *, #6873, .T. ) ;
#2498 = SURFACE_SIDE_STYLE ('',( #6823 ) ) ;
#2499 = VERTEX_POINT ( 'NONE', #2235 ) ;
#2500 = VERTEX_POINT ( 'NONE', #5022 ) ;
#2501 = CARTESIAN_POINT ( 'NONE',  ( 3.739370139709939256, 1.771719324210406343, 1.451552697008590131 ) ) ;
#2502 = ADVANCED_FACE ( 'NONE', ( #2968 ), #2624, .T. ) ;
#2503 = AXIS2_PLACEMENT_3D ( 'NONE', #5364, #8025, #8162 ) ;
#2504 = DIRECTION ( 'NONE',  ( -0.8795987315729242306, 0.4101636246358949522, 0.2409810624112348754 ) ) ;
#2505 = CYLINDRICAL_SURFACE ( 'NONE', #2776, 1.300000000000000044 ) ;
#2506 = CARTESIAN_POINT ( 'NONE',  ( 3.675000000000000266, 1.899999999999999911, 0.000000000000000000 ) ) ;
#2507 = CARTESIAN_POINT ( 'NONE',  ( 3.655504509961680526, 3.066710168957865523, 1.247338505565005917 ) ) ;
#2508 = EDGE_LOOP ( 'NONE', ( #7823, #7229, #927, #6802 ) ) ;
#2509 = VERTEX_POINT ( 'NONE', #259 ) ;
#2510 = AXIS2_PLACEMENT_3D ( 'NONE', #3461, #4919, #1326 ) ;
#2511 = DIRECTION ( 'NONE',  ( 1.000000000000000000, 4.613626265895765162E-17, -1.619075244254214076E-13 ) ) ;
#2512 = CARTESIAN_POINT ( 'NONE',  ( -2.875000000000000000, 1.899999999999999911, 0.000000000000000000 ) ) ;
#2513 = DIRECTION ( 'NONE',  ( 0.000000000000000000, 0.000000000000000000, -1.000000000000000000 ) ) ;
#2514 = EDGE_CURVE ( 'NONE', #3598, #2579, #8547, .T. ) ;
#2515 = DIRECTION ( 'NONE',  ( 0.000000000000000000, 0.000000000000000000, 1.000000000000000000 ) ) ;
#2516 = ORIENTED_EDGE ( 'NONE', *, *, #3115, .T. ) ;
#2517 = CARTESIAN_POINT ( 'NONE',  ( 3.968943106621474648, 1.002061758472736486, -1.236123766133629953 ) ) ;
#2518 = PLANE ( 'NONE',  #8188 ) ;
#2519 = VECTOR ( 'NONE', #7705, 1000.000000000000000 ) ;
#2520 = VERTEX_POINT ( 'NONE', #8643 ) ;
#2521 = ORIENTED_EDGE ( 'NONE', *, *, #7473, .T. ) ;
#2522 = EDGE_LOOP ( 'NONE', ( #7558, #3870, #1014, #841 ) ) ;
#2523 = CARTESIAN_POINT ( 'NONE',  ( 3.275000000000000355, 2.200000000000000622, -1.600000000000000311 ) ) ;
#2524 = DIRECTION ( 'NONE',  ( -1.000000000000000000, -0.000000000000000000, -0.000000000000000000 ) ) ;
#2525 = PLANE ( 'NONE',  #6642 ) ;
#2526 = COLOUR_RGB ( '',0.5019607843137254832, 0.5019607843137254832, 0.5019607843137254832 ) ;
#2527 = EDGE_CURVE ( 'NONE', #2777, #7522, #1176, .T. ) ;
#2528 = DIRECTION ( 'NONE',  ( 0.000000000000000000, -1.000000000000000000, -1.734723475976807094E-15 ) ) ;
#2529 = LINE ( 'NONE', #4662, #6545 ) ;
#2530 = VERTEX_POINT ( 'NONE', #3199 ) ;
#2531 = AXIS2_PLACEMENT_3D ( 'NONE', #7838, #1572, #6200 ) ;
#2532 = ORIENTED_EDGE ( 'NONE', *, *, #378, .F. ) ;
#2533 = CARTESIAN_POINT ( 'NONE',  ( 3.125000000000000000, 2.200000000000000622, 1.897345511577197108 ) ) ;
#2534 = VERTEX_POINT ( 'NONE', #8830 ) ;
#2535 = ORIENTED_EDGE ( 'NONE', *, *, #6355, .T. ) ;
#2536 = DIRECTION ( 'NONE',  ( 1.000000000000000000, 0.000000000000000000, 0.000000000000000000 ) ) ;
#2537 = AXIS2_PLACEMENT_3D ( 'NONE', #68, #195, #3628 ) ;
#2538 = CIRCLE ( 'NONE', #3562, 0.1000000000000004774 ) ;
#2539 = CIRCLE ( 'NONE', #957, 0.2500000000000000000 ) ;
#2540 = VECTOR ( 'NONE', #3061, 1000.000000000000000 ) ;
#2541 = DIRECTION ( 'NONE',  ( 1.000000000000000000, 6.776263578034402713E-17, 0.000000000000000000 ) ) ;
#2542 = ADVANCED_FACE ( 'NONE', ( #1873 ), #5237, .T. ) ;
#2543 = DIRECTION ( 'NONE',  ( -1.000000000000000000, 0.000000000000000000, 0.000000000000000000 ) ) ;
#2544 = DIRECTION ( 'NONE',  ( 5.236638346554071259E-14, 0.9461585652950790237, 0.3237035207080047328 ) ) ;
#2545 = ORIENTED_EDGE ( 'NONE', *, *, #1233, .F. ) ;
#2546 = AXIS2_PLACEMENT_3D ( 'NONE', #1151, #1828, #4645 ) ;
#2547 = DIRECTION ( 'NONE',  ( 0.000000000000000000, 0.000000000000000000, 1.000000000000000000 ) ) ;
#2548 = ORIENTED_EDGE ( 'NONE', *, *, #8532, .F. ) ;
#2549 = VECTOR ( 'NONE', #5205, 1000.000000000000000 ) ;
#2550 = DIRECTION ( 'NONE',  ( 0.000000000000000000, 0.000000000000000000, 1.000000000000000000 ) ) ;
#2551 = CIRCLE ( 'NONE', #4008, 1.799999999999776445 ) ;
#2552 = PLANE ( 'NONE',  #6627 ) ;
#2553 = ORIENTED_EDGE ( 'NONE', *, *, #8663, .T. ) ;
#2554 = EDGE_CURVE ( 'NONE', #199, #321, #6255, .T. ) ;
#2555 = TOROIDAL_SURFACE ( 'NONE', #1672, 1.824999999999999734, 0.2000000000000000111 ) ;
#2556 = LINE ( 'NONE', #5334, #7460 ) ;
#2557 = DIRECTION ( 'NONE',  ( -0.000000000000000000, -0.000000000000000000, -1.000000000000000000 ) ) ;
#2558 = ORIENTED_EDGE ( 'NONE', *, *, #7573, .T. ) ;
#2559 = ORIENTED_EDGE ( 'NONE', *, *, #2816, .T. ) ;
#2560 = DIRECTION ( 'NONE',  ( 0.000000000000000000, 0.000000000000000000, -1.000000000000000000 ) ) ;
#2561 = CARTESIAN_POINT ( 'NONE',  ( 3.125000000000000000, 0.000000000000000000, 1.897345511577197108 ) ) ;
#2562 = AXIS2_PLACEMENT_3D ( 'NONE', #6987, #5704, #2795 ) ;
#2563 = CARTESIAN_POINT ( 'NONE',  ( 2.424999999999999378, 2.200000000000000178, -2.024999999999999911 ) ) ;
#2564 = LINE ( 'NONE', #3975, #3396 ) ;
#2565 = VERTEX_POINT ( 'NONE', #8692 ) ;
#2566 = LINE ( 'NONE', #7255, #2325 ) ;
#2567 = CARTESIAN_POINT ( 'NONE',  ( 3.967687726247525859, 0.9932462811818180137, -1.229123359310813290 ) ) ;
#2568 = ORIENTED_EDGE ( 'NONE', *, *, #4223, .F. ) ;
#2569 = ORIENTED_EDGE ( 'NONE', *, *, #8011, .F. ) ;
#2570 = VERTEX_POINT ( 'NONE', #1734 ) ;
#2571 = ADVANCED_FACE ( 'NONE', ( #350 ), #4515, .T. ) ;
#2572 = ORIENTED_EDGE ( 'NONE', *, *, #1650, .T. ) ;
#2573 = CARTESIAN_POINT ( 'NONE',  ( 2.924999999999999822, 0.6000000000000003109, -0.8000000000000000444 ) ) ;
#2574 = DIRECTION ( 'NONE',  ( 1.619075244254214076E-13, 0.000000000000000000, 1.000000000000000000 ) ) ;
#2575 = DIRECTION ( 'NONE',  ( 1.000000000000000000, 0.000000000000000000, 0.000000000000000000 ) ) ;
#2576 = VECTOR ( 'NONE', #3761, 1000.000000000000114 ) ;
#2577 = CARTESIAN_POINT ( 'NONE',  ( 3.275000000000000355, 2.162249880839104854, 0.9649999999999354650 ) ) ;
#2578 = LINE ( 'NONE', #5311, #4237 ) ;
#2579 = VERTEX_POINT ( 'NONE', #1918 ) ;
#2580 = ORIENTED_EDGE ( 'NONE', *, *, #4238, .F. ) ;
#2581 = CARTESIAN_POINT ( 'NONE',  ( -2.874999999999690026, 1.246118888169552186, 1.911240301896092175 ) ) ;
#2582 = ORIENTED_EDGE ( 'NONE', *, *, #8663, .F. ) ;
#2583 = CARTESIAN_POINT ( 'NONE',  ( -7.724999999999998757, 1.899999999999999911, -0.3499999999999998668 ) ) ;
#2584 = DIRECTION ( 'NONE',  ( 0.000000000000000000, -1.000000000000000000, 0.000000000000000000 ) ) ;
#2585 = AXIS2_PLACEMENT_3D ( 'NONE', #6048, #8889, #5456 ) ;
#2586 = LINE ( 'NONE', #3270, #267 ) ;
#2587 = CARTESIAN_POINT ( 'NONE',  ( 3.191023082102267150, 0.6926529716861016261, -1.476635309602709167 ) ) ;
#2588 = EDGE_LOOP ( 'NONE', ( #4171, #4863, #8843, #6273 ) ) ;
#2589 = SHAPE_DEFINITION_REPRESENTATION ( #5516, #2744 ) ;
#2590 = ORIENTED_EDGE ( 'NONE', *, *, #8272, .F. ) ;
#2591 = EDGE_LOOP ( 'NONE', ( #4072, #5830, #7516 ) ) ;
#2592 = EDGE_CURVE ( 'NONE', #92, #6942, #7450, .T. ) ;
#2593 = EDGE_CURVE ( 'NONE', #8282, #1112, #8352, .T. ) ;
#2594 = LINE ( 'NONE', #1046, #8495 ) ;
#2595 = FACE_OUTER_BOUND ( 'NONE', #4181, .T. ) ;
#2596 = ORIENTED_EDGE ( 'NONE', *, *, #8251, .F. ) ;
#2597 = DIRECTION ( 'NONE',  ( 0.000000000000000000, 0.000000000000000000, -1.000000000000000000 ) ) ;
#2598 = CARTESIAN_POINT ( 'NONE',  ( 3.746788935686913735, 1.927355002579363763, 1.006276183449501538 ) ) ;
#2599 = LINE ( 'NONE', #6697, #3786 ) ;
#2600 = ORIENTED_EDGE ( 'NONE', *, *, #2472, .F. ) ;
#2601 = VECTOR ( 'NONE', #6850, 1000.000000000000000 ) ;
#2602 = ADVANCED_FACE ( 'NONE', ( #3247 ), #5346, .T. ) ;
#2603 = DIRECTION ( 'NONE',  ( 0.4366544851822257156, 0.000000000000000000, -0.8996292906360070507 ) ) ;
#2604 = DIRECTION ( 'NONE',  ( 1.000000000000000000, 0.000000000000000000, 0.000000000000000000 ) ) ;
#2605 = CARTESIAN_POINT ( 'NONE',  ( 3.125000000000000000, 0.2499999999999998890, 2.075000000000000178 ) ) ;
#2606 = CARTESIAN_POINT ( 'NONE',  ( 3.125000000000000000, 0.3750000000000000000, -1.100000000000000089 ) ) ;
#2607 = ORIENTED_EDGE ( 'NONE', *, *, #6228, .T. ) ;
#2608 = CARTESIAN_POINT ( 'NONE',  ( 3.965250449221161766, 0.9832255930081220674, -1.204473552124495361 ) ) ;
#2609 = CARTESIAN_POINT ( 'NONE',  ( -2.875000000000254907, 0.2713000247044192181, -1.577731406314835771 ) ) ;
#2610 = ORIENTED_EDGE ( 'NONE', *, *, #5627, .F. ) ;
#2611 = EDGE_CURVE ( 'NONE', #3109, #3357, #753, .T. ) ;
#2612 = ORIENTED_EDGE ( 'NONE', *, *, #8569, .T. ) ;
#2613 = DIRECTION ( 'NONE',  ( -1.000000000000000000, -0.000000000000000000, -0.000000000000000000 ) ) ;
#2614 = CARTESIAN_POINT ( 'NONE',  ( 2.924999999999999822, 1.899999999999999911, 2.024999999999999911 ) ) ;
#2615 = ADVANCED_FACE ( 'NONE', ( #5934 ), #6025, .T. ) ;
#2616 = CARTESIAN_POINT ( 'NONE',  ( 1.024999999999972156, 1.246118888169467587, 1.911240301895359206 ) ) ;
#2617 = DIRECTION ( 'NONE',  ( 4.613626265895765162E-17, -1.000000000000000000, 0.000000000000000000 ) ) ;
#2618 = ORIENTED_EDGE ( 'NONE', *, *, #5578, .F. ) ;
#2619 = CARTESIAN_POINT ( 'NONE',  ( 3.974999999999997424, 1.904774606288809125, -1.255324857430461405 ) ) ;
#2620 = EDGE_LOOP ( 'NONE', ( #4532, #970, #6566, #6120 ) ) ;
#2621 = EDGE_CURVE ( 'NONE', #1614, #2520, #2566, .T. ) ;
#2622 = CARTESIAN_POINT ( 'NONE',  ( -2.969773323897539452, 3.161319635621079982, 0.3252916443767906451 ) ) ;
#2623 = DIRECTION ( 'NONE',  ( -1.000000000000000000, -4.613626265895765162E-17, 1.619075244254214076E-13 ) ) ;
#2624 = TOROIDAL_SURFACE ( 'NONE', #8454, 0.1999999999999999001, 0.1499999999999999944 ) ;
#2625 = ADVANCED_FACE ( 'NONE', ( #3930 ), #6186, .T. ) ;
#2626 = CARTESIAN_POINT ( 'NONE',  ( -5.735000000000000320, 1.899999999999999911, 0.000000000000000000 ) ) ;
#2627 = AXIS2_PLACEMENT_3D ( 'NONE', #3091, #387, #5873 ) ;
#2628 = CARTESIAN_POINT ( 'NONE',  ( 3.697601750784968555, 2.160429211569070862, -1.248390800231957032 ) ) ;
#2629 = ORIENTED_EDGE ( 'NONE', *, *, #1979, .F. ) ;
#2630 = AXIS2_PLACEMENT_3D ( 'NONE', #338, #1774, #3093 ) ;
#2631 = DIRECTION ( 'NONE',  ( 1.000000000000000000, 0.000000000000000000, 0.000000000000000000 ) ) ;
#2632 = VERTEX_POINT ( 'NONE', #7997 ) ;
#2633 = ORIENTED_EDGE ( 'NONE', *, *, #2554, .F. ) ;
#2634 = CARTESIAN_POINT ( 'NONE',  ( 3.125000000000000000, 3.399999999999999911, 0.8149999999999357758 ) ) ;
#2635 = VECTOR ( 'NONE', #4745, 1000.000000000000000 ) ;
#2636 = FACE_OUTER_BOUND ( 'NONE', #1599, .T. ) ;
#2637 = ORIENTED_EDGE ( 'NONE', *, *, #7978, .T. ) ;
#2638 = CIRCLE ( 'NONE', #1039, 0.2000000000000000944 ) ;
#2639 = AXIS2_PLACEMENT_3D ( 'NONE', #866, #2226, #6205 ) ;
#2640 = ADVANCED_FACE ( 'NONE', ( #6615 ), #5609, .T. ) ;
#2641 = FACE_OUTER_BOUND ( 'NONE', #1883, .T. ) ;
#2642 = CARTESIAN_POINT ( 'NONE',  ( 1.824999999999999734, -5.421010862427522170E-17, -2.000000000000000000 ) ) ;
#2643 = LINE ( 'NONE', #6197, #3063 ) ;
#2644 = ORIENTED_EDGE ( 'NONE', *, *, #173, .F. ) ;
#2645 = CIRCLE ( 'NONE', #5553, 0.1999999999999999001 ) ;
#2646 = TOROIDAL_SURFACE ( 'NONE', #4824, 1.399999999999999911, 0.1000000000000000056 ) ;
#2647 = DIRECTION ( 'NONE',  ( -1.000000000000000000, -0.000000000000000000, -0.000000000000000000 ) ) ;
#2648 = DIRECTION ( 'NONE',  ( 0.000000000000000000, 0.000000000000000000, -1.000000000000000000 ) ) ;
#2649 = CARTESIAN_POINT ( 'NONE',  ( -3.875000000000000000, 1.899999999999999911, 0.000000000000000000 ) ) ;
#2650 = AXIS2_PLACEMENT_3D ( 'NONE', #1196, #5927, #8043 ) ;
#2651 = DIRECTION ( 'NONE',  ( 0.000000000000000000, 0.000000000000000000, 1.000000000000000000 ) ) ;
#2652 = ORIENTED_EDGE ( 'NONE', *, *, #4007, .T. ) ;
#2653 = AXIS2_PLACEMENT_3D ( 'NONE', #5729, #283, #1669 ) ;
#2654 = LINE ( 'NONE', #30, #5395 ) ;
#2655 = DIRECTION ( 'NONE',  ( 0.000000000000000000, 0.1305261922198301394, 0.9914448613738395810 ) ) ;
#2656 = EDGE_CURVE ( 'NONE', #4463, #7565, #8615, .T. ) ;
#2657 = VERTEX_POINT ( 'NONE', #4838 ) ;
#2658 = ORIENTED_EDGE ( 'NONE', *, *, #1053, .F. ) ;
#2659 = AXIS2_PLACEMENT_3D ( 'NONE', #3193, #2560, #5340 ) ;
#2660 = CARTESIAN_POINT ( 'NONE',  ( 3.739370139709939256, 0.8717193242104069872, -1.451552697008589687 ) ) ;
#2661 = CYLINDRICAL_SURFACE ( 'NONE', #1084, 0.2250000000000012546 ) ;
#2662 = CARTESIAN_POINT ( 'NONE',  ( 1.824999999999999734, 0.1499999999999999389, -1.200000000000000178 ) ) ;
#2663 = ORIENTED_EDGE ( 'NONE', *, *, #7088, .T. ) ;
#2664 = FACE_OUTER_BOUND ( 'NONE', #7544, .T. ) ;
#2665 = FACE_BOUND ( 'NONE', #5442, .T. ) ;
#2666 = ORIENTED_EDGE ( 'NONE', *, *, #4357, .T. ) ;
#2667 = ORIENTED_EDGE ( 'NONE', *, *, #3563, .T. ) ;
#2668 = ADVANCED_FACE ( 'NONE', ( #5566 ), #6798, .F. ) ;
#2669 = CLOSED_SHELL ( 'NONE', ( #6271, #1803, #5994, #4183, #4733, #2359, #7973, #6080, #318, #7328, #2200, #5425, #8074, #3837, #6948, #4744, #1146, #8557, #2313 ) ) ;
#2670 = VERTEX_POINT ( 'NONE', #3424 ) ;
#2671 = PLANE ( 'NONE',  #5166 ) ;
#2672 = AXIS2_PLACEMENT_3D ( 'NONE', #8579, #3039, #335 ) ;
#2673 = CARTESIAN_POINT ( 'NONE',  ( 2.225000000000282974, 0.2130333909769862311, 1.748039948067126925 ) ) ;
#2674 = LINE ( 'NONE', #1305, #3617 ) ;
#2675 = DIRECTION ( 'NONE',  ( -1.000000000000000000, -0.000000000000000000, -0.000000000000000000 ) ) ;
#2676 = CARTESIAN_POINT ( 'NONE',  ( 2.224999999999690559, 1.246118888169527539, -1.911240301896835803 ) ) ;
#2677 = ORIENTED_EDGE ( 'NONE', *, *, #6663, .T. ) ;
#2678 = CARTESIAN_POINT ( 'NONE',  ( 3.675000000000000266, 1.600000000000000755, 2.075000000000000178 ) ) ;
#2679 = EDGE_LOOP ( 'NONE', ( #1025, #5406 ) ) ;
#2680 = ADVANCED_FACE ( 'NONE', ( #1377 ), #2785, .T. ) ;
#2681 = CARTESIAN_POINT ( 'NONE',  ( 3.974996390809751645, 1.279752042327878092, -1.253944110271206780 ) ) ;
#2682 = CIRCLE ( 'NONE', #4709, 1.050000000000000044 ) ;
#2683 = CARTESIAN_POINT ( 'NONE',  ( 3.277663711335770724, 1.450000000000000844, -0.4178409582463116223 ) ) ;
#2684 = EDGE_LOOP ( 'NONE', ( #7600, #1989, #41, #1119, #1065, #1898, #1750 ) ) ;
#2685 = DIRECTION ( 'NONE',  ( 1.000000000000000000, 4.613626265895765162E-17, -1.619075244254214076E-13 ) ) ;
#2686 = DIRECTION ( 'NONE',  ( -1.000000000000000000, -0.000000000000000000, -0.000000000000000000 ) ) ;
#2687 = AXIS2_PLACEMENT_3D ( 'NONE', #2278, #7639, #85 ) ;
#2688 = CARTESIAN_POINT ( 'NONE',  ( 1.824999999999999956, 8.419867935259771467E-17, -1.200000000000000178 ) ) ;
#2689 = VECTOR ( 'NONE', #1792, 1000.000000000000000 ) ;
#2690 = VERTEX_POINT ( 'NONE', #5427 ) ;
#2691 = CARTESIAN_POINT ( 'NONE',  ( -7.875000000000000000, 1.764989227386809967, 0.8898157625477363109 ) ) ;
#2692 = CARTESIAN_POINT ( 'NONE',  ( 3.275000000000000355, 2.510553028000122033, 0.9149999999999356426 ) ) ;
#2693 = ADVANCED_FACE ( 'NONE', ( #2091 ), #4021, .T. ) ;
#2694 = DIRECTION ( 'NONE',  ( 0.000000000000000000, 0.000000000000000000, 1.000000000000000000 ) ) ;
#2695 = CYLINDRICAL_SURFACE ( 'NONE', #7633, 0.2750000000000002998 ) ;
#2696 = EDGE_LOOP ( 'NONE', ( #4475, #785, #5655, #8003, #3624 ) ) ;
#2697 = CARTESIAN_POINT ( 'NONE',  ( 2.425000000000003375, 1.899999999999999911, 0.000000000000000000 ) ) ;
#2698 = CARTESIAN_POINT ( 'NONE',  ( 3.773947465488086461, 0.7652821193848898806, -1.245585735897128510 ) ) ;
#2699 = ORIENTED_EDGE ( 'NONE', *, *, #7537, .F. ) ;
#2700 = CIRCLE ( 'NONE', #7814, 0.2800000000000003042 ) ;
#2701 = EDGE_LOOP ( 'NONE', ( #1432, #4160, #8976, #5995, #4213, #3621, #5591 ) ) ;
#2702 = VERTEX_POINT ( 'NONE', #4157 ) ;
#2703 = CARTESIAN_POINT ( 'NONE',  ( 3.277663711335768060, 2.349999999999999201, 0.4178409582463116778 ) ) ;
#2704 = EDGE_CURVE ( 'NONE', #105, #4519, #76, .T. ) ;
#2705 = CARTESIAN_POINT ( 'NONE',  ( -2.874999999999744205, 0.2713000247044267121, 1.577731406314838436 ) ) ;
#2706 = EDGE_CURVE ( 'NONE', #2499, #5773, #4522, .T. ) ;
#2707 = LINE ( 'NONE', #3807, #2090 ) ;
#2708 = ORIENTED_EDGE ( 'NONE', *, *, #1392, .T. ) ;
#2709 = FACE_OUTER_BOUND ( 'NONE', #2620, .T. ) ;
#2710 = DIRECTION ( 'NONE',  ( 0.000000000000000000, 1.000000000000000000, -1.734723475976807094E-15 ) ) ;
#2711 = CARTESIAN_POINT ( 'NONE',  ( 3.172410030623789456, 1.484242906448886012, 0.8142571807102115811 ) ) ;
#2712 = ORIENTED_EDGE ( 'NONE', *, *, #5751, .F. ) ;
#2713 = ORIENTED_EDGE ( 'NONE', *, *, #6314, .F. ) ;
#2714 = EDGE_LOOP ( 'NONE', ( #849, #4615 ) ) ;
#2715 = CARTESIAN_POINT ( 'NONE',  ( 3.774192145816358313, 2.138877817396828807, -1.370868355641255087 ) ) ;
#2716 = TOROIDAL_SURFACE ( 'NONE', #6484, 1.050000000000000044, 0.2500000000000000000 ) ;
#2717 = ORIENTED_EDGE ( 'NONE', *, *, #1768, .T. ) ;
#2718 = DIRECTION ( 'NONE',  ( -1.000000000000000000, -4.613626265895765162E-17, 1.619075244254214076E-13 ) ) ;
#2719 = PLANE ( 'NONE',  #8441 ) ;
#2720 = EDGE_CURVE ( 'NONE', #3044, #4463, #4885, .T. ) ;
#2721 = ADVANCED_FACE ( 'NONE', ( #4063 ), #1247, .T. ) ;
#2722 = DIRECTION ( 'NONE',  ( 0.000000000000000000, 0.000000000000000000, 1.000000000000000000 ) ) ;
#2723 = AXIS2_PLACEMENT_3D ( 'NONE', #5912, #194, #8715 ) ;
#2724 = PLANE ( 'NONE',  #7021 ) ;
#2725 = ORIENTED_EDGE ( 'NONE', *, *, #6474, .T. ) ;
#2726 = EDGE_LOOP ( 'NONE', ( #2521, #7321, #8053, #5754, #2928, #526, #35, #7787 ) ) ;
#2727 = ORIENTED_EDGE ( 'NONE', *, *, #5507, .T. ) ;
#2728 = CARTESIAN_POINT ( 'NONE',  ( 3.275000000000000355, 2.162249880839104854, 0.9649999999999354650 ) ) ;
#2729 = CARTESIAN_POINT ( 'NONE',  ( -7.875000000000000000, 2.164841554041476268, -1.628606444556866428 ) ) ;
#2730 = EDGE_CURVE ( 'NONE', #448, #3140, #2654, .T. ) ;
#2731 = DIRECTION ( 'NONE',  ( -0.08715574274765880425, -0.9961946980917455452, 0.000000000000000000 ) ) ;
#2732 = DIRECTION ( 'NONE',  ( 0.000000000000000000, 1.000000000000000000, 1.224646799147353207E-16 ) ) ;
#2733 = PLANE ( 'NONE',  #5688 ) ;
#2734 = VERTEX_POINT ( 'NONE', #1334 ) ;
#2735 = LINE ( 'NONE', #5646, #1626 ) ;
#2736 = LINE ( 'NONE', #6399, #2957 ) ;
#2737 = DIRECTION ( 'NONE',  ( -1.000000000000000000, -4.613626265895765162E-17, -0.000000000000000000 ) ) ;
#2738 = SURFACE_STYLE_USAGE ( .BOTH. , #8491 ) ;
#2739 = EDGE_CURVE ( 'NONE', #6630, #7594, #2740, .T. ) ;
#2740 = LINE ( 'NONE', #7678, #1465 ) ;
#2741 = FACE_OUTER_BOUND ( 'NONE', #6907, .T. ) ;
#2742 = EDGE_LOOP ( 'NONE', ( #1997, #1016, #5638, #4112, #3922, #5449 ) ) ;
#2743 = CIRCLE ( 'NONE', #4059, 0.2500000000000001665 ) ;
#2744 = ADVANCED_BREP_SHAPE_REPRESENTATION ( 'VZ43FM1B8230001L', ( #6661, #7027, #3790, #6810, #935, #3703, #488 ), #8626 ) ;
#2745 = VERTEX_POINT ( 'NONE', #2830 ) ;
#2746 = DIRECTION ( 'NONE',  ( 0.000000000000000000, 0.000000000000000000, 1.000000000000000000 ) ) ;
#2747 = DIRECTION ( 'NONE',  ( 0.000000000000000000, 3.408059849065961504E-15, -1.000000000000000000 ) ) ;
#2748 = DIRECTION ( 'NONE',  ( 0.000000000000000000, -1.000000000000000000, 0.000000000000000000 ) ) ;
#2749 = VERTEX_POINT ( 'NONE', #4697 ) ;
#2750 = DIRECTION ( 'NONE',  ( 0.000000000000000000, 0.000000000000000000, -1.000000000000000000 ) ) ;
#2751 = EDGE_CURVE ( 'NONE', #3275, #367, #5094, .T. ) ;
#2752 = DIRECTION ( 'NONE',  ( 1.000000000000000000, 4.613626265895765778E-17, 0.000000000000000000 ) ) ;
#2753 = EDGE_CURVE ( 'NONE', #3129, #2790, #4113, .T. ) ;
#2754 = ORIENTED_EDGE ( 'NONE', *, *, #8001, .T. ) ;
#2755 = VERTEX_POINT ( 'NONE', #5520 ) ;
#2756 = VERTEX_POINT ( 'NONE', #7496 ) ;
#2757 = CARTESIAN_POINT ( 'NONE',  ( 3.125000000000000000, 2.670000000000056328, -1.372499999999934994 ) ) ;
#2758 = DIRECTION ( 'NONE',  ( 1.000000000000000000, 2.079455439887337354E-16, -1.618521655923771054E-13 ) ) ;
#2759 = LINE ( 'NONE', #4765, #3913 ) ;
#2760 = FACE_OUTER_BOUND ( 'NONE', #6227, .T. ) ;
#2761 = EDGE_CURVE ( 'NONE', #7720, #5904, #746, .T. ) ;
#2762 = DIRECTION ( 'NONE',  ( 0.000000000000000000, 0.000000000000000000, -1.000000000000000000 ) ) ;
#2763 = EDGE_CURVE ( 'NONE', #3015, #8978, #3514, .T. ) ;
#2764 = ORIENTED_EDGE ( 'NONE', *, *, #2611, .T. ) ;
#2765 = VECTOR ( 'NONE', #4420, 1000.000000000000000 ) ;
#2766 = ORIENTED_EDGE ( 'NONE', *, *, #431, .F. ) ;
#2767 = FACE_OUTER_BOUND ( 'NONE', #4738, .T. ) ;
#2768 = DIRECTION ( 'NONE',  ( 0.000000000000000000, 1.000000000000000000, 0.000000000000000000 ) ) ;
#2769 = ORIENTED_EDGE ( 'NONE', *, *, #7076, .F. ) ;
#2770 = AXIS2_PLACEMENT_3D ( 'NONE', #933, #7916, #1651 ) ;
#2771 = CARTESIAN_POINT ( 'NONE',  ( 3.749556694838737769, 2.146216147379951256, -1.246232236306099583 ) ) ;
#2772 = CARTESIAN_POINT ( 'NONE',  ( 3.734183172238217274, 1.646688653093710375, 1.243949153199896518 ) ) ;
#2773 = CARTESIAN_POINT ( 'NONE',  ( -5.735000000000000320, 1.899999999999999911, 0.000000000000000000 ) ) ;
#2774 = ORIENTED_EDGE ( 'NONE', *, *, #3419, .F. ) ;
#2775 = ADVANCED_FACE ( 'NONE', ( #7540 ), #4363, .T. ) ;
#2776 = AXIS2_PLACEMENT_3D ( 'NONE', #8817, #7939, #8631 ) ;
#2777 = VERTEX_POINT ( 'NONE', #1585 ) ;
#2778 = LINE ( 'NONE', #788, #8058 ) ;
#2779 = DIRECTION ( 'NONE',  ( -0.000000000000000000, -1.000000000000000000, -0.000000000000000000 ) ) ;
#2780 = AXIS2_PLACEMENT_3D ( 'NONE', #1323, #1193, #8174 ) ;
#2781 = CIRCLE ( 'NONE', #6275, 0.1499999999999997446 ) ;
#2782 = LINE ( 'NONE', #7676, #8392 ) ;
#2783 = B_SPLINE_CURVE_WITH_KNOTS ( 'NONE', 3,
 ( #1489, #7231, #1661, #3626, #4271, #943, #2988, #2294, #854, #2858, #7839, #1573, #3592 ),
 .UNSPECIFIED., .F., .F.,
 ( 4, 3, 3, 3, 4 ),
 ( 0.000000000000000000, 0.0001291738796477363024, 0.0001928217672251542059, 0.0002034590868334312515, 0.0002157016404822960788 ),
 .UNSPECIFIED. ) ;
#2784 = VECTOR ( 'NONE', #5882, 1000.000000000000000 ) ;
#2785 = CYLINDRICAL_SURFACE ( 'NONE', #6552, 0.2000000000000000944 ) ;
#2786 = PLANE ( 'NONE',  #2335 ) ;
#2787 = VECTOR ( 'NONE', #6406, 1000.000000000000000 ) ;
#2788 = VERTEX_POINT ( 'NONE', #829 ) ;
#2789 = ORIENTED_EDGE ( 'NONE', *, *, #5277, .T. ) ;
#2790 = VERTEX_POINT ( 'NONE', #291 ) ;
#2791 = CYLINDRICAL_SURFACE ( 'NONE', #7693, 1.000000000000029310 ) ;
#2792 = EDGE_CURVE ( 'NONE', #6529, #6711, #3792, .T. ) ;
#2793 = CARTESIAN_POINT ( 'NONE',  ( 3.275000000000000355, 3.099999999999999645, 1.436668947343170188 ) ) ;
#2794 = VECTOR ( 'NONE', #1356, 1000.000000000000114 ) ;
#2795 = DIRECTION ( 'NONE',  ( 1.000000000000000000, 4.613626265895765778E-17, 0.000000000000000000 ) ) ;
#2796 = ORIENTED_EDGE ( 'NONE', *, *, #5041, .F. ) ;
#2797 = ORIENTED_EDGE ( 'NONE', *, *, #3868, .F. ) ;
#2798 = CARTESIAN_POINT ( 'NONE',  ( 3.974999999999999201, 1.450000000000000844, -0.4178409582463116223 ) ) ;
#2799 = CARTESIAN_POINT ( 'NONE',  ( 3.141527854425239852, 1.476931977083285830, 0.8449327600732879917 ) ) ;
#2800 = ORIENTED_EDGE ( 'NONE', *, *, #4876, .T. ) ;
#2801 = ORIENTED_EDGE ( 'NONE', *, *, #4379, .F. ) ;
#2802 = ORIENTED_EDGE ( 'NONE', *, *, #8089, .T. ) ;
#2803 = CARTESIAN_POINT ( 'NONE',  ( 3.741907075646480507, 2.159150923960891699, -1.249498289803155471 ) ) ;
#2804 = ORIENTED_EDGE ( 'NONE', *, *, #4050, .T. ) ;
#2805 = CARTESIAN_POINT ( 'NONE',  ( 3.277663711335771612, 1.450000000000000844, -1.817607913701525746 ) ) ;
#2806 = DIRECTION ( 'NONE',  ( -1.000000000000000000, -0.000000000000000000, -0.000000000000000000 ) ) ;
#2807 = ADVANCED_FACE ( 'NONE', ( #2309 ), #6415, .F. ) ;
#2808 = LINE ( 'NONE', #6958, #5968 ) ;
#2809 = CARTESIAN_POINT ( 'NONE',  ( -7.875000000000000000, 1.764989227386809745, -0.8898157625477363109 ) ) ;
#2810 = AXIS2_PLACEMENT_3D ( 'NONE', #4309, #4996, #7753 ) ;
#2811 = ORIENTED_EDGE ( 'NONE', *, *, #6485, .F. ) ;
#2812 = DIRECTION ( 'NONE',  ( 0.7071067811865467956, 0.000000000000000000, 0.7071067811865483499 ) ) ;
#2813 = ORIENTED_EDGE ( 'NONE', *, *, #899, .F. ) ;
#2814 = LINE ( 'NONE', #4774, #8064 ) ;
#2815 = CARTESIAN_POINT ( 'NONE',  ( 3.275000000000000355, 0.3750000000000000000, 1.200000000000000400 ) ) ;
#2816 = EDGE_CURVE ( 'NONE', #5153, #506, #3114, .T. ) ;
#2817 = ADVANCED_FACE ( 'NONE', ( #7718 ), #4283, .T. ) ;
#2818 = ORIENTED_EDGE ( 'NONE', *, *, #5401, .F. ) ;
#2819 = AXIS2_PLACEMENT_3D ( 'NONE', #6560, #3103, #5885 ) ;
#2820 = PLANE ( 'NONE',  #5590 ) ;
#2821 = LINE ( 'NONE', #3596, #627 ) ;
#2822 = PLANE ( 'NONE',  #4374 ) ;
#2823 = VERTEX_POINT ( 'NONE', #5650 ) ;
#2824 = AXIS2_PLACEMENT_3D ( 'NONE', #1304, #4082, #8294 ) ;
#2825 = DIRECTION ( 'NONE',  ( 0.000000000000000000, 0.000000000000000000, 1.000000000000000000 ) ) ;
#2826 = CARTESIAN_POINT ( 'NONE',  ( 3.766542119300694935, 2.022055863845995116, -1.440516748314647710 ) ) ;
#2827 = EDGE_CURVE ( 'NONE', #4568, #4298, #6264, .T. ) ;
#2828 = LINE ( 'NONE', #864, #8805 ) ;
#2829 = CIRCLE ( 'NONE', #1376, 0.2000000000000000111 ) ;
#2830 = CARTESIAN_POINT ( 'NONE',  ( 2.924999999999999822, 2.200000000000000622, 2.053198723942716519 ) ) ;
#2831 = CIRCLE ( 'NONE', #1653, 0.1000000000000002554 ) ;
#2832 = FACE_OUTER_BOUND ( 'NONE', #6751, .T. ) ;
#2833 = VERTEX_POINT ( 'NONE', #5051 ) ;
#2834 = EDGE_LOOP ( 'NONE', ( #4288, #8886, #2548, #7456 ) ) ;
#2835 = ORIENTED_EDGE ( 'NONE', *, *, #728, .F. ) ;
#2836 = FACE_OUTER_BOUND ( 'NONE', #1217, .T. ) ;
#2837 = AXIS2_PLACEMENT_3D ( 'NONE', #4060, #2001, #441 ) ;
#2838 = FACE_OUTER_BOUND ( 'NONE', #8462, .T. ) ;
#2839 = FACE_OUTER_BOUND ( 'NONE', #216, .T. ) ;
#2840 = ORIENTED_EDGE ( 'NONE', *, *, #8837, .T. ) ;
#2841 = FACE_OUTER_BOUND ( 'NONE', #3481, .T. ) ;
#2842 = EDGE_CURVE ( 'NONE', #5922, #2470, #616, .T. ) ;
#2843 = CIRCLE ( 'NONE', #5169, 0.3499999999999998668 ) ;
#2844 = FACE_BOUND ( 'NONE', #8515, .T. ) ;
#2845 = ORIENTED_EDGE ( 'NONE', *, *, #1930, .T. ) ;
#2846 = ORIENTED_EDGE ( 'NONE', *, *, #1670, .F. ) ;
#2847 = CARTESIAN_POINT ( 'NONE',  ( 3.761189784818161908, 2.152154341333964105, -1.007536094493640011 ) ) ;
#2848 = CARTESIAN_POINT ( 'NONE',  ( 0.000000000000000000, 0.2500000000000000000, 0.8999999999999993561 ) ) ;
#2849 = DIRECTION ( 'NONE',  ( -1.000000000000000000, -0.000000000000000000, -0.000000000000000000 ) ) ;
#2850 = CARTESIAN_POINT ( 'NONE',  ( 3.275000000000000355, 1.899999999999999911, 0.000000000000000000 ) ) ;
#2851 = ADVANCED_FACE ( 'NONE', ( #1456 ), #3089, .T. ) ;
#2852 = DIRECTION ( 'NONE',  ( 1.000000000000000000, 0.000000000000000000, -0.000000000000000000 ) ) ;
#2853 = ORIENTED_EDGE ( 'NONE', *, *, #7058, .T. ) ;
#2854 = CIRCLE ( 'NONE', #967, 0.8000000000000000444 ) ;
#2855 = CARTESIAN_POINT ( 'NONE',  ( 2.924999999999999822, 0.7749999999999999112, -1.683745824048273443 ) ) ;
#2856 = LINE ( 'NONE', #5804, #5339 ) ;
#2857 = ORIENTED_EDGE ( 'NONE', *, *, #2704, .T. ) ;
#2858 = CARTESIAN_POINT ( 'NONE',  ( 3.974997746167169055, 2.183285499247313854, 1.254263297168825897 ) ) ;
#2859 = CARTESIAN_POINT ( 'NONE',  ( -2.875000000000000000, 3.199999999999999734, 0.5196152422706638019 ) ) ;
#2860 = VECTOR ( 'NONE', #2157, 1000.000000000000000 ) ;
#2861 = CARTESIAN_POINT ( 'NONE',  ( 3.275000000000000355, 0.3750000000000000000, 1.200000000000000400 ) ) ;
#2862 = DIRECTION ( 'NONE',  ( -1.532051254914897259E-13, 0.3237035207080047328, -0.9461585652950790237 ) ) ;
#2863 = EDGE_CURVE ( 'NONE', #7378, #71, #1629, .T. ) ;
#2864 = FACE_OUTER_BOUND ( 'NONE', #5828, .T. ) ;
#2865 = EDGE_CURVE ( 'NONE', #6972, #5957, #7204, .T. ) ;
#2866 = ADVANCED_FACE ( 'NONE', ( #958 ), #6504, .T. ) ;
#2867 = ORIENTED_EDGE ( 'NONE', *, *, #6094, .F. ) ;
#2868 = VECTOR ( 'NONE', #2675, 1000.000000000000000 ) ;
#2869 = ORIENTED_EDGE ( 'NONE', *, *, #6649, .T. ) ;
#2870 = CARTESIAN_POINT ( 'NONE',  ( 3.275000000000513278, 0.2499999999999992506, 0.4000000000000425993 ) ) ;
#2871 = CARTESIAN_POINT ( 'NONE',  ( 3.965250449221130236, 1.883225593008137633, 1.204473552124993851 ) ) ;
#2872 = DIRECTION ( 'NONE',  ( -1.000000000000000000, 0.000000000000000000, 0.000000000000000000 ) ) ;
#2873 = DIRECTION ( 'NONE',  ( 1.000000000000000000, 1.761828530288943916E-15, 0.000000000000000000 ) ) ;
#2874 = CYLINDRICAL_SURFACE ( 'NONE', #3517, 1.300000000000000044 ) ;
#2875 = EDGE_CURVE ( 'NONE', #5417, #8416, #2356, .T. ) ;
#2876 = ORIENTED_EDGE ( 'NONE', *, *, #5603, .F. ) ;
#2877 = ORIENTED_EDGE ( 'NONE', *, *, #3157, .T. ) ;
#2878 = LINE ( 'NONE', #3098, #7781 ) ;
#2879 = CARTESIAN_POINT ( 'NONE',  ( 3.765302509449990787, 2.922955554559472979, 1.440678698559525239 ) ) ;
#2880 = LINE ( 'NONE', #3569, #2241 ) ;
#2881 = DIRECTION ( 'NONE',  ( 0.9924325091389670783, 0.08682659386424809722, -0.08682659386424813885 ) ) ;
#2882 = ORIENTED_EDGE ( 'NONE', *, *, #2450, .F. ) ;
#2883 = ADVANCED_FACE ( 'NONE', ( #1724 ), #4502, .T. ) ;
#2884 = DIRECTION ( 'NONE',  ( 0.000000000000000000, 0.000000000000000000, 1.000000000000000000 ) ) ;
#2885 = EDGE_CURVE ( 'NONE', #2986, #561, #520, .T. ) ;
#2886 = ORIENTED_EDGE ( 'NONE', *, *, #78, .F. ) ;
#2887 = ORIENTED_EDGE ( 'NONE', *, *, #183, .F. ) ;
#2888 = EDGE_CURVE ( 'NONE', #8595, #4708, #8726, .T. ) ;
#2889 = EDGE_CURVE ( 'NONE', #2745, #2777, #2409, .T. ) ;
#2890 = CARTESIAN_POINT ( 'NONE',  ( 3.275000000000000355, 0.2500000000000000000, -2.000000000000000000 ) ) ;
#2891 = CARTESIAN_POINT ( 'NONE',  ( 3.275000000000000355, 2.455048207272839011, -0.8318181818181228371 ) ) ;
#2892 = CARTESIAN_POINT ( 'NONE',  ( -3.424999999999793321, -1.580166996069204022E-16, 0.4000000000004247380 ) ) ;
#2893 = CARTESIAN_POINT ( 'NONE',  ( -5.235000000000000320, 1.899999999999999911, 0.000000000000000000 ) ) ;
#2894 = CARTESIAN_POINT ( 'NONE',  ( 3.829810569674848786, 3.008382965517523377, 1.244105031567251274 ) ) ;
#2895 = VERTEX_POINT ( 'NONE', #8132 ) ;
#2896 = ADVANCED_FACE ( 'NONE', ( #4550 ), #2505, .T. ) ;
#2897 = FACE_BOUND ( 'NONE', #7659, .T. ) ;
#2898 = DIRECTION ( 'NONE',  ( 0.000000000000000000, 0.000000000000000000, 1.000000000000000000 ) ) ;
#2899 = ORIENTED_EDGE ( 'NONE', *, *, #6244, .T. ) ;
#2900 = DIRECTION ( 'NONE',  ( 0.000000000000000000, 1.000000000000000000, 6.195440985631453345E-16 ) ) ;
#2901 = EDGE_CURVE ( 'NONE', #6825, #5783, #3189, .T. ) ;
#2902 = CARTESIAN_POINT ( 'NONE',  ( 3.050000000000000266, 0.2500000000000000000, 0.000000000000000000 ) ) ;
#2903 = DIRECTION ( 'NONE',  ( 0.000000000000000000, 0.000000000000000000, 1.000000000000000000 ) ) ;
#2904 = VECTOR ( 'NONE', #839, 1000.000000000000000 ) ;
#2905 = DIRECTION ( 'NONE',  ( 1.000000000000000000, 4.613626265895763929E-17, -6.195440985635106757E-16 ) ) ;
#2906 = ORIENTED_EDGE ( 'NONE', *, *, #3602, .F. ) ;
#2907 = PRESENTATION_LAYER_ASSIGNMENT (  '', '', ( #8458 ) ) ;
#2908 = ORIENTED_EDGE ( 'NONE', *, *, #2656, .T. ) ;
#2909 = LINE ( 'NONE', #7766, #67 ) ;
#2910 = CARTESIAN_POINT ( 'NONE',  ( -1.804999999999986837, 0.1249999999999999167, -0.7499999999999996669 ) ) ;
#2911 = VECTOR ( 'NONE', #6391, 1000.000000000000000 ) ;
#2912 = CARTESIAN_POINT ( 'NONE',  ( -3.624999999999793499, -1.672439521387119461E-16, 0.9000000000004242384 ) ) ;
#2913 = CARTESIAN_POINT ( 'NONE',  ( 3.824582974381685041, 1.681699040462878214, 1.251564919531613862 ) ) ;
#2914 = FACE_OUTER_BOUND ( 'NONE', #6031, .T. ) ;
#2915 = VECTOR ( 'NONE', #4145, 1000.000000000000000 ) ;
#2916 = ORIENTED_EDGE ( 'NONE', *, *, #3580, .F. ) ;
#2917 = AXIS2_PLACEMENT_3D ( 'NONE', #6257, #6991, #6807 ) ;
#2918 = CARTESIAN_POINT ( 'NONE',  ( 3.719964362133800773, 0.7389293373597517478, -1.387635900700573188 ) ) ;
#2919 = CARTESIAN_POINT ( 'NONE',  ( 2.925000000000000711, 0.4000000000000001887, -0.8000000000000000444 ) ) ;
#2920 = CARTESIAN_POINT ( 'NONE',  ( 3.749536942170796472, 3.046225459157461124, 1.246232759869261741 ) ) ;
#2921 = VECTOR ( 'NONE', #8406, 1000.000000000000114 ) ;
#2922 = PLANE ( 'NONE',  #5325 ) ;
#2923 = EDGE_CURVE ( 'NONE', #6971, #4568, #2346, .T. ) ;
#2924 = ORIENTED_EDGE ( 'NONE', *, *, #1606, .T. ) ;
#2925 = CIRCLE ( 'NONE', #6864, 0.1000000000000000472 ) ;
#2926 = AXIS2_PLACEMENT_3D ( 'NONE', #850, #2812, #4269 ) ;
#2927 = CARTESIAN_POINT ( 'NONE',  ( -3.474999999999999645, 1.899999999999999911, 0.000000000000000000 ) ) ;
#2928 = ORIENTED_EDGE ( 'NONE', *, *, #708, .T. ) ;
#2929 = LINE ( 'NONE', #4900, #1740 ) ;
#2930 = LINE ( 'NONE', #7739, #4867 ) ;
#2931 = CYLINDRICAL_SURFACE ( 'NONE', #5654, 0.3499999999999998668 ) ;
#2932 = EDGE_CURVE ( 'NONE', #5110, #2530, #7985, .T. ) ;
#2933 = LINE ( 'NONE', #7266, #6846 ) ;
#2934 = ADVANCED_FACE ( 'NONE', ( #7346 ), #6548, .T. ) ;
#2935 = CARTESIAN_POINT ( 'NONE',  ( 1.925000000000000044, 0.1749999999999999889, 0.8999999999999993561 ) ) ;
#2936 = ORIENTED_EDGE ( 'NONE', *, *, #6898, .T. ) ;
#2937 = ORIENTED_EDGE ( 'NONE', *, *, #4366, .T. ) ;
#2938 = CARTESIAN_POINT ( 'NONE',  ( 1.824999999999999956, 0.3749999999999999445, -1.200000000000000178 ) ) ;
#2939 = CARTESIAN_POINT ( 'NONE',  ( -2.875000000000000000, 0.4500000000001271316, 1.108208012965241407 ) ) ;
#2940 = ORIENTED_EDGE ( 'NONE', *, *, #8785, .F. ) ;
#2941 = CARTESIAN_POINT ( 'NONE',  ( 2.924999999999999822, 3.199999999999999734, 0.000000000000000000 ) ) ;
#2942 = FACE_OUTER_BOUND ( 'NONE', #1659, .T. ) ;
#2943 = CARTESIAN_POINT ( 'NONE',  ( 3.633715574274765103, 1.882338505565070097, 1.253814209305440741 ) ) ;
#2944 = DIRECTION ( 'NONE',  ( -1.000000000000000000, 0.000000000000000000, 0.000000000000000000 ) ) ;
#2945 = VECTOR ( 'NONE', #2121, 1000.000000000000000 ) ;
#2946 = LINE ( 'NONE', #6405, #7504 ) ;
#2947 = CARTESIAN_POINT ( 'NONE',  ( 3.050000000000000266, 0.2500000000000000000, 0.8999999999999993561 ) ) ;
#2948 = DIRECTION ( 'NONE',  ( -0.000000000000000000, 1.000000000000000000, 1.734723475976807094E-15 ) ) ;
#2949 = ADVANCED_FACE ( 'NONE', ( #7394 ), #4600, .F. ) ;
#2950 = ORIENTED_EDGE ( 'NONE', *, *, #8968, .T. ) ;
#2951 = DIRECTION ( 'NONE',  ( 0.9924325091389669673, 0.08682659386424772252, 0.08682659386424780579 ) ) ;
#2952 = VECTOR ( 'NONE', #2872, 1000.000000000000000 ) ;
#2953 = CARTESIAN_POINT ( 'NONE',  ( 3.772916391609287601, 2.918966987828171877, 1.438836915049379384 ) ) ;
#2954 = CARTESIAN_POINT ( 'NONE',  ( -2.875000000000000000, 3.199999999999999734, -1.280868845745064100 ) ) ;
#2955 = DIRECTION ( 'NONE',  ( 0.9924325091389671893, -0.08682659386424806947, 0.08682659386424815273 ) ) ;
#2956 = DIRECTION ( 'NONE',  ( 1.000000000000000000, 4.613626265895765778E-17, -0.000000000000000000 ) ) ;
#2957 = VECTOR ( 'NONE', #2779, 1000.000000000000000 ) ;
#2958 = ORIENTED_EDGE ( 'NONE', *, *, #6593, .F. ) ;
#2959 = EDGE_CURVE ( 'NONE', #2263, #1112, #3783, .T. ) ;
#2960 = EDGE_LOOP ( 'NONE', ( #3529, #169, #512, #8810, #5549 ) ) ;
#2961 = CARTESIAN_POINT ( 'NONE',  ( -7.875000000000000000, 2.164841554041476712, 1.628606444556866428 ) ) ;
#2962 = CARTESIAN_POINT ( 'NONE',  ( 3.667261826174068595, 1.891327196670579358, 1.240916967422945660 ) ) ;
#2963 = LINE ( 'NONE', #7305, #4725 ) ;
#2964 = AXIS2_PLACEMENT_3D ( 'NONE', #2442, #2060, #8326 ) ;
#2965 = DIRECTION ( 'NONE',  ( 0.000000000000000000, 0.9461585652950790237, -0.3237035207080049548 ) ) ;
#2966 = CIRCLE ( 'NONE', #228, 2.019999999999232188 ) ;
#2967 = ORIENTED_EDGE ( 'NONE', *, *, #4567, .F. ) ;
#2968 = FACE_OUTER_BOUND ( 'NONE', #8320, .T. ) ;
#2969 = ORIENTED_EDGE ( 'NONE', *, *, #200, .T. ) ;
#2970 = EDGE_CURVE ( 'NONE', #3078, #425, #3918, .T. ) ;
#2971 = AXIS2_PLACEMENT_3D ( 'NONE', #345, #299, #1592 ) ;
#2972 = ADVANCED_FACE ( 'NONE', ( #6650 ), #2041, .T. ) ;
#2973 =( LENGTH_UNIT ( ) NAMED_UNIT ( * ) SI_UNIT ( .MILLI., .METRE. ) );
#2974 = CARTESIAN_POINT ( 'NONE',  ( -2.875000000000000000, 1.899999999999999911, 0.000000000000000000 ) ) ;
#2975 = CARTESIAN_POINT ( 'NONE',  ( 1.824999999999999734, 0.1499999999999999389, -2.000000000000000000 ) ) ;
#2976 = AXIS2_PLACEMENT_3D ( 'NONE', #6420, #5203, #7303 ) ;
#2977 = AXIS2_PLACEMENT_3D ( 'NONE', #5294, #8098, #4607 ) ;
#2978 = CARTESIAN_POINT ( 'NONE',  ( 3.972337795373205083, 1.839047978423605567, -1.223533206640531779 ) ) ;
#2979 = CARTESIAN_POINT ( 'NONE',  ( 2.924999999999999822, 2.200000000000000178, -2.002654488422803247 ) ) ;
#2980 = ORIENTED_EDGE ( 'NONE', *, *, #5376, .F. ) ;
#2981 = EDGE_CURVE ( 'NONE', #1904, #4701, #5333, .T. ) ;
#2982 = ORIENTED_EDGE ( 'NONE', *, *, #5775, .T. ) ;
#2983 = FACE_OUTER_BOUND ( 'NONE', #6826, .T. ) ;
#2984 = CARTESIAN_POINT ( 'NONE',  ( -2.729248895551136478, 0.2499999999999998890, 1.173935688187389248 ) ) ;
#2985 = CIRCLE ( 'NONE', #1806, 0.2500000000000000555 ) ;
#2986 = VERTEX_POINT ( 'NONE', #2457 ) ;
#2987 = DIRECTION ( 'NONE',  ( 1.000000000000000000, 4.613626265895765162E-17, -1.619075244254214076E-13 ) ) ;
#2988 = CARTESIAN_POINT ( 'NONE',  ( 3.974991601482650960, 2.172687888858968019, 1.253275665901310898 ) ) ;
#2989 = LINE ( 'NONE', #5078, #5750 ) ;
#2990 = CARTESIAN_POINT ( 'NONE',  ( -3.474999999999999645, 1.899999999999999911, 0.3499999999999998668 ) ) ;
#2991 = FACE_OUTER_BOUND ( 'NONE', #4318, .T. ) ;
#2992 = CARTESIAN_POINT ( 'NONE',  ( -2.875000000000000000, 1.899999999999999911, 1.300000000000000044 ) ) ;
#2993 = EDGE_CURVE ( 'NONE', #1102, #8246, #6118, .T. ) ;
#2994 = CARTESIAN_POINT ( 'NONE',  ( 2.924999999999999822, 0.8549999999999998712, -0.8000000000000000444 ) ) ;
#2995 = ORIENTED_EDGE ( 'NONE', *, *, #6801, .T. ) ;
#2996 = EDGE_CURVE ( 'NONE', #8439, #5783, #884, .T. ) ;
#2997 = CARTESIAN_POINT ( 'NONE',  ( 2.424999999999999378, 2.200000000000000178, -2.024999999999999911 ) ) ;
#2998 = CIRCLE ( 'NONE', #7529, 0.2500000000000002220 ) ;
#2999 = CARTESIAN_POINT ( 'NONE',  ( 3.944728227307393364, 2.812295168722673822, 1.310778389833022972 ) ) ;
#3000 = CARTESIAN_POINT ( 'NONE',  ( 2.225000000000326938, 1.899999999999999689, 2.019999999999345430 ) ) ;
#3001 = B_SPLINE_CURVE_WITH_KNOTS ( 'NONE', 3,
 ( #3635, #7812, #8674, #155, #4962, #3727, #1498, #1676, #7068, #3768, #1624, #5687, #329 ),
 .UNSPECIFIED., .F., .F.,
 ( 4, 3, 3, 3, 4 ),
 ( -1.224255364886489168E-05, 0.000000000000000000, 1.064353321164079834E-05, 7.432859958299888872E-05, 0.0002035779338781398373 ),
 .UNSPECIFIED. ) ;
#3002 = CARTESIAN_POINT ( 'NONE',  ( 3.680191045031841579, 1.884498303673826092, 1.000449623002443778 ) ) ;
#3003 = DIRECTION ( 'NONE',  ( 0.000000000000000000, -0.9285714285714282701, -0.3711537444790460882 ) ) ;
#3004 = CARTESIAN_POINT ( 'NONE',  ( 3.125000000000000000, 2.335889894354201246, -0.8999999999999351852 ) ) ;
#3005 = EDGE_LOOP ( 'NONE', ( #2279, #3315, #8069, #4973, #4830, #8808 ) ) ;
#3006 = ORIENTED_EDGE ( 'NONE', *, *, #7182, .F. ) ;
#3007 = LINE ( 'NONE', #8638, #8052 ) ;
#3008 = LINE ( 'NONE', #2365, #8528 ) ;
#3009 = CARTESIAN_POINT ( 'NONE',  ( -2.874999999999999556, -1.326417551445032214E-16, -0.2000000000004246992 ) ) ;
#3010 = EDGE_CURVE ( 'NONE', #5788, #8369, #1901, .T. ) ;
#3011 = DIRECTION ( 'NONE',  ( -1.000000000000000000, -0.000000000000000000, -0.000000000000000000 ) ) ;
#3012 = VERTEX_POINT ( 'NONE', #650 ) ;
#3013 = CYLINDRICAL_SURFACE ( 'NONE', #2469, 0.8000000000000000444 ) ;
#3014 = CARTESIAN_POINT ( 'NONE',  ( 3.275000000000000355, 1.899999999999999911, 0.000000000000000000 ) ) ;
#3015 = VERTEX_POINT ( 'NONE', #1949 ) ;
#3016 = PLANE ( 'NONE',  #1718 ) ;
#3017 = CARTESIAN_POINT ( 'NONE',  ( 3.095000000000514895, 0.8000000000000009326, 0.000000000000000000 ) ) ;
#3018 = CARTESIAN_POINT ( 'NONE',  ( 2.924999999999999822, 2.200000000000000178, -2.002654488422803247 ) ) ;
#3019 = EDGE_CURVE ( 'NONE', #5943, #4209, #5679, .T. ) ;
#3020 = DIRECTION ( 'NONE',  ( 0.000000000000000000, 0.000000000000000000, -1.000000000000000000 ) ) ;
#3021 = ORIENTED_EDGE ( 'NONE', *, *, #16, .F. ) ;
#3022 = DIRECTION ( 'NONE',  ( 1.000000000000000000, 4.613626265895767627E-17, 0.000000000000000000 ) ) ;
#3023 = ORIENTED_EDGE ( 'NONE', *, *, #3164, .T. ) ;
#3024 = DIRECTION ( 'NONE',  ( -0.8968556368849970317, -0.07846470104676031565, -0.4353082324942285086 ) ) ;
#3025 = DIRECTION ( 'NONE',  ( -1.000000000000000000, 0.000000000000000000, 0.000000000000000000 ) ) ;
#3026 = VECTOR ( 'NONE', #2327, 1000.000000000000000 ) ;
#3027 = ORIENTED_EDGE ( 'NONE', *, *, #2875, .F. ) ;
#3028 = CARTESIAN_POINT ( 'NONE',  ( -2.961255506663077686, 3.192020264792186257, -0.1655280977349980753 ) ) ;
#3029 = DIRECTION ( 'NONE',  ( 0.000000000000000000, 0.000000000000000000, 1.000000000000000000 ) ) ;
#3030 = PLANE ( 'NONE',  #3427 ) ;
#3031 = LINE ( 'NONE', #4438, #6347 ) ;
#3032 = EDGE_CURVE ( 'NONE', #5031, #3504, #3441, .T. ) ;
#3033 = CARTESIAN_POINT ( 'NONE',  ( 3.125000000000000000, 0.2500000000000000000, 0.000000000000000000 ) ) ;
#3034 = FACE_OUTER_BOUND ( 'NONE', #1411, .T. ) ;
#3035 = CARTESIAN_POINT ( 'NONE',  ( 2.424999999999999822, 1.600000000000000311, -1.824999999999999734 ) ) ;
#3036 = ORIENTED_EDGE ( 'NONE', *, *, #846, .F. ) ;
#3037 = CARTESIAN_POINT ( 'NONE',  ( -7.875000000000000000, 2.164841554041476268, -1.778606444556866784 ) ) ;
#3038 = DIRECTION ( 'NONE',  ( 0.000000000000000000, 0.000000000000000000, 1.000000000000000000 ) ) ;
#3039 = DIRECTION ( 'NONE',  ( -1.000000000000000000, -4.613626265895765162E-17, 1.619075244254214076E-13 ) ) ;
#3040 = CARTESIAN_POINT ( 'NONE',  ( 3.972958179448169425, 2.727182446465986843, 1.223386406454133102 ) ) ;
#3041 = LINE ( 'NONE', #4640, #1770 ) ;
#3042 = EDGE_CURVE ( 'NONE', #7847, #566, #6235, .T. ) ;
#3043 = DIRECTION ( 'NONE',  ( -4.613626265895765162E-17, 1.000000000000000000, -0.000000000000000000 ) ) ;
#3044 = VERTEX_POINT ( 'NONE', #3410 ) ;
#3045 = ORIENTED_EDGE ( 'NONE', *, *, #3484, .T. ) ;
#3046 = CIRCLE ( 'NONE', #871, 0.2750000000000002998 ) ;
#3047 = DIRECTION ( 'NONE',  ( 1.000000000000000000, -1.982768625272448026E-16, -1.618239048377201628E-13 ) ) ;
#3048 = CARTESIAN_POINT ( 'NONE',  ( 3.973177881677031564, 1.981957975374244896, 1.225196149963283299 ) ) ;
#3049 = LINE ( 'NONE', #570, #6330 ) ;
#3050 = ORIENTED_EDGE ( 'NONE', *, *, #273, .T. ) ;
#3051 = VECTOR ( 'NONE', #1476, 1000.000000000000000 ) ;
#3052 = CARTESIAN_POINT ( 'NONE',  ( 3.024999999999999911, 0.2499999999999999445, 1.200000000000000178 ) ) ;
#3053 = EDGE_LOOP ( 'NONE', ( #6081, #5188, #5790, #5148 ) ) ;
#3054 = AXIS2_PLACEMENT_3D ( 'NONE', #8770, #5285, #8680 ) ;
#3055 = LINE ( 'NONE', #6348, #7581 ) ;
#3056 = LINE ( 'NONE', #5209, #887 ) ;
#3057 = CIRCLE ( 'NONE', #3657, 0.5000000000000013323 ) ;
#3058 = EDGE_LOOP ( 'NONE', ( #4599, #4992, #6830, #7583 ) ) ;
#3059 = EDGE_CURVE ( 'NONE', #3932, #3364, #2176, .T. ) ;
#3060 = VECTOR ( 'NONE', #6892, 1000.000000000000000 ) ;
#3061 = DIRECTION ( 'NONE',  ( 4.613626265895765162E-17, -1.000000000000000000, 0.000000000000000000 ) ) ;
#3062 = DIRECTION ( 'NONE',  ( 0.000000000000000000, -1.000000000000000000, 0.000000000000000000 ) ) ;
#3063 = VECTOR ( 'NONE', #6059, 1000.000000000000000 ) ;
#3064 = STYLED_ITEM ( 'NONE', ( #7701 ), #7027 ) ;
#3065 = DIRECTION ( 'NONE',  ( -1.000000000000000000, 0.000000000000000000, 0.000000000000000000 ) ) ;
#3066 = DIRECTION ( 'NONE',  ( -1.000000000000000000, 0.000000000000000000, 0.000000000000000000 ) ) ;
#3067 = ORIENTED_EDGE ( 'NONE', *, *, #347, .F. ) ;
#3068 = VECTOR ( 'NONE', #4399, 1000.000000000000000 ) ;
#3069 = VECTOR ( 'NONE', #3640, 1000.000000000000000 ) ;
#3070 = CYLINDRICAL_SURFACE ( 'NONE', #8103, 2.020000000000939711 ) ;
#3071 = VERTEX_POINT ( 'NONE', #1234 ) ;
#3072 = EDGE_CURVE ( 'NONE', #6861, #5358, #7290, .T. ) ;
#3073 = EDGE_LOOP ( 'NONE', ( #4889, #7216, #6899, #4333 ) ) ;
#3074 = PLANE ( 'NONE',  #8083 ) ;
#3075 = CARTESIAN_POINT ( 'NONE',  ( 3.973177881677031564, 1.981957975374244896, 1.225196149963283299 ) ) ;
#3076 = AXIS2_PLACEMENT_3D ( 'NONE', #5969, #3882, #7491 ) ;
#3077 = DIRECTION ( 'NONE',  ( -1.000000000000000000, -0.000000000000000000, -0.000000000000000000 ) ) ;
#3078 = VERTEX_POINT ( 'NONE', #3456 ) ;
#3079 = VECTOR ( 'NONE', #1654, 1000.000000000000000 ) ;
#3080 = CARTESIAN_POINT ( 'NONE',  ( 3.050000000000000266, 0.1749999999999999889, 0.000000000000000000 ) ) ;
#3081 = CARTESIAN_POINT ( 'NONE',  ( 1.824999999999999734, -5.421010862427522170E-17, -2.000000000000000000 ) ) ;
#3082 = DIRECTION ( 'NONE',  ( -1.000000000000000000, -4.613626265895765162E-17, 1.619075244254214076E-13 ) ) ;
#3083 = CARTESIAN_POINT ( 'NONE',  ( 3.095000000000514895, 0.8000000000000009326, 0.4000000000000425437 ) ) ;
#3084 = ORIENTED_EDGE ( 'NONE', *, *, #6188, .F. ) ;
#3085 = EDGE_CURVE ( 'NONE', #5461, #2702, #8306, .T. ) ;
#3086 = DIRECTION ( 'NONE',  ( 1.618418152018579720E-13, 0.000000000000000000, 1.000000000000000000 ) ) ;
#3087 = CARTESIAN_POINT ( 'NONE',  ( 1.024999999999972156, 0.5351873510798765832, 1.668013584958665918 ) ) ;
#3088 = TOROIDAL_SURFACE ( 'NONE', #7177, 1.399999999999999911, 0.1000000000000000056 ) ;
#3089 =( BOUNDED_SURFACE ( )  B_SPLINE_SURFACE ( 3, 2, ( 
 ( #3558, #865, #912 ),
 ( #8451, #3685, #1502 ),
 ( #159, #3731, #6460 ),
 ( #2913, #251, #5693 ),
 ( #4242, #7028, #3002 ),
 ( #8492, #8580, #791 ) ),
 .UNSPECIFIED., .F., .F., .F. ) 
 B_SPLINE_SURFACE_WITH_KNOTS ( ( 4, 2, 4 ),
 ( 3, 3 ),
 ( 3.141592653589791340, 3.883357585687377878, 4.625122517784964415 ),
 ( 0.000000000000000000, 1.000000000000000000 ),
 .UNSPECIFIED. ) 
 GEOMETRIC_REPRESENTATION_ITEM ( )  RATIONAL_B_SPLINE_SURFACE ( (
 ( 1.000000000000000000, 0.7372773368101241953, 1.000000000000000000),
 ( 1.000000000000000000, 0.7373167490942785784, 1.000000000000000000),
 ( 1.000000000000000000, 0.7344611233347394519, 1.000000000000000000),
 ( 1.000000000000000000, 0.7244822983925748305, 1.000000000000000000),
 ( 1.000000000000000000, 0.7173738231503592466, 1.000000000000000000),
 ( 1.000000000000000000, 0.7097873355780229820, 1.000000000000000000) ) ) 
 REPRESENTATION_ITEM ( '' )  SURFACE ( )  );
#3090 = DIRECTION ( 'NONE',  ( -1.000000000000000000, -4.613626265895765162E-17, 1.619075244254214076E-13 ) ) ;
#3091 = CARTESIAN_POINT ( 'NONE',  ( 3.275000000000000355, 2.162249880839105298, -0.9649999999999350209 ) ) ;
#3092 = CARTESIAN_POINT ( 'NONE',  ( 2.924999999999999822, 1.600000000000000755, 1.897345511577197108 ) ) ;
#3093 = DIRECTION ( 'NONE',  ( 0.000000000000000000, 0.4999999999999937828, -0.8660254037844422603 ) ) ;
#3094 = ORIENTED_EDGE ( 'NONE', *, *, #4238, .T. ) ;
#3095 = VECTOR ( 'NONE', #6379, 1000.000000000000000 ) ;
#3096 = VERTEX_POINT ( 'NONE', #8991 ) ;
#3097 = ADVANCED_FACE ( 'NONE', ( #735 ), #7574, .T. ) ;
#3098 = CARTESIAN_POINT ( 'NONE',  ( 1.925000000000000488, 0.2500000000000000000, -2.075000000000000178 ) ) ;
#3099 = CARTESIAN_POINT ( 'NONE',  ( 3.972206790126118658, 1.958649248033794699, 1.223594017578407911 ) ) ;
#3100 = ADVANCED_FACE ( 'NONE', ( #1408 ), #7485, .F. ) ;
#3101 = PRODUCT ( 'VZ43FM1B8230001L', 'VZ43FM1B8230001L', '', ( #426 ) ) ;
#3102 = DIRECTION ( 'NONE',  ( -4.336808689942016158E-15, -1.000000000000000000, -0.000000000000000000 ) ) ;
#3103 = DIRECTION ( 'NONE',  ( -1.000000000000000000, 0.000000000000000000, 0.000000000000000000 ) ) ;
#3104 = ORIENTED_EDGE ( 'NONE', *, *, #796, .T. ) ;
#3105 = DIRECTION ( 'NONE',  ( -1.000000000000000000, -0.000000000000000000, -0.000000000000000000 ) ) ;
#3106 = CARTESIAN_POINT ( 'NONE',  ( 3.944728227307291668, 1.912295168722797811, -1.310778389833176627 ) ) ;
#3107 = ORIENTED_EDGE ( 'NONE', *, *, #6801, .F. ) ;
#3108 = VERTEX_POINT ( 'NONE', #7619 ) ;
#3109 = VERTEX_POINT ( 'NONE', #4011 ) ;
#3110 = CIRCLE ( 'NONE', #2824, 0.1000000000000004774 ) ;
#3111 = CARTESIAN_POINT ( 'NONE',  ( 3.275000000000000355, 1.849045831746048751, 0.9649999999999354650 ) ) ;
#3112 = CARTESIAN_POINT ( 'NONE',  ( 3.274888711850523659, 2.956357320833185476, 1.680893851126232796 ) ) ;
#3113 = EDGE_CURVE ( 'NONE', #5773, #4295, #563, .T. ) ;
#3114 = B_SPLINE_CURVE_WITH_KNOTS ( 'NONE', 3,
 ( #4923, #3040, #122, #3605 ),
 .UNSPECIFIED., .F., .F.,
 ( 4, 4 ),
 ( 1.001230034697944328E-17, 2.792681645788784288E-05 ),
 .UNSPECIFIED. ) ;
#3115 = EDGE_CURVE ( 'NONE', #4565, #6781, #8467, .T. ) ;
#3116 = DIRECTION ( 'NONE',  ( 0.000000000000000000, 0.000000000000000000, 1.000000000000000000 ) ) ;
#3117 = VECTOR ( 'NONE', #7036, 1000.000000000000000 ) ;
#3118 = AXIS2_PLACEMENT_3D ( 'NONE', #6669, #5847, #8647 ) ;
#3119 = CARTESIAN_POINT ( 'NONE',  ( -2.874999999999999556, 1.899999999999999467, 9.390636416674440884E-13 ) ) ;
#3120 = ORIENTED_EDGE ( 'NONE', *, *, #6337, .F. ) ;
#3121 = ORIENTED_EDGE ( 'NONE', *, *, #1765, .T. ) ;
#3122 = FACE_OUTER_BOUND ( 'NONE', #6689, .T. ) ;
#3123 = VECTOR ( 'NONE', #8804, 1000.000000000000000 ) ;
#3124 = ORIENTED_EDGE ( 'NONE', *, *, #6336, .T. ) ;
#3125 = ORIENTED_EDGE ( 'NONE', *, *, #5775, .F. ) ;
#3126 = DIRECTION ( 'NONE',  ( 4.613626265895765162E-17, -1.000000000000000000, 0.000000000000000000 ) ) ;
#3127 = CIRCLE ( 'NONE', #4874, 0.2000000000000000944 ) ;
#3128 = CARTESIAN_POINT ( 'NONE',  ( -2.874999999999999556, 0.1799999999999998823, 0.9000000000000425437 ) ) ;
#3129 = VERTEX_POINT ( 'NONE', #8899 ) ;
#3130 = EDGE_CURVE ( 'NONE', #561, #988, #5021, .T. ) ;
#3131 = CARTESIAN_POINT ( 'NONE',  ( 3.742613154901745620, 0.8718955266604927479, -1.449918478026933633 ) ) ;
#3132 = AXIS2_PLACEMENT_3D ( 'NONE', #5448, #6724, #1980 ) ;
#3133 = DIRECTION ( 'NONE',  ( 0.000000000000000000, -0.000000000000000000, 1.000000000000000000 ) ) ;
#3134 = DIRECTION ( 'NONE',  ( -1.000000000000000000, -0.000000000000000000, -0.000000000000000000 ) ) ;
#3135 = ORIENTED_EDGE ( 'NONE', *, *, #8795, .T. ) ;
#3136 = CARTESIAN_POINT ( 'NONE',  ( -0.000000000000000000, 0.7750000000000000222, -2.075000000000000178 ) ) ;
#3137 = VECTOR ( 'NONE', #8813, 1000.000000000000000 ) ;
#3138 = ORIENTED_EDGE ( 'NONE', *, *, #1246, .T. ) ;
#3139 = DIRECTION ( 'NONE',  ( 1.000000000000000000, 0.000000000000000000, 0.000000000000000000 ) ) ;
#3140 = VERTEX_POINT ( 'NONE', #603 ) ;
#3141 = EDGE_CURVE ( 'NONE', #7967, #145, #6057, .T. ) ;
#3142 = DIRECTION ( 'NONE',  ( 0.000000000000000000, -1.000000000000000000, 0.000000000000000000 ) ) ;
#3143 = CARTESIAN_POINT ( 'NONE',  ( 2.225000000000341149, 3.404330127020342101, 2.109999999999175646 ) ) ;
#3144 = ADVANCED_FACE ( 'NONE', ( #2641 ), #5414, .T. ) ;
#3145 = ADVANCED_FACE ( 'NONE', ( #3367 ), #6146, .T. ) ;
#3146 = CARTESIAN_POINT ( 'NONE',  ( 3.182252106401948666, 2.314474014751812803, -0.8089398803433234253 ) ) ;
#3147 = ORIENTED_EDGE ( 'NONE', *, *, #7069, .F. ) ;
#3148 = CIRCLE ( 'NONE', #2723, 0.2000000000000000944 ) ;
#3149 = DIRECTION ( 'NONE',  ( -1.000000000000000000, -4.613626265895765162E-17, 1.619075244254214076E-13 ) ) ;
#3150 = DIRECTION ( 'NONE',  ( 0.000000000000000000, 0.000000000000000000, -1.000000000000000000 ) ) ;
#3151 = CARTESIAN_POINT ( 'NONE',  ( 3.125000000000000000, 0.8549999999999998712, -0.8000000000000000444 ) ) ;
#3152 = DIRECTION ( 'NONE',  ( -1.000000000000000000, 3.445345076184176030E-15, -8.758115402030108638E-47 ) ) ;
#3153 = ORIENTED_EDGE ( 'NONE', *, *, #7025, .T. ) ;
#3154 = CARTESIAN_POINT ( 'NONE',  ( 3.675000000000000266, 2.299999999999999822, 0.7499999999999992228 ) ) ;
#3155 = EDGE_CURVE ( 'NONE', #3012, #2777, #6283, .T. ) ;
#3156 = CARTESIAN_POINT ( 'NONE',  ( 3.972194506361135691, 1.862265384610590768, -1.194202521280731899 ) ) ;
#3157 = EDGE_CURVE ( 'NONE', #8671, #92, #6363, .T. ) ;
#3158 = EDGE_CURVE ( 'NONE', #2509, #3782, #856, .T. ) ;
#3159 = VERTEX_POINT ( 'NONE', #7709 ) ;
#3160 = FACE_BOUND ( 'NONE', #2508, .T. ) ;
#3161 = DIRECTION ( 'NONE',  ( 0.000000000000000000, 0.000000000000000000, -1.000000000000000000 ) ) ;
#3162 = AXIS2_PLACEMENT_3D ( 'NONE', #3474, #8321, #2057 ) ;
#3163 = CARTESIAN_POINT ( 'NONE',  ( 3.135373369255975540, 1.474726869433134580, -0.8542618654119652488 ) ) ;
#3164 = EDGE_CURVE ( 'NONE', #2500, #877, #2946, .T. ) ;
#3165 = LINE ( 'NONE', #2616, #3494 ) ;
#3166 = VECTOR ( 'NONE', #6684, 1000.000000000000000 ) ;
#3167 = CARTESIAN_POINT ( 'NONE',  ( 3.275000000000000355, 0.8458563656608286685, -0.8499999999999353628 ) ) ;
#3168 = EDGE_LOOP ( 'NONE', ( #2924, #2887, #7809, #4822 ) ) ;
#3169 = EDGE_CURVE ( 'NONE', #5916, #3401, #3881, .T. ) ;
#3170 = CARTESIAN_POINT ( 'NONE',  ( 3.275000000000000355, 1.899999999999999911, 0.000000000000000000 ) ) ;
#3171 = ORIENTED_EDGE ( 'NONE', *, *, #4312, .T. ) ;
#3172 = ORIENTED_EDGE ( 'NONE', *, *, #530, .T. ) ;
#3173 = CARTESIAN_POINT ( 'NONE',  ( 3.277663711335768060, 2.349999999999999201, 1.817607913701526856 ) ) ;
#3174 = CARTESIAN_POINT ( 'NONE',  ( 3.974999999999999201, 1.604518058508086487, -1.255324857972438091 ) ) ;
#3175 = CARTESIAN_POINT ( 'NONE',  ( 0.009595037822621735324, -0.07500000000000001110, 0.7500000000000000000 ) ) ;
#3176 = ORIENTED_EDGE ( 'NONE', *, *, #7810, .F. ) ;
#3177 = CARTESIAN_POINT ( 'NONE',  ( 3.125000000000000000, 0.3750000000000000000, 1.200000000000000400 ) ) ;
#3178 = DIRECTION ( 'NONE',  ( -0.000000000000000000, -0.000000000000000000, -1.000000000000000000 ) ) ;
#3179 = FACE_OUTER_BOUND ( 'NONE', #5242, .T. ) ;
#3180 = ORIENTED_EDGE ( 'NONE', *, *, #5771, .T. ) ;
#3181 =( NAMED_UNIT ( * ) PLANE_ANGLE_UNIT ( ) SI_UNIT ( $, .RADIAN. ) );
#3182 = AXIS2_PLACEMENT_3D ( 'NONE', #3758, #5948, #7381 ) ;
#3183 = ORIENTED_EDGE ( 'NONE', *, *, #679, .F. ) ;
#3184 = ADVANCED_FACE ( 'NONE', ( #6449 ), #8526, .T. ) ;
#3185 = DIRECTION ( 'NONE',  ( 1.000000000000000000, 0.000000000000000000, 0.000000000000000000 ) ) ;
#3186 = CIRCLE ( 'NONE', #5061, 0.5000000000000001110 ) ;
#3187 = DIRECTION ( 'NONE',  ( 0.000000000000000000, 0.000000000000000000, -1.000000000000000000 ) ) ;
#3188 = EDGE_LOOP ( 'NONE', ( #3383, #8239, #2137, #4020 ) ) ;
#3189 = LINE ( 'NONE', #1679, #1026 ) ;
#3190 = DIRECTION ( 'NONE',  ( -1.000000000000000000, -0.000000000000000000, -0.000000000000000000 ) ) ;
#3191 = CARTESIAN_POINT ( 'NONE',  ( 3.125014535521426051, 2.335438077181644978, -0.8980313379515985073 ) ) ;
#3192 = ORIENTED_EDGE ( 'NONE', *, *, #1628, .F. ) ;
#3193 = CARTESIAN_POINT ( 'NONE',  ( 3.275000000000000355, 3.399999999999999911, -0.8149999999999351097 ) ) ;
#3194 = DIRECTION ( 'NONE',  ( 0.000000000000000000, 0.9461585652950789127, -0.3237035207080048993 ) ) ;
#3195 = EDGE_CURVE ( 'NONE', #5484, #555, #241, .T. ) ;
#3196 = CYLINDRICAL_SURFACE ( 'NONE', #2977, 0.1000000000000002554 ) ;
#3197 = CARTESIAN_POINT ( 'NONE',  ( -2.674999999999999378, 1.899999999999999911, 2.024999999999999911 ) ) ;
#3198 = ORIENTED_EDGE ( 'NONE', *, *, #442, .F. ) ;
#3199 = CARTESIAN_POINT ( 'NONE',  ( -2.875000000000000000, 3.199999999999999734, -1.280868845745064100 ) ) ;
#3200 = CARTESIAN_POINT ( 'NONE',  ( 3.130767585513059004, 2.327729933856220068, 0.8647331225422054679 ) ) ;
#3201 = VERTEX_POINT ( 'NONE', #1539 ) ;
#3202 = CIRCLE ( 'NONE', #5082, 0.1500000000000003830 ) ;
#3203 = EDGE_LOOP ( 'NONE', ( #8574, #8013, #8502, #46 ) ) ;
#3204 = VERTEX_POINT ( 'NONE', #7017 ) ;
#3205 = CARTESIAN_POINT ( 'NONE',  ( 3.277663711335771612, 0.8438241912549762080, -1.679545526866349059 ) ) ;
#3206 = CARTESIAN_POINT ( 'NONE',  ( 3.125000000000000000, 0.2499999999999997780, -2.000000000000000000 ) ) ;
#3207 = DIRECTION ( 'NONE',  ( -4.613626265895765162E-17, 1.000000000000000000, -0.000000000000000000 ) ) ;
#3208 = ADVANCED_FACE ( 'NONE', ( #782 ), #819, .F. ) ;
#3209 = CIRCLE ( 'NONE', #8464, 0.2250000000000012546 ) ;
#3210 = DIRECTION ( 'NONE',  ( 0.000000000000000000, 0.000000000000000000, 1.000000000000000000 ) ) ;
#3211 = DIRECTION ( 'NONE',  ( 0.000000000000000000, 0.000000000000000000, 1.000000000000000000 ) ) ;
#3212 = ORIENTED_EDGE ( 'NONE', *, *, #8969, .F. ) ;
#3213 = VECTOR ( 'NONE', #3874, 1000.000000000000000 ) ;
#3214 = CARTESIAN_POINT ( 'NONE',  ( 3.655504509961679638, 2.166710168957866500, -1.600000000000000311 ) ) ;
#3215 = ORIENTED_EDGE ( 'NONE', *, *, #2592, .F. ) ;
#3216 = VECTOR ( 'NONE', #7139, 1000.000000000000000 ) ;
#3217 = ORIENTED_EDGE ( 'NONE', *, *, #5355, .T. ) ;
#3218 = DIRECTION ( 'NONE',  ( -1.000000000000000000, -0.000000000000000000, -0.000000000000000000 ) ) ;
#3219 = CARTESIAN_POINT ( 'NONE',  ( 3.974994382114231506, 1.623780522340734223, -1.253614889613853700 ) ) ;
#3220 = ADVANCED_FACE ( 'NONE', ( #2259 ), #2820, .T. ) ;
#3221 = DIRECTION ( 'NONE',  ( 0.000000000000000000, 0.000000000000000000, 1.000000000000000000 ) ) ;
#3222 = ADVANCED_FACE ( 'NONE', ( #2991 ), #7844, .T. ) ;
#3223 = DIRECTION ( 'NONE',  ( -1.000000000000000000, 0.000000000000000000, 0.000000000000000000 ) ) ;
#3224 = VECTOR ( 'NONE', #5189, 1000.000000000000000 ) ;
#3225 = CIRCLE ( 'NONE', #3373, 0.1000000000000002554 ) ;
#3226 = CARTESIAN_POINT ( 'NONE',  ( 3.025000000000512834, 0.1799999999999998823, -0.4000000000000417111 ) ) ;
#3227 = CARTESIAN_POINT ( 'NONE',  ( 3.584882863515479023, 0.8633255779959412290, -1.529401864743481942 ) ) ;
#3228 = ORIENTED_EDGE ( 'NONE', *, *, #332, .F. ) ;
#3229 = CARTESIAN_POINT ( 'NONE',  ( 3.655504509961679638, 3.066710168957865523, 0.9649999999999355760 ) ) ;
#3230 = ORIENTED_EDGE ( 'NONE', *, *, #7160, .T. ) ;
#3231 = CARTESIAN_POINT ( 'NONE',  ( 3.432005710675444909, 2.046084092126359888, -1.604547722920079300 ) ) ;
#3232 = AXIS2_PLACEMENT_3D ( 'NONE', #7336, #1087, #8758 ) ;
#3233 = FACE_OUTER_BOUND ( 'NONE', #3005, .T. ) ;
#3234 = ORIENTED_EDGE ( 'NONE', *, *, #2720, .T. ) ;
#3235 = EDGE_CURVE ( 'NONE', #4906, #6725, #4914, .T. ) ;
#3236 = DIRECTION ( 'NONE',  ( 1.618418152018579720E-13, 0.000000000000000000, 1.000000000000000000 ) ) ;
#3237 = CARTESIAN_POINT ( 'NONE',  ( 1.524999999999999911, 0.4769207173524604437, 1.838322126711707805 ) ) ;
#3238 = DIRECTION ( 'NONE',  ( 5.219536637890756552E-14, 0.9461585652950790237, 0.3237035207080046773 ) ) ;
#3239 = ORIENTED_EDGE ( 'NONE', *, *, #1924, .F. ) ;
#3240 = ORIENTED_EDGE ( 'NONE', *, *, #5265, .F. ) ;
#3241 = AXIS2_PLACEMENT_3D ( 'NONE', #6199, #1999, #2825 ) ;
#3242 = DIRECTION ( 'NONE',  ( 1.000000000000000000, 9.035018104045869462E-17, 0.000000000000000000 ) ) ;
#3243 = CARTESIAN_POINT ( 'NONE',  ( 3.274888711842863120, 1.743642679166311993, 1.680893851129955596 ) ) ;
#3244 = LINE ( 'NONE', #6703, #8252 ) ;
#3245 = DIRECTION ( 'NONE',  ( 0.000000000000000000, -1.000000000000000000, -4.134233232122796829E-16 ) ) ;
#3246 = ORIENTED_EDGE ( 'NONE', *, *, #3141, .T. ) ;
#3247 = FACE_OUTER_BOUND ( 'NONE', #2834, .T. ) ;
#3248 = DIRECTION ( 'NONE',  ( 1.000000000000000000, -0.000000000000000000, -0.000000000000000000 ) ) ;
#3249 = EDGE_LOOP ( 'NONE', ( #4139, #763, #8065, #5104 ) ) ;
#3250 = ORIENTED_EDGE ( 'NONE', *, *, #7267, .T. ) ;
#3251 = B_SPLINE_CURVE_WITH_KNOTS ( 'NONE', 3,
 ( #1613, #2984, #7097, #7836, #8562, #2939 ),
 .UNSPECIFIED., .F., .F.,
 ( 4, 2, 4 ),
 ( 0.000000000000000000, 0.0001603904776410520908, 0.0003207809552821041816 ),
 .UNSPECIFIED. ) ;
#3252 = FACE_OUTER_BOUND ( 'NONE', #3903, .T. ) ;
#3253 = CARTESIAN_POINT ( 'NONE',  ( 3.973177881677378398, 2.718042024625754394, 1.225196149966141013 ) ) ;
#3254 = CARTESIAN_POINT ( 'NONE',  ( 3.172410030623789456, 1.484242906448885124, -0.8142571807102112480 ) ) ;
#3255 = CIRCLE ( 'NONE', #4402, 0.2750000000000002998 ) ;
#3256 = DIRECTION ( 'NONE',  ( -1.000000000000000000, 0.000000000000000000, 0.000000000000000000 ) ) ;
#3257 = ADVANCED_FACE ( 'NONE', ( #1577 ), #4273, .F. ) ;
#3258 = CARTESIAN_POINT ( 'NONE',  ( 3.746788935686913735, 2.718042024625754394, 1.006276183449501538 ) ) ;
#3259 = ADVANCED_FACE ( 'NONE', ( #4315 ), #6327, .T. ) ;
#3260 = EDGE_CURVE ( 'NONE', #6262, #7499, #6757, .T. ) ;
#3261 = VERTEX_POINT ( 'NONE', #7885 ) ;
#3262 = VECTOR ( 'NONE', #6222, 1000.000000000000000 ) ;
#3263 = ORIENTED_EDGE ( 'NONE', *, *, #7035, .F. ) ;
#3264 = LINE ( 'NONE', #6043, #7658 ) ;
#3265 = CARTESIAN_POINT ( 'NONE',  ( -2.957842461054794203, 3.200000662883359936, -0.08246487165397736741 ) ) ;
#3266 = CARTESIAN_POINT ( 'NONE',  ( 3.275000000000000355, 0.9490486745229370635, -0.9649999999999354650 ) ) ;
#3267 = VECTOR ( 'NONE', #5769, 1000.000000000000000 ) ;
#3268 = AXIS2_PLACEMENT_3D ( 'NONE', #5465, #4868, #7665 ) ;
#3269 = VECTOR ( 'NONE', #4523, 1000.000000000000000 ) ;
#3270 = CARTESIAN_POINT ( 'NONE',  ( 3.275000000000000355, 1.070000000000038476, 1.552499999999935598 ) ) ;
#3271 = FACE_OUTER_BOUND ( 'NONE', #5134, .T. ) ;
#3272 = EDGE_CURVE ( 'NONE', #4151, #3201, #8675, .T. ) ;
#3273 = EDGE_LOOP ( 'NONE', ( #1045, #1312, #7350, #7285, #4936, #1850 ) ) ;
#3274 =( LENGTH_UNIT ( ) NAMED_UNIT ( * ) SI_UNIT ( .MILLI., .METRE. ) );
#3275 = VERTEX_POINT ( 'NONE', #2861 ) ;
#3276 = CIRCLE ( 'NONE', #2971, 2.024999999999999911 ) ;
#3277 = ORIENTED_EDGE ( 'NONE', *, *, #1685, .T. ) ;
#3278 = CARTESIAN_POINT ( 'NONE',  ( 3.739370139709939256, 2.028280675789593701, -1.451552697008590354 ) ) ;
#3279 = DIRECTION ( 'NONE',  ( 0.000000000000000000, 0.000000000000000000, 1.000000000000000000 ) ) ;
#3280 = ORIENTED_EDGE ( 'NONE', *, *, #4405, .T. ) ;
#3281 = EDGE_CURVE ( 'NONE', #8327, #7209, #7643, .T. ) ;
#3282 = DIRECTION ( 'NONE',  ( 8.099371738820811693E-14, -0.8660254037844418162, 0.4999999999999943934 ) ) ;
#3283 = CARTESIAN_POINT ( 'NONE',  ( 3.275000000000000355, 3.400000000000000355, -1.322875655532294914 ) ) ;
#3284 = CARTESIAN_POINT ( 'NONE',  ( 3.974999999999999201, 2.718042024625754394, 1.255324857972438091 ) ) ;
#3286 = ADVANCED_FACE ( 'NONE', ( #4589 ), #423, .T. ) ;
#3285 = ORIENTED_EDGE ( 'NONE', *, *, #4872, .F. ) ;
#3287 = ORIENTED_EDGE ( 'NONE', *, *, #7988, .F. ) ;
#3288 = DIRECTION ( 'NONE',  ( 0.000000000000000000, 0.000000000000000000, -1.000000000000000000 ) ) ;
#3289 = CARTESIAN_POINT ( 'NONE',  ( 1.924999999999999600, 0.2500000000000000000, 2.075000000000000178 ) ) ;
#3290 = DIRECTION ( 'NONE',  ( 0.000000000000000000, 0.000000000000000000, -1.000000000000000000 ) ) ;
#3291 = EDGE_LOOP ( 'NONE', ( #4913, #3901, #5020, #1716 ) ) ;
#3292 = CARTESIAN_POINT ( 'NONE',  ( 3.830263405626088247, 0.8989148143606717767, -1.418188591804676602 ) ) ;
#3293 = CARTESIAN_POINT ( 'NONE',  ( 3.125000000000000000, 1.899999999999999911, 0.000000000000000000 ) ) ;
#3294 = ORIENTED_EDGE ( 'NONE', *, *, #7785, .F. ) ;
#3295 = EDGE_CURVE ( 'NONE', #6993, #2790, #6641, .T. ) ;
#3296 = ORIENTED_EDGE ( 'NONE', *, *, #5649, .F. ) ;
#3297 = VERTEX_POINT ( 'NONE', #990 ) ;
#3298 = ORIENTED_EDGE ( 'NONE', *, *, #5376, .T. ) ;
#3299 = CARTESIAN_POINT ( 'NONE',  ( -2.974999999999999645, 1.899999999999999911, 0.000000000000000000 ) ) ;
#3300 = EDGE_CURVE ( 'NONE', #3530, #5178, #6685, .T. ) ;
#3301 = LINE ( 'NONE', #495, #1518 ) ;
#3302 = CARTESIAN_POINT ( 'NONE',  ( 3.125000000000000000, 2.670000000000056328, -1.372499999999934994 ) ) ;
#3303 = CARTESIAN_POINT ( 'NONE',  ( -7.875000000000000000, 2.164841554041476712, 1.628606444556866428 ) ) ;
#3304 = CARTESIAN_POINT ( 'NONE',  ( 3.125000000000000000, 0.2499999999999997780, 2.000000000000000000 ) ) ;
#3305 = ORIENTED_EDGE ( 'NONE', *, *, #2275, .F. ) ;
#3306 = VECTOR ( 'NONE', #7636, 1000.000000000000000 ) ;
#3307 = ORIENTED_EDGE ( 'NONE', *, *, #7461, .F. ) ;
#3308 = CARTESIAN_POINT ( 'NONE',  ( -2.674999999999999822, 0.4500000000000000111, 0.000000000000000000 ) ) ;
#3309 = ORIENTED_EDGE ( 'NONE', *, *, #4757, .T. ) ;
#3310 = CARTESIAN_POINT ( 'NONE',  ( -2.875000000000000000, 3.222104297701180897, 0.4366627393612488306 ) ) ;
#3311 = CARTESIAN_POINT ( 'NONE',  ( 3.125000000000000000, 1.899999999999999911, 0.000000000000000000 ) ) ;
#3312 = EDGE_CURVE ( 'NONE', #5502, #8430, #7282, .T. ) ;
#3313 = CYLINDRICAL_SURFACE ( 'NONE', #6503, 0.3499999999999998668 ) ;
#3314 = CARTESIAN_POINT ( 'NONE',  ( 2.225000000000323830, 0.9500000000000000666, 2.000173887065596734 ) ) ;
#3315 = ORIENTED_EDGE ( 'NONE', *, *, #1736, .F. ) ;
#3316 = PRESENTATION_STYLE_ASSIGNMENT (( #556 ) ) ;
#3317 = ORIENTED_EDGE ( 'NONE', *, *, #1417, .F. ) ;
#3318 = ORIENTED_EDGE ( 'NONE', *, *, #2888, .T. ) ;
#3319 = CARTESIAN_POINT ( 'NONE',  ( -2.974999999999999645, 1.899999999999999911, 0.000000000000000000 ) ) ;
#3320 = FACE_OUTER_BOUND ( 'NONE', #6385, .T. ) ;
#3321 = EDGE_CURVE ( 'NONE', #6578, #3841, #7197, .T. ) ;
#3322 = EDGE_CURVE ( 'NONE', #1, #5408, #8652, .T. ) ;
#3323 = ORIENTED_EDGE ( 'NONE', *, *, #2065, .F. ) ;
#3324 = CARTESIAN_POINT ( 'NONE',  ( -3.424999999999793321, -1.580166996069204022E-16, 0.9000000000004242384 ) ) ;
#3325 = CARTESIAN_POINT ( 'NONE',  ( 3.709899701959987972, 1.887097468215238161, 1.003048793692237428 ) ) ;
#3326 = CARTESIAN_POINT ( 'NONE',  ( -2.974999999999999645, 1.900000000000000133, -1.300000000000000044 ) ) ;
#3327 = ORIENTED_EDGE ( 'NONE', *, *, #8437, .F. ) ;
#3328 = CARTESIAN_POINT ( 'NONE',  ( 3.095000000000514895, 0.8000000000000009326, -0.4000000000000417666 ) ) ;
#3329 = DIRECTION ( 'NONE',  ( -0.000000000000000000, 0.000000000000000000, 1.000000000000000000 ) ) ;
#3330 = AXIS2_PLACEMENT_3D ( 'NONE', #6267, #5583, #8386 ) ;
#3331 = CARTESIAN_POINT ( 'NONE',  ( 3.125000000000000000, 3.399999999999999911, 0.8149999999999357758 ) ) ;
#3332 = VERTEX_POINT ( 'NONE', #7384 ) ;
#3333 = EDGE_CURVE ( 'NONE', #876, #6973, #3910, .T. ) ;
#3334 = CARTESIAN_POINT ( 'NONE',  ( 3.624999999999999112, 2.718042024625754394, 0.9649999999999355760 ) ) ;
#3335 = LINE ( 'NONE', #6799, #8618 ) ;
#3336 = ORIENTED_EDGE ( 'NONE', *, *, #3369, .T. ) ;
#3337 = ORIENTED_EDGE ( 'NONE', *, *, #5040, .F. ) ;
#3338 = FACE_OUTER_BOUND ( 'NONE', #5382, .T. ) ;
#3339 = LINE ( 'NONE', #4703, #4284 ) ;
#3340 = ORIENTED_EDGE ( 'NONE', *, *, #5175, .T. ) ;
#3341 = DIRECTION ( 'NONE',  ( -1.000000000000000000, -4.613626265895765162E-17, 1.619075244254214076E-13 ) ) ;
#3342 = AXIS2_PLACEMENT_3D ( 'NONE', #7597, #758, #2750 ) ;
#3343 = EDGE_CURVE ( 'NONE', #1529, #311, #467, .T. ) ;
#3344 = CARTESIAN_POINT ( 'NONE',  ( 2.225000000000324718, 3.021990892406452467, 2.007769019920918829 ) ) ;
#3345 = ORIENTED_EDGE ( 'NONE', *, *, #7426, .T. ) ;
#3346 = ORIENTED_EDGE ( 'NONE', *, *, #2445, .F. ) ;
#3347 = CONICAL_SURFACE ( 'NONE', #4504, 0.2000000000000013989, 0.7853981633974437271 ) ;
#3348 = ORIENTED_EDGE ( 'NONE', *, *, #6779, .F. ) ;
#3349 = CARTESIAN_POINT ( 'NONE',  ( 3.974999987075802377, 1.899681784247551075, -1.026242063337358568 ) ) ;
#3350 = VERTEX_POINT ( 'NONE', #5913 ) ;
#3351 = FACE_OUTER_BOUND ( 'NONE', #1977, .T. ) ;
#3352 = DIRECTION ( 'NONE',  ( 0.000000000000000000, 0.000000000000000000, -1.000000000000000000 ) ) ;
#3353 = AXIS2_PLACEMENT_3D ( 'NONE', #2850, #3489, #5628 ) ;
#3354 = FACE_OUTER_BOUND ( 'NONE', #4578, .T. ) ;
#3355 = AXIS2_PLACEMENT_3D ( 'NONE', #1000, #1821, #336 ) ;
#3356 = CARTESIAN_POINT ( 'NONE',  ( 3.739370139709939256, 0.8717193242104072093, -1.451552697008589687 ) ) ;
#3357 = VERTEX_POINT ( 'NONE', #8242 ) ;
#3358 = CIRCLE ( 'NONE', #8035, 0.2000000000000000944 ) ;
#3359 = ADVANCED_FACE ( 'NONE', ( #948 ), #7974, .T. ) ;
#3360 = VERTEX_POINT ( 'NONE', #3226 ) ;
#3361 = CARTESIAN_POINT ( 'NONE',  ( 3.528907036823436094, 3.077786012688489503, 1.315261024159007475 ) ) ;
#3362 = AXIS2_PLACEMENT_3D ( 'NONE', #2697, #2005, #8274 ) ;
#3363 = FACE_OUTER_BOUND ( 'NONE', #4337, .T. ) ;
#3364 = VERTEX_POINT ( 'NONE', #282 ) ;
#3365 = CIRCLE ( 'NONE', #4823, 2.024999999999999911 ) ;
#3366 = AXIS2_PLACEMENT_3D ( 'NONE', #3014, #3785, #5251 ) ;
#3367 = FACE_OUTER_BOUND ( 'NONE', #890, .T. ) ;
#3368 = DIRECTION ( 'NONE',  ( 3.336006684570785074E-16, 0.000000000000000000, -1.000000000000000000 ) ) ;
#3369 = EDGE_CURVE ( 'NONE', #4209, #4711, #1086, .T. ) ;
#3370 = DIRECTION ( 'NONE',  ( -8.091380703721135954E-14, -0.8660254037844422603, -0.4999999999999937828 ) ) ;
#3371 = EDGE_CURVE ( 'NONE', #1474, #2064, #375, .T. ) ;
#3372 = ORIENTED_EDGE ( 'NONE', *, *, #2205, .F. ) ;
#3373 = AXIS2_PLACEMENT_3D ( 'NONE', #8945, #8217, #1950 ) ;
#3374 = CARTESIAN_POINT ( 'NONE',  ( 3.675000000000000266, 1.499999999999999556, 0.7499999999999997780 ) ) ;
#3375 = FACE_OUTER_BOUND ( 'NONE', #3249, .T. ) ;
#3376 = CARTESIAN_POINT ( 'NONE',  ( 3.125000000000000000, 2.670000000000056328, -1.372499999999934994 ) ) ;
#3377 = PRESENTATION_STYLE_ASSIGNMENT (( #5295 ) ) ;
#3378 = ORIENTED_EDGE ( 'NONE', *, *, #2261, .T. ) ;
#3379 = CARTESIAN_POINT ( 'NONE',  ( -3.875000000000000000, 2.164841554041476268, -1.628606444556866428 ) ) ;
#3380 = CARTESIAN_POINT ( 'NONE',  ( 3.829810569680454968, 0.7916170344850707030, -1.244105031567107389 ) ) ;
#3381 = ORIENTED_EDGE ( 'NONE', *, *, #8376, .F. ) ;
#3382 = ADVANCED_FACE ( 'NONE', ( #2446 ), #5813, .T. ) ;
#3383 = ORIENTED_EDGE ( 'NONE', *, *, #3618, .F. ) ;
#3384 = DIRECTION ( 'NONE',  ( -1.000000000000000000, -4.613626265895765162E-17, -0.000000000000000000 ) ) ;
#3385 = LINE ( 'NONE', #6164, #5011 ) ;
#3386 = DIRECTION ( 'NONE',  ( 0.000000000000000000, 0.000000000000000000, 1.000000000000000000 ) ) ;
#3387 = CIRCLE ( 'NONE', #4263, 0.3499999999999998668 ) ;
#3388 = ORIENTED_EDGE ( 'NONE', *, *, #5554, .F. ) ;
#3389 = CARTESIAN_POINT ( 'NONE',  ( 3.275000000000000355, 0.4516044443118981122, 1.164278760968653792 ) ) ;
#3390 = PLANE ( 'NONE',  #2236 ) ;
#3391 = LINE ( 'NONE', #4802, #1459 ) ;
#3392 = ORIENTED_EDGE ( 'NONE', *, *, #1723, .T. ) ;
#3393 = ORIENTED_EDGE ( 'NONE', *, *, #5401, .T. ) ;
#3394 = EDGE_CURVE ( 'NONE', #7225, #7694, #1975, .T. ) ;
#3395 = DIRECTION ( 'NONE',  ( -1.000000000000000000, 0.000000000000000000, 0.000000000000000000 ) ) ;
#3396 = VECTOR ( 'NONE', #5343, 1000.000000000000114 ) ;
#3397 = CARTESIAN_POINT ( 'NONE',  ( -2.888166025919417734, 3.191500917634103374, 0.1690213397062905742 ) ) ;
#3398 = DIRECTION ( 'NONE',  ( -0.000000000000000000, 0.4999999999999944489, 0.8660254037844419273 ) ) ;
#3399 = LINE ( 'NONE', #1481, #7137 ) ;
#3400 = DIRECTION ( 'NONE',  ( 1.604619215278538989E-13, 0.000000000000000000, 1.000000000000000000 ) ) ;
#3401 = VERTEX_POINT ( 'NONE', #7236 ) ;
#3402 = ORIENTED_EDGE ( 'NONE', *, *, #6513, .T. ) ;
#3403 = CARTESIAN_POINT ( 'NONE',  ( 0.000000000000000000, 0.000000000000000000, 0.000000000000000000 ) ) ;
#3404 = AXIS2_PLACEMENT_3D ( 'NONE', #8989, #7706, #4186 ) ;
#3405 = EDGE_CURVE ( 'NONE', #3702, #6971, #3762, .T. ) ;
#3406 = CIRCLE ( 'NONE', #8821, 1.824999999999999734 ) ;
#3407 = DIRECTION ( 'NONE',  ( -1.000000000000000000, -0.000000000000000000, -0.000000000000000000 ) ) ;
#3408 = ORIENTED_EDGE ( 'NONE', *, *, #6145, .F. ) ;
#3409 = VECTOR ( 'NONE', #2495, 1000.000000000000114 ) ;
#3410 = CARTESIAN_POINT ( 'NONE',  ( 2.424999999999999822, 1.600000000000000311, -1.824999999999999734 ) ) ;
#3411 = CARTESIAN_POINT ( 'NONE',  ( 3.680191045031841135, 0.9844983036738295112, -1.000449623002443778 ) ) ;
#3412 = AXIS2_PLACEMENT_3D ( 'NONE', #3476, #8415, #8372 ) ;
#3413 = FACE_OUTER_BOUND ( 'NONE', #6809, .T. ) ;
#3414 = AXIS2_PLACEMENT_3D ( 'NONE', #2232, #6944, #8499 ) ;
#3415 = VERTEX_POINT ( 'NONE', #4540 ) ;
#3416 = LINE ( 'NONE', #657, #5278 ) ;
#3417 = DIRECTION ( 'NONE',  ( 0.000000000000000000, 0.000000000000000000, -1.000000000000000000 ) ) ;
#3418 = CARTESIAN_POINT ( 'NONE',  ( 3.877637474871403089, 1.826324759139301035, 1.386097155119717206 ) ) ;
#3419 = EDGE_CURVE ( 'NONE', #5164, #7776, #325, .T. ) ;
#3420 = LINE ( 'NONE', #6977, #6018 ) ;
#3421 = CIRCLE ( 'NONE', #7072, 0.1499999999999997446 ) ;
#3422 = EDGE_CURVE ( 'NONE', #1885, #6582, #1711, .T. ) ;
#3423 = ORIENTED_EDGE ( 'NONE', *, *, #5712, .F. ) ;
#3424 = CARTESIAN_POINT ( 'NONE',  ( -7.875000000000000000, 1.913705956592885116, -0.8702368337147619037 ) ) ;
#3425 = CARTESIAN_POINT ( 'NONE',  ( 1.824999999999999956, 8.419867935259771467E-17, 1.200000000000000178 ) ) ;
#3426 = EDGE_LOOP ( 'NONE', ( #6519, #2840, #3688, #3802, #4663, #36, #487, #2982, #5350, #7971 ) ) ;
#3427 = AXIS2_PLACEMENT_3D ( 'NONE', #5809, #2343, #6445 ) ;
#3428 = EDGE_LOOP ( 'NONE', ( #7553, #7735, #730, #762 ) ) ;
#3429 = FACE_OUTER_BOUND ( 'NONE', #8305, .T. ) ;
#3430 = CARTESIAN_POINT ( 'NONE',  ( 3.125000000000000000, 1.265261816192205124, -0.7727272727272156416 ) ) ;
#3431 = DIRECTION ( 'NONE',  ( -1.000000000000000000, -0.000000000000000000, -0.000000000000000000 ) ) ;
#3432 = ADVANCED_FACE ( 'NONE', ( #2017 ), #3390, .F. ) ;
#3433 = ADVANCED_FACE ( 'NONE', ( #7551 ), #8284, .T. ) ;
#3434 = ORIENTED_EDGE ( 'NONE', *, *, #4872, .T. ) ;
#3435 = CARTESIAN_POINT ( 'NONE',  ( 2.224999999999674571, 3.021990892406452467, -2.007769019922569953 ) ) ;
#3436 = CARTESIAN_POINT ( 'NONE',  ( 3.163833238488162003, 1.482653977241008336, 0.8208885135637442598 ) ) ;
#3437 = VERTEX_POINT ( 'NONE', #631 ) ;
#3438 = VERTEX_POINT ( 'NONE', #1531 ) ;
#3439 = ORIENTED_EDGE ( 'NONE', *, *, #973, .F. ) ;
#3440 = CARTESIAN_POINT ( 'NONE',  ( 3.737220696082742322, 1.867371799031352753, -1.005439070954236902 ) ) ;
#3441 = B_SPLINE_CURVE_WITH_KNOTS ( 'NONE', 3,
 ( #4685, #2771, #1321, #5373 ),
 .UNSPECIFIED., .F., .F.,
 ( 4, 4 ),
 ( 1.455243177890731339E-05, 9.519845666156327886E-05 ),
 .UNSPECIFIED. ) ;
#3442 = CIRCLE ( 'NONE', #7681, 0.3499999999999998668 ) ;
#3443 = ORIENTED_EDGE ( 'NONE', *, *, #1066, .F. ) ;
#3444 = CARTESIAN_POINT ( 'NONE',  ( -3.424999999999793321, -1.580166996069204022E-16, -0.4000000000004247380 ) ) ;
#3445 = CARTESIAN_POINT ( 'NONE',  ( -2.875000000000000000, 0.4500000000001271316, 1.108208012965241407 ) ) ;
#3446 = DIRECTION ( 'NONE',  ( 4.613626265895765162E-17, -1.000000000000000000, 0.000000000000000000 ) ) ;
#3447 = ADVANCED_FACE ( 'NONE', ( #2983 ), #6487, .T. ) ;
#3448 = AXIS2_PLACEMENT_3D ( 'NONE', #239, #7193, #947 ) ;
#3449 = CARTESIAN_POINT ( 'NONE',  ( -7.875000000000000000, 1.899999999999999911, 0.000000000000000000 ) ) ;
#3450 = ORIENTED_EDGE ( 'NONE', *, *, #1427, .F. ) ;
#3451 = EDGE_LOOP ( 'NONE', ( #1402, #2189, #7240, #2438 ) ) ;
#3452 = ORIENTED_EDGE ( 'NONE', *, *, #1108, .F. ) ;
#3453 = DIRECTION ( 'NONE',  ( -1.000000000000000000, -4.613626265895764546E-17, -1.807003620808556116E-16 ) ) ;
#3454 = FACE_OUTER_BOUND ( 'NONE', #7909, .T. ) ;
#3455 = EDGE_LOOP ( 'NONE', ( #4848, #341, #7983, #5357, #4466, #6198, #4222, #8344, #1645, #2582, #6507, #7449 ) ) ;
#3456 = CARTESIAN_POINT ( 'NONE',  ( -3.624999999999793943, 0.1799999999999998268, 0.9000000000004242384 ) ) ;
#3457 = CARTESIAN_POINT ( 'NONE',  ( 3.945323225728303296, 0.9184913674949886087, -1.023645683149286389 ) ) ;
#3458 = CARTESIAN_POINT ( 'NONE',  ( 2.924999999999995381, 1.899999999999999911, -1.084202172485497137E-15 ) ) ;
#3459 = EDGE_CURVE ( 'NONE', #499, #4788, #6518, .T. ) ;
#3460 = EDGE_LOOP ( 'NONE', ( #5120, #3518, #2312, #314 ) ) ;
#3461 = CARTESIAN_POINT ( 'NONE',  ( 3.275000000000000355, 1.201787997811427422, -0.8499999999999353628 ) ) ;
#3462 = LINE ( 'NONE', #5076, #2085 ) ;
#3463 = DIRECTION ( 'NONE',  ( -4.613626265895765162E-17, 1.000000000000000000, -0.000000000000000000 ) ) ;
#3464 = PLANE ( 'NONE',  #4705 ) ;
#3465 =( BOUNDED_CURVE ( )  B_SPLINE_CURVE ( 3, ( #8862, #2598, #3325, #6098 ),
 .UNSPECIFIED., .F., .F. ) 
 B_SPLINE_CURVE_WITH_KNOTS ( ( 4, 4 ),
 ( 3.141592653589786899, 4.625122517784968856 ),
 .UNSPECIFIED. ) 
 CURVE ( )  GEOMETRIC_REPRESENTATION_ITEM ( )  RATIONAL_B_SPLINE_CURVE ( ( 1.000000000000000000, 0.8248515578734156861, 0.8248515578734156861, 1.000000000000000000 ) ) 
 REPRESENTATION_ITEM ( '' )  );
#3466 = DIRECTION ( 'NONE',  ( 0.000000000000000000, -0.000000000000000000, 1.000000000000000000 ) ) ;
#3467 = CARTESIAN_POINT ( 'NONE',  ( 3.772916391609242748, 1.781033012171794772, 1.438836915049384935 ) ) ;
#3468 = VECTOR ( 'NONE', #6713, 1000.000000000000000 ) ;
#3469 = ORIENTED_EDGE ( 'NONE', *, *, #5052, .T. ) ;
#3470 = CIRCLE ( 'NONE', #6672, 2.019999999999232188 ) ;
#3471 = EDGE_CURVE ( 'NONE', #7274, #2367, #8014, .T. ) ;
#3472 = VERTEX_POINT ( 'NONE', #8067 ) ;
#3473 = VERTEX_POINT ( 'NONE', #6575 ) ;
#3474 = CARTESIAN_POINT ( 'NONE',  ( -2.874999999999765077, 0.3149999999999998357, 1.449999999999999956 ) ) ;
#3475 = CARTESIAN_POINT ( 'NONE',  ( 3.275000000000000355, 2.977084367849367919, 1.669545873791088653 ) ) ;
#3476 = CARTESIAN_POINT ( 'NONE',  ( 3.125000000000000000, 1.070000000000038476, 1.277499999999935465 ) ) ;
#3477 = ORIENTED_EDGE ( 'NONE', *, *, #1291, .T. ) ;
#3478 = CARTESIAN_POINT ( 'NONE',  ( 3.971903135266016793, 1.954054760152053927, 1.223922426933317320 ) ) ;
#3479 = CARTESIAN_POINT ( 'NONE',  ( -2.874999999999662492, 1.187852254442085753, 2.081548843649125402 ) ) ;
#3480 = ORIENTED_EDGE ( 'NONE', *, *, #3195, .T. ) ;
#3481 = EDGE_LOOP ( 'NONE', ( #1311, #2084, #7700, #3971, #7617, #5220 ) ) ;
#3482 = EDGE_LOOP ( 'NONE', ( #1720, #8737, #1832, #5782 ) ) ;
#3483 = EDGE_CURVE ( 'NONE', #7801, #8814, #5763, .T. ) ;
#3484 = EDGE_CURVE ( 'NONE', #321, #5916, #391, .T. ) ;
#3485 = CARTESIAN_POINT ( 'NONE',  ( 3.658340931104572480, 1.495835232776141277, -0.7666590688954272315 ) ) ;
#3486 = EDGE_LOOP ( 'NONE', ( #5157, #471, #4840, #5887 ) ) ;
#3487 = DIRECTION ( 'NONE',  ( 0.000000000000000000, -1.000000000000000000, -3.046096706647208167E-16 ) ) ;
#3488 = CARTESIAN_POINT ( 'NONE',  ( 3.675000000000000266, 2.299999999999999822, 0.7499999999999992228 ) ) ;
#3489 = DIRECTION ( 'NONE',  ( -1.000000000000000000, -0.000000000000000000, 0.000000000000000000 ) ) ;
#3490 = DIRECTION ( 'NONE',  ( 1.000000000000000000, -0.000000000000000000, -0.000000000000000000 ) ) ;
#3491 = ORIENTED_EDGE ( 'NONE', *, *, #7069, .T. ) ;
#3492 = EDGE_LOOP ( 'NONE', ( #3120, #6931, #8105, #6634 ) ) ;
#3493 = EDGE_CURVE ( 'NONE', #145, #7274, #5122, .T. ) ;
#3494 = VECTOR ( 'NONE', #7462, 1000.000000000000114 ) ;
#3495 = DIRECTION ( 'NONE',  ( -0.000000000000000000, 0.000000000000000000, -1.000000000000000000 ) ) ;
#3496 = VERTEX_POINT ( 'NONE', #2289 ) ;
#3497 = CARTESIAN_POINT ( 'NONE',  ( 2.924999999999999822, 0.000000000000000000, 2.075000000000000178 ) ) ;
#3498 = DIRECTION ( 'NONE',  ( 1.000000000000000000, 0.000000000000000000, -2.168404344971012812E-15 ) ) ;
#3499 = ORIENTED_EDGE ( 'NONE', *, *, #2114, .T. ) ;
#3500 = AXIS2_PLACEMENT_3D ( 'NONE', #8172, #695, #6194 ) ;
#3501 = CARTESIAN_POINT ( 'NONE',  ( 3.275000000000000355, 2.077084367848936353, -1.669545873791305590 ) ) ;
#3502 = CARTESIAN_POINT ( 'NONE',  ( 3.801133272289036746, 1.677907997461649980, 1.366305915333619003 ) ) ;
#3503 = DIRECTION ( 'NONE',  ( -1.000000000000000000, -4.613626265895765162E-17, 1.619075244254214076E-13 ) ) ;
#3504 = VERTEX_POINT ( 'NONE', #7966 ) ;
#3505 = AXIS2_PLACEMENT_3D ( 'NONE', #5478, #6293, #6245 ) ;
#3506 = ORIENTED_EDGE ( 'NONE', *, *, #7397, .T. ) ;
#3507 = CARTESIAN_POINT ( 'NONE',  ( -3.424999999999793321, -1.580166996069204022E-16, -0.4000000000004247380 ) ) ;
#3508 = AXIS2_PLACEMENT_3D ( 'NONE', #3, #2752, #8331 ) ;
#3509 = CIRCLE ( 'NONE', #2487, 0.8000000000000000444 ) ;
#3510 = CARTESIAN_POINT ( 'NONE',  ( -2.874999999999999556, -1.326417551445032214E-16, 1.375000000000000222 ) ) ;
#3511 = ADVANCED_FACE ( 'NONE', ( #8745 ), #3070, .F. ) ;
#3512 = CARTESIAN_POINT ( 'NONE',  ( 3.275000000000000355, 2.199999999999999734, -0.9649999999999353539 ) ) ;
#3513 = DIRECTION ( 'NONE',  ( 4.336808689942016158E-15, -1.000000000000000000, 0.000000000000000000 ) ) ;
#3514 = LINE ( 'NONE', #1962, #2635 ) ;
#3515 = DIRECTION ( 'NONE',  ( 1.604619215278538989E-13, 0.000000000000000000, 1.000000000000000000 ) ) ;
#3516 = AXIS2_PLACEMENT_3D ( 'NONE', #6496, #8621, #7930 ) ;
#3517 = AXIS2_PLACEMENT_3D ( 'NONE', #7074, #2050, #5012 ) ;
#3518 = ORIENTED_EDGE ( 'NONE', *, *, #5087, .F. ) ;
#3519 = ORIENTED_EDGE ( 'NONE', *, *, #5457, .T. ) ;
#3520 = CYLINDRICAL_SURFACE ( 'NONE', #7086, 0.2000000000000000944 ) ;
#3521 = CARTESIAN_POINT ( 'NONE',  ( 3.125000000000000000, 0.8458563656608286685, -0.7499999999999352740 ) ) ;
#3522 = AXIS2_PLACEMENT_3D ( 'NONE', #5323, #1268, #591 ) ;
#3523 = LINE ( 'NONE', #1511, #3117 ) ;
#3524 = ORIENTED_EDGE ( 'NONE', *, *, #5879, .F. ) ;
#3525 = DIRECTION ( 'NONE',  ( -1.618418152019836092E-13, 0.000000000000000000, -1.000000000000000000 ) ) ;
#3526 = AXIS2_PLACEMENT_3D ( 'NONE', #8776, #2511, #3972 ) ;
#3527 = CARTESIAN_POINT ( 'NONE',  ( 3.125043595096881788, 1.464787977081287718, 0.8970475230828953705 ) ) ;
#3528 = ORIENTED_EDGE ( 'NONE', *, *, #6022, .F. ) ;
#3529 = ORIENTED_EDGE ( 'NONE', *, *, #6211, .F. ) ;
#3530 = VERTEX_POINT ( 'NONE', #8707 ) ;
#3531 =( NAMED_UNIT ( * ) PLANE_ANGLE_UNIT ( ) SI_UNIT ( $, .RADIAN. ) );
#3532 = DIRECTION ( 'NONE',  ( 0.000000000000000000, 0.000000000000000000, 1.000000000000000000 ) ) ;
#3533 = CARTESIAN_POINT ( 'NONE',  ( -5.735000000000000320, 1.899999999999999911, 0.000000000000000000 ) ) ;
#3534 = ADVANCED_FACE ( 'NONE', ( #3122 ), #2337, .F. ) ;
#3535 = DIRECTION ( 'NONE',  ( -0.000000000000000000, -1.000000000000000000, -0.000000000000000000 ) ) ;
#3536 = EDGE_CURVE ( 'NONE', #4906, #7104, #1386, .T. ) ;
#3537 = EDGE_CURVE ( 'NONE', #2141, #4568, #536, .T. ) ;
#3538 = CARTESIAN_POINT ( 'NONE',  ( 2.224999999999674571, 3.021990892406452467, -2.007769019922569953 ) ) ;
#3539 = VERTEX_POINT ( 'NONE', #6632 ) ;
#3540 = FACE_OUTER_BOUND ( 'NONE', #1300, .T. ) ;
#3541 = DIRECTION ( 'NONE',  ( 0.9924325091389669673, -0.08682659386424763925, -0.08682659386424777803 ) ) ;
#3542 = VERTEX_POINT ( 'NONE', #5855 ) ;
#3543 = DIRECTION ( 'NONE',  ( 1.531752565501796716E-13, 0.3237035207080048993, 0.9461585652950789127 ) ) ;
#3544 = CARTESIAN_POINT ( 'NONE',  ( 2.924999999999995381, 1.899999999999999911, -1.084202172485497137E-15 ) ) ;
#3545 = VECTOR ( 'NONE', #7357, 1000.000000000000227 ) ;
#3546 = ADVANCED_FACE ( 'NONE', ( #2387 ), #6678, .F. ) ;
#3547 = ADVANCED_FACE ( 'NONE', ( #7875 ), #1667, .T. ) ;
#3548 = CARTESIAN_POINT ( 'NONE',  ( 0.000000000000000000, 0.7750000000000000222, 0.000000000000000000 ) ) ;
#3549 = DIRECTION ( 'NONE',  ( 0.000000000000000000, 0.000000000000000000, -1.000000000000000000 ) ) ;
#3550 = CARTESIAN_POINT ( 'NONE',  ( -2.974999999999999645, 1.899999999999999911, 1.399999999999999911 ) ) ;
#3551 = ORIENTED_EDGE ( 'NONE', *, *, #8261, .T. ) ;
#3552 = CIRCLE ( 'NONE', #8092, 1.000000000000000000 ) ;
#3553 = LINE ( 'NONE', #1414, #5850 ) ;
#3554 = EDGE_CURVE ( 'NONE', #264, #1239, #6770, .T. ) ;
#3555 = CARTESIAN_POINT ( 'NONE',  ( 3.772916391609242304, 1.781033012171813201, 1.438836915049395815 ) ) ;
#3556 = ADVANCED_FACE ( 'NONE', ( #4432 ), #7227, .F. ) ;
#3557 = VECTOR ( 'NONE', #147, 1000.000000000000000 ) ;
#3558 = CARTESIAN_POINT ( 'NONE',  ( 3.974999999999999201, 1.981957975374244008, 1.255324857972438091 ) ) ;
#3559 = AXIS2_PLACEMENT_3D ( 'NONE', #8149, #5352, #1164 ) ;
#3560 = CARTESIAN_POINT ( 'NONE',  ( 3.275000000000000355, 3.399999999999999911, 1.322875655532295802 ) ) ;
#3561 = ADVANCED_FACE ( 'NONE', ( #3801, #366 ), #8248, .F. ) ;
#3562 = AXIS2_PLACEMENT_3D ( 'NONE', #5015, #5745, #8542 ) ;
#3563 = EDGE_CURVE ( 'NONE', #6891, #4151, #6128, .T. ) ;
#3564 = AXIS2_PLACEMENT_3D ( 'NONE', #2347, #8716, #8076 ) ;
#3565 = EDGE_LOOP ( 'NONE', ( #7712, #2107 ) ) ;
#3566 = ORIENTED_EDGE ( 'NONE', *, *, #1936, .T. ) ;
#3567 = DIRECTION ( 'NONE',  ( -1.000000000000000000, -4.613626265895765162E-17, 1.619075244254214076E-13 ) ) ;
#3568 = VECTOR ( 'NONE', #5701, 1000.000000000000000 ) ;
#3569 = CARTESIAN_POINT ( 'NONE',  ( -7.724999999999998757, 1.899999999999999911, -0.3499999999999998668 ) ) ;
#3570 = LINE ( 'NONE', #8500, #6472 ) ;
#3571 = AXIS2_PLACEMENT_3D ( 'NONE', #3715, #3753, #5903 ) ;
#3572 = VERTEX_POINT ( 'NONE', #7466 ) ;
#3573 = VERTEX_POINT ( 'NONE', #2533 ) ;
#3574 = CARTESIAN_POINT ( 'NONE',  ( -3.074999999999999734, -1.418690076762947653E-16, 1.100000000000424416 ) ) ;
#3575 = ADVANCED_FACE ( 'NONE', ( #636 ), #5315, .T. ) ;
#3576 = CIRCLE ( 'NONE', #8835, 2.024999999999999911 ) ;
#3577 = CARTESIAN_POINT ( 'NONE',  ( 3.155146614375006653, 2.318955299345503818, -0.8276047653927430803 ) ) ;
#3578 = VERTEX_POINT ( 'NONE', #1171 ) ;
#3579 = ORIENTED_EDGE ( 'NONE', *, *, #2482, .T. ) ;
#3580 = EDGE_CURVE ( 'NONE', #7078, #4591, #5496, .T. ) ;
#3581 = LINE ( 'NONE', #6351, #5086 ) ;
#3582 = DIRECTION ( 'NONE',  ( 0.000000000000000000, 0.000000000000000000, -1.000000000000000000 ) ) ;
#3583 = PLANE ( 'NONE',  #724 ) ;
#3584 = DIRECTION ( 'NONE',  ( 1.395448198271998998E-13, 0.4999999999999943934, 0.8660254037844418162 ) ) ;
#3585 = CARTESIAN_POINT ( 'NONE',  ( -5.235000000000000320, 1.899999999999999911, -0.3499999999999998668 ) ) ;
#3586 = ORIENTED_EDGE ( 'NONE', *, *, #625, .T. ) ;
#3587 = AXIS2_PLACEMENT_3D ( 'NONE', #7459, #6075, #4659 ) ;
#3588 = FILL_AREA_STYLE_COLOUR ( '', #180 ) ;
#3589 = DIRECTION ( 'NONE',  ( -1.000000000000000000, -4.613626265895765162E-17, 1.619075244254214076E-13 ) ) ;
#3590 = ADVANCED_FACE ( 'NONE', ( #4763 ), #6177, .T. ) ;
#3591 = ORIENTED_EDGE ( 'NONE', *, *, #6232, .T. ) ;
#3592 = CARTESIAN_POINT ( 'NONE',  ( 3.974999999999999201, 2.195481941491911559, 1.255324857972438313 ) ) ;
#3593 = DIRECTION ( 'NONE',  ( -1.000000000000000000, -4.613626265895765162E-17, 1.619075244254214076E-13 ) ) ;
#3594 = EDGE_LOOP ( 'NONE', ( #450, #8100, #7407, #3246 ) ) ;
#3595 = DIRECTION ( 'NONE',  ( 0.000000000000000000, -0.000000000000000000, 1.000000000000000000 ) ) ;
#3596 = CARTESIAN_POINT ( 'NONE',  ( 3.275000000000000355, 1.201787997811427422, -0.7499999999999350520 ) ) ;
#3597 = DIRECTION ( 'NONE',  ( 0.000000000000000000, -0.000000000000000000, 1.000000000000000000 ) ) ;
#3598 = VERTEX_POINT ( 'NONE', #4807 ) ;
#3599 = ORIENTED_EDGE ( 'NONE', *, *, #5702, .T. ) ;
#3600 = EDGE_CURVE ( 'NONE', #8990, #4869, #8117, .T. ) ;
#3601 = LINE ( 'NONE', #5776, #914 ) ;
#3602 = EDGE_CURVE ( 'NONE', #5867, #2823, #2551, .T. ) ;
#3603 = DIRECTION ( 'NONE',  ( -1.618418152019836092E-13, 0.000000000000000000, -1.000000000000000000 ) ) ;
#3604 = DIRECTION ( 'NONE',  ( 0.000000000000000000, -1.000000000000000000, 0.000000000000000000 ) ) ;
#3605 = CARTESIAN_POINT ( 'NONE',  ( 3.971903135266040330, 2.745945239847609187, 1.223922426933287344 ) ) ;
#3606 = LINE ( 'NONE', #6939, #4669 ) ;
#3607 = CARTESIAN_POINT ( 'NONE',  ( 3.772916391609243192, 0.8810330121718142893, -1.438836915049394927 ) ) ;
#3608 = LINE ( 'NONE', #1508, #4441 ) ;
#3609 = CARTESIAN_POINT ( 'NONE',  ( 3.697601750778154006, 3.060429211570515395, 1.248390800232766384 ) ) ;
#3610 = CARTESIAN_POINT ( 'NONE',  ( -2.875000000000336620, 1.187852254442086419, -2.081548843649124958 ) ) ;
#3611 = ORIENTED_EDGE ( 'NONE', *, *, #6256, .T. ) ;
#3612 = VERTEX_POINT ( 'NONE', #588 ) ;
#3613 = LINE ( 'NONE', #2370, #8898 ) ;
#3614 = ORIENTED_EDGE ( 'NONE', *, *, #1915, .F. ) ;
#3615 = DIRECTION ( 'NONE',  ( -1.000000000000000000, -0.000000000000000000, 0.000000000000000000 ) ) ;
#3616 = CARTESIAN_POINT ( 'NONE',  ( 2.669999999999988827, 3.199999999999999734, 0.8000000000000000444 ) ) ;
#3617 = VECTOR ( 'NONE', #3997, 1000.000000000000000 ) ;
#3618 = EDGE_CURVE ( 'NONE', #8421, #7225, #3994, .T. ) ;
#3619 = CARTESIAN_POINT ( 'NONE',  ( 1.024999999999999689, 0.1800000000000000488, 0.9000000000000426548 ) ) ;
#3620 = CARTESIAN_POINT ( 'NONE',  ( 3.971903135266040330, 2.745945239847609187, 1.223922426933287344 ) ) ;
#3621 = ORIENTED_EDGE ( 'NONE', *, *, #6, .T. ) ;
#3622 = CARTESIAN_POINT ( 'NONE',  ( 3.349999999999998312, 2.670000000000056328, -1.597499999999936193 ) ) ;
#3623 = CARTESIAN_POINT ( 'NONE',  ( 3.683775714356686493, 2.163360963951761917, -1.250032998735934209 ) ) ;
#3624 = ORIENTED_EDGE ( 'NONE', *, *, #6134, .T. ) ;
#3625 = DIRECTION ( 'NONE',  ( 3.012460174646060295E-31, 8.743565907141156639E-17, 1.000000000000000000 ) ) ;
#3626 = CARTESIAN_POINT ( 'NONE',  ( 3.974830464012231612, 2.109415321274162203, 1.246119465451562824 ) ) ;
#3627 = CARTESIAN_POINT ( 'NONE',  ( 1.024999999999999911, 4.728966922543158228E-17, 1.449999999999999956 ) ) ;
#3628 = DIRECTION ( 'NONE',  ( 0.000000000000000000, 0.000000000000000000, 1.000000000000000000 ) ) ;
#3629 = ADVANCED_FACE ( 'NONE', ( #1303 ), #6465, .T. ) ;
#3630 = FACE_OUTER_BOUND ( 'NONE', #3273, .T. ) ;
#3631 = VECTOR ( 'NONE', #8008, 1000.000000000000114 ) ;
#3632 = FACE_OUTER_BOUND ( 'NONE', #3188, .T. ) ;
#3633 = ORIENTED_EDGE ( 'NONE', *, *, #5238, .T. ) ;
#3634 =( GEOMETRIC_REPRESENTATION_CONTEXT ( 3 ) GLOBAL_UNCERTAINTY_ASSIGNED_CONTEXT ( ( #734 ) ) GLOBAL_UNIT_ASSIGNED_CONTEXT ( ( #718, #3531, #4938 ) ) REPRESENTATION_CONTEXT ( 'NONE', 'WORKASPACE' ) );
#3635 = CARTESIAN_POINT ( 'NONE',  ( 3.974999999999999201, 2.504518058508085954, 1.255324857972438535 ) ) ;
#3636 = DIRECTION ( 'NONE',  ( -1.000000000000000000, -0.000000000000000000, -0.000000000000000000 ) ) ;
#3637 = AXIS2_PLACEMENT_3D ( 'NONE', #1607, #181, #5851 ) ;
#3638 = ADVANCED_FACE ( 'NONE', ( #1931 ), #2671, .T. ) ;
#3639 = DIRECTION ( 'NONE',  ( 0.000000000000000000, 0.000000000000000000, 1.000000000000000000 ) ) ;
#3640 = DIRECTION ( 'NONE',  ( -1.000000000000000000, -4.613626265895765162E-17, -0.000000000000000000 ) ) ;
#3641 = EDGE_CURVE ( 'NONE', #8829, #2632, #3264, .T. ) ;
#3642 = CONICAL_SURFACE ( 'NONE', #2780, 0.3499999999999998668, 0.7853981633974473908 ) ;
#3643 = VECTOR ( 'NONE', #7096, 1000.000000000000000 ) ;
#3644 = VERTEX_POINT ( 'NONE', #2581 ) ;
#3645 = CARTESIAN_POINT ( 'NONE',  ( 3.772916391609242748, 2.349999999999999201, 1.586667796168218514 ) ) ;
#3646 = CARTESIAN_POINT ( 'NONE',  ( 1.925000000000000044, 0.7750000000000000222, 1.683745824048273443 ) ) ;
#3647 = CARTESIAN_POINT ( 'NONE',  ( -2.874999999999999556, -1.326417551445032214E-16, -0.2000000000004246992 ) ) ;
#3648 = DIRECTION ( 'NONE',  ( -0.000000000000000000, -0.9461585652950790237, 0.3237035207080049548 ) ) ;
#3649 = EDGE_LOOP ( 'NONE', ( #3788, #514, #938, #4421 ) ) ;
#3650 = CIRCLE ( 'NONE', #7758, 2.024999999999999911 ) ;
#3651 = FACE_OUTER_BOUND ( 'NONE', #7691, .T. ) ;
#3652 = ADVANCED_FACE ( 'NONE', ( #5359 ), #8410, .T. ) ;
#3653 = EDGE_CURVE ( 'NONE', #5461, #2339, #2195, .T. ) ;
#3654 = VERTEX_POINT ( 'NONE', #96 ) ;
#3655 = ORIENTED_EDGE ( 'NONE', *, *, #1369, .F. ) ;
#3656 = DIRECTION ( 'NONE',  ( -1.000000000000000000, -4.613626265895763929E-17, 0.000000000000000000 ) ) ;
#3657 = AXIS2_PLACEMENT_3D ( 'NONE', #3449, #1987, #1307 ) ;
#3658 = CARTESIAN_POINT ( 'NONE',  ( -2.729245206895015041, 0.2499999999999999445, -1.173935688187389026 ) ) ;
#3659 = CARTESIAN_POINT ( 'NONE',  ( -2.874999999999999556, -1.326417551445032214E-16, -1.300000000000425482 ) ) ;
#3660 = DIRECTION ( 'NONE',  ( 0.000000000000000000, 0.000000000000000000, 1.000000000000000000 ) ) ;
#3661 = B_SPLINE_CURVE_WITH_KNOTS ( 'NONE', 3,
 ( #5014, #4369, #3736, #5099 ),
 .UNSPECIFIED., .F., .F.,
 ( 4, 4 ),
 ( 0.000000000000000000, 2.332930053657759835E-05 ),
 .UNSPECIFIED. ) ;
#3662 = LINE ( 'NONE', #8474, #1055 ) ;
#3663 = EDGE_CURVE ( 'NONE', #2895, #6530, #1434, .T. ) ;
#3664 = ORIENTED_EDGE ( 'NONE', *, *, #5982, .F. ) ;
#3665 = VECTOR ( 'NONE', #6932, 1000.000000000000000 ) ;
#3666 = ORIENTED_EDGE ( 'NONE', *, *, #211, .T. ) ;
#3667 = CARTESIAN_POINT ( 'NONE',  ( 3.801133272289037190, 3.022092002538348865, 1.366305915333618337 ) ) ;
#3668 = CARTESIAN_POINT ( 'NONE',  ( -7.875000000000000000, 2.188918058954341106, 1.776661575880237987 ) ) ;
#3669 = ORIENTED_EDGE ( 'NONE', *, *, #2923, .F. ) ;
#3670 = DIRECTION ( 'NONE',  ( 4.613626265895765162E-17, -1.000000000000000000, 0.000000000000000000 ) ) ;
#3671 = CARTESIAN_POINT ( 'NONE',  ( -7.724999999999998757, 1.899999999999999911, 0.000000000000000000 ) ) ;
#3672 = DIRECTION ( 'NONE',  ( -0.7071067811865507924, 8.659560562354892183E-17, -0.7071067811865441310 ) ) ;
#3673 = ORIENTED_EDGE ( 'NONE', *, *, #8401, .F. ) ;
#3674 = DIRECTION ( 'NONE',  ( -1.000000000000000000, 8.809142651444719582E-16, 0.000000000000000000 ) ) ;
#3675 = VECTOR ( 'NONE', #8435, 1000.000000000000000 ) ;
#3676 = DIRECTION ( 'NONE',  ( 2.441147830512880514E-15, 2.441147830512880514E-15, 1.000000000000000000 ) ) ;
#3677 = CARTESIAN_POINT ( 'NONE',  ( 3.624999999999999556, 2.312310562561765703, -0.7999999999999999334 ) ) ;
#3678 = FACE_OUTER_BOUND ( 'NONE', #7555, .T. ) ;
#3679 = ORIENTED_EDGE ( 'NONE', *, *, #150, .T. ) ;
#3680 = ADVANCED_FACE ( 'NONE', ( #4174 ), #4259, .F. ) ;
#3681 = FACE_OUTER_BOUND ( 'NONE', #5857, .T. ) ;
#3682 = VECTOR ( 'NONE', #3245, 1000.000000000000000 ) ;
#3683 = CARTESIAN_POINT ( 'NONE',  ( 3.903997254861792054, 2.938273744255168296, 1.320097139545343801 ) ) ;
#3684 = CARTESIAN_POINT ( 'NONE',  ( -2.875000000000000000, 0.000000000000000000, 0.000000000000000000 ) ) ;
#3685 = CARTESIAN_POINT ( 'NONE',  ( 3.974999987075802377, 1.900318215752458517, 1.026242063337355903 ) ) ;
#3686 = CARTESIAN_POINT ( 'NONE',  ( 1.024999999999999689, 4.728966922543157611E-17, 0.9000000000000426548 ) ) ;
#3687 = AXIS2_PLACEMENT_3D ( 'NONE', #5474, #2987, #5562 ) ;
#3688 = ORIENTED_EDGE ( 'NONE', *, *, #5451, .T. ) ;
#3689 = CARTESIAN_POINT ( 'NONE',  ( 3.275000000000000355, 1.201787997811427200, 0.7499999999999353850 ) ) ;
#3690 = EDGE_CURVE ( 'NONE', #7864, #6582, #831, .T. ) ;
#3691 = VECTOR ( 'NONE', #5953, 1000.000000000000000 ) ;
#3692 = FACE_OUTER_BOUND ( 'NONE', #4286, .T. ) ;
#3693 = VECTOR ( 'NONE', #5724, 1000.000000000000000 ) ;
#3694 = FACE_OUTER_BOUND ( 'NONE', #580, .T. ) ;
#3695 = AXIS2_PLACEMENT_3D ( 'NONE', #8385, #7828, #5710 ) ;
#3696 = ORIENTED_EDGE ( 'NONE', *, *, #7212, .F. ) ;
#3697 = LINE ( 'NONE', #170, #5530 ) ;
#3698 = FACE_BOUND ( 'NONE', #116, .T. ) ;
#3699 = VECTOR ( 'NONE', #5184, 1000.000000000000000 ) ;
#3700 = EDGE_LOOP ( 'NONE', ( #6512, #2148, #3696, #7746 ) ) ;
#3701 = CIRCLE ( 'NONE', #6619, 0.2000000000000005107 ) ;
#3702 = VERTEX_POINT ( 'NONE', #4215 ) ;
#3703 = MANIFOLD_SOLID_BREP ( 'Fillet10', #1497 ) ;
#3704 = VECTOR ( 'NONE', #5623, 1000.000000000000000 ) ;
#3705 = DIRECTION ( 'NONE',  ( 0.000000000000000000, 0.000000000000000000, 1.000000000000000000 ) ) ;
#3706 = DIRECTION ( 'NONE',  ( -1.000000000000000000, -4.613626265895765162E-17, 1.619075244254214076E-13 ) ) ;
#3707 = EDGE_CURVE ( 'NONE', #2670, #4295, #8383, .T. ) ;
#3708 = EDGE_CURVE ( 'NONE', #7209, #5980, #3581, .T. ) ;
#3709 = VECTOR ( 'NONE', #7291, 1000.000000000000000 ) ;
#3710 = CARTESIAN_POINT ( 'NONE',  ( 1.024999999999999911, 4.728966922543158228E-17, 0.9000000000000424327 ) ) ;
#3711 = EDGE_LOOP ( 'NONE', ( #3402, #3856, #5124, #3212, #1505 ) ) ;
#3712 = LINE ( 'NONE', #7181, #3079 ) ;
#3713 = ORIENTED_EDGE ( 'NONE', *, *, #7122, .T. ) ;
#3714 = ORIENTED_EDGE ( 'NONE', *, *, #2472, .T. ) ;
#3715 = CARTESIAN_POINT ( 'NONE',  ( 3.275000000000000355, 2.670000000000056328, -1.372499999999934994 ) ) ;
#3716 = AXIS2_PLACEMENT_3D ( 'NONE', #2729, #6877, #8349 ) ;
#3717 = ORIENTED_EDGE ( 'NONE', *, *, #3907, .T. ) ;
#3718 = CARTESIAN_POINT ( 'NONE',  ( -2.974999921155957683, 3.138011429414711895, -0.4052712942765890891 ) ) ;
#3719 = CARTESIAN_POINT ( 'NONE',  ( 3.633715574274765103, 1.917661494434929503, -1.247338505565005917 ) ) ;
#3720 = FACE_OUTER_BOUND ( 'NONE', #3455, .T. ) ;
#3721 = EDGE_CURVE ( 'NONE', #2483, #9005, #7438, .T. ) ;
#3722 = DIRECTION ( 'NONE',  ( 0.000000000000000000, 0.000000000000000000, -1.000000000000000000 ) ) ;
#3723 = CARTESIAN_POINT ( 'NONE',  ( -3.424999999999793321, -1.580166996069204022E-16, -1.100000000000424194 ) ) ;
#3724 = DIRECTION ( 'NONE',  ( -1.000000000000000000, 0.000000000000000000, 0.000000000000000000 ) ) ;
#3725 = CARTESIAN_POINT ( 'NONE',  ( 3.425000000000000266, 1.070000000000038476, 1.277499999999935465 ) ) ;
#3726 = ORIENTED_EDGE ( 'NONE', *, *, #3879, .F. ) ;
#3727 = CARTESIAN_POINT ( 'NONE',  ( 3.974994382114231506, 2.523780522340934862, 1.253614889613836603 ) ) ;
#3728 = CARTESIAN_POINT ( 'NONE',  ( 3.945053189350034906, 2.871143586173381390, 1.214517269908737873 ) ) ;
#3729 = CARTESIAN_POINT ( 'NONE',  ( 3.125000000000000000, 1.637750119160782614, -0.9649999999999352429 ) ) ;
#3730 = EDGE_CURVE ( 'NONE', #716, #4036, #2929, .T. ) ;
#3731 = CARTESIAN_POINT ( 'NONE',  ( 3.945323225728303740, 1.818491367494988298, 1.023645683149288388 ) ) ;
#3732 = LINE ( 'NONE', #3686, #8193 ) ;
#3733 = CARTESIAN_POINT ( 'NONE',  ( 3.703812642653108611, 2.803830291743287795, 1.002516245008675533 ) ) ;
#3734 = ORIENTED_EDGE ( 'NONE', *, *, #816, .F. ) ;
#3735 = ORIENTED_EDGE ( 'NONE', *, *, #3707, .T. ) ;
#3736 = CARTESIAN_POINT ( 'NONE',  ( 3.276770739005506083, 0.8297536726497847237, -1.672798350336093254 ) ) ;
#3737 = PLANE ( 'NONE',  #2546 ) ;
#3738 = DIRECTION ( 'NONE',  ( 1.626303258728254884E-13, 0.000000000000000000, 1.000000000000000000 ) ) ;
#3739 = ORIENTED_EDGE ( 'NONE', *, *, #4277, .T. ) ;
#3740 = CARTESIAN_POINT ( 'NONE',  ( -3.674999999999999822, 1.899999999999999911, 0.000000000000000000 ) ) ;
#3741 = CARTESIAN_POINT ( 'NONE',  ( 1.924999999999999822, 0.2500000000000000000, 6.421812867798760749E-16 ) ) ;
#3742 = ADVANCED_FACE ( 'NONE', ( #8507 ), #6912, .F. ) ;
#3743 = ORIENTED_EDGE ( 'NONE', *, *, #4943, .F. ) ;
#3744 = ORIENTED_EDGE ( 'NONE', *, *, #8258, .F. ) ;
#3745 = CARTESIAN_POINT ( 'NONE',  ( 3.275000000000000355, 1.450000000000000844, -0.4178409582463116223 ) ) ;
#3746 = CARTESIAN_POINT ( 'NONE',  ( 2.224999999999765166, 0.3150000000000000577, -1.450000000000825739 ) ) ;
#3747 = CARTESIAN_POINT ( 'NONE',  ( -2.875000000000233591, 0.1799999999999998823, -1.449999999999999956 ) ) ;
#3748 = CYLINDRICAL_SURFACE ( 'NONE', #33, 0.3150000000000001688 ) ;
#3749 = CARTESIAN_POINT ( 'NONE',  ( -3.074999999999999734, 0.1799999999999998546, -1.300000000000425482 ) ) ;
#3750 = ADVANCED_FACE ( 'NONE', ( #5755 ), #6841, .T. ) ;
#3751 = ORIENTED_EDGE ( 'NONE', *, *, #4638, .F. ) ;
#3752 = ORIENTED_EDGE ( 'NONE', *, *, #2932, .T. ) ;
#3753 = DIRECTION ( 'NONE',  ( -1.000000000000000000, -0.000000000000000000, -0.000000000000000000 ) ) ;
#3754 = ORIENTED_EDGE ( 'NONE', *, *, #8486, .T. ) ;
#3755 = AXIS2_PLACEMENT_3D ( 'NONE', #5319, #5272, #4585 ) ;
#3756 = ORIENTED_EDGE ( 'NONE', *, *, #6537, .T. ) ;
#3757 = CARTESIAN_POINT ( 'NONE',  ( -2.875000000000356160, 3.248445554339142394, -2.200000000000000178 ) ) ;
#3758 = CARTESIAN_POINT ( 'NONE',  ( 3.275000000000000355, 1.201787997811427200, 0.7499999999999353850 ) ) ;
#3759 = DIRECTION ( 'NONE',  ( 0.000000000000000000, 0.000000000000000000, 1.000000000000000000 ) ) ;
#3760 = ORIENTED_EDGE ( 'NONE', *, *, #5685, .T. ) ;
#3761 = DIRECTION ( 'NONE',  ( 1.532051254914752361E-13, -0.3237035207082653576, 0.9461585652949898728 ) ) ;
#3762 = LINE ( 'NONE', #5229, #4287 ) ;
#3763 = CARTESIAN_POINT ( 'NONE',  ( 3.258506746050647607, 2.201442972745223603, -1.619715897008151106 ) ) ;
#3764 = EDGE_CURVE ( 'NONE', #6378, #6942, #1315, .T. ) ;
#3765 = CARTESIAN_POINT ( 'NONE',  ( 3.275000000000000355, 1.070000000000038476, 1.552499999999935598 ) ) ;
#3766 = EDGE_LOOP ( 'NONE', ( #7429, #6790, #880, #8589 ) ) ;
#3767 = ORIENTED_EDGE ( 'NONE', *, *, #349, .T. ) ;
#3768 = CARTESIAN_POINT ( 'NONE',  ( 3.974830464012228504, 2.590584678726564505, 1.246119465451468455 ) ) ;
#3769 = LINE ( 'NONE', #1546, #6047 ) ;
#3770 = DIRECTION ( 'NONE',  ( 1.000000000000000000, -0.000000000000000000, 0.000000000000000000 ) ) ;
#3771 = DIRECTION ( 'NONE',  ( 0.000000000000000000, 0.000000000000000000, -1.000000000000000000 ) ) ;
#3772 = LINE ( 'NONE', #5874, #3957 ) ;
#3773 = CARTESIAN_POINT ( 'NONE',  ( 3.941511161385398143, 2.890696235045351781, 1.254487745477174121 ) ) ;
#3774 = ORIENTED_EDGE ( 'NONE', *, *, #394, .F. ) ;
#3775 = ORIENTED_EDGE ( 'NONE', *, *, #1169, .T. ) ;
#3776 = AXIS2_PLACEMENT_3D ( 'NONE', #88, #8924, #8972 ) ;
#3777 = CARTESIAN_POINT ( 'NONE',  ( 3.774192145816355648, 0.7611221826031676629, -1.370868355641252645 ) ) ;
#3778 = DIRECTION ( 'NONE',  ( 1.618788986246299066E-13, 0.000000000000000000, 1.000000000000000000 ) ) ;
#3779 = EDGE_CURVE ( 'NONE', #5743, #8990, #8550, .T. ) ;
#3780 = LINE ( 'NONE', #5787, #5600 ) ;
#3781 = CARTESIAN_POINT ( 'NONE',  ( 3.675000000000000266, 0.1749999999999999889, 2.075000000000000178 ) ) ;
#3782 = VERTEX_POINT ( 'NONE', #2474 ) ;
#3783 = CIRCLE ( 'NONE', #3054, 0.8499999999999994227 ) ;
#3784 = DIRECTION ( 'NONE',  ( -1.000000000000000000, -0.000000000000000000, -0.000000000000000000 ) ) ;
#3785 = DIRECTION ( 'NONE',  ( 1.000000000000000000, 0.000000000000000000, -0.000000000000000000 ) ) ;
#3786 = VECTOR ( 'NONE', #1147, 1000.000000000000000 ) ;
#3787 = ORIENTED_EDGE ( 'NONE', *, *, #2923, .T. ) ;
#3788 = ORIENTED_EDGE ( 'NONE', *, *, #2185, .F. ) ;
#3789 =( NAMED_UNIT ( * ) SI_UNIT ( $, .STERADIAN. ) SOLID_ANGLE_UNIT ( ) );
#3790 = MANIFOLD_SOLID_BREP ( 'Fillet7', #5862 ) ;
#3791 = ADVANCED_FACE ( 'NONE', ( #5113 ), #5894, .T. ) ;
#3792 = CIRCLE ( 'NONE', #8910, 0.2000000000000000944 ) ;
#3793 = DIRECTION ( 'NONE',  ( -1.000000000000000000, -4.613626265895765162E-17, 1.619075244254214076E-13 ) ) ;
#3794 = CYLINDRICAL_SURFACE ( 'NONE', #3587, 0.07499999999999998335 ) ;
#3795 = STYLED_ITEM ( 'NONE', ( #3316 ), #2744 ) ;
#3796 = CIRCLE ( 'NONE', #1190, 1.000000000000000000 ) ;
#3797 = CARTESIAN_POINT ( 'NONE',  ( 3.125000000000000000, 0.000000000000000000, 2.075000000000000178 ) ) ;
#3798 = DIRECTION ( 'NONE',  ( 0.000000000000000000, -1.365923996831991784E-15, 1.000000000000000000 ) ) ;
#3799 = VECTOR ( 'NONE', #2410, 1000.000000000000000 ) ;
#3800 = ORIENTED_EDGE ( 'NONE', *, *, #5159, .T. ) ;
#3801 = FACE_OUTER_BOUND ( 'NONE', #926, .T. ) ;
#3802 = ORIENTED_EDGE ( 'NONE', *, *, #1979, .T. ) ;
#3803 = ORIENTED_EDGE ( 'NONE', *, *, #2889, .T. ) ;
#3804 = CARTESIAN_POINT ( 'NONE',  ( 3.225000000000000089, 2.312310562561765703, -0.7999999999999999334 ) ) ;
#3805 = CARTESIAN_POINT ( 'NONE',  ( 1.824999999999999734, -5.421010862427522170E-17, -2.000000000000000000 ) ) ;
#3806 = ADVANCED_FACE ( 'NONE', ( #3843 ), #7128, .F. ) ;
#3807 = CARTESIAN_POINT ( 'NONE',  ( -3.474999999999999645, 1.899999999999999911, 0.8000000000000000444 ) ) ;
#3808 = ADVANCED_FACE ( 'NONE', ( #3160, #7314 ), #407, .T. ) ;
#3809 = ADVANCED_FACE ( 'NONE', ( #1741 ), #8646, .T. ) ;
#3810 = ORIENTED_EDGE ( 'NONE', *, *, #7514, .F. ) ;
#3811 = PRODUCT_DEFINITION_FORMATION_WITH_SPECIFIED_SOURCE ( 'ANY', '', #3101, .NOT_KNOWN. ) ;
#3812 = AXIS2_PLACEMENT_3D ( 'NONE', #4861, #7657, #58 ) ;
#3813 = DIRECTION ( 'NONE',  ( 0.000000000000000000, 0.000000000000000000, 1.000000000000000000 ) ) ;
#3814 = CARTESIAN_POINT ( 'NONE',  ( 2.924999999999999822, 0.7750000000000000222, 0.000000000000000000 ) ) ;
#3815 = CARTESIAN_POINT ( 'NONE',  ( 3.275000000000000355, 1.070000000000038476, 1.002499999999935110 ) ) ;
#3816 = VECTOR ( 'NONE', #24, 1000.000000000000000 ) ;
#3817 = ORIENTED_EDGE ( 'NONE', *, *, #8582, .F. ) ;
#3818 = DIRECTION ( 'NONE',  ( -1.000000000000000000, -4.613626265895765162E-17, 1.619075244254214076E-13 ) ) ;
#3819 = VERTEX_POINT ( 'NONE', #7866 ) ;
#3820 = LINE ( 'NONE', #2452, #72 ) ;
#3821 = CARTESIAN_POINT ( 'NONE',  ( -1.619595037822595174, -0.07500000000000008049, 0.7500000000000000000 ) ) ;
#3822 = ADVANCED_FACE ( 'NONE', ( #6521 ), #3347, .T. ) ;
#3823 = COLOUR_RGB ( '',0.5019607843137254832, 0.5019607843137254832, 0.5019607843137254832 ) ;
#3824 = UNCERTAINTY_MEASURE_WITH_UNIT (LENGTH_MEASURE( 1.000000000000000082E-05 ), #2973, 'distance_accuracy_value', 'NONE');
#3825 = DIRECTION ( 'NONE',  ( 0.000000000000000000, 0.000000000000000000, -1.000000000000000000 ) ) ;
#3826 = DIRECTION ( 'NONE',  ( 0.000000000000000000, 0.000000000000000000, -1.000000000000000000 ) ) ;
#3827 = CARTESIAN_POINT ( 'NONE',  ( 3.624999999999999556, 1.899999999999999911, 0.000000000000000000 ) ) ;
#3828 = CARTESIAN_POINT ( 'NONE',  ( 1.824999999999999734, 0.1499999999999999389, -2.000000000000000000 ) ) ;
#3829 = ORIENTED_EDGE ( 'NONE', *, *, #3333, .F. ) ;
#3830 = AXIS2_PLACEMENT_3D ( 'NONE', #1722, #6599, #386 ) ;
#3831 = DIRECTION ( 'NONE',  ( 1.000000000000000000, 0.000000000000000000, 0.000000000000000000 ) ) ;
#3832 = CARTESIAN_POINT ( 'NONE',  ( 2.225000000000000089, 1.899999999999999689, 1.133352670977950737E-13 ) ) ;
#3833 = CARTESIAN_POINT ( 'NONE',  ( -7.875000000000000000, 1.899999999999999911, 0.000000000000000000 ) ) ;
#3834 = LINE ( 'NONE', #6612, #4282 ) ;
#3835 = EDGE_CURVE ( 'NONE', #8125, #3108, #4359, .T. ) ;
#3836 = ORIENTED_EDGE ( 'NONE', *, *, #3405, .T. ) ;
#3837 = ADVANCED_FACE ( 'NONE', ( #7174 ), #3016, .F. ) ;
#3838 = DIRECTION ( 'NONE',  ( 0.000000000000000000, 1.000000000000000000, 0.000000000000000000 ) ) ;
#3839 = CIRCLE ( 'NONE', #4278, 0.2500000000000002220 ) ;
#3840 = CARTESIAN_POINT ( 'NONE',  ( 1.524999999999999911, 0.4769207173524603882, -1.838322126713132221 ) ) ;
#3841 = VERTEX_POINT ( 'NONE', #4657 ) ;
#3842 = ORIENTED_EDGE ( 'NONE', *, *, #6170, .T. ) ;
#3843 = FACE_OUTER_BOUND ( 'NONE', #50, .T. ) ;
#3844 = VECTOR ( 'NONE', #6933, 1000.000000000000000 ) ;
#3845 = LINE ( 'NONE', #5259, #5032 ) ;
#3846 = LINE ( 'NONE', #8700, #4354 ) ;
#3847 = B_SPLINE_CURVE_WITH_KNOTS ( 'NONE', 3,
 ( #8826, #4833, #1416, #74, #2826, #5606, #5517 ),
 .UNSPECIFIED., .F., .F.,
 ( 4, 3, 4 ),
 ( 0.000000000000000000, 2.639402489464083457E-05, 3.716531273996046876E-05 ),
 .UNSPECIFIED. ) ;
#3848 = VECTOR ( 'NONE', #6300, 1000.000000000000000 ) ;
#3849 = EDGE_CURVE ( 'NONE', #2141, #5316, #5336, .T. ) ;
#3850 = CIRCLE ( 'NONE', #8965, 0.2500000000000002220 ) ;
#3851 = LINE ( 'NONE', #1845, #1899 ) ;
#3852 = ORIENTED_EDGE ( 'NONE', *, *, #2408, .F. ) ;
#3853 = ORIENTED_EDGE ( 'NONE', *, *, #8197, .F. ) ;
#3854 = DIRECTION ( 'NONE',  ( -0.4366544851822274920, 0.000000000000000000, 0.8996292906360062736 ) ) ;
#3855 = ORIENTED_EDGE ( 'NONE', *, *, #4204, .F. ) ;
#3856 = ORIENTED_EDGE ( 'NONE', *, *, #1791, .F. ) ;
#3857 = LINE ( 'NONE', #3804, #7050 ) ;
#3858 = AXIS2_PLACEMENT_3D ( 'NONE', #344, #6607, #1730 ) ;
#3859 = CIRCLE ( 'NONE', #2837, 0.07499999999999998335 ) ;
#3860 = CARTESIAN_POINT ( 'NONE',  ( 3.275000000000000355, 0.2500000000000000000, 2.000000000000000000 ) ) ;
#3861 = EDGE_LOOP ( 'NONE', ( #6096, #218, #593, #6576 ) ) ;
#3862 = CARTESIAN_POINT ( 'NONE',  ( 2.224999999999663025, 1.187852254442086641, -2.081548843649950520 ) ) ;
#3863 = VECTOR ( 'NONE', #4530, 1000.000000000000000 ) ;
#3864 = DIRECTION ( 'NONE',  ( 1.000000000000000000, 9.035018104045869462E-17, 0.000000000000000000 ) ) ;
#3865 = CARTESIAN_POINT ( 'NONE',  ( 3.412014186495705648, 0.7119871880606802872, -1.543852710558305974 ) ) ;
#3866 = VERTEX_POINT ( 'NONE', #541 ) ;
#3867 = CARTESIAN_POINT ( 'NONE',  ( 2.224999999999663025, 1.187852254442086641, -2.081548843649950520 ) ) ;
#3868 = EDGE_CURVE ( 'NONE', #1239, #6582, #494, .T. ) ;
#3869 = ORIENTED_EDGE ( 'NONE', *, *, #6134, .F. ) ;
#3870 = ORIENTED_EDGE ( 'NONE', *, *, #2392, .F. ) ;
#3871 = CARTESIAN_POINT ( 'NONE',  ( 3.277663711335768060, 1.743824191254975231, 1.679545526866350169 ) ) ;
#3872 = CARTESIAN_POINT ( 'NONE',  ( -3.875000000000000000, 2.188918058954341106, 1.776661575880237987 ) ) ;
#3873 = ORIENTED_EDGE ( 'NONE', *, *, #7170, .F. ) ;
#3874 = DIRECTION ( 'NONE',  ( 0.000000000000000000, -0.000000000000000000, -1.000000000000000000 ) ) ;
#3875 = FACE_OUTER_BOUND ( 'NONE', #705, .T. ) ;
#3876 = CARTESIAN_POINT ( 'NONE',  ( -0.000000000000000000, 0.1749999999999999889, -0.9000000000000002442 ) ) ;
#3877 = EDGE_CURVE ( 'NONE', #4978, #6711, #7457, .T. ) ;
#3878 = EDGE_LOOP ( 'NONE', ( #3800, #4187, #5445, #3346, #1961, #5620, #6219, #1825 ) ) ;
#3879 = EDGE_CURVE ( 'NONE', #1272, #7279, #2453, .T. ) ;
#3880 = ORIENTED_EDGE ( 'NONE', *, *, #3537, .T. ) ;
#3881 = B_SPLINE_CURVE_WITH_KNOTS ( 'NONE', 3,
 ( #3501, #4231, #4397, #5728 ),
 .UNSPECIFIED., .F., .F.,
 ( 4, 4 ),
 ( 0.000000000000000000, 2.332930053609279735E-05 ),
 .UNSPECIFIED. ) ;
#3882 = DIRECTION ( 'NONE',  ( 1.000000000000000000, 0.000000000000000000, 0.000000000000000000 ) ) ;
#3883 = CARTESIAN_POINT ( 'NONE',  ( 3.739370139709939256, 1.771719324210406565, 1.451552697008590354 ) ) ;
#3884 = FACE_OUTER_BOUND ( 'NONE', #1296, .T. ) ;
#3885 = B_SPLINE_CURVE_WITH_KNOTS ( 'NONE', 3,
 ( #3374, #6542, #287, #2220 ),
 .UNSPECIFIED., .F., .F.,
 ( 4, 4 ),
 ( 0.000000000000000000, 7.177429867708434762E-05 ),
 .UNSPECIFIED. ) ;
#3886 = DIRECTION ( 'NONE',  ( 1.626303258728254884E-13, 0.000000000000000000, 1.000000000000000000 ) ) ;
#3887 = ORIENTED_EDGE ( 'NONE', *, *, #1559, .T. ) ;
#3888 = DIRECTION ( 'NONE',  ( -0.9961946980917455452, 0.000000000000000000, -0.08715574274765836016 ) ) ;
#3889 = CARTESIAN_POINT ( 'NONE',  ( 3.135373369255975540, 2.325273130566864577, 0.8542618654119655819 ) ) ;
#3890 = EDGE_LOOP ( 'NONE', ( #2876, #8597, #6679, #5097 ) ) ;
#3891 = EDGE_CURVE ( 'NONE', #5317, #5743, #3186, .T. ) ;
#3892 = ORIENTED_EDGE ( 'NONE', *, *, #4981, .T. ) ;
#3893 = VERTEX_POINT ( 'NONE', #1292 ) ;
#3894 = EDGE_CURVE ( 'NONE', #8773, #7124, #6163, .T. ) ;
#3895 = DIRECTION ( 'NONE',  ( -4.613626265895765162E-17, 1.000000000000000000, -0.000000000000000000 ) ) ;
#3896 = FACE_OUTER_BOUND ( 'NONE', #8767, .T. ) ;
#3897 = CARTESIAN_POINT ( 'NONE',  ( 3.739370139709939256, 2.928280675789592280, 1.451552697008589909 ) ) ;
#3898 = CARTESIAN_POINT ( 'NONE',  ( 3.125000000000000000, 0.4516044443118981122, 1.164278760968653792 ) ) ;
#3899 = CARTESIAN_POINT ( 'NONE',  ( 2.224999999999675904, 0.9500000000000000666, -2.000173887067248302 ) ) ;
#3900 = ORIENTED_EDGE ( 'NONE', *, *, #1582, .T. ) ;
#3901 = ORIENTED_EDGE ( 'NONE', *, *, #2730, .F. ) ;
#3902 = CARTESIAN_POINT ( 'NONE',  ( 3.275000000000000355, 1.450000000000000844, -0.4178409582463116223 ) ) ;
#3903 = EDGE_LOOP ( 'NONE', ( #3499, #8311, #2769, #1351 ) ) ;
#3904 = ORIENTED_EDGE ( 'NONE', *, *, #8807, .F. ) ;
#3905 = CARTESIAN_POINT ( 'NONE',  ( -3.424999999999793321, -1.580166996069204022E-16, 1.100000000000424194 ) ) ;
#3906 = DIRECTION ( 'NONE',  ( 0.000000000000000000, -0.000000000000000000, -1.000000000000000000 ) ) ;
#3907 = EDGE_CURVE ( 'NONE', #3612, #8671, #3911, .T. ) ;
#3908 = FACE_OUTER_BOUND ( 'NONE', #8081, .T. ) ;
#3909 = DIRECTION ( 'NONE',  ( 0.000000000000000000, 0.000000000000000000, 1.000000000000000000 ) ) ;
#3910 = LINE ( 'NONE', #3814, #100 ) ;
#3911 = CIRCLE ( 'NONE', #7416, 1.300000000000000044 ) ;
#3912 = EDGE_LOOP ( 'NONE', ( #393, #5460, #7105, #7590 ) ) ;
#3913 = VECTOR ( 'NONE', #4809, 1000.000000000000000 ) ;
#3914 = ORIENTED_EDGE ( 'NONE', *, *, #5437, .T. ) ;
#3915 = DIRECTION ( 'NONE',  ( 1.402390973475945018E-13, -0.4999999999999937828, 0.8660254037844422603 ) ) ;
#3916 = DIRECTION ( 'NONE',  ( 1.000000000000000000, -0.000000000000000000, -0.000000000000000000 ) ) ;
#3917 = ORIENTED_EDGE ( 'NONE', *, *, #2996, .T. ) ;
#3918 = LINE ( 'NONE', #476, #3213 ) ;
#3919 = CARTESIAN_POINT ( 'NONE',  ( 3.739370139709939256, 1.771719324210406121, 1.451552697008590131 ) ) ;
#3920 = CARTESIAN_POINT ( 'NONE',  ( 2.924999999999999822, 3.399999999999999911, 1.360376786041278985 ) ) ;
#3921 = EDGE_LOOP ( 'NONE', ( #8289, #3477, #4805, #3726 ) ) ;
#3922 = ORIENTED_EDGE ( 'NONE', *, *, #6740, .F. ) ;
#3923 = CARTESIAN_POINT ( 'NONE',  ( 3.277663711335771612, 1.450000000000000844, -0.4178409582463116223 ) ) ;
#3924 = CARTESIAN_POINT ( 'NONE',  ( 3.697601750778153562, 0.7395707884294844270, -1.248390800232766606 ) ) ;
#3925 = DIRECTION ( 'NONE',  ( 5.219536637890756552E-14, 0.9461585652950790237, 0.3237035207080046773 ) ) ;
#3926 = EDGE_CURVE ( 'NONE', #2367, #6124, #8836, .T. ) ;
#3927 = FILL_AREA_STYLE ('',( #6839 ) ) ;
#3928 = EDGE_CURVE ( 'NONE', #264, #7248, #6073, .T. ) ;
#3929 = VERTEX_POINT ( 'NONE', #1921 ) ;
#3930 = FACE_OUTER_BOUND ( 'NONE', #5845, .T. ) ;
#3931 = DIRECTION ( 'NONE',  ( 1.000000000000000000, -0.000000000000000000, -0.000000000000000000 ) ) ;
#3932 = VERTEX_POINT ( 'NONE', #1790 ) ;
#3933 = AXIS2_PLACEMENT_3D ( 'NONE', #4610, #8144, #5250 ) ;
#3934 = ORIENTED_EDGE ( 'NONE', *, *, #3536, .T. ) ;
#3935 = ORIENTED_EDGE ( 'NONE', *, *, #1948, .T. ) ;
#3936 = DIRECTION ( 'NONE',  ( -4.336808689942016158E-15, 1.000000000000000000, 0.000000000000000000 ) ) ;
#3937 = DIRECTION ( 'NONE',  ( 1.000000000000000000, -0.000000000000000000, -0.000000000000000000 ) ) ;
#3938 = CARTESIAN_POINT ( 'NONE',  ( 3.182252106401948666, 1.485525985248186576, -0.8089398803433234253 ) ) ;
#3939 = EDGE_CURVE ( 'NONE', #7499, #3071, #6517, .T. ) ;
#3940 = AXIS2_PLACEMENT_3D ( 'NONE', #8471, #4987, #309 ) ;
#3941 = CARTESIAN_POINT ( 'NONE',  ( -1.804999999999986837, 0.1249999999999999167, -0.7499999999999996669 ) ) ;
#3942 = DIRECTION ( 'NONE',  ( 1.531752565501796716E-13, 0.3237035207080048993, 0.9461585652950789127 ) ) ;
#3943 = ORIENTED_EDGE ( 'NONE', *, *, #4467, .F. ) ;
#3944 = VECTOR ( 'NONE', #3826, 1000.000000000000000 ) ;
#3945 = ORIENTED_EDGE ( 'NONE', *, *, #8683, .T. ) ;
#3946 = DIRECTION ( 'NONE',  ( 4.613626265895765162E-17, -1.000000000000000000, 0.000000000000000000 ) ) ;
#3947 = ORIENTED_EDGE ( 'NONE', *, *, #2706, .T. ) ;
#3948 = CIRCLE ( 'NONE', #6710, 0.07000000000000018707 ) ;
#3949 = VERTEX_POINT ( 'NONE', #8963 ) ;
#3951 = EDGE_CURVE ( 'NONE', #6464, #1272, #5433, .T. ) ;
#3950 = CARTESIAN_POINT ( 'NONE',  ( -7.875000000000000000, 2.016124824835400453, 1.648185373389841057 ) ) ;
#3952 = PLANE ( 'NONE',  #3182 ) ;
#3953 = B_SPLINE_CURVE_WITH_KNOTS ( 'NONE', 3,
 ( #1992, #8395, #4775, #112, #1316, #2859 ),
 .UNSPECIFIED., .F., .F.,
 ( 4, 2, 4 ),
 ( 0.000000000000000000, 0.0005242033469543315796, 0.001048406693908663159 ),
 .UNSPECIFIED. ) ;
#3954 = DIRECTION ( 'NONE',  ( 1.000000000000000000, 0.000000000000000000, 0.000000000000000000 ) ) ;
#3955 = EDGE_CURVE ( 'NONE', #4519, #2386, #7708, .T. ) ;
#3956 = VECTOR ( 'NONE', #6929, 1000.000000000000000 ) ;
#3957 = VECTOR ( 'NONE', #252, 1000.000000000000114 ) ;
#3958 = DIRECTION ( 'NONE',  ( -1.000000000000000000, 0.000000000000000000, 0.000000000000000000 ) ) ;
#3959 = ORIENTED_EDGE ( 'NONE', *, *, #6010, .F. ) ;
#3960 = ORIENTED_EDGE ( 'NONE', *, *, #7412, .T. ) ;
#3961 = FACE_OUTER_BOUND ( 'NONE', #3428, .T. ) ;
#3962 = VECTOR ( 'NONE', #1540, 1000.000000000000000 ) ;
#3963 = DIRECTION ( 'NONE',  ( 0.000000000000000000, 1.000000000000000000, 0.000000000000000000 ) ) ;
#3964 = ORIENTED_EDGE ( 'NONE', *, *, #7887, .F. ) ;
#3965 = AXIS2_PLACEMENT_3D ( 'NONE', #209, #6419, #1006 ) ;
#3966 = CARTESIAN_POINT ( 'NONE',  ( 3.125000000000000000, 0.8458563656608284465, 0.8499999999999353628 ) ) ;
#3967 = CARTESIAN_POINT ( 'NONE',  ( 1.924999999999999822, 0.1749999999999999889, 6.421812867798760749E-16 ) ) ;
#3968 = CARTESIAN_POINT ( 'NONE',  ( 3.746788935686913735, 2.718042024625754394, 1.006276183449501538 ) ) ;
#3969 = ADVANCED_FACE ( 'NONE', ( #8148 ), #1878, .T. ) ;
#3970 = ORIENTED_EDGE ( 'NONE', *, *, #3928, .T. ) ;
#3971 = ORIENTED_EDGE ( 'NONE', *, *, #4159, .T. ) ;
#3972 = DIRECTION ( 'NONE',  ( 1.626303258728254884E-13, 1.548860246407861719E-14, 1.000000000000000000 ) ) ;
#3973 = CARTESIAN_POINT ( 'NONE',  ( 3.429983586162963505, 1.753791173843449736, 1.605541650298429213 ) ) ;
#3974 = DIRECTION ( 'NONE',  ( 1.624582302898913623E-13, 0.000000000000000000, 1.000000000000000000 ) ) ;
#3975 = CARTESIAN_POINT ( 'NONE',  ( 1.524999999999998579, 1.008266633727441075, 1.829865345312595926 ) ) ;
#3976 = ORIENTED_EDGE ( 'NONE', *, *, #1631, .F. ) ;
#3977 = CARTESIAN_POINT ( 'NONE',  ( 0.000000000000000000, 1.600000000000000311, 0.000000000000000000 ) ) ;
#3978 = DIRECTION ( 'NONE',  ( 0.000000000000000000, 0.000000000000000000, -1.000000000000000000 ) ) ;
#3979 = AXIS2_PLACEMENT_3D ( 'NONE', #5819, #5735, #2550 ) ;
#3980 = VERTEX_POINT ( 'NONE', #7368 ) ;
#3981 = ORIENTED_EDGE ( 'NONE', *, *, #6947, .T. ) ;
#3982 = EDGE_CURVE ( 'NONE', #584, #4202, #4477, .T. ) ;
#3983 = CARTESIAN_POINT ( 'NONE',  ( 3.586044187466010502, 0.8633886791609787226, -1.528816652529875864 ) ) ;
#3984 = LINE ( 'NONE', #2614, #5003 ) ;
#3985 = DIRECTION ( 'NONE',  ( 1.000000000000000000, -0.000000000000000000, -0.000000000000000000 ) ) ;
#3986 = CIRCLE ( 'NONE', #6310, 1.399999999999999689 ) ;
#3987 = DIRECTION ( 'NONE',  ( 4.613626265895765162E-17, -1.000000000000000000, 0.000000000000000000 ) ) ;
#3988 = FACE_OUTER_BOUND ( 'NONE', #2684, .T. ) ;
#3989 = ORIENTED_EDGE ( 'NONE', *, *, #8610, .T. ) ;
#3990 = CIRCLE ( 'NONE', #6026, 1.399766955455214346 ) ;
#3991 = ADVANCED_FACE ( 'NONE', ( #3338 ), #6114, .T. ) ;
#3992 = ORIENTED_EDGE ( 'NONE', *, *, #7344, .T. ) ;
#3993 = EDGE_CURVE ( 'NONE', #81, #8897, #7999, .T. ) ;
#3994 = LINE ( 'NONE', #7422, #104 ) ;
#3995 = ORIENTED_EDGE ( 'NONE', *, *, #4241, .F. ) ;
#3996 = CARTESIAN_POINT ( 'NONE',  ( -2.875000000000341061, 3.404330127020699592, -2.110000000000620712 ) ) ;
#3997 = DIRECTION ( 'NONE',  ( -1.000000000000000000, -0.000000000000000000, -0.000000000000000000 ) ) ;
#3998 = AXIS2_PLACEMENT_3D ( 'NONE', #7123, #7822, #754 ) ;
#3999 = VECTOR ( 'NONE', #6805, 1000.000000000000000 ) ;
#4000 = DIRECTION ( 'NONE',  ( 0.000000000000000000, 0.000000000000000000, 1.000000000000000000 ) ) ;
#4001 = FACE_OUTER_BOUND ( 'NONE', #5999, .T. ) ;
#4002 = EDGE_LOOP ( 'NONE', ( #8598, #3124, #2194, #1155 ) ) ;
#4003 = CARTESIAN_POINT ( 'NONE',  ( 3.125000000000000000, 2.670000000000056328, -1.597499999999936193 ) ) ;
#4004 = ORIENTED_EDGE ( 'NONE', *, *, #996, .F. ) ;
#4005 = CIRCLE ( 'NONE', #1109, 0.2250000000000012546 ) ;
#4006 = CARTESIAN_POINT ( 'NONE',  ( 2.224999999999643485, 3.248445554339142838, -2.200000000000825739 ) ) ;
#4007 = EDGE_CURVE ( 'NONE', #3929, #8829, #1163, .T. ) ;
#4008 = AXIS2_PLACEMENT_3D ( 'NONE', #1848, #3395, #6812 ) ;
#4009 = CARTESIAN_POINT ( 'NONE',  ( 3.275000000000000355, 0.8458563656608286685, -0.8499999999999353628 ) ) ;
#4010 = ORIENTED_EDGE ( 'NONE', *, *, #334, .T. ) ;
#4011 = CARTESIAN_POINT ( 'NONE',  ( 3.225000000000000089, 2.312310562561765703, -0.7999999999999999334 ) ) ;
#4012 = AXIS2_PLACEMENT_3D ( 'NONE', #8723, #1231, #3279 ) ;
#4013 = DIRECTION ( 'NONE',  ( 1.000000000000000000, 0.000000000000000000, 0.000000000000000000 ) ) ;
#4014 = DIRECTION ( 'NONE',  ( -1.000000000000000000, -0.000000000000000000, -0.000000000000000000 ) ) ;
#4015 = EDGE_LOOP ( 'NONE', ( #7855, #982, #6744, #8412, #4386, #6900, #7577 ) ) ;
#4016 = LINE ( 'NONE', #6793, #8204 ) ;
#4017 = DIRECTION ( 'NONE',  ( -0.000000000000000000, 1.000000000000000000, -0.000000000000000000 ) ) ;
#4018 = CARTESIAN_POINT ( 'NONE',  ( -2.874999999999675371, 3.021990892406452023, 2.007769019921744391 ) ) ;
#4019 = ADVANCED_FACE ( 'NONE', ( #3252 ), #2791, .F. ) ;
#4020 = ORIENTED_EDGE ( 'NONE', *, *, #3394, .F. ) ;
#4021 = CYLINDRICAL_SURFACE ( 'NONE', #8473, 0.3500000000000000333 ) ;
#4022 = CARTESIAN_POINT ( 'NONE',  ( 2.924999999999999822, 2.945000000000000284, 0.8000000000000000444 ) ) ;
#4023 = VERTEX_POINT ( 'NONE', #4164 ) ;
#4024 = AXIS2_PLACEMENT_3D ( 'NONE', #8648, #8007, #4618 ) ;
#4025 = ORIENTED_EDGE ( 'NONE', *, *, #1269, .T. ) ;
#4026 = DIRECTION ( 'NONE',  ( -1.000000000000000000, 4.958336983064505091E-14, 1.449280809762236367E-13 ) ) ;
#4027 = CARTESIAN_POINT ( 'NONE',  ( -2.874999999999999112, -1.326417551445031968E-16, -1.300000000000425482 ) ) ;
#4028 =( BOUNDED_SURFACE ( )  B_SPLINE_SURFACE ( 3, 2, ( 
 ( #3883, #8905, #5420 ),
 ( #8096, #485, #6062 ),
 ( #3973, #8177, #7535 ),
 ( #3243, #6794, #6836 ) ),
 .UNSPECIFIED., .F., .F., .F. ) 
 B_SPLINE_SURFACE_WITH_KNOTS ( ( 4, 4 ),
 ( 3, 3 ),
 ( 0.000000000000000000, 0.0005167576660568125270 ),
 ( 0.000000000000000000, 1.000000000000000000 ),
 .UNSPECIFIED. ) 
 GEOMETRIC_REPRESENTATION_ITEM ( )  RATIONAL_B_SPLINE_SURFACE ( (
 ( 1.000000000000000000, 0.8595424877200067426, 1.000000000000000000),
 ( 1.000000000000000000, 0.8536137059909268965, 1.000000000000000000),
 ( 1.000000000000000000, 0.8489000215467165100, 1.000000000000000000),
 ( 1.000000000000000000, 0.8448600182193868324, 1.000000000000000000) ) ) 
 REPRESENTATION_ITEM ( '' )  SURFACE ( )  );
#4029 = ADVANCED_FACE ( 'NONE', ( #2836 ), #4203, .T. ) ;
#4030 = CARTESIAN_POINT ( 'NONE',  ( 1.524999999999999911, 0.1800000000000000766, -0.4000000000000419331 ) ) ;
#4031 = CARTESIAN_POINT ( 'NONE',  ( 1.524999999999973710, 0.9500000000000000666, -2.000173887067135059 ) ) ;
#4032 = ORIENTED_EDGE ( 'NONE', *, *, #5542, .T. ) ;
#4033 = ORIENTED_EDGE ( 'NONE', *, *, #2704, .F. ) ;
#4034 = ORIENTED_EDGE ( 'NONE', *, *, #1317, .T. ) ;
#4035 = CARTESIAN_POINT ( 'NONE',  ( 3.801133272289037635, 2.122092002538349398, -1.366305915333619225 ) ) ;
#4036 = VERTEX_POINT ( 'NONE', #4974 ) ;
#4037 = LINE ( 'NONE', #3996, #3262 ) ;
#4038 = DIRECTION ( 'NONE',  ( -1.000000000000000000, -0.000000000000000000, -0.000000000000000000 ) ) ;
#4039 = ADVANCED_FACE ( 'NONE', ( #165 ), #3520, .F. ) ;
#4040 = CARTESIAN_POINT ( 'NONE',  ( 3.025000000000512834, 0.2500000000000000555, 0.4000000000000425993 ) ) ;
#4041 = EDGE_CURVE ( 'NONE', #4701, #4655, #1116, .T. ) ;
#4042 = CARTESIAN_POINT ( 'NONE',  ( 3.655504509961679638, 0.7332898310421346322, -1.253814209305440519 ) ) ;
#4043 = VERTEX_POINT ( 'NONE', #126 ) ;
#4044 = ORIENTED_EDGE ( 'NONE', *, *, #7795, .F. ) ;
#4045 = AXIS2_PLACEMENT_3D ( 'NONE', #5584, #8388, #4767 ) ;
#4046 = DIRECTION ( 'NONE',  ( -1.000000000000000000, -0.000000000000000000, -0.000000000000000000 ) ) ;
#4047 = CARTESIAN_POINT ( 'NONE',  ( -2.874999999999662492, 1.187852254442064215, 2.081548843649189795 ) ) ;
#4048 = ORIENTED_EDGE ( 'NONE', *, *, #1547, .T. ) ;
#4049 = ADVANCED_FACE ( 'NONE', ( #3429 ), #6210, .F. ) ;
#4050 = EDGE_CURVE ( 'NONE', #5226, #1201, #2382, .T. ) ;
#4051 = DIRECTION ( 'NONE',  ( -1.619075244254214076E-13, 0.000000000000000000, -1.000000000000000000 ) ) ;
#4052 = DIRECTION ( 'NONE',  ( 1.626303258728254884E-13, 0.000000000000000000, 1.000000000000000000 ) ) ;
#4053 =( BOUNDED_SURFACE ( )  B_SPLINE_SURFACE ( 3, 2, ( 
 ( #2507, #8728, #5241 ),
 ( #1681, #1632, #4451 ),
 ( #8039, #7247, #3733 ),
 ( #3773, #7732, #6506 ),
 ( #5826, #4553, #7348 ),
 ( #3284, #8134, #3968 ) ),
 .UNSPECIFIED., .F., .F., .T. ) 
 B_SPLINE_SURFACE_WITH_KNOTS ( ( 4, 2, 4 ),
 ( 3, 3 ),
 ( 4.799655442984409603, 5.541420375081998806, 6.283185307179588008 ),
 ( 0.000000000000000000, 1.000000000000000000 ),
 .UNSPECIFIED. ) 
 GEOMETRIC_REPRESENTATION_ITEM ( )  RATIONAL_B_SPLINE_SURFACE ( (
 ( 1.000000000000000000, 0.7097873355780223159, 1.000000000000000000),
 ( 1.000000000000000000, 0.7173738231503470342, 1.000000000000000000),
 ( 1.000000000000000000, 0.7244822983925907067, 1.000000000000000000),
 ( 1.000000000000000000, 0.7344611233347226875, 1.000000000000000000),
 ( 1.000000000000000000, 0.7373167490942912350, 1.000000000000000000),
 ( 1.000000000000000000, 0.7372773368101241953, 1.000000000000000000) ) ) 
 REPRESENTATION_ITEM ( '' )  SURFACE ( )  );
#4054 = CARTESIAN_POINT ( 'NONE',  ( 3.025000000000512834, 0.2500000000000000555, -0.4000000000000417111 ) ) ;
#4055 = ORIENTED_EDGE ( 'NONE', *, *, #7287, .T. ) ;
#4056 = AXIS2_PLACEMENT_3D ( 'NONE', #6803, #3895, #578 ) ;
#4057 = CARTESIAN_POINT ( 'NONE',  ( 2.225000000000309175, 1.246118888169527539, 1.911240301895185567 ) ) ;
#4058 = LINE ( 'NONE', #5928, #4998 ) ;
#4059 = AXIS2_PLACEMENT_3D ( 'NONE', #8982, #6914, #4131 ) ;
#4060 = CARTESIAN_POINT ( 'NONE',  ( 3.050000000000000266, 0.2500000000000000000, 2.075000000000000178 ) ) ;
#4061 = CARTESIAN_POINT ( 'NONE',  ( 3.275000000000000355, 2.162249880839105298, -0.9649999999999350209 ) ) ;
#4062 = ORIENTED_EDGE ( 'NONE', *, *, #2295, .F. ) ;
#4063 = FACE_OUTER_BOUND ( 'NONE', #7528, .T. ) ;
#4064 = CARTESIAN_POINT ( 'NONE',  ( -2.875000000000000000, 1.899999999999999911, 0.000000000000000000 ) ) ;
#4065 = EDGE_CURVE ( 'NONE', #7594, #2208, #3608, .T. ) ;
#4066 = ORIENTED_EDGE ( 'NONE', *, *, #1559, .F. ) ;
#4067 = EDGE_LOOP ( 'NONE', ( #5360, #5054 ) ) ;
#4068 = ADVANCED_FACE ( 'NONE', ( #2010 ), #6297, .F. ) ;
#4069 = CARTESIAN_POINT ( 'NONE',  ( 1.024999999999999911, 4.728966922543158228E-17, -0.9000000000000422107 ) ) ;
#4070 = CARTESIAN_POINT ( 'NONE',  ( 2.225000000000324718, 3.021990892406452467, 2.007769019920918829 ) ) ;
#4071 = CARTESIAN_POINT ( 'NONE',  ( -2.874999999999999556, -1.326417551445032214E-16, 0.2000000000004247269 ) ) ;
#4072 = ORIENTED_EDGE ( 'NONE', *, *, #7870, .T. ) ;
#4073 = DIRECTION ( 'NONE',  ( 1.000000000000000000, -0.000000000000000000, -0.000000000000000000 ) ) ;
#4074 = DIRECTION ( 'NONE',  ( -0.000000000000000000, -0.000000000000000000, -1.000000000000000000 ) ) ;
#4075 = CARTESIAN_POINT ( 'NONE',  ( 3.225000000000000089, 1.487689437438234119, 0.8000000000000002665 ) ) ;
#4076 = ORIENTED_EDGE ( 'NONE', *, *, #117, .F. ) ;
#4077 = ORIENTED_EDGE ( 'NONE', *, *, #3459, .F. ) ;
#4078 = EDGE_CURVE ( 'NONE', #6529, #622, #4118, .T. ) ;
#4079 = VERTEX_POINT ( 'NONE', #2181 ) ;
#4080 = ORIENTED_EDGE ( 'NONE', *, *, #7755, .T. ) ;
#4081 = ORIENTED_EDGE ( 'NONE', *, *, #6131, .T. ) ;
#4082 = DIRECTION ( 'NONE',  ( 1.000000000000000000, 4.613626265895765162E-17, -1.619075244254214076E-13 ) ) ;
#4083 = CARTESIAN_POINT ( 'NONE',  ( 3.655504509961679638, 1.882338505565070097, 0.9982898310420694754 ) ) ;
#4084 = CIRCLE ( 'NONE', #2477, 2.024999999999999911 ) ;
#4085 = CYLINDRICAL_SURFACE ( 'NONE', #2036, 0.2500000000000000000 ) ;
#4086 = AXIS2_PLACEMENT_3D ( 'NONE', #7295, #5924, #3236 ) ;
#4087 = DIRECTION ( 'NONE',  ( 1.000000000000000000, 4.613626265895765162E-17, -1.619075244254214076E-13 ) ) ;
#4088 = ORIENTED_EDGE ( 'NONE', *, *, #3157, .F. ) ;
#4089 = AXIS2_PLACEMENT_3D ( 'NONE', #8286, #7598, #1255 ) ;
#4090 = VECTOR ( 'NONE', #2251, 1000.000000000000000 ) ;
#4091 = EDGE_CURVE ( 'NONE', #8671, #3473, #8857, .T. ) ;
#4092 = EDGE_LOOP ( 'NONE', ( #2400, #3121, #3964, #2764 ) ) ;
#4093 = EDGE_CURVE ( 'NONE', #3929, #6439, #6380, .T. ) ;
#4094 = DIRECTION ( 'NONE',  ( 1.000000000000000000, 0.000000000000000000, -0.000000000000000000 ) ) ;
#4095 = DIRECTION ( 'NONE',  ( -1.619075244254214076E-13, 0.000000000000000000, -1.000000000000000000 ) ) ;
#4096 = ORIENTED_EDGE ( 'NONE', *, *, #3312, .T. ) ;
#4097 = VECTOR ( 'NONE', #2165, 1000.000000000000000 ) ;
#4098 = CIRCLE ( 'NONE', #2053, 0.1000000000000002554 ) ;
#4099 = DIRECTION ( 'NONE',  ( 0.000000000000000000, 0.000000000000000000, 1.000000000000000000 ) ) ;
#4100 = DIRECTION ( 'NONE',  ( 0.000000000000000000, 0.000000000000000000, 1.000000000000000000 ) ) ;
#4101 = FACE_OUTER_BOUND ( 'NONE', #6079, .T. ) ;
#4102 = ORIENTED_EDGE ( 'NONE', *, *, #7484, .F. ) ;
#4103 = CIRCLE ( 'NONE', #186, 0.5000000000000013323 ) ;
#4104 = EDGE_CURVE ( 'NONE', #8595, #5944, #2096, .T. ) ;
#4105 = ADVANCED_FACE ( 'NONE', ( #4890 ), #5525, .F. ) ;
#4106 = CARTESIAN_POINT ( 'NONE',  ( 3.772916391609242748, 2.349999999999999201, 0.4178409582463116778 ) ) ;
#4107 = EDGE_CURVE ( 'NONE', #1201, #2386, #8061, .T. ) ;
#4108 = PLANE ( 'NONE',  #2377 ) ;
#4109 = DIRECTION ( 'NONE',  ( -1.626303258728256651E-16, -7.503155430780560920E-33, -1.000000000000000000 ) ) ;
#4110 = AXIS2_PLACEMENT_3D ( 'NONE', #8586, #2364, #2315 ) ;
#4111 = CARTESIAN_POINT ( 'NONE',  ( 2.925000000000000711, 3.399999999999999911, 0.000000000000000000 ) ) ;
#4112 = ORIENTED_EDGE ( 'NONE', *, *, #980, .F. ) ;
#4113 = LINE ( 'NONE', #8227, #5827 ) ;
#4114 = DIRECTION ( 'NONE',  ( 0.000000000000000000, 0.000000000000000000, 1.000000000000000000 ) ) ;
#4115 = ORIENTED_EDGE ( 'NONE', *, *, #2592, .T. ) ;
#4116 = VECTOR ( 'NONE', #5473, 1000.000000000000000 ) ;
#4117 = ORIENTED_EDGE ( 'NONE', *, *, #5908, .F. ) ;
#4118 = LINE ( 'NONE', #8456, #7829 ) ;
#4119 = CARTESIAN_POINT ( 'NONE',  ( 2.224999999999643485, 3.248445554339142838, -2.200000000000825739 ) ) ;
#4120 = EDGE_CURVE ( 'NONE', #4308, #8382, #1424, .T. ) ;
#4121 = LINE ( 'NONE', #6683, #8112 ) ;
#4122 = AXIS2_PLACEMENT_3D ( 'NONE', #3403, #2032, #4094 ) ;
#4123 = ORIENTED_EDGE ( 'NONE', *, *, #544, .F. ) ;
#4124 = CARTESIAN_POINT ( 'NONE',  ( -7.875000000000000000, 2.164841554041476268, -1.628606444556866428 ) ) ;
#4125 = CARTESIAN_POINT ( 'NONE',  ( 3.182252106401948666, 1.485525985248187242, 0.8089398803433237584 ) ) ;
#4126 = ORIENTED_EDGE ( 'NONE', *, *, #7549, .T. ) ;
#4127 = VERTEX_POINT ( 'NONE', #1007 ) ;
#4128 = CARTESIAN_POINT ( 'NONE',  ( 3.719964362133799884, 2.161070662640248941, -1.387635900700573854 ) ) ;
#4129 = EDGE_LOOP ( 'NONE', ( #8822, #174, #5182, #6811 ) ) ;
#4130 = FACE_OUTER_BOUND ( 'NONE', #1287, .T. ) ;
#4131 = DIRECTION ( 'NONE',  ( 0.4226182617406978870, 0.9063077870366508249, 0.000000000000000000 ) ) ;
#4132 = ADVANCED_FACE ( 'NONE', ( #873 ), #7992, .F. ) ;
#4133 = CARTESIAN_POINT ( 'NONE',  ( 3.025000000000512834, 0.2500000000000000555, -0.4000000000000417111 ) ) ;
#4134 = AXIS2_PLACEMENT_3D ( 'NONE', #369, #3126, #2536 ) ;
#4135 = LINE ( 'NONE', #809, #313 ) ;
#4136 = EDGE_LOOP ( 'NONE', ( #4952, #4080, #1118, #2846 ) ) ;
#4137 = ORIENTED_EDGE ( 'NONE', *, *, #1009, .F. ) ;
#4138 = ORIENTED_EDGE ( 'NONE', *, *, #2554, .T. ) ;
#4139 = ORIENTED_EDGE ( 'NONE', *, *, #349, .F. ) ;
#4140 = DIRECTION ( 'NONE',  ( 1.000000000000000000, 4.613626265895765778E-17, 0.000000000000000000 ) ) ;
#4141 = AXIS2_PLACEMENT_3D ( 'NONE', #8614, #7191, #4997 ) ;
#4142 = VECTOR ( 'NONE', #4471, 1000.000000000000000 ) ;
#4143 = CARTESIAN_POINT ( 'NONE',  ( 3.275000000000000355, 0.3750000000000000000, -1.200000000000000400 ) ) ;
#4144 = ORIENTED_EDGE ( 'NONE', *, *, #689, .F. ) ;
#4145 = DIRECTION ( 'NONE',  ( 0.000000000000000000, -0.1305261922198301394, 0.9914448613738395810 ) ) ;
#4146 = ADVANCED_FACE ( 'NONE', ( #8587 ), #7251, .F. ) ;
#4147 = FACE_OUTER_BOUND ( 'NONE', #3486, .T. ) ;
#4148 = CARTESIAN_POINT ( 'NONE',  ( -5.235000000000000320, 1.899999999999999911, 0.000000000000000000 ) ) ;
#4149 = CIRCLE ( 'NONE', #5163, 0.09999999999999971412 ) ;
#4150 = EDGE_LOOP ( 'NONE', ( #2102, #1528, #6209, #1682 ) ) ;
#4151 = VERTEX_POINT ( 'NONE', #4412 ) ;
#4152 = CARTESIAN_POINT ( 'NONE',  ( 1.925000000000000044, 0.7750000000000000222, 0.8999999999999993561 ) ) ;
#4153 = FACE_OUTER_BOUND ( 'NONE', #5296, .T. ) ;
#4154 = VECTOR ( 'NONE', #2597, 1000.000000000000000 ) ;
#4155 = DIRECTION ( 'NONE',  ( 0.000000000000000000, -0.9461585652950790237, -0.3237035207080047328 ) ) ;
#4156 = DIRECTION ( 'NONE',  ( 1.000000000000000000, 0.000000000000000000, 0.000000000000000000 ) ) ;
#4157 = CARTESIAN_POINT ( 'NONE',  ( 3.275000000000000355, 0.2500000000000000000, -1.200000000000000178 ) ) ;
#4158 = CARTESIAN_POINT ( 'NONE',  ( 2.924999999999999822, 3.399999999999999911, 1.433745095893967036 ) ) ;
#4159 = EDGE_CURVE ( 'NONE', #6311, #4514, #297, .T. ) ;
#4160 = ORIENTED_EDGE ( 'NONE', *, *, #3164, .F. ) ;
#4161 = VECTOR ( 'NONE', #6637, 1000.000000000000000 ) ;
#4162 = ORIENTED_EDGE ( 'NONE', *, *, #868, .T. ) ;
#4163 = VERTEX_POINT ( 'NONE', #3646 ) ;
#4164 = CARTESIAN_POINT ( 'NONE',  ( 3.973177881677031564, 1.818042024625755149, -1.225196149963282632 ) ) ;
#4165 = DIRECTION ( 'NONE',  ( 0.000000000000000000, 0.000000000000000000, -1.000000000000000000 ) ) ;
#4166 = CARTESIAN_POINT ( 'NONE',  ( 3.275000000000000355, 1.070000000000038476, 1.277499999999935465 ) ) ;
#4167 = ORIENTED_EDGE ( 'NONE', *, *, #5952, .T. ) ;
#4168 = CARTESIAN_POINT ( 'NONE',  ( 2.224999999999690559, 3.021990892406452023, -1.907769019922569642 ) ) ;
#4169 = ADVANCED_FACE ( 'NONE', ( #5834 ), #5785, .T. ) ;
#4170 = DIRECTION ( 'NONE',  ( 1.604619215278542523E-13, 0.000000000000000000, 1.000000000000000000 ) ) ;
#4171 = ORIENTED_EDGE ( 'NONE', *, *, #6970, .F. ) ;
#4172 = ORIENTED_EDGE ( 'NONE', *, *, #7887, .T. ) ;
#4173 = ORIENTED_EDGE ( 'NONE', *, *, #1093, .T. ) ;
#4174 = FACE_OUTER_BOUND ( 'NONE', #8549, .T. ) ;
#4175 = CIRCLE ( 'NONE', #8260, 0.3499999999999998668 ) ;
#4176 = EDGE_LOOP ( 'NONE', ( #5545, #7722, #2967, #3180 ) ) ;
#4177 = CARTESIAN_POINT ( 'NONE',  ( 1.024999999999999911, 0.2130333909769784040, -1.748039948068581317 ) ) ;
#4178 = CARTESIAN_POINT ( 'NONE',  ( 3.697601750784967223, 1.639570788430928294, 1.248390800231957032 ) ) ;
#4179 = CYLINDRICAL_SURFACE ( 'NONE', #4045, 0.2500000000000000000 ) ;
#4180 = DIRECTION ( 'NONE',  ( 0.000000000000000000, 0.000000000000000000, 1.000000000000000000 ) ) ;
#4181 = EDGE_LOOP ( 'NONE', ( #4033, #4762, #2804, #6321, #1473 ) ) ;
#4182 = FILL_AREA_STYLE ('',( #3588 ) ) ;
#4183 = ADVANCED_FACE ( 'NONE', ( #7211 ), #4510, .T. ) ;
#4184 = ORIENTED_EDGE ( 'NONE', *, *, #6423, .F. ) ;
#4185 = CARTESIAN_POINT ( 'NONE',  ( 3.655504509961679638, 3.066710168957865523, 1.253814209305440741 ) ) ;
#4186 = DIRECTION ( 'NONE',  ( 1.410953178252797262E-13, -0.4999999999999937828, 0.8660254037844422603 ) ) ;
#4187 = ORIENTED_EDGE ( 'NONE', *, *, #7654, .T. ) ;
#4188 = DIRECTION ( 'NONE',  ( -1.734723475976807094E-15, 0.000000000000000000, 1.000000000000000000 ) ) ;
#4189 = CARTESIAN_POINT ( 'NONE',  ( 3.761856587770105786, 1.775239895948536262, 1.441512601584382436 ) ) ;
#4190 = FACE_OUTER_BOUND ( 'NONE', #4344, .T. ) ;
#4191 = ORIENTED_EDGE ( 'NONE', *, *, #6071, .F. ) ;
#4192 = VERTEX_POINT ( 'NONE', #8639 ) ;
#4193 = ORIENTED_EDGE ( 'NONE', *, *, #8917, .F. ) ;
#4194 = CARTESIAN_POINT ( 'NONE',  ( -3.624999999999793499, -1.672439521387119461E-16, 0.9000000000004242384 ) ) ;
#4195 = DIRECTION ( 'NONE',  ( 0.000000000000000000, -1.000000000000000000, 8.743565907141156639E-17 ) ) ;
#4196 = DIRECTION ( 'NONE',  ( 1.532051254914897511E-13, -0.3237035207080047328, 0.9461585652950791347 ) ) ;
#4197 = CARTESIAN_POINT ( 'NONE',  ( 3.675000000000000266, 1.487689437438234119, 0.7499999999999997780 ) ) ;
#4198 = DIRECTION ( 'NONE',  ( -1.000000000000000000, -0.000000000000000000, 0.000000000000000000 ) ) ;
#4199 = CARTESIAN_POINT ( 'NONE',  ( 2.924999999999999822, 2.945000000000000284, 0.8000000000000000444 ) ) ;
#4200 = ORIENTED_EDGE ( 'NONE', *, *, #2431, .T. ) ;
#4201 = CIRCLE ( 'NONE', #3330, 0.5000000000000002220 ) ;
#4202 = VERTEX_POINT ( 'NONE', #1058 ) ;
#4203 = PLANE ( 'NONE',  #1560 ) ;
#4204 = EDGE_CURVE ( 'NONE', #6262, #7228, #3008, .T. ) ;
#4205 = DIRECTION ( 'NONE',  ( 1.000000000000000000, -0.000000000000000000, -0.000000000000000000 ) ) ;
#4206 = EDGE_CURVE ( 'NONE', #7325, #6847, #538, .T. ) ;
#4207 = EDGE_CURVE ( 'NONE', #1017, #5281, #5151, .T. ) ;
#4208 = LINE ( 'NONE', #214, #381 ) ;
#4209 = VERTEX_POINT ( 'NONE', #2231 ) ;
#4210 = CYLINDRICAL_SURFACE ( 'NONE', #3342, 0.3499999999999998668 ) ;
#4211 = DIRECTION ( 'NONE',  ( -1.000000000000000000, -4.613626265895765162E-17, 1.619075244254214076E-13 ) ) ;
#4212 = ORIENTED_EDGE ( 'NONE', *, *, #1819, .F. ) ;
#4213 = ORIENTED_EDGE ( 'NONE', *, *, #7860, .T. ) ;
#4214 = ORIENTED_EDGE ( 'NONE', *, *, #1359, .T. ) ;
#4215 = CARTESIAN_POINT ( 'NONE',  ( 3.275000000000000355, 0.7000000000000005107, -1.214048674522871796 ) ) ;
#4216 = ORIENTED_EDGE ( 'NONE', *, *, #6882, .F. ) ;
#4217 = CARTESIAN_POINT ( 'NONE',  ( -2.875000000000000000, 0.4500000000001271316, -1.108208012965241407 ) ) ;
#4218 = CARTESIAN_POINT ( 'NONE',  ( 2.225000000000000089, 1.899999999999999689, 1.133352670977950737E-13 ) ) ;
#4219 = EDGE_CURVE ( 'NONE', #6825, #5946, #7947, .T. ) ;
#4220 = CARTESIAN_POINT ( 'NONE',  ( 3.624999999999999556, 2.312310562561765703, -0.7999999999999999334 ) ) ;
#4221 = DIRECTION ( 'NONE',  ( -0.9924325091389670783, -0.08682659386424779191, 0.08682659386424779191 ) ) ;
#4222 = ORIENTED_EDGE ( 'NONE', *, *, #406, .F. ) ;
#4223 = EDGE_CURVE ( 'NONE', #6428, #3472, #5100, .T. ) ;
#4224 = VECTOR ( 'NONE', #2061, 1000.000000000000000 ) ;
#4225 = CARTESIAN_POINT ( 'NONE',  ( 3.655504509961679638, 1.917661494434929725, -0.9982898310420694754 ) ) ;
#4226 = CARTESIAN_POINT ( 'NONE',  ( 3.025000000000512834, 1.395621945433705452E-16, 0.4000000000000425437 ) ) ;
#4227 = CARTESIAN_POINT ( 'NONE',  ( 3.971903135266017681, 1.845945239847945230, -1.223922426933315100 ) ) ;
#4228 = EDGE_CURVE ( 'NONE', #2159, #988, #1742, .T. ) ;
#4229 = ORIENTED_EDGE ( 'NONE', *, *, #7178, .F. ) ;
#4230 = VECTOR ( 'NONE', #3134, 1000.000000000000000 ) ;
#4231 = CARTESIAN_POINT ( 'NONE',  ( 3.276770739005433253, 2.070246327349914317, -1.672798350336248907 ) ) ;
#4232 = CARTESIAN_POINT ( 'NONE',  ( 3.676964918290421380, 0.7351673734855367348, -1.000167373485471689 ) ) ;
#4233 = DIRECTION ( 'NONE',  ( -1.000000000000000000, 0.000000000000000000, 0.000000000000000000 ) ) ;
#4234 = EDGE_LOOP ( 'NONE', ( #3217, #5576, #3228, #4173 ) ) ;
#4235 = AXIS2_PLACEMENT_3D ( 'NONE', #4649, #6752, #4562 ) ;
#4236 = CARTESIAN_POINT ( 'NONE',  ( 3.024999999999999911, 0.1500000000000000222, 1.200000000000000178 ) ) ;
#4237 = VECTOR ( 'NONE', #8009, 1000.000000000000000 ) ;
#4238 = EDGE_CURVE ( 'NONE', #3437, #3980, #2538, .T. ) ;
#4239 = CARTESIAN_POINT ( 'NONE',  ( 3.125000000000000000, 0.7692519213489305008, 0.7857212390312815486 ) ) ;
#4240 = LINE ( 'NONE', #75, #2371 ) ;
#4241 = EDGE_CURVE ( 'NONE', #5301, #97, #2415, .T. ) ;
#4242 = CARTESIAN_POINT ( 'NONE',  ( 3.741907075646472514, 1.640849076039107235, 1.249498289803154583 ) ) ;
#4243 = CARTESIAN_POINT ( 'NONE',  ( 3.956348859916966720, 1.883581097825903550, 1.318709039668907845 ) ) ;
#4244 = AXIS2_PLACEMENT_3D ( 'NONE', #5956, #5280, #2631 ) ;
#4245 = CIRCLE ( 'NONE', #483, 0.09999999999999997780 ) ;
#4246 = ORIENTED_EDGE ( 'NONE', *, *, #4796, .T. ) ;
#4247 = CIRCLE ( 'NONE', #4835, 0.1500000000000001887 ) ;
#4248 = EDGE_LOOP ( 'NONE', ( #4792, #8734, #3869, #3183, #7273 ) ) ;
#4249 = DIRECTION ( 'NONE',  ( 4.613626265895765162E-17, -1.000000000000000000, 0.000000000000000000 ) ) ;
#4250 = CARTESIAN_POINT ( 'NONE',  ( 2.924999999999999822, 3.199999999999999734, 0.000000000000000000 ) ) ;
#4251 = VECTOR ( 'NONE', #5801, 1000.000000000000000 ) ;
#4252 = CARTESIAN_POINT ( 'NONE',  ( 2.925000000000000711, 0.4000000000000001887, 0.000000000000000000 ) ) ;
#4253 = ORIENTED_EDGE ( 'NONE', *, *, #8955, .T. ) ;
#4254 = CARTESIAN_POINT ( 'NONE',  ( 1.824999999999999734, 0.1499999999999999389, -2.000000000000000000 ) ) ;
#4255 = EDGE_CURVE ( 'NONE', #6311, #7932, #917, .T. ) ;
#4256 = DIRECTION ( 'NONE',  ( 1.000000000000000000, 0.000000000000000000, 0.000000000000000000 ) ) ;
#4257 = ORIENTED_EDGE ( 'NONE', *, *, #5216, .T. ) ;
#4258 = VERTEX_POINT ( 'NONE', #255 ) ;
#4259 = PLANE ( 'NONE',  #4878 ) ;
#4260 = EDGE_LOOP ( 'NONE', ( #661, #5190, #2652, #2056 ) ) ;
#4261 = PLANE ( 'NONE',  #7497 ) ;
#4262 = CARTESIAN_POINT ( 'NONE',  ( 3.225000000000000089, 1.487689437438233231, -0.7999999999999998224 ) ) ;
#4263 = AXIS2_PLACEMENT_3D ( 'NONE', #1858, #8082, #6595 ) ;
#4264 = DIRECTION ( 'NONE',  ( 0.000000000000000000, 0.000000000000000000, -1.000000000000000000 ) ) ;
#4265 = CARTESIAN_POINT ( 'NONE',  ( 3.050000000000000266, 0.1749999999999999889, 2.075000000000000178 ) ) ;
#4266 = ADVANCED_FACE ( 'NONE', ( #7903 ), #3737, .F. ) ;
#4267 = EDGE_CURVE ( 'NONE', #896, #7952, #4860, .T. ) ;
#4268 = ORIENTED_EDGE ( 'NONE', *, *, #3982, .F. ) ;
#4269 = DIRECTION ( 'NONE',  ( 0.000000000000000000, 1.000000000000000000, -0.000000000000000000 ) ) ;
#4270 = CARTESIAN_POINT ( 'NONE',  ( -2.875000000000302425, 3.264478005466095567, -1.867769019921744489 ) ) ;
#4271 = CARTESIAN_POINT ( 'NONE',  ( 3.974931375685631263, 2.130463042243869509, 1.248858165635447159 ) ) ;
#4272 = DIRECTION ( 'NONE',  ( 0.000000000000000000, 0.000000000000000000, 1.000000000000000000 ) ) ;
#4273 = CYLINDRICAL_SURFACE ( 'NONE', #1516, 1.000000000000000000 ) ;
#4274 = DIRECTION ( 'NONE',  ( 8.099371738820814218E-14, -0.8660254037844419273, 0.4999999999999944489 ) ) ;
#4275 = FACE_OUTER_BOUND ( 'NONE', #5349, .T. ) ;
#4276 = ORIENTED_EDGE ( 'NONE', *, *, #5289, .T. ) ;
#4277 = EDGE_CURVE ( 'NONE', #2004, #8246, #4058, .T. ) ;
#4278 = AXIS2_PLACEMENT_3D ( 'NONE', #2463, #1780, #8731 ) ;
#4279 = FACE_OUTER_BOUND ( 'NONE', #8230, .T. ) ;
#4280 = PLANE ( 'NONE',  #8530 ) ;
#4281 = LINE ( 'NONE', #2355, #7184 ) ;
#4282 = VECTOR ( 'NONE', #3011, 1000.000000000000000 ) ;
#4283 = PLANE ( 'NONE',  #1036 ) ;
#4284 = VECTOR ( 'NONE', #8789, 1000.000000000000000 ) ;
#4285 = DIRECTION ( 'NONE',  ( 0.000000000000000000, 0.000000000000000000, 1.000000000000000000 ) ) ;
#4286 = EDGE_LOOP ( 'NONE', ( #348, #2532, #2095, #2019 ) ) ;
#4287 = VECTOR ( 'NONE', #8024, 1000.000000000000000 ) ;
#4288 = ORIENTED_EDGE ( 'NONE', *, *, #2720, .F. ) ;
#4289 = DIRECTION ( 'NONE',  ( 0.000000000000000000, 0.000000000000000000, 1.000000000000000000 ) ) ;
#4290 = ADVANCED_FACE ( 'NONE', ( #7443, #569 ), #1197, .F. ) ;
#4291 = VECTOR ( 'NONE', #4165, 1000.000000000000000 ) ;
#4292 = CARTESIAN_POINT ( 'NONE',  ( 3.773947465488304509, 3.034717880615008578, 1.245585735897075663 ) ) ;
#4293 = CARTESIAN_POINT ( 'NONE',  ( 1.524999999999999911, 0.1800000000000000766, 0.4000000000000422662 ) ) ;
#4294 = VECTOR ( 'NONE', #1612, 1000.000000000000000 ) ;
#4295 = VERTEX_POINT ( 'NONE', #6104 ) ;
#4296 = CARTESIAN_POINT ( 'NONE',  ( 3.746788935686913735, 1.872644997420636281, -1.006276183449501538 ) ) ;
#4297 = CIRCLE ( 'NONE', #398, 0.2499999999999998612 ) ;
#4298 = VERTEX_POINT ( 'NONE', #3924 ) ;
#4299 = SURFACE_SIDE_STYLE ('',( #1562 ) ) ;
#4300 = DIRECTION ( 'NONE',  ( 1.000000000000000000, 0.000000000000000000, -0.000000000000000000 ) ) ;
#4301 = PLANE ( 'NONE',  #6234 ) ;
#4302 = ADVANCED_FACE ( 'NONE', ( #4606 ), #4028, .T. ) ;
#4303 = DIRECTION ( 'NONE',  ( 0.000000000000000000, 1.000000000000000000, 1.445602896647339656E-16 ) ) ;
#4304 = DIRECTION ( 'NONE',  ( 1.000000000000000000, -0.000000000000000000, -0.000000000000000000 ) ) ;
#4305 = ORIENTED_EDGE ( 'NONE', *, *, #5191, .F. ) ;
#4306 = CARTESIAN_POINT ( 'NONE',  ( 3.350000000000000533, 1.070000000000038476, 1.552499999999935598 ) ) ;
#4307 = CARTESIAN_POINT ( 'NONE',  ( 3.697601750784968555, 2.160429211569070862, -1.248390800231957032 ) ) ;
#4308 = VERTEX_POINT ( 'NONE', #528 ) ;
#4309 = CARTESIAN_POINT ( 'NONE',  ( 3.125000000000000000, 2.510553028000122033, 0.9149999999999356426 ) ) ;
#4310 = EDGE_CURVE ( 'NONE', #5446, #4460, #6657, .T. ) ;
#4311 = LINE ( 'NONE', #6361, #3557 ) ;
#4312 = EDGE_CURVE ( 'NONE', #1580, #3573, #6020, .T. ) ;
#4313 = EDGE_CURVE ( 'NONE', #5281, #2147, #8223, .T. ) ;
#4314 =( BOUNDED_CURVE ( )  B_SPLINE_CURVE ( 3, ( #108, #851, #1569, #5034 ),
 .UNSPECIFIED., .F., .T. ) 
 B_SPLINE_CURVE_WITH_KNOTS ( ( 4, 4 ),
 ( 1.361845589773027498, 1.483529864195180403 ),
 .UNSPECIFIED. ) 
 CURVE ( )  GEOMETRIC_REPRESENTATION_ITEM ( )  RATIONAL_B_SPLINE_CURVE ( ( 1.000000000000000000, 0.9987664587070368416, 0.9987664587070368416, 1.000000000000000000 ) ) 
 REPRESENTATION_ITEM ( '' )  );
#4315 = FACE_OUTER_BOUND ( 'NONE', #4092, .T. ) ;
#4316 = CARTESIAN_POINT ( 'NONE',  ( 3.429983586162964393, 2.046208826156520111, -1.605541650298443201 ) ) ;
#4317 = DIRECTION ( 'NONE',  ( 0.000000000000000000, 0.000000000000000000, 1.000000000000000000 ) ) ;
#4318 = EDGE_LOOP ( 'NONE', ( #8054, #372, #6070, #353 ) ) ;
#4319 = ORIENTED_EDGE ( 'NONE', *, *, #3483, .T. ) ;
#4320 = DIRECTION ( 'NONE',  ( -1.000000000000000000, -4.613626265895765162E-17, 1.619075244254214076E-13 ) ) ;
#4321 = CARTESIAN_POINT ( 'NONE',  ( 2.224999999999658140, 3.404330127020342101, -2.110000000000826770 ) ) ;
#4322 = EDGE_CURVE ( 'NONE', #6408, #7261, #8777, .T. ) ;
#4323 = FACE_OUTER_BOUND ( 'NONE', #457, .T. ) ;
#4324 = DIRECTION ( 'NONE',  ( -0.000000000000000000, 0.000000000000000000, -1.000000000000000000 ) ) ;
#4325 = CARTESIAN_POINT ( 'NONE',  ( -7.875000000000000000, 1.913705956592885560, 0.8702368337147617927 ) ) ;
#4326 = B_SPLINE_CURVE_WITH_KNOTS ( 'NONE', 3,
 ( #7856, #1956, #5419, #7400 ),
 .UNSPECIFIED., .F., .F.,
 ( 4, 4 ),
 ( 2.168404344971008868E-19, 2.332930053608551287E-05 ),
 .UNSPECIFIED. ) ;
#4327 = FACE_OUTER_BOUND ( 'NONE', #1035, .T. ) ;
#4328 = DIRECTION ( 'NONE',  ( -1.619075244254214076E-13, 0.000000000000000000, -1.000000000000000000 ) ) ;
#4329 = DIRECTION ( 'NONE',  ( 0.000000000000000000, 0.000000000000000000, 1.000000000000000000 ) ) ;
#4330 = ORIENTED_EDGE ( 'NONE', *, *, #5932, .T. ) ;
#4331 = DIRECTION ( 'NONE',  ( -1.000000000000000000, -4.613626265895765162E-17, 1.619075244254214076E-13 ) ) ;
#4332 = EDGE_CURVE ( 'NONE', #6378, #2570, #2682, .T. ) ;
#4333 = ORIENTED_EDGE ( 'NONE', *, *, #2099, .T. ) ;
#4334 = EDGE_LOOP ( 'NONE', ( #6343, #7421 ) ) ;
#4335 = CARTESIAN_POINT ( 'NONE',  ( -7.875000000000000000, 1.899999999999999911, -0.5000000000000013323 ) ) ;
#4336 = VERTEX_POINT ( 'NONE', #5379 ) ;
#4337 = EDGE_LOOP ( 'NONE', ( #2596, #576, #2899, #80 ) ) ;
#4338 = DIRECTION ( 'NONE',  ( 4.613626265895765162E-17, -1.000000000000000000, 0.000000000000000000 ) ) ;
#4339 = DIRECTION ( 'NONE',  ( 1.000000000000000000, -0.000000000000000000, -0.000000000000000000 ) ) ;
#4340 = CARTESIAN_POINT ( 'NONE',  ( 3.425000000000000266, 2.670000000000056328, -1.372499999999934994 ) ) ;
#4341 = DIRECTION ( 'NONE',  ( 0.000000000000000000, 0.000000000000000000, 1.000000000000000000 ) ) ;
#4342 = EDGE_CURVE ( 'NONE', #6797, #4700, #5970, .T. ) ;
#4343 = DIRECTION ( 'NONE',  ( -0.9924325091389669673, 0.08682659386424777803, -0.08682659386424777803 ) ) ;
#4344 = EDGE_LOOP ( 'NONE', ( #995, #7672, #2725, #4319 ) ) ;
#4345 = FACE_OUTER_BOUND ( 'NONE', #6174, .T. ) ;
#4346 = CARTESIAN_POINT ( 'NONE',  ( 3.275000000000000355, 2.200000000000000178, -1.214048674522871352 ) ) ;
#4347 = ORIENTED_EDGE ( 'NONE', *, *, #8848, .T. ) ;
#4348 = FACE_OUTER_BOUND ( 'NONE', #4419, .T. ) ;
#4349 = CARTESIAN_POINT ( 'NONE',  ( 3.277663711335769836, 2.349999999999999201, 0.4178409582463116778 ) ) ;
#4350 = CARTESIAN_POINT ( 'NONE',  ( 0.000000000000000000, 2.200000000000000178, 0.000000000000000000 ) ) ;
#4351 = CARTESIAN_POINT ( 'NONE',  ( -1.619595037822595174, -0.07500000000000008049, -0.7499999999999995559 ) ) ;
#4352 = CARTESIAN_POINT ( 'NONE',  ( 3.125000000000000000, 1.899999999999999911, 0.000000000000000000 ) ) ;
#4353 = CARTESIAN_POINT ( 'NONE',  ( 2.669999999999988827, 0.6000000000000003109, 0.000000000000000000 ) ) ;
#4354 = VECTOR ( 'NONE', #3210, 1000.000000000000000 ) ;
#4355 = EDGE_CURVE ( 'NONE', #448, #5281, #7492, .T. ) ;
#4356 = CARTESIAN_POINT ( 'NONE',  ( 3.275000000000000355, 3.399999999999999911, -0.8149999999999351097 ) ) ;
#4357 = EDGE_CURVE ( 'NONE', #6006, #5024, #3839, .T. ) ;
#4358 = ORIENTED_EDGE ( 'NONE', *, *, #7108, .T. ) ;
#4359 = CIRCLE ( 'NONE', #7257, 0.07499999999999998335 ) ;
#4360 = FACE_OUTER_BOUND ( 'NONE', #8231, .T. ) ;
#4361 = DIRECTION ( 'NONE',  ( -0.000000000000000000, 1.000000000000000000, 2.437924253196860008E-16 ) ) ;
#4362 = PLANE ( 'NONE',  #7596 ) ;
#4363 = PLANE ( 'NONE',  #7298 ) ;
#4364 = CYLINDRICAL_SURFACE ( 'NONE', #5403, 0.2750000000000002998 ) ;
#4365 = ADVANCED_FACE ( 'NONE', ( #8044 ), #4558, .T. ) ;
#4366 = EDGE_CURVE ( 'NONE', #7052, #3598, #928, .T. ) ;
#4367 = ORIENTED_EDGE ( 'NONE', *, *, #1696, .F. ) ;
#4368 = CIRCLE ( 'NONE', #6855, 0.2000000000000005107 ) ;
#4369 = CARTESIAN_POINT ( 'NONE',  ( 3.277663711335771612, 0.8368147661134087700, -1.676177904952548037 ) ) ;
#4370 = CARTESIAN_POINT ( 'NONE',  ( 2.224999999999689226, 2.973208679693148504, -1.920474714708575670 ) ) ;
#4371 = DIRECTION ( 'NONE',  ( 0.000000000000000000, 0.000000000000000000, -1.000000000000000000 ) ) ;
#4372 = CARTESIAN_POINT ( 'NONE',  ( 2.225000000000317169, 3.108593432784897193, 1.957769019920919007 ) ) ;
#4373 = VERTEX_POINT ( 'NONE', #611 ) ;
#4374 = AXIS2_PLACEMENT_3D ( 'NONE', #4957, #152, #7063 ) ;
#4375 = AXIS2_PLACEMENT_3D ( 'NONE', #5825, #8538, #913 ) ;
#4376 = DIRECTION ( 'NONE',  ( 0.000000000000000000, 0.000000000000000000, 1.000000000000000000 ) ) ;
#4377 = CARTESIAN_POINT ( 'NONE',  ( 3.830263405626067819, 2.001085185639338793, -1.418188591804693921 ) ) ;
#4378 = ORIENTED_EDGE ( 'NONE', *, *, #4313, .F. ) ;
#4379 = EDGE_CURVE ( 'NONE', #4828, #5316, #3990, .T. ) ;
#4380 = CARTESIAN_POINT ( 'NONE',  ( 3.425000000000000266, 1.070000000000038476, 1.277499999999935465 ) ) ;
#4381 = AXIS2_PLACEMENT_3D ( 'NONE', #2153, #4944, #1483 ) ;
#4382 = CARTESIAN_POINT ( 'NONE',  ( 3.275000000000000355, 0.2499999999999999445, 2.000000000000000000 ) ) ;
#4383 = CARTESIAN_POINT ( 'NONE',  ( 3.253539591671258613, 0.6981224575565982970, -1.212171132079469471 ) ) ;
#4384 = AXIS2_PLACEMENT_3D ( 'NONE', #7163, #916, #254 ) ;
#4385 = DIRECTION ( 'NONE',  ( -1.000000000000000000, 0.000000000000000000, 0.000000000000000000 ) ) ;
#4386 = ORIENTED_EDGE ( 'NONE', *, *, #4310, .T. ) ;
#4387 = DIRECTION ( 'NONE',  ( -0.000000000000000000, -0.000000000000000000, -1.000000000000000000 ) ) ;
#4388 = VERTEX_POINT ( 'NONE', #2000 ) ;
#4389 = DIRECTION ( 'NONE',  ( 0.000000000000000000, 0.000000000000000000, -1.000000000000000000 ) ) ;
#4390 = ORIENTED_EDGE ( 'NONE', *, *, #6896, .F. ) ;
#4391 = CARTESIAN_POINT ( 'NONE',  ( 0.000000000000000000, 3.799999999999999822, 0.000000000000000000 ) ) ;
#4392 = CARTESIAN_POINT ( 'NONE',  ( 3.974991601482650960, 1.272687888858671679, -1.253275665901281144 ) ) ;
#4393 = ADVANCED_FACE ( 'NONE', ( #3375 ), #4108, .T. ) ;
#4394 = CARTESIAN_POINT ( 'NONE',  ( 3.956348859916966720, 1.916418902174093386, -1.318709039668909400 ) ) ;
#4395 = DIRECTION ( 'NONE',  ( -1.000000000000000000, 0.000000000000000000, 0.000000000000000000 ) ) ;
#4396 = VECTOR ( 'NONE', #780, 1000.000000000000000 ) ;
#4397 = CARTESIAN_POINT ( 'NONE',  ( 3.277663711335770724, 2.063185233886446035, -1.676177904952618647 ) ) ;
#4398 = CARTESIAN_POINT ( 'NONE',  ( -2.874999999999716227, 0.2130333909769859813, 1.748039948067952709 ) ) ;
#4399 = DIRECTION ( 'NONE',  ( 0.000000000000000000, 0.000000000000000000, -1.000000000000000000 ) ) ;
#4400 = ORIENTED_EDGE ( 'NONE', *, *, #5938, .T. ) ;
#4401 = CARTESIAN_POINT ( 'NONE',  ( -2.974999999999999645, 1.899999999999999911, 0.000000000000000000 ) ) ;
#4402 = AXIS2_PLACEMENT_3D ( 'NONE', #5195, #5823, #3825 ) ;
#4403 = CARTESIAN_POINT ( 'NONE',  ( 3.973271221083766402, 2.753605794179835531, 1.208319006912963234 ) ) ;
#4404 = CARTESIAN_POINT ( 'NONE',  ( -3.425000000000000266, 1.899999999999999911, 1.300000000000000044 ) ) ;
#4405 = EDGE_CURVE ( 'NONE', #4079, #2303, #5876, .T. ) ;
#4406 = CARTESIAN_POINT ( 'NONE',  ( 3.683775714352075958, 0.7366390360475489896, -1.250032998736527290 ) ) ;
#4407 = CARTESIAN_POINT ( 'NONE',  ( 3.624999999999999112, 2.349999999999999201, 0.4178409582463116778 ) ) ;
#4408 = FACE_OUTER_BOUND ( 'NONE', #2701, .T. ) ;
#4409 = AXIS2_PLACEMENT_3D ( 'NONE', #2692, #6241, #8998 ) ;
#4410 = VERTEX_POINT ( 'NONE', #2941 ) ;
#4411 = PLANE ( 'NONE',  #4110 ) ;
#4412 = CARTESIAN_POINT ( 'NONE',  ( 3.655504509961679638, 2.166710168957866056, -1.253814209305440741 ) ) ;
#4413 = AXIS2_PLACEMENT_3D ( 'NONE', #5275, #1135, #1809 ) ;
#4414 = DIRECTION ( 'NONE',  ( 0.000000000000000000, 0.000000000000000000, -1.000000000000000000 ) ) ;
#4415 = AXIS2_PLACEMENT_3D ( 'NONE', #4753, #8020, #465 ) ;
#4416 = DIRECTION ( 'NONE',  ( -1.000000000000000000, -4.613626265895765162E-17, 1.619075244254214076E-13 ) ) ;
#4417 = VECTOR ( 'NONE', #7652, 1000.000000000000114 ) ;
#4418 = ADVANCED_FACE ( 'NONE', ( #4153 ), #4832, .T. ) ;
#4419 = EDGE_LOOP ( 'NONE', ( #2886, #3767, #861, #5762 ) ) ;
#4420 = DIRECTION ( 'NONE',  ( 0.000000000000000000, 0.000000000000000000, -1.000000000000000000 ) ) ;
#4421 = ORIENTED_EDGE ( 'NONE', *, *, #7680, .T. ) ;
#4422 = CIRCLE ( 'NONE', #6766, 0.1999999999999999001 ) ;
#4423 = FILL_AREA_STYLE ('',( #5258 ) ) ;
#4424 = LINE ( 'NONE', #4572, #8958 ) ;
#4425 = CARTESIAN_POINT ( 'NONE',  ( 3.584882863515457707, 2.936674422004153850, 1.529401864743440198 ) ) ;
#4426 = ADVANCED_FACE ( 'NONE', ( #4348 ), #5515, .T. ) ;
#4427 = AXIS2_PLACEMENT_3D ( 'NONE', #7343, #1897, #8896 ) ;
#4428 = DIRECTION ( 'NONE',  ( 1.000000000000000000, 0.000000000000000000, 0.000000000000000000 ) ) ;
#4429 = ORIENTED_EDGE ( 'NONE', *, *, #651, .F. ) ;
#4430 = FACE_OUTER_BOUND ( 'NONE', #1715, .T. ) ;
#4431 = ORIENTED_EDGE ( 'NONE', *, *, #4759, .T. ) ;
#4432 = FACE_OUTER_BOUND ( 'NONE', #7571, .T. ) ;
#4433 = ORIENTED_EDGE ( 'NONE', *, *, #6158, .F. ) ;
#4434 = ORIENTED_EDGE ( 'NONE', *, *, #4970, .F. ) ;
#4435 = CARTESIAN_POINT ( 'NONE',  ( -2.888178068119786612, 3.191286855638456821, -0.1705666456051546653 ) ) ;
#4436 = DIRECTION ( 'NONE',  ( 0.000000000000000000, 0.000000000000000000, 1.000000000000000000 ) ) ;
#4437 = FACE_OUTER_BOUND ( 'NONE', #804, .T. ) ;
#4438 = CARTESIAN_POINT ( 'NONE',  ( 1.524999999999999911, 0.1800000000000000766, -1.100000000000423972 ) ) ;
#4439 = DIRECTION ( 'NONE',  ( 1.000000000000000000, 4.613626265895764546E-17, -6.195440985635107743E-16 ) ) ;
#4440 = DIRECTION ( 'NONE',  ( 0.000000000000000000, -8.539115121389577196E-16, 1.000000000000000000 ) ) ;
#4441 = VECTOR ( 'NONE', #3567, 1000.000000000000000 ) ;
#4442 = LINE ( 'NONE', #3035, #48 ) ;
#4443 = ADVANCED_FACE ( 'NONE', ( #8268 ), #6443, .F. ) ;
#4444 = ORIENTED_EDGE ( 'NONE', *, *, #4820, .F. ) ;
#4445 = CARTESIAN_POINT ( 'NONE',  ( -2.974999999999999645, 3.107142857142856762, 0.4824998678227591653 ) ) ;
#4446 = DIRECTION ( 'NONE',  ( -1.000000000000000000, -4.613626265895765162E-17, 1.619075244254214076E-13 ) ) ;
#4447 = UNCERTAINTY_MEASURE_WITH_UNIT (LENGTH_MEASURE( 1.000000000000000082E-05 ), #3274, 'distance_accuracy_value', 'NONE');
#4448 = FACE_OUTER_BOUND ( 'NONE', #7363, .T. ) ;
#4449 = DIRECTION ( 'NONE',  ( -1.000000000000000000, -0.000000000000000000, -0.000000000000000000 ) ) ;
#4450 = LINE ( 'NONE', #5143, #3799 ) ;
#4451 = CARTESIAN_POINT ( 'NONE',  ( 3.680191045031842467, 2.815501696326184078, 1.000449623002443778 ) ) ;
#4452 = EDGE_CURVE ( 'NONE', #8396, #7967, #3462, .T. ) ;
#4453 = ORIENTED_EDGE ( 'NONE', *, *, #8237, .F. ) ;
#4454 = EDGE_LOOP ( 'NONE', ( #6187, #2009, #6961, #2448, #2288, #4004, #7423, #6418 ) ) ;
#4455 = CARTESIAN_POINT ( 'NONE',  ( 3.095000000000512230, -1.054151094562789247E-14, 0.4000000000000425993 ) ) ;
#4456 = CARTESIAN_POINT ( 'NONE',  ( 3.972062122828220687, 1.956348201141801635, 1.223726269560207802 ) ) ;
#4457 = LINE ( 'NONE', #1008, #5740 ) ;
#4458 = ORIENTED_EDGE ( 'NONE', *, *, #5932, .F. ) ;
#4459 = DIRECTION ( 'NONE',  ( -1.000000000000000000, -4.613626265895765162E-17, 1.619075244254214076E-13 ) ) ;
#4460 = VERTEX_POINT ( 'NONE', #6975 ) ;
#4461 = CARTESIAN_POINT ( 'NONE',  ( 3.746788935686913735, 1.818042024625755149, -1.006276183449501538 ) ) ;
#4462 =( NAMED_UNIT ( * ) SI_UNIT ( $, .STERADIAN. ) SOLID_ANGLE_UNIT ( ) );
#4463 = VERTEX_POINT ( 'NONE', #740 ) ;
#4464 = EDGE_CURVE ( 'NONE', #3012, #7367, #2736, .T. ) ;
#4465 = VECTOR ( 'NONE', #1985, 1000.000000000000000 ) ;
#4466 = ORIENTED_EDGE ( 'NONE', *, *, #4876, .F. ) ;
#4467 = EDGE_CURVE ( 'NONE', #412, #7209, #234, .T. ) ;
#4468 = ORIENTED_EDGE ( 'NONE', *, *, #8952, .T. ) ;
#4469 = EDGE_CURVE ( 'NONE', #3438, #6383, #7142, .T. ) ;
#4470 = CARTESIAN_POINT ( 'NONE',  ( -3.074999999999999734, -1.418690076762947653E-16, 1.300000000000425482 ) ) ;
#4471 = DIRECTION ( 'NONE',  ( -0.000000000000000000, -0.000000000000000000, 1.000000000000000000 ) ) ;
#4472 = FACE_OUTER_BOUND ( 'NONE', #3890, .T. ) ;
#4473 = CARTESIAN_POINT ( 'NONE',  ( -3.624999999999793943, 0.1799999999999998268, -0.6000000000004247491 ) ) ;
#4474 = CYLINDRICAL_SURFACE ( 'NONE', #6142, 0.5000000000000001110 ) ;
#4475 = ORIENTED_EDGE ( 'NONE', *, *, #1697, .F. ) ;
#4476 = EDGE_CURVE ( 'NONE', #1916, #7932, #7793, .T. ) ;
#4477 = CIRCLE ( 'NONE', #4056, 0.5000000000000000000 ) ;
#4478 = EDGE_CURVE ( 'NONE', #4544, #2470, #4953, .T. ) ;
#4479 = ORIENTED_EDGE ( 'NONE', *, *, #1709, .F. ) ;
#4480 = CARTESIAN_POINT ( 'NONE',  ( 3.095000000000512230, -1.057648520925646161E-14, 0.000000000000000000 ) ) ;
#4481 = ORIENTED_EDGE ( 'NONE', *, *, #406, .T. ) ;
#4482 = VERTEX_POINT ( 'NONE', #6151 ) ;
#4483 = DIRECTION ( 'NONE',  ( -1.000000000000000000, 0.000000000000000000, 0.000000000000000000 ) ) ;
#4484 =( NAMED_UNIT ( * ) PLANE_ANGLE_UNIT ( ) SI_UNIT ( $, .RADIAN. ) );
#4485 = CARTESIAN_POINT ( 'NONE',  ( 3.880617851894819559, 1.985384654291231232, -1.400057524774554141 ) ) ;
#4486 = ORIENTED_EDGE ( 'NONE', *, *, #5675, .F. ) ;
#4487 = DIRECTION ( 'NONE',  ( 1.000000000000000000, 4.613626265895765162E-17, 0.000000000000000000 ) ) ;
#4488 = CARTESIAN_POINT ( 'NONE',  ( 3.624999999999999556, 1.487689437438233231, -0.7999999999999999334 ) ) ;
#4489 = CARTESIAN_POINT ( 'NONE',  ( 3.739370139709939256, 2.028280675789593257, -1.451552697008590576 ) ) ;
#4490 = EDGE_CURVE ( 'NONE', #3201, #8870, #6888, .T. ) ;
#4491 = EDGE_LOOP ( 'NONE', ( #1846, #7523, #7773, #5177, #3752, #7116, #5207, #1400, #2937 ) ) ;
#4492 = DIRECTION ( 'NONE',  ( 1.000000000000000000, -0.000000000000000000, -0.000000000000000000 ) ) ;
#4493 = ORIENTED_EDGE ( 'NONE', *, *, #2827, .F. ) ;
#4494 = ORIENTED_EDGE ( 'NONE', *, *, #4277, .F. ) ;
#4495 = EDGE_CURVE ( 'NONE', #8246, #6161, #2087, .T. ) ;
#4496 = DIRECTION ( 'NONE',  ( 0.000000000000000000, 0.000000000000000000, 1.000000000000000000 ) ) ;
#4497 = ADVANCED_FACE ( 'NONE', ( #7675 ), #1615, .T. ) ;
#4498 = CARTESIAN_POINT ( 'NONE',  ( -2.674999999999999378, 1.899999999999999911, 0.000000000000000000 ) ) ;
#4499 = EDGE_LOOP ( 'NONE', ( #6140, #340 ) ) ;
#4500 = CARTESIAN_POINT ( 'NONE',  ( 2.224999999999643485, 3.248445554339142838, -2.200000000000825739 ) ) ;
#4501 = VECTOR ( 'NONE', #6628, 1000.000000000000000 ) ;
#4502 = CYLINDRICAL_SURFACE ( 'NONE', #4086, 2.200000000000939870 ) ;
#4503 = DIRECTION ( 'NONE',  ( 0.000000000000000000, -0.3711537444790460882, -0.9285714285714282701 ) ) ;
#4504 = AXIS2_PLACEMENT_3D ( 'NONE', #4380, #4521, #1068 ) ;
#4505 = CARTESIAN_POINT ( 'NONE',  ( 3.214037826785892893, 2.312310562561765703, -0.8000000000000001554 ) ) ;
#4506 = ORIENTED_EDGE ( 'NONE', *, *, #3042, .T. ) ;
#4507 = EDGE_CURVE ( 'NONE', #14, #2208, #6681, .T. ) ;
#4508 = CIRCLE ( 'NONE', #3637, 2.024999999999999911 ) ;
#4509 = CARTESIAN_POINT ( 'NONE',  ( 3.772916391609243636, 0.7647502499114176011, -1.240916967422945216 ) ) ;
#4510 = CYLINDRICAL_SURFACE ( 'NONE', #2976, 0.3499999999999998668 ) ;
#4511 = DIRECTION ( 'NONE',  ( 0.000000000000000000, 0.000000000000000000, -1.000000000000000000 ) ) ;
#4512 = ADVANCED_FACE ( 'NONE', ( #7380 ), #6531, .F. ) ;
#4513 = DIRECTION ( 'NONE',  ( -1.000000000000000000, 0.000000000000000000, 0.000000000000000000 ) ) ;
#4514 = VERTEX_POINT ( 'NONE', #8612 ) ;
#4515 = CYLINDRICAL_SURFACE ( 'NONE', #4665, 0.2750000000000002998 ) ;
#4516 = CARTESIAN_POINT ( 'NONE',  ( 3.772916391609243192, 2.018966987828186177, -1.438836915049395149 ) ) ;
#4517 = VECTOR ( 'NONE', #478, 1000.000000000000000 ) ;
#4518 = ORIENTED_EDGE ( 'NONE', *, *, #5810, .F. ) ;
#4519 = VERTEX_POINT ( 'NONE', #3173 ) ;
#4520 = ORIENTED_EDGE ( 'NONE', *, *, #2706, .F. ) ;
#4521 = DIRECTION ( 'NONE',  ( -1.000000000000000000, 0.000000000000000000, 0.000000000000000000 ) ) ;
#4522 = CIRCLE ( 'NONE', #39, 0.1500000000000003830 ) ;
#4523 = DIRECTION ( 'NONE',  ( 1.000000000000000000, -0.000000000000000000, -0.000000000000000000 ) ) ;
#4524 = CARTESIAN_POINT ( 'NONE',  ( 3.214037826785892893, 1.487689437438233231, -0.7999999999999999334 ) ) ;
#4525 = VECTOR ( 'NONE', #7762, 1000.000000000000000 ) ;
#4526 = AXIS2_PLACEMENT_3D ( 'NONE', #8367, #2093, #3515 ) ;
#4527 = CARTESIAN_POINT ( 'NONE',  ( 3.275000000000000355, 0.7692519213489307228, -0.7857212390312815486 ) ) ;
#4528 = LINE ( 'NONE', #6720, #7293 ) ;
#4529 = AXIS2_PLACEMENT_3D ( 'NONE', #6881, #2732, #6328 ) ;
#4530 = DIRECTION ( 'NONE',  ( 1.000000000000000000, -0.000000000000000000, -0.000000000000000000 ) ) ;
#4531 = ORIENTED_EDGE ( 'NONE', *, *, #2224, .F. ) ;
#4532 = ORIENTED_EDGE ( 'NONE', *, *, #4837, .F. ) ;
#4533 = CARTESIAN_POINT ( 'NONE',  ( -7.875000000000000000, 1.899999999999999911, 0.000000000000000000 ) ) ;
#4534 = SURFACE_STYLE_FILL_AREA ( #2440 ) ;
#4535 = VECTOR ( 'NONE', #4739, 1000.000000000000000 ) ;
#4536 = CARTESIAN_POINT ( 'NONE',  ( -2.874999999999999556, 1.899999999999999467, 9.390636416674440884E-13 ) ) ;
#4537 = ORIENTED_EDGE ( 'NONE', *, *, #6665, .F. ) ;
#4538 = CARTESIAN_POINT ( 'NONE',  ( 1.824999999999999734, 0.1499999999999999389, 1.200000000000000178 ) ) ;
#4539 = ADVANCED_FACE ( 'NONE', ( #2340 ), #3074, .F. ) ;
#4540 = CARTESIAN_POINT ( 'NONE',  ( 3.024999999999999911, 0.1500000000000000222, -1.200000000000000178 ) ) ;
#4541 = CARTESIAN_POINT ( 'NONE',  ( 3.425000000000000266, 1.070000000000038476, 1.277499999999935465 ) ) ;
#4542 = ORIENTED_EDGE ( 'NONE', *, *, #7785, .T. ) ;
#4543 = CARTESIAN_POINT ( 'NONE',  ( 3.275000000000000355, 1.722915632151069465, 1.669545873791308477 ) ) ;
#4544 = VERTEX_POINT ( 'NONE', #5947 ) ;
#4545 = CARTESIAN_POINT ( 'NONE',  ( -3.624999999999793499, -1.672439521387119461E-16, 0.9000000000004242384 ) ) ;
#4546 = DIRECTION ( 'NONE',  ( 0.000000000000000000, 0.000000000000000000, 1.000000000000000000 ) ) ;
#4547 = VECTOR ( 'NONE', #7289, 1000.000000000000000 ) ;
#4548 = ORIENTED_EDGE ( 'NONE', *, *, #4267, .F. ) ;
#4549 = EDGE_CURVE ( 'NONE', #7605, #7776, #8228, .T. ) ;
#4550 = FACE_OUTER_BOUND ( 'NONE', #1702, .T. ) ;
#4551 = CARTESIAN_POINT ( 'NONE',  ( 1.524999999999999911, 0.1800000000000000766, 0.4000000000000425993 ) ) ;
#4552 = EDGE_CURVE ( 'NONE', #5973, #5394, #6166, .T. ) ;
#4553 = CARTESIAN_POINT ( 'NONE',  ( 3.974999987075802377, 2.799681784247539884, 1.026242063337355903 ) ) ;
#4554 = ORIENTED_EDGE ( 'NONE', *, *, #4664, .F. ) ;
#4555 = ORIENTED_EDGE ( 'NONE', *, *, #2885, .F. ) ;
#4556 = VECTOR ( 'NONE', #3604, 1000.000000000000000 ) ;
#4557 = CARTESIAN_POINT ( 'NONE',  ( 3.275000000000000355, 2.200000000000000178, -1.436668947343170410 ) ) ;
#4558 = PLANE ( 'NONE',  #7341 ) ;
#4559 = CARTESIAN_POINT ( 'NONE',  ( 3.974999999999999201, 2.349999999999999201, 0.4178409582463116778 ) ) ;
#4560 = CARTESIAN_POINT ( 'NONE',  ( 3.655504509961679638, 1.633289831042133766, 1.253814209305440519 ) ) ;
#4561 = ORIENTED_EDGE ( 'NONE', *, *, #5305, .F. ) ;
#4562 = DIRECTION ( 'NONE',  ( 0.000000000000000000, 0.000000000000000000, -1.000000000000000000 ) ) ;
#4563 = VECTOR ( 'NONE', #1957, 1000.000000000000000 ) ;
#4564 = CARTESIAN_POINT ( 'NONE',  ( 3.125043595096881788, 2.335212022918711661, 0.8970475230828954816 ) ) ;
#4565 = VERTEX_POINT ( 'NONE', #3905 ) ;
#4566 = ORIENTED_EDGE ( 'NONE', *, *, #4219, .T. ) ;
#4567 = EDGE_CURVE ( 'NONE', #4776, #6630, #462, .T. ) ;
#4568 = VERTEX_POINT ( 'NONE', #1851 ) ;
#4569 = DIRECTION ( 'NONE',  ( 1.000000000000000000, 0.000000000000000000, -0.000000000000000000 ) ) ;
#4570 = CIRCLE ( 'NONE', #522, 0.1000000000000002554 ) ;
#4571 = VECTOR ( 'NONE', #2475, 1000.000000000000000 ) ;
#4572 = CARTESIAN_POINT ( 'NONE',  ( 1.925000000000000044, 0.7750000000000000222, -0.9000000000000002442 ) ) ;
#4573 = CARTESIAN_POINT ( 'NONE',  ( 3.125000000000000000, 1.464110105645798354, -0.8999999999999351852 ) ) ;
#4574 = CARTESIAN_POINT ( 'NONE',  ( -2.875000000000316636, 3.108593432784896748, -1.957769019921744125 ) ) ;
#4575 = CIRCLE ( 'NONE', #8233, 1.050000000000000044 ) ;
#4576 = VECTOR ( 'NONE', #1554, 1000.000000000000000 ) ;
#4577 = CARTESIAN_POINT ( 'NONE',  ( -3.424999999999793321, 0.1799999999999998268, -0.6000000000004247491 ) ) ;
#4578 = EDGE_LOOP ( 'NONE', ( #5426, #832, #5314, #5248 ) ) ;
#4579 = ORIENTED_EDGE ( 'NONE', *, *, #608, .F. ) ;
#4580 = CARTESIAN_POINT ( 'NONE',  ( 3.655504509961679638, 0.9823385055650710740, -0.9982898310420694754 ) ) ;
#4581 = ORIENTED_EDGE ( 'NONE', *, *, #8399, .F. ) ;
#4582 = EDGE_CURVE ( 'NONE', #1239, #3109, #3857, .T. ) ;
#4583 = ORIENTED_EDGE ( 'NONE', *, *, #8532, .T. ) ;
#4584 = CARTESIAN_POINT ( 'NONE',  ( -2.875000000000000000, 3.107142857142857206, -0.4824998678227592763 ) ) ;
#4585 = DIRECTION ( 'NONE',  ( 0.000000000000000000, 0.000000000000000000, 1.000000000000000000 ) ) ;
#4586 = AXIS2_PLACEMENT_3D ( 'NONE', #7527, #429, #1946 ) ;
#4587 = CARTESIAN_POINT ( 'NONE',  ( -7.724999999999998757, 1.899999999999999911, 0.000000000000000000 ) ) ;
#4588 = DIRECTION ( 'NONE',  ( 0.000000000000000000, 0.000000000000000000, 1.000000000000000000 ) ) ;
#4589 = FACE_OUTER_BOUND ( 'NONE', #537, .T. ) ;
#4590 = CARTESIAN_POINT ( 'NONE',  ( 3.258506746058265069, 0.6985570272554445515, -1.619715897004385452 ) ) ;
#4591 = VERTEX_POINT ( 'NONE', #7230 ) ;
#4592 = LINE ( 'NONE', #3229, #2052 ) ;
#4593 = AXIS2_PLACEMENT_3D ( 'NONE', #2902, #2210, #1535 ) ;
#4594 = VERTEX_POINT ( 'NONE', #6579 ) ;
#4595 = ADVANCED_FACE ( 'NONE', ( #6635 ), #7189, .T. ) ;
#4596 = EDGE_CURVE ( 'NONE', #6872, #5446, #5271, .T. ) ;
#4597 = LINE ( 'NONE', #8129, #5572 ) ;
#4598 = DIRECTION ( 'NONE',  ( 0.000000000000000000, 1.000000000000000000, 0.000000000000000000 ) ) ;
#4599 = ORIENTED_EDGE ( 'NONE', *, *, #5908, .T. ) ;
#4600 = PLANE ( 'NONE',  #2627 ) ;
#4601 = CARTESIAN_POINT ( 'NONE',  ( -3.075000000000000178, 0.1799999999999998546, 1.100000000000424860 ) ) ;
#4602 = DIRECTION ( 'NONE',  ( 0.000000000000000000, -1.000000000000000000, 0.000000000000000000 ) ) ;
#4603 = ORIENTED_EDGE ( 'NONE', *, *, #200, .F. ) ;
#4604 = EDGE_CURVE ( 'NONE', #655, #3297, #5125, .T. ) ;
#4605 = CARTESIAN_POINT ( 'NONE',  ( 3.125000000000000000, 0.2500000000000000000, -1.200000000000000178 ) ) ;
#4606 = FACE_OUTER_BOUND ( 'NONE', #4248, .T. ) ;
#4607 = DIRECTION ( 'NONE',  ( 1.000000000000000000, 0.000000000000000000, 0.000000000000000000 ) ) ;
#4608 =( NAMED_UNIT ( * ) PLANE_ANGLE_UNIT ( ) SI_UNIT ( $, .RADIAN. ) );
#4609 = ORIENTED_EDGE ( 'NONE', *, *, #4355, .T. ) ;
#4610 = CARTESIAN_POINT ( 'NONE',  ( 3.275000000000000355, 1.450000000000000844, -0.4178409582463116223 ) ) ;
#4611 = CARTESIAN_POINT ( 'NONE',  ( 3.275000000000000355, 1.899999999999999911, 0.000000000000000000 ) ) ;
#4612 = ORIENTED_EDGE ( 'NONE', *, *, #6386, .F. ) ;
#4613 = EDGE_CURVE ( 'NONE', #4336, #5270, #942, .T. ) ;
#4614 = ORIENTED_EDGE ( 'NONE', *, *, #3343, .F. ) ;
#4615 = ORIENTED_EDGE ( 'NONE', *, *, #3993, .T. ) ;
#4616 = DIRECTION ( 'NONE',  ( 0.000000000000000000, 0.000000000000000000, -1.000000000000000000 ) ) ;
#4617 = DIRECTION ( 'NONE',  ( 0.000000000000000000, 0.000000000000000000, -1.000000000000000000 ) ) ;
#4618 = DIRECTION ( 'NONE',  ( 0.000000000000000000, -0.6427876096865372535, 0.7660444431189797898 ) ) ;
#4619 = EDGE_CURVE ( 'NONE', #425, #7078, #1647, .T. ) ;
#4620 = DIRECTION ( 'NONE',  ( 0.000000000000000000, 0.000000000000000000, -1.000000000000000000 ) ) ;
#4621 = DIRECTION ( 'NONE',  ( 3.614007241617112231E-17, 1.667367873506221126E-33, -1.000000000000000000 ) ) ;
#4622 = EDGE_LOOP ( 'NONE', ( #1344, #550, #7020, #1370 ) ) ;
#4623 = CARTESIAN_POINT ( 'NONE',  ( -3.424999999999793321, -1.580166996069204022E-16, 0.4000000000004246825 ) ) ;
#4624 = ORIENTED_EDGE ( 'NONE', *, *, #8807, .T. ) ;
#4625 = ORIENTED_EDGE ( 'NONE', *, *, #6789, .F. ) ;
#4626 = PLANE ( 'NONE',  #8373 ) ;
#4627 = CARTESIAN_POINT ( 'NONE',  ( 3.974999999999999201, 1.608583539325178835, -1.254971004365238452 ) ) ;
#4628 = ADVANCED_FACE ( 'NONE', ( #7327 ), #5890, .F. ) ;
#4629 = DIRECTION ( 'NONE',  ( 0.000000000000000000, 0.000000000000000000, 1.000000000000000000 ) ) ;
#4630 = CARTESIAN_POINT ( 'NONE',  ( 3.565601798609248085, 0.7254243629785782632, -1.466955438267813383 ) ) ;
#4631 = ORIENTED_EDGE ( 'NONE', *, *, #7157, .T. ) ;
#4632 = VECTOR ( 'NONE', #4940, 1000.000000000000000 ) ;
#4633 = ORIENTED_EDGE ( 'NONE', *, *, #666, .F. ) ;
#4634 = CYLINDRICAL_SURFACE ( 'NONE', #352, 0.2500000000000000000 ) ;
#4635 = CARTESIAN_POINT ( 'NONE',  ( 3.275000000000000355, 2.077084367848936353, -1.669545873791305590 ) ) ;
#4636 = EDGE_LOOP ( 'NONE', ( #5466, #1644, #5661, #7094 ) ) ;
#4637 = PRODUCT_DEFINITION_CONTEXT ( 'detailed design', #7281, 'design' ) ;
#4638 = EDGE_CURVE ( 'NONE', #4711, #311, #6727, .T. ) ;
#4639 = CARTESIAN_POINT ( 'NONE',  ( 3.275000000000000355, 0.7000000000000005107, -1.436668947343170633 ) ) ;
#4640 = CARTESIAN_POINT ( 'NONE',  ( 3.125000000000000000, 0.3750000000000000000, -1.200000000000000400 ) ) ;
#4641 = DIRECTION ( 'NONE',  ( 1.000000000000000000, -0.000000000000000000, -0.000000000000000000 ) ) ;
#4642 = ORIENTED_EDGE ( 'NONE', *, *, #3281, .T. ) ;
#4643 = ORIENTED_EDGE ( 'NONE', *, *, #2184, .T. ) ;
#4644 = CARTESIAN_POINT ( 'NONE',  ( 0.000000000000000000, 0.2500000000000000000, 0.000000000000000000 ) ) ;
#4645 = DIRECTION ( 'NONE',  ( -4.365222008547630130E-17, 0.9461585652950789127, -0.3237035207080048993 ) ) ;
#4646 = CARTESIAN_POINT ( 'NONE',  ( -2.874999999999674483, 3.021990892406452023, 2.007769019921744391 ) ) ;
#4647 =( NAMED_UNIT ( * ) SI_UNIT ( $, .STERADIAN. ) SOLID_ANGLE_UNIT ( ) );
#4648 = ORIENTED_EDGE ( 'NONE', *, *, #4120, .F. ) ;
#4649 = CARTESIAN_POINT ( 'NONE',  ( -3.425000000000000266, 1.899999999999999911, 0.000000000000000000 ) ) ;
#4650 = DIRECTION ( 'NONE',  ( 0.000000000000000000, 0.000000000000000000, -1.000000000000000000 ) ) ;
#4651 = EDGE_CURVE ( 'NONE', #7556, #8607, #6179, .T. ) ;
#4652 = EDGE_CURVE ( 'NONE', #6604, #1421, #4037, .T. ) ;
#4653 = ORIENTED_EDGE ( 'NONE', *, *, #2593, .T. ) ;
#4654 = CONICAL_SURFACE ( 'NONE', #4801, 0.2000000000000013989, 0.7853981633974437271 ) ;
#4655 = VERTEX_POINT ( 'NONE', #6045 ) ;
#4656 = ORIENTED_EDGE ( 'NONE', *, *, #3721, .T. ) ;
#4657 = CARTESIAN_POINT ( 'NONE',  ( -2.674999999999999378, 0.2500000000000000000, 1.173935688187389248 ) ) ;
#4658 = CARTESIAN_POINT ( 'NONE',  ( 3.275000000000000355, 0.3750000000000000000, -1.200000000000000400 ) ) ;
#4659 = DIRECTION ( 'NONE',  ( -1.000000000000000000, 0.000000000000000000, 0.000000000000000000 ) ) ;
#4660 =( BOUNDED_CURVE ( )  B_SPLINE_CURVE ( 3, ( #1209, #7800, #7140, #4346 ),
 .UNSPECIFIED., .F., .T. ) 
 B_SPLINE_CURVE_WITH_KNOTS ( ( 4, 4 ),
 ( 5.501596570144076992, 7.064785372303751920 ),
 .UNSPECIFIED. ) 
 CURVE ( )  GEOMETRIC_REPRESENTATION_ITEM ( )  RATIONAL_B_SPLINE_CURVE ( ( 1.000000000000000000, 0.8065275502734909896, 0.8065275502734909896, 1.000000000000000000 ) ) 
 REPRESENTATION_ITEM ( '' )  );
#4661 = LINE ( 'NONE', #497, #4501 ) ;
#4662 = CARTESIAN_POINT ( 'NONE',  ( -3.474999999999999645, 1.899999999999999911, -0.8000000000000000444 ) ) ;
#4663 = ORIENTED_EDGE ( 'NONE', *, *, #1269, .F. ) ;
#4664 = EDGE_CURVE ( 'NONE', #2040, #4544, #2334, .T. ) ;
#4665 = AXIS2_PLACEMENT_3D ( 'NONE', #1203, #3105, #8050 ) ;
#4666 = ORIENTED_EDGE ( 'NONE', *, *, #8570, .F. ) ;
#4667 = DIRECTION ( 'NONE',  ( 4.365222008547629513E-17, -0.9461585652950790237, -0.3237035207080047328 ) ) ;
#4668 = AXIS2_PLACEMENT_3D ( 'NONE', #1927, #7374, #1125 ) ;
#4669 = VECTOR ( 'NONE', #9002, 1000.000000000000000 ) ;
#4670 = ORIENTED_EDGE ( 'NONE', *, *, #1550, .T. ) ;
#4671 = DIRECTION ( 'NONE',  ( -1.000000000000000000, 0.000000000000000000, 0.000000000000000000 ) ) ;
#4672 = CARTESIAN_POINT ( 'NONE',  ( -7.875000000000000000, 2.164841554041476268, -1.778606444556866784 ) ) ;
#4673 = DIRECTION ( 'NONE',  ( -2.441147830512874598E-15, -3.661721745769312488E-15, -1.000000000000000000 ) ) ;
#4674 = VECTOR ( 'NONE', #2948, 1000.000000000000000 ) ;
#4675 = VECTOR ( 'NONE', #1379, 1000.000000000000000 ) ;
#4676 = VERTEX_POINT ( 'NONE', #4808 ) ;
#4677 = DIRECTION ( 'NONE',  ( -0.000000000000000000, -0.000000000000000000, 1.000000000000000000 ) ) ;
#4678 = AXIS2_PLACEMENT_3D ( 'NONE', #5244, #3831, #3288 ) ;
#4679 = ORIENTED_EDGE ( 'NONE', *, *, #5410, .F. ) ;
#4680 = ADVANCED_FACE ( 'NONE', ( #6084 ), #4626, .F. ) ;
#4681 = CARTESIAN_POINT ( 'NONE',  ( 3.746788935686913735, 1.981957975374244896, 1.006276183449501538 ) ) ;
#4682 = DIRECTION ( 'NONE',  ( -0.4226182617407139852, -0.9063077870366432753, 0.000000000000000000 ) ) ;
#4683 = ORIENTED_EDGE ( 'NONE', *, *, #516, .F. ) ;
#4684 = AXIS2_PLACEMENT_3D ( 'NONE', #6019, #8824, #8904 ) ;
#4685 = CARTESIAN_POINT ( 'NONE',  ( 3.773947465495128384, 2.134717880611792573, -1.245585735896885593 ) ) ;
#4686 = LINE ( 'NONE', #3283, #6718 ) ;
#4687 = FACE_OUTER_BOUND ( 'NONE', #4129, .T. ) ;
#4688 = ORIENTED_EDGE ( 'NONE', *, *, #2753, .F. ) ;
#4689 = ORIENTED_EDGE ( 'NONE', *, *, #4267, .T. ) ;
#4690 = AXIS2_PLACEMENT_3D ( 'NONE', #1616, #191, #2900 ) ;
#4691 = LINE ( 'NONE', #5378, #7162 ) ;
#4692 = DIRECTION ( 'NONE',  ( -1.000000000000000000, -0.000000000000000000, -0.000000000000000000 ) ) ;
#4693 = ADVANCED_FACE ( 'NONE', ( #3351 ), #6867, .F. ) ;
#4694 = DIRECTION ( 'NONE',  ( -1.000000000000000000, 0.000000000000000000, 0.000000000000000000 ) ) ;
#4695 = FACE_OUTER_BOUND ( 'NONE', #4636, .T. ) ;
#4696 = ORIENTED_EDGE ( 'NONE', *, *, #6346, .F. ) ;
#4697 = CARTESIAN_POINT ( 'NONE',  ( -2.674999999999999378, 3.399999999999999911, 1.360376786041278985 ) ) ;
#4698 = DIRECTION ( 'NONE',  ( -1.000000000000000000, 0.000000000000000000, 0.000000000000000000 ) ) ;
#4699 = AXIS2_PLACEMENT_3D ( 'NONE', #370, #2584, #3906 ) ;
#4700 = VERTEX_POINT ( 'NONE', #2583 ) ;
#4701 = VERTEX_POINT ( 'NONE', #7468 ) ;
#4702 = DIRECTION ( 'NONE',  ( 0.000000000000000000, 0.000000000000000000, -1.000000000000000000 ) ) ;
#4703 = CARTESIAN_POINT ( 'NONE',  ( 3.275000000000000355, 0.3750000000000000000, -1.200000000000000400 ) ) ;
#4704 = EDGE_CURVE ( 'NONE', #4869, #7776, #5361, .T. ) ;
#4705 = AXIS2_PLACEMENT_3D ( 'NONE', #3512, #1418, #6243 ) ;
#4706 = DIRECTION ( 'NONE',  ( -1.387778780781439365E-13, 0.4878221271330422382, -0.8729430521399399456 ) ) ;
#4707 = LINE ( 'NONE', #6078, #6554 ) ;
#4708 = VERTEX_POINT ( 'NONE', #1174 ) ;
#4709 = AXIS2_PLACEMENT_3D ( 'NONE', #1868, #6748, #8867 ) ;
#4710 = EDGE_LOOP ( 'NONE', ( #680, #1461, #3566, #2055 ) ) ;
#4711 = VERTEX_POINT ( 'NONE', #5450 ) ;
#4712 = CARTESIAN_POINT ( 'NONE',  ( 3.125000000000000000, 3.399999999999999911, 0.8000000000000000444 ) ) ;
#4713 = FACE_OUTER_BOUND ( 'NONE', #6007, .T. ) ;
#4714 = EDGE_CURVE ( 'NONE', #2369, #4514, #3110, .T. ) ;
#4715 = EDGE_CURVE ( 'NONE', #6984, #896, #8981, .T. ) ;
#4716 = AXIS2_PLACEMENT_3D ( 'NONE', #2162, #2215, #2300 ) ;
#4717 = CIRCLE ( 'NONE', #3412, 0.2750000000000002998 ) ;
#4718 = AXIS2_PLACEMENT_3D ( 'NONE', #1879, #3937, #6902 ) ;
#4719 = LINE ( 'NONE', #3177, #7391 ) ;
#4720 = LINE ( 'NONE', #511, #1482 ) ;
#4721 = ORIENTED_EDGE ( 'NONE', *, *, #5063, .T. ) ;
#4722 = DIRECTION ( 'NONE',  ( 0.000000000000000000, 0.000000000000000000, -1.000000000000000000 ) ) ;
#4723 = ORIENTED_EDGE ( 'NONE', *, *, #3536, .F. ) ;
#4724 = ORIENTED_EDGE ( 'NONE', *, *, #3493, .F. ) ;
#4725 = VECTOR ( 'NONE', #7904, 1000.000000000000000 ) ;
#4726 = ORIENTED_EDGE ( 'NONE', *, *, #4207, .T. ) ;
#4727 = CARTESIAN_POINT ( 'NONE',  ( 3.772916391609243192, 2.018966987828186621, -1.438836915049395371 ) ) ;
#4728 = AXIS2_PLACEMENT_3D ( 'NONE', #981, #1657, #4389 ) ;
#4729 = CYLINDRICAL_SURFACE ( 'NONE', #4012, 0.8000000000000000444 ) ;
#4730 = EDGE_CURVE ( 'NONE', #2129, #8327, #1352, .T. ) ;
#4731 = VERTEX_POINT ( 'NONE', #3950 ) ;
#4732 = UNCERTAINTY_MEASURE_WITH_UNIT (LENGTH_MEASURE( 1.000000000000000082E-05 ), #2156, 'distance_accuracy_value', 'NONE');
#4733 = ADVANCED_FACE ( 'NONE', ( #4130 ), #6913, .F. ) ;
#4734 = CARTESIAN_POINT ( 'NONE',  ( 3.050000000000000266, 0.2500000000000000000, -0.9000000000000002442 ) ) ;
#4735 = VECTOR ( 'NONE', #4446, 1000.000000000000000 ) ;
#4736 = CARTESIAN_POINT ( 'NONE',  ( 2.224999999999683009, 3.108593432784897193, -1.957769019922569909 ) ) ;
#4737 = CARTESIAN_POINT ( 'NONE',  ( -2.875000000000316636, 3.108593432784896748, -1.957769019921744125 ) ) ;
#4738 = EDGE_LOOP ( 'NONE', ( #7339, #2351, #7420, #6834, #491, #7588 ) ) ;
#4739 = DIRECTION ( 'NONE',  ( -3.068369908134878773E-34, 1.000000000000000000, 7.228014483236700746E-17 ) ) ;
#4740 = CARTESIAN_POINT ( 'NONE',  ( 2.925000000000000711, 3.399999999999999911, 0.8000000000000000444 ) ) ;
#4741 = CARTESIAN_POINT ( 'NONE',  ( -2.875000000000234035, -2.168404344971008868E-16, -1.449999999999999956 ) ) ;
#4742 = DIRECTION ( 'NONE',  ( -1.000000000000000000, 0.000000000000000000, 0.000000000000000000 ) ) ;
#4743 = ORIENTED_EDGE ( 'NONE', *, *, #8569, .F. ) ;
#4744 = ADVANCED_FACE ( 'NONE', ( #7044, #4857 ), #4261, .T. ) ;
#4745 = DIRECTION ( 'NONE',  ( 0.000000000000000000, 6.829619984159958918E-16, -1.000000000000000000 ) ) ;
#4746 = DIRECTION ( 'NONE',  ( -1.000000000000000000, 0.000000000000000000, 0.000000000000000000 ) ) ;
#4747 = ORIENTED_EDGE ( 'NONE', *, *, #7796, .T. ) ;
#4748 = AXIS2_PLACEMENT_3D ( 'NONE', #5812, #5861, #7235 ) ;
#4749 = VERTEX_POINT ( 'NONE', #4177 ) ;
#4750 = B_SPLINE_CURVE_WITH_KNOTS ( 'NONE', 3,
 ( #3871, #428, #8764, #2501 ),
 .UNSPECIFIED., .F., .F.,
 ( 4, 4 ),
 ( 4.848699518061080308E-19, 0.0005156856551341947167 ),
 .UNSPECIFIED. ) ;
#4751 = CARTESIAN_POINT ( 'NONE',  ( 2.224999999999690559, 0.2713000247044193292, -1.577731406315661111 ) ) ;
#4752 = CARTESIAN_POINT ( 'NONE',  ( 2.225000000000000089, 1.899999999999999689, 1.133352670977950989E-13 ) ) ;
#4753 = CARTESIAN_POINT ( 'NONE',  ( 3.275000000000000355, 1.899999999999999911, 0.000000000000000000 ) ) ;
#4754 = ORIENTED_EDGE ( 'NONE', *, *, #708, .F. ) ;
#4755 = PLANE ( 'NONE',  #8751 ) ;
#4756 = DIRECTION ( 'NONE',  ( -1.000000000000000000, -4.613626265895764546E-17, 0.000000000000000000 ) ) ;
#4757 = EDGE_CURVE ( 'NONE', #3578, #6331, #3552, .T. ) ;
#4758 = FACE_BOUND ( 'NONE', #3053, .T. ) ;
#4759 = EDGE_CURVE ( 'NONE', #3949, #5922, #6352, .T. ) ;
#4760 = ORIENTED_EDGE ( 'NONE', *, *, #5652, .F. ) ;
#4761 = EDGE_LOOP ( 'NONE', ( #8594, #3336, #8259, #4614 ) ) ;
#4762 = ORIENTED_EDGE ( 'NONE', *, *, #6477, .T. ) ;
#4763 = FACE_OUTER_BOUND ( 'NONE', #7996, .T. ) ;
#4764 = CARTESIAN_POINT ( 'NONE',  ( 3.655504509961679638, 3.066710168957865523, 1.253814209305440741 ) ) ;
#4765 = CARTESIAN_POINT ( 'NONE',  ( 3.125000000000000000, 0.8549999999999998712, -0.8000000000000000444 ) ) ;
#4766 = B_SPLINE_CURVE_WITH_KNOTS ( 'NONE', 3,
 ( #1297, #630, #1973, #3478 ),
 .UNSPECIFIED., .F., .F.,
 ( 4, 4 ),
 ( 5.459286650550605338E-06, 0.0003713805405138937733 ),
 .UNSPECIFIED. ) ;
#4767 = DIRECTION ( 'NONE',  ( -0.08715574274765873486, 0.000000000000000000, 0.9961946980917455452 ) ) ;
#4768 = EDGE_CURVE ( 'NONE', #4828, #321, #6432, .T. ) ;
#4769 = LINE ( 'NONE', #8298, #2794 ) ;
#4770 = EDGE_CURVE ( 'NONE', #4937, #3866, #51, .T. ) ;
#4771 = ORIENTED_EDGE ( 'NONE', *, *, #7638, .T. ) ;
#4772 = CARTESIAN_POINT ( 'NONE',  ( 0.000000000000000000, 0.000000000000000000, 0.000000000000000000 ) ) ;
#4773 = AXIS2_PLACEMENT_3D ( 'NONE', #5907, #8018, #8159 ) ;
#4774 = CARTESIAN_POINT ( 'NONE',  ( 2.924999999999999822, 3.399999999999999911, 0.000000000000000000 ) ) ;
#4775 = CARTESIAN_POINT ( 'NONE',  ( -2.863562230575037670, 3.266665472355053446, -0.1752090914967122104 ) ) ;
#4776 = VERTEX_POINT ( 'NONE', #721 ) ;
#4777 = EDGE_CURVE ( 'NONE', #1338, #8430, #5666, .T. ) ;
#4778 = DIRECTION ( 'NONE',  ( 0.000000000000000000, -0.000000000000000000, 1.000000000000000000 ) ) ;
#4779 = DIRECTION ( 'NONE',  ( 0.000000000000000000, -8.539115121389577196E-16, 1.000000000000000000 ) ) ;
#4780 = CYLINDRICAL_SURFACE ( 'NONE', #5680, 0.1000000000000002554 ) ;
#4781 = EDGE_CURVE ( 'NONE', #5270, #8226, #2831, .T. ) ;
#4782 = ORIENTED_EDGE ( 'NONE', *, *, #6884, .T. ) ;
#4783 = ADVANCED_FACE ( 'NONE', ( #137 ), #6455, .T. ) ;
#4784 = LINE ( 'NONE', #8996, #202 ) ;
#4785 = DIRECTION ( 'NONE',  ( 1.000000000000000000, 0.000000000000000000, -0.000000000000000000 ) ) ;
#4786 = CARTESIAN_POINT ( 'NONE',  ( 3.944728227307288115, 1.887704831277196238, 1.310778389833180402 ) ) ;
#4787 = CARTESIAN_POINT ( 'NONE',  ( -2.875000000000000000, 1.899999999999999911, 0.000000000000000000 ) ) ;
#4788 = VERTEX_POINT ( 'NONE', #1394 ) ;
#4789 = DIRECTION ( 'NONE',  ( 0.000000000000000000, 0.000000000000000000, 1.000000000000000000 ) ) ;
#4790 = DIRECTION ( 'NONE',  ( 0.000000000000000000, 1.000000000000000000, 0.000000000000000000 ) ) ;
#4791 = ORIENTED_EDGE ( 'NONE', *, *, #8795, .F. ) ;
#4792 = ORIENTED_EDGE ( 'NONE', *, *, #920, .F. ) ;
#4793 = ORIENTED_EDGE ( 'NONE', *, *, #679, .T. ) ;
#4794 = ORIENTED_EDGE ( 'NONE', *, *, #4312, .F. ) ;
#4795 = DIRECTION ( 'NONE',  ( 1.000000000000000000, 0.000000000000000000, -0.000000000000000000 ) ) ;
#4796 = EDGE_CURVE ( 'NONE', #6666, #3530, #2930, .T. ) ;
#4797 = DIRECTION ( 'NONE',  ( -1.000000000000000000, -0.000000000000000000, -0.000000000000000000 ) ) ;
#4798 = CYLINDRICAL_SURFACE ( 'NONE', #4415, 2.000000000000000000 ) ;
#4799 = ORIENTED_EDGE ( 'NONE', *, *, #89, .F. ) ;
#4800 = CARTESIAN_POINT ( 'NONE',  ( 2.924999999999999822, 0.000000000000000000, -2.075000000000000178 ) ) ;
#4801 = AXIS2_PLACEMENT_3D ( 'NONE', #8113, #3256, #5218 ) ;
#4802 = CARTESIAN_POINT ( 'NONE',  ( 2.224999999999675904, 0.9500000000000000666, -2.000173887067248302 ) ) ;
#4803 = ORIENTED_EDGE ( 'NONE', *, *, #221, .T. ) ;
#4804 = ORIENTED_EDGE ( 'NONE', *, *, #7008, .T. ) ;
#4805 = ORIENTED_EDGE ( 'NONE', *, *, #6188, .T. ) ;
#4806 = ORIENTED_EDGE ( 'NONE', *, *, #1367, .F. ) ;
#4807 = CARTESIAN_POINT ( 'NONE',  ( -2.875000000000000000, 3.199999999999999734, 1.280868845745064100 ) ) ;
#4808 = CARTESIAN_POINT ( 'NONE',  ( 2.924999999999999822, 2.945000000000000284, 0.8000000000000000444 ) ) ;
#4809 = DIRECTION ( 'NONE',  ( 0.000000000000000000, 0.000000000000000000, 1.000000000000000000 ) ) ;
#4810 = EDGE_CURVE ( 'NONE', #311, #4308, #7934, .T. ) ;
#4811 = CARTESIAN_POINT ( 'NONE',  ( 3.697601750778153562, 0.7395707884294844270, -1.248390800232766606 ) ) ;
#4812 = VECTOR ( 'NONE', #3282, 1000.000000000000227 ) ;
#4813 = FACE_OUTER_BOUND ( 'NONE', #2287, .T. ) ;
#4814 = ORIENTED_EDGE ( 'NONE', *, *, #2145, .F. ) ;
#4815 = AXIS2_PLACEMENT_3D ( 'NONE', #2062, #1347, #714 ) ;
#4816 = CIRCLE ( 'NONE', #8036, 0.5000000000000001110 ) ;
#4817 = ORIENTED_EDGE ( 'NONE', *, *, #4332, .F. ) ;
#4818 = CARTESIAN_POINT ( 'NONE',  ( 3.275000000000000355, 3.399999999999999911, -0.8149999999999351097 ) ) ;
#4819 = CARTESIAN_POINT ( 'NONE',  ( -2.875000000000000000, 1.900000000000000133, -1.399999999999999911 ) ) ;
#4820 = EDGE_CURVE ( 'NONE', #6311, #5372, #6034, .T. ) ;
#4821 = EDGE_CURVE ( 'NONE', #8539, #3297, #6613, .T. ) ;
#4822 = ORIENTED_EDGE ( 'NONE', *, *, #3300, .T. ) ;
#4823 = AXIS2_PLACEMENT_3D ( 'NONE', #8572, #4492, #1579 ) ;
#4824 = AXIS2_PLACEMENT_3D ( 'NONE', #69, #7710, #4100 ) ;
#4825 = CARTESIAN_POINT ( 'NONE',  ( 3.231750655984344078, 2.852828867920464972, 1.212171132079469471 ) ) ;
#4826 = DIRECTION ( 'NONE',  ( -1.000000000000000000, -0.000000000000000000, -0.000000000000000000 ) ) ;
#4827 = CARTESIAN_POINT ( 'NONE',  ( 3.275000000000000355, 0.7439860008595936547, -1.621193167102257249 ) ) ;
#4828 = VERTEX_POINT ( 'NONE', #2805 ) ;
#4829 = VECTOR ( 'NONE', #7886, 1000.000000000000000 ) ;
#4830 = ORIENTED_EDGE ( 'NONE', *, *, #8237, .T. ) ;
#4831 = DIRECTION ( 'NONE',  ( 1.000000000000000000, -0.000000000000000000, -0.000000000000000000 ) ) ;
#4832 = CYLINDRICAL_SURFACE ( 'NONE', #4409, 0.09999999999999961697 ) ;
#4833 = CARTESIAN_POINT ( 'NONE',  ( 3.747217728566114125, 2.027854293456414325, -1.447598143017833294 ) ) ;
#4834 = EDGE_CURVE ( 'NONE', #4925, #3078, #5886, .T. ) ;
#4835 = AXIS2_PLACEMENT_3D ( 'NONE', #2961, #5744, #2273 ) ;
#4836 = DIRECTION ( 'NONE',  ( -0.000000000000000000, -0.000000000000000000, 1.000000000000000000 ) ) ;
#4837 = EDGE_CURVE ( 'NONE', #3572, #1533, #4901, .T. ) ;
#4838 = CARTESIAN_POINT ( 'NONE',  ( -2.874999999999643396, 3.248445554339142394, 2.200000000000000178 ) ) ;
#4839 = DIRECTION ( 'NONE',  ( 0.000000000000000000, 0.000000000000000000, 1.000000000000000000 ) ) ;
#4840 = ORIENTED_EDGE ( 'NONE', *, *, #7117, .F. ) ;
#4841 = AXIS2_PLACEMENT_3D ( 'NONE', #1283, #7674, #5561 ) ;
#4842 = ORIENTED_EDGE ( 'NONE', *, *, #6228, .F. ) ;
#4843 = EDGE_LOOP ( 'NONE', ( #3751, #2066, #8746, #6617 ) ) ;
#4844 = CARTESIAN_POINT ( 'NONE',  ( -3.074999999999999734, -1.418690076762947653E-16, -0.2000000000004247269 ) ) ;
#4845 = CARTESIAN_POINT ( 'NONE',  ( -3.074999999999999734, -1.418690076762947653E-16, 0.2000000000004247269 ) ) ;
#4846 = CARTESIAN_POINT ( 'NONE',  ( 3.724999999999999201, 2.718042024625754394, 1.255324857972438091 ) ) ;
#4847 = AXIS2_PLACEMENT_3D ( 'NONE', #2256, #5126, #4436 ) ;
#4848 = ORIENTED_EDGE ( 'NONE', *, *, #7058, .F. ) ;
#4849 = CARTESIAN_POINT ( 'NONE',  ( -7.875000000000000000, 1.787491022822341291, 0.7415131354564488131 ) ) ;
#4850 = EDGE_CURVE ( 'NONE', #3204, #5461, #3850, .T. ) ;
#4851 = CARTESIAN_POINT ( 'NONE',  ( 3.125000000000000000, 0.2500000000000000000, 0.8999999999999993561 ) ) ;
#4852 = ORIENTED_EDGE ( 'NONE', *, *, #8929, .T. ) ;
#4853 = ORIENTED_EDGE ( 'NONE', *, *, #1496, .T. ) ;
#4854 = ORIENTED_EDGE ( 'NONE', *, *, #8287, .F. ) ;
#4855 = CARTESIAN_POINT ( 'NONE',  ( 3.941511161385404804, 1.990696235045346096, -1.254487745477171234 ) ) ;
#4856 = VERTEX_POINT ( 'NONE', #2891 ) ;
#4857 = FACE_OUTER_BOUND ( 'NONE', #1232, .T. ) ;
#4858 = CARTESIAN_POINT ( 'NONE',  ( 3.773947465488431519, 1.665282119385084636, 1.245585735898727231 ) ) ;
#4859 = CARTESIAN_POINT ( 'NONE',  ( 3.773947465488086461, 0.7652821193848898806, -1.245585735897128510 ) ) ;
#4860 = CIRCLE ( 'NONE', #799, 0.2250000000000012546 ) ;
#4861 = CARTESIAN_POINT ( 'NONE',  ( 3.275000000000000355, 1.599999999999999423, 1.600000000000000311 ) ) ;
#4862 = ORIENTED_EDGE ( 'NONE', *, *, #378, .T. ) ;
#4863 = ORIENTED_EDGE ( 'NONE', *, *, #5771, .F. ) ;
#4864 = CARTESIAN_POINT ( 'NONE',  ( 3.125000000000000000, 0.7692519213489307228, -0.7857212390312815486 ) ) ;
#4865 = VECTOR ( 'NONE', #7194, 1000.000000000000000 ) ;
#4866 = LINE ( 'NONE', #2728, #1064 ) ;
#4867 = VECTOR ( 'NONE', #3487, 1000.000000000000000 ) ;
#4868 = DIRECTION ( 'NONE',  ( -0.000000000000000000, 0.000000000000000000, 1.000000000000000000 ) ) ;
#4869 = VERTEX_POINT ( 'NONE', #8468 ) ;
#4870 = DIRECTION ( 'NONE',  ( 1.000000000000000000, 0.000000000000000000, 0.000000000000000000 ) ) ;
#4871 = LINE ( 'NONE', #6928, #4968 ) ;
#4872 = EDGE_CURVE ( 'NONE', #4388, #5788, #6251, .T. ) ;
#4873 = PLANE ( 'NONE',  #2493 ) ;
#4874 = AXIS2_PLACEMENT_3D ( 'NONE', #4845, #6299, #6345 ) ;
#4875 = EDGE_CURVE ( 'NONE', #2530, #4388, #3406, .T. ) ;
#4876 = EDGE_CURVE ( 'NONE', #2509, #6124, #7959, .T. ) ;
#4877 = ORIENTED_EDGE ( 'NONE', *, *, #2298, .T. ) ;
#4878 = AXIS2_PLACEMENT_3D ( 'NONE', #8425, #4983, #7827 ) ;
#4879 = DIRECTION ( 'NONE',  ( 0.000000000000000000, 0.000000000000000000, -1.000000000000000000 ) ) ;
#4880 = CARTESIAN_POINT ( 'NONE',  ( 1.024999999999999911, 0.1800000000000000488, 1.449999999999174172 ) ) ;
#4881 = CARTESIAN_POINT ( 'NONE',  ( 3.973271221083734872, 1.946394205819972578, 1.208319006913227689 ) ) ;
#4882 = AXIS2_PLACEMENT_3D ( 'NONE', #2962, #5699, #8498 ) ;
#4883 = CARTESIAN_POINT ( 'NONE',  ( 3.125000000000000000, 2.200000000000000622, 0.000000000000000000 ) ) ;
#4884 = CIRCLE ( 'NONE', #7366, 0.1000000000000000472 ) ;
#4885 = LINE ( 'NONE', #6109, #3060 ) ;
#4886 = CARTESIAN_POINT ( 'NONE',  ( -3.875000000000000000, 1.787491022822341291, -0.7415131354564488131 ) ) ;
#4887 = EDGE_CURVE ( 'NONE', #6769, #2212, #4424, .T. ) ;
#4888 = CIRCLE ( 'NONE', #6323, 0.1000000000000002554 ) ;
#4889 = ORIENTED_EDGE ( 'NONE', *, *, #4970, .T. ) ;
#4890 = FACE_OUTER_BOUND ( 'NONE', #7271, .T. ) ;
#4891 = LINE ( 'NONE', #4250, #5310 ) ;
#4892 = LINE ( 'NONE', #1426, #3848 ) ;
#4893 = EDGE_LOOP ( 'NONE', ( #690, #6215, #3904, #7889 ) ) ;
#4894 = DIRECTION ( 'NONE',  ( 0.000000000000000000, 0.000000000000000000, 1.000000000000000000 ) ) ;
#4895 = ADVANCED_FACE ( 'NONE', ( #3896 ), #5594, .T. ) ;
#4896 = PLANE ( 'NONE',  #1328 ) ;
#4897 = ORIENTED_EDGE ( 'NONE', *, *, #7623, .F. ) ;
#4898 = ORIENTED_EDGE ( 'NONE', *, *, #213, .F. ) ;
#4899 = EDGE_CURVE ( 'NONE', #506, #5226, #8662, .T. ) ;
#4900 = CARTESIAN_POINT ( 'NONE',  ( 3.275000000000000355, 3.399999999999999911, -0.8149999999999351097 ) ) ;
#4901 = LINE ( 'NONE', #1478, #2234 ) ;
#4902 = CARTESIAN_POINT ( 'NONE',  ( 3.095000000000513118, 0.2499999999999997780, -0.4000000000000417111 ) ) ;
#4903 = FACE_OUTER_BOUND ( 'NONE', #1129, .T. ) ;
#4904 = VECTOR ( 'NONE', #1575, 1000.000000000000000 ) ;
#4905 = DIRECTION ( 'NONE',  ( -1.000000000000000000, -7.014261680512591762E-14, 4.049685869410361039E-14 ) ) ;
#4906 = VERTEX_POINT ( 'NONE', #1743 ) ;
#4907 = PLANE ( 'NONE',  #2926 ) ;
#4908 = DIRECTION ( 'NONE',  ( 1.000000000000000000, 0.000000000000000000, 0.000000000000000000 ) ) ;
#4909 = EDGE_LOOP ( 'NONE', ( #3817, #595, #1988, #1700 ) ) ;
#4910 = CARTESIAN_POINT ( 'NONE',  ( 2.224999999999720313, 3.021990892406452467, -1.727769019922569704 ) ) ;
#4911 = EDGE_CURVE ( 'NONE', #1011, #6296, #268, .T. ) ;
#4912 = CARTESIAN_POINT ( 'NONE',  ( -2.874999999999714895, 2.885400696809199861, 1.763344965322561020 ) ) ;
#4913 = ORIENTED_EDGE ( 'NONE', *, *, #1267, .T. ) ;
#4914 = LINE ( 'NONE', #7805, #3267 ) ;
#4915 = CARTESIAN_POINT ( 'NONE',  ( 3.772916391609242748, 1.781033012171794772, 1.438836915049384935 ) ) ;
#4916 = CARTESIAN_POINT ( 'NONE',  ( 1.925000000000000044, 0.1749999999999999889, -0.9000000000000002442 ) ) ;
#4917 = AXIS2_PLACEMENT_3D ( 'NONE', #1265, #590, #2492 ) ;
#4918 = ORIENTED_EDGE ( 'NONE', *, *, #7561, .T. ) ;
#4919 = DIRECTION ( 'NONE',  ( 1.000000000000000000, 0.000000000000000000, -0.000000000000000000 ) ) ;
#4920 = DIRECTION ( 'NONE',  ( -0.000000000000000000, 0.6427876096865372535, -0.7660444431189797898 ) ) ;
#4921 = EDGE_CURVE ( 'NONE', #2333, #1940, #929, .T. ) ;
#4922 = CARTESIAN_POINT ( 'NONE',  ( -2.674999999999999822, 3.399999999999999911, 1.360376786041278985 ) ) ;
#4923 = CARTESIAN_POINT ( 'NONE',  ( 3.973177881677378398, 2.718042024625754394, 1.225196149966141013 ) ) ;
#4924 = DIRECTION ( 'NONE',  ( 4.613626265895765162E-17, -1.000000000000000000, 0.000000000000000000 ) ) ;
#4925 = VERTEX_POINT ( 'NONE', #8600 ) ;
#4926 = EDGE_LOOP ( 'NONE', ( #5256, #3842, #1183, #1733 ) ) ;
#4927 = CARTESIAN_POINT ( 'NONE',  ( 1.924999999999999822, 0.2500000000000000000, 6.421812867798760749E-16 ) ) ;
#4928 = CARTESIAN_POINT ( 'NONE',  ( 3.275000000000000355, 3.100000000000000533, 1.529018397971874110 ) ) ;
#4929 = DIRECTION ( 'NONE',  ( -1.000000000000000000, -0.000000000000000000, -0.000000000000000000 ) ) ;
#4930 = ADVANCED_FACE ( 'NONE', ( #6522 ), #7317, .F. ) ;
#4931 = VERTEX_POINT ( 'NONE', #356 ) ;
#4932 = EDGE_LOOP ( 'NONE', ( #3673, #5611, #779, #2559, #1043, #5253 ) ) ;
#4933 = DIRECTION ( 'NONE',  ( 0.000000000000000000, 3.564699333946999121E-15, 1.000000000000000000 ) ) ;
#4934 = CARTESIAN_POINT ( 'NONE',  ( 3.125014535521426051, 1.464561922818355066, 0.8980313379515988403 ) ) ;
#4935 = ORIENTED_EDGE ( 'NONE', *, *, #838, .T. ) ;
#4936 = ORIENTED_EDGE ( 'NONE', *, *, #1923, .T. ) ;
#4937 = VERTEX_POINT ( 'NONE', #6479 ) ;
#4938 =( NAMED_UNIT ( * ) SI_UNIT ( $, .STERADIAN. ) SOLID_ANGLE_UNIT ( ) );
#4939 = CARTESIAN_POINT ( 'NONE',  ( 3.125000000000000000, 1.201787997811427422, -0.8499999999999353628 ) ) ;
#4940 = DIRECTION ( 'NONE',  ( -0.000000000000000000, -0.000000000000000000, 1.000000000000000000 ) ) ;
#4941 = CIRCLE ( 'NONE', #8315, 0.1500000000000003830 ) ;
#4942 = LINE ( 'NONE', #7562, #6077 ) ;
#4943 = EDGE_CURVE ( 'NONE', #8923, #154, #8739, .T. ) ;
#4944 = DIRECTION ( 'NONE',  ( 1.000000000000000000, -0.000000000000000000, -0.000000000000000000 ) ) ;
#4945 = ORIENTED_EDGE ( 'NONE', *, *, #8941, .F. ) ;
#4946 = CIRCLE ( 'NONE', #1021, 2.199999999999231903 ) ;
#4947 = EDGE_LOOP ( 'NONE', ( #8000, #6680, #6561, #503 ) ) ;
#4948 = CARTESIAN_POINT ( 'NONE',  ( -5.235000000000000320, 1.899999999999999911, 0.3499999999999998668 ) ) ;
#4949 = CARTESIAN_POINT ( 'NONE',  ( -3.474999999999999645, 1.899999999999999911, 0.000000000000000000 ) ) ;
#4950 = CARTESIAN_POINT ( 'NONE',  ( 3.974625753964697861, 1.166717783764477101, -1.240563721245439899 ) ) ;
#4951 = CARTESIAN_POINT ( 'NONE',  ( 3.963400461780998807, 1.968598733139132584, -1.234412946267616107 ) ) ;
#4952 = ORIENTED_EDGE ( 'NONE', *, *, #6414, .T. ) ;
#4953 =( BOUNDED_CURVE ( )  B_SPLINE_CURVE ( 3, ( #8520, #5036, #897, #7878 ),
 .UNSPECIFIED., .F., .T. ) 
 B_SPLINE_CURVE_WITH_KNOTS ( ( 4, 4 ),
 ( 1.361845589773026166, 1.483529864195180403 ),
 .UNSPECIFIED. ) 
 CURVE ( )  GEOMETRIC_REPRESENTATION_ITEM ( )  RATIONAL_B_SPLINE_CURVE ( ( 1.000000000000000000, 0.9987664587070368416, 0.9987664587070368416, 1.000000000000000000 ) ) 
 REPRESENTATION_ITEM ( '' )  );
#4954 = CARTESIAN_POINT ( 'NONE',  ( 3.402028819750456012, 2.188886418330757255, -1.376125798843366832 ) ) ;
#4955 = CARTESIAN_POINT ( 'NONE',  ( 3.739370139709939256, 1.771719324210406343, 1.451552697008590131 ) ) ;
#4956 = B_SPLINE_CURVE_WITH_KNOTS ( 'NONE', 3,
 ( #4445, #5136, #7107, #862, #2265, #8625, #5868, #997, #6456, #954 ),
 .UNSPECIFIED., .F., .F.,
 ( 4, 2, 2, 2, 4 ),
 ( 0.000000000000000000, 0.0002487878454314118234, 0.0004975756908628235385, 0.0007463635362942352535, 0.0009951513817256468601 ),
 .UNSPECIFIED. ) ;
#4957 = CARTESIAN_POINT ( 'NONE',  ( -2.874999999999643396, 3.248445554339142394, 2.200000000000000178 ) ) ;
#4958 = EDGE_CURVE ( 'NONE', #4209, #1529, #6623, .T. ) ;
#4959 = ORIENTED_EDGE ( 'NONE', *, *, #1160, .F. ) ;
#4960 = AXIS2_PLACEMENT_3D ( 'NONE', #7073, #4966, #5824 ) ;
#4961 = EDGE_LOOP ( 'NONE', ( #4603, #1074, #7503, #3960, #3579, #8165, #2008, #533, #7399, #7389, #6848, #1634, #2516, #237, #6208, #3138, #2789, #2466, #5749, #1168, #8094, #8909, #8085, #5742, #2612, #833 ) ) ;
#4962 = CARTESIAN_POINT ( 'NONE',  ( 3.974996390809751645, 2.520247957672124617, 1.253944110271206336 ) ) ;
#4963 = MECHANICAL_DESIGN_GEOMETRIC_PRESENTATION_REPRESENTATION (  '', ( #3064 ), #7884 ) ;
#4964 = FACE_OUTER_BOUND ( 'NONE', #6149, .T. ) ;
#4965 = FILL_AREA_STYLE_COLOUR ( '', #5719 ) ;
#4966 = DIRECTION ( 'NONE',  ( -1.000000000000000000, 0.000000000000000000, 0.000000000000000000 ) ) ;
#4967 = CARTESIAN_POINT ( 'NONE',  ( 3.024999999999999911, 0.1500000000000000222, 2.000000000000000000 ) ) ;
#4968 = VECTOR ( 'NONE', #3549, 1000.000000000000000 ) ;
#4969 = ORIENTED_EDGE ( 'NONE', *, *, #759, .F. ) ;
#4970 = EDGE_CURVE ( 'NONE', #4594, #8672, #1954, .T. ) ;
#4971 = ORIENTED_EDGE ( 'NONE', *, *, #1257, .T. ) ;
#4972 = VECTOR ( 'NONE', #8095, 1000.000000000000000 ) ;
#4973 = ORIENTED_EDGE ( 'NONE', *, *, #5879, .T. ) ;
#4974 = CARTESIAN_POINT ( 'NONE',  ( 3.275000000000000355, 2.510553028000122477, -0.8149999999999351097 ) ) ;
#4975 = CARTESIAN_POINT ( 'NONE',  ( 2.225000000000356248, 0.9500000000000000666, 2.000173887065693989 ) ) ;
#4976 = AXIS2_PLACEMENT_3D ( 'NONE', #5030, #4304, #1024 ) ;
#4977 = DIRECTION ( 'NONE',  ( 0.000000000000000000, 0.000000000000000000, 1.000000000000000000 ) ) ;
#4978 = VERTEX_POINT ( 'NONE', #5167 ) ;
#4979 = DIRECTION ( 'NONE',  ( 0.000000000000000000, 1.000000000000000000, 0.000000000000000000 ) ) ;
#4980 = ORIENTED_EDGE ( 'NONE', *, *, #6690, .F. ) ;
#4981 = EDGE_CURVE ( 'NONE', #1788, #1514, #1694, .T. ) ;
#4982 = EDGE_CURVE ( 'NONE', #3129, #5981, #6324, .T. ) ;
#4983 = DIRECTION ( 'NONE',  ( 1.000000000000000000, -1.982768625272448026E-16, -1.618239048377201628E-13 ) ) ;
#4984 = CARTESIAN_POINT ( 'NONE',  ( -2.781855815549362454, 0.2730879327315221539, -1.166600198381039011 ) ) ;
#4985 = LINE ( 'NONE', #8553, #8151 ) ;
#4986 = VECTOR ( 'NONE', #3453, 1000.000000000000000 ) ;
#4987 = DIRECTION ( 'NONE',  ( -3.012460174646060295E-31, -8.743565907141156639E-17, -1.000000000000000000 ) ) ;
#4988 = DIRECTION ( 'NONE',  ( 4.613626265895765162E-17, -1.000000000000000000, 0.000000000000000000 ) ) ;
#4989 = ORIENTED_EDGE ( 'NONE', *, *, #838, .F. ) ;
#4990 = VECTOR ( 'NONE', #4416, 1000.000000000000000 ) ;
#4991 = EDGE_CURVE ( 'NONE', #5281, #8978, #7115, .T. ) ;
#4992 = ORIENTED_EDGE ( 'NONE', *, *, #5503, .F. ) ;
#4993 = LINE ( 'NONE', #8347, #324 ) ;
#4994 = CARTESIAN_POINT ( 'NONE',  ( 3.275000000000000355, 3.399999999999999911, 1.322875655532295802 ) ) ;
#4995 = ORIENTED_EDGE ( 'NONE', *, *, #7352, .T. ) ;
#4996 = DIRECTION ( 'NONE',  ( 1.000000000000000000, 0.000000000000000000, 0.000000000000000000 ) ) ;
#4997 = DIRECTION ( 'NONE',  ( 0.000000000000000000, 0.000000000000000000, -1.000000000000000000 ) ) ;
#4998 = VECTOR ( 'NONE', #3329, 1000.000000000000000 ) ;
#4999 = CARTESIAN_POINT ( 'NONE',  ( 3.275000000000000355, 1.899999999999999911, 0.000000000000000000 ) ) ;
#5000 = CARTESIAN_POINT ( 'NONE',  ( 3.501012903046056834, 2.180226433172886225, -1.328800041609656146 ) ) ;
#5001 = DIRECTION ( 'NONE',  ( 1.000000000000000000, 0.000000000000000000, -0.000000000000000000 ) ) ;
#5002 = VERTEX_POINT ( 'NONE', #6570 ) ;
#5003 = VECTOR ( 'NONE', #6762, 1000.000000000000000 ) ;
#5004 = ORIENTED_EDGE ( 'NONE', *, *, #2026, .F. ) ;
#5005 = EDGE_CURVE ( 'NONE', #5223, #230, #452, .T. ) ;
#5006 = DIRECTION ( 'NONE',  ( 0.000000000000000000, 0.000000000000000000, 1.000000000000000000 ) ) ;
#5007 = LINE ( 'NONE', #4321, #8107 ) ;
#5008 = CARTESIAN_POINT ( 'NONE',  ( 2.924999999999999822, 0.000000000000000000, 0.000000000000000000 ) ) ;
#5009 = AXIS2_PLACEMENT_3D ( 'NONE', #168, #2881, #875 ) ;
#5010 = CARTESIAN_POINT ( 'NONE',  ( 3.425000000000000266, 1.070000000000038476, 1.552499999999935598 ) ) ;
#5011 = VECTOR ( 'NONE', #2524, 1000.000000000000000 ) ;
#5012 = DIRECTION ( 'NONE',  ( 0.000000000000000000, 0.000000000000000000, 1.000000000000000000 ) ) ;
#5013 = ORIENTED_EDGE ( 'NONE', *, *, #1525, .F. ) ;
#5014 = CARTESIAN_POINT ( 'NONE',  ( 3.277663711335771612, 0.8438241912549762080, -1.679545526866349059 ) ) ;
#5015 = CARTESIAN_POINT ( 'NONE',  ( -2.875000000000324629, 3.021990892406452023, -2.007769019921744391 ) ) ;
#5016 = CIRCLE ( 'NONE', #7510, 0.8516191124590791750 ) ;
#5017 = DIRECTION ( 'NONE',  ( -0.7071067811865482389, 8.659560562354925463E-17, -0.7071067811865469066 ) ) ;
#5018 = EDGE_CURVE ( 'NONE', #5095, #6972, #7867, .T. ) ;
#5019 = LINE ( 'NONE', #1555, #6052 ) ;
#5020 = ORIENTED_EDGE ( 'NONE', *, *, #5808, .F. ) ;
#5021 = CIRCLE ( 'NONE', #1104, 0.2500000000000000000 ) ;
#5022 = CARTESIAN_POINT ( 'NONE',  ( 3.125000000000000000, 1.900000000000000133, -2.075000000000000178 ) ) ;
#5023 = B_SPLINE_CURVE_WITH_KNOTS ( 'NONE', 3,
 ( #2954, #7203, #7853, #7156, #7894, #7984 ),
 .UNSPECIFIED., .F., .F.,
 ( 4, 2, 4 ),
 ( -3.376256608127644381E-06, 0.0001596559001117036801, 0.0003226880568315350405 ),
 .UNSPECIFIED. ) ;
#5024 = VERTEX_POINT ( 'NONE', #4382 ) ;
#5025 = CARTESIAN_POINT ( 'NONE',  ( -7.875000000000000000, 1.913705956592885116, -0.8702368337147619037 ) ) ;
#5026 = DIRECTION ( 'NONE',  ( 1.000000000000000000, 0.000000000000000000, 0.000000000000000000 ) ) ;
#5027 = CARTESIAN_POINT ( 'NONE',  ( 2.224999999999643485, 3.248445554339142838, -2.200000000000825739 ) ) ;
#5028 = EDGE_CURVE ( 'NONE', #2073, #4308, #7175, .T. ) ;
#5029 = CARTESIAN_POINT ( 'NONE',  ( 3.972062122828220687, 1.843651798858197077, -1.223726269560207580 ) ) ;
#5030 = CARTESIAN_POINT ( 'NONE',  ( -7.875000000000000000, 2.164841554041476268, -1.628606444556866428 ) ) ;
#5031 = VERTEX_POINT ( 'NONE', #7220 ) ;
#5032 = VECTOR ( 'NONE', #3062, 1000.000000000000000 ) ;
#5033 = LINE ( 'NONE', #8433, #3216 ) ;
#5034 = CARTESIAN_POINT ( 'NONE',  ( 3.655504509961679638, 0.7332898310421345212, -1.247338505565005917 ) ) ;
#5035 = EDGE_LOOP ( 'NONE', ( #8255, #5918, #1162, #5492 ) ) ;
#5036 = CARTESIAN_POINT ( 'NONE',  ( 3.683705463586065321, 3.063375860329379918, 1.248043438062935717 ) ) ;
#5037 = CARTESIAN_POINT ( 'NONE',  ( -3.424999999999793321, -1.580166996069204022E-16, -0.9000000000004242384 ) ) ;
#5038 = DIRECTION ( 'NONE',  ( 4.613626265895765162E-17, -1.000000000000000000, 0.000000000000000000 ) ) ;
#5039 = CARTESIAN_POINT ( 'NONE',  ( 2.925000000000000711, 0.4000000000000001887, 0.000000000000000000 ) ) ;
#5040 = EDGE_CURVE ( 'NONE', #7589, #5773, #975, .T. ) ;
#5041 = EDGE_CURVE ( 'NONE', #8022, #4700, #94, .T. ) ;
#5042 = ADVANCED_FACE ( 'NONE', ( #7414 ), #624, .F. ) ;
#5043 = DIRECTION ( 'NONE',  ( 0.000000000000000000, -1.000000000000000000, 0.000000000000000000 ) ) ;
#5044 = CARTESIAN_POINT ( 'NONE',  ( 3.655504509961679638, 2.166710168957866056, -1.253814209305440741 ) ) ;
#5045 = DIRECTION ( 'NONE',  ( 1.000000000000000000, 0.000000000000000000, 0.000000000000000000 ) ) ;
#5046 = ORIENTED_EDGE ( 'NONE', *, *, #7502, .T. ) ;
#5047 = CIRCLE ( 'NONE', #4917, 0.2000000000000000944 ) ;
#5048 = FACE_OUTER_BOUND ( 'NONE', #7409, .T. ) ;
#5049 = CARTESIAN_POINT ( 'NONE',  ( 3.830263405626091355, 2.901085185639326269, 1.418188591804677268 ) ) ;
#5050 = DIRECTION ( 'NONE',  ( 0.000000000000000000, 0.000000000000000000, 1.000000000000000000 ) ) ;
#5051 = CARTESIAN_POINT ( 'NONE',  ( 3.655504509961679638, 0.7332898310421345212, -1.247338505565005917 ) ) ;
#5052 = EDGE_CURVE ( 'NONE', #6578, #7052, #1238, .T. ) ;
#5053 = ORIENTED_EDGE ( 'NONE', *, *, #7900, .F. ) ;
#5054 = ORIENTED_EDGE ( 'NONE', *, *, #1966, .F. ) ;
#5055 = LINE ( 'NONE', #6606, #4972 ) ;
#5056 = CARTESIAN_POINT ( 'NONE',  ( 2.225000000000255440, 1.246118888169526873, 1.911240301895185345 ) ) ;
#5057 = DIRECTION ( 'NONE',  ( 1.000000000000000000, -0.000000000000000000, -0.000000000000000000 ) ) ;
#5058 = DIRECTION ( 'NONE',  ( 0.000000000000000000, 0.000000000000000000, -1.000000000000000000 ) ) ;
#5059 = ORIENTED_EDGE ( 'NONE', *, *, #8472, .F. ) ;
#5060 = DIRECTION ( 'NONE',  ( -1.000000000000000000, -0.000000000000000000, -0.000000000000000000 ) ) ;
#5061 = AXIS2_PLACEMENT_3D ( 'NONE', #623, #5984, #1207 ) ;
#5062 = ORIENTED_EDGE ( 'NONE', *, *, #7461, .T. ) ;
#5063 = EDGE_CURVE ( 'NONE', #6897, #7594, #8280, .T. ) ;
#5064 = PRESENTATION_STYLE_ASSIGNMENT (( #1646 ) ) ;
#5065 = CARTESIAN_POINT ( 'NONE',  ( -5.064949493661166535, 1.899999999999999911, -0.3499999999999998668 ) ) ;
#5066 = DIRECTION ( 'NONE',  ( -1.000000000000000000, 0.000000000000000000, 0.000000000000000000 ) ) ;
#5067 = PLANE ( 'NONE',  #879 ) ;
#5068 = CARTESIAN_POINT ( 'NONE',  ( 1.524999999999999911, 7.035780055491042349E-17, 0.9000000000000425437 ) ) ;
#5069 = ORIENTED_EDGE ( 'NONE', *, *, #3300, .F. ) ;
#5070 = ORIENTED_EDGE ( 'NONE', *, *, #4834, .F. ) ;
#5071 = DIRECTION ( 'NONE',  ( 1.626303258728256651E-16, 7.503155430780560920E-33, 1.000000000000000000 ) ) ;
#5072 = CARTESIAN_POINT ( 'NONE',  ( 3.675000000000000266, 2.200000000000000622, 1.897345511577197108 ) ) ;
#5073 = B_SPLINE_CURVE_WITH_KNOTS ( 'NONE', 3,
 ( #2285, #5029, #7832, #2978, #8152, #455, #7509 ),
 .UNSPECIFIED., .F., .F.,
 ( 4, 3, 4 ),
 ( 9.413193949168642972E-05, 0.0001010000892591080007, 0.0001219433986062877691 ),
 .UNSPECIFIED. ) ;
#5074 = EDGE_CURVE ( 'NONE', #6060, #1272, #1341, .T. ) ;
#5075 = EDGE_LOOP ( 'NONE', ( #4724, #6295, #7721, #3900 ) ) ;
#5076 = CARTESIAN_POINT ( 'NONE',  ( 2.669999999999988827, 3.199999999999999734, 0.8000000000000000444 ) ) ;
#5077 = DIRECTION ( 'NONE',  ( 4.613626265895765162E-17, -1.000000000000000000, 0.000000000000000000 ) ) ;
#5078 = CARTESIAN_POINT ( 'NONE',  ( 3.125000000000000000, 2.312310562561766591, 0.9000000000000003553 ) ) ;
#5079 = DIRECTION ( 'NONE',  ( -1.000000000000000000, -4.613626265895765162E-17, 1.619075244254214076E-13 ) ) ;
#5080 = CARTESIAN_POINT ( 'NONE',  ( -7.875000000000000000, 1.899999999999999911, 0.000000000000000000 ) ) ;
#5081 = LINE ( 'NONE', #857, #4829 ) ;
#5082 = AXIS2_PLACEMENT_3D ( 'NONE', #6857, #6304, #8241 ) ;
#5083 = LINE ( 'NONE', #3136, #6281 ) ;
#5084 = ORIENTED_EDGE ( 'NONE', *, *, #710, .T. ) ;
#5085 = ORIENTED_EDGE ( 'NONE', *, *, #1924, .T. ) ;
#5086 = VECTOR ( 'NONE', #8466, 1000.000000000000000 ) ;
#5087 = EDGE_CURVE ( 'NONE', #5981, #5211, #3339, .T. ) ;
#5088 = DIRECTION ( 'NONE',  ( -1.000000000000000000, 0.000000000000000000, 2.168404344971008079E-15 ) ) ;
#5089 = CARTESIAN_POINT ( 'NONE',  ( 3.965140506008887566, 2.777971452049032841, 1.267052698056256421 ) ) ;
#5090 = DIRECTION ( 'NONE',  ( 1.000000000000000000, -0.000000000000000000, -0.000000000000000000 ) ) ;
#5091 = CARTESIAN_POINT ( 'NONE',  ( 0.000000000000000000, 0.2500000000000000000, 0.8999999999999993561 ) ) ;
#5092 = PLANE ( 'NONE',  #4375 ) ;
#5093 = DIRECTION ( 'NONE',  ( -1.000000000000000000, 0.000000000000000000, 0.000000000000000000 ) ) ;
#5094 = CIRCLE ( 'NONE', #2186, 0.1000000000000002554 ) ;
#5095 = VERTEX_POINT ( 'NONE', #8191 ) ;
#5096 = AXIS2_PLACEMENT_3D ( 'NONE', #8145, #574, #5347 ) ;
#5097 = ORIENTED_EDGE ( 'NONE', *, *, #3312, .F. ) ;
#5098 = EDGE_CURVE ( 'NONE', #2690, #2034, #1378, .T. ) ;
#5099 = CARTESIAN_POINT ( 'NONE',  ( 3.275000000000000355, 0.8229156321506279070, -1.669545873791086210 ) ) ;
#5100 = LINE ( 'NONE', #1553, #8291 ) ;
#5101 = ADVANCED_FACE ( 'NONE', ( #8838 ), #6074, .T. ) ;
#5102 = CYLINDRICAL_SURFACE ( 'NONE', #8523, 0.2800000000000003042 ) ;
#5103 = DIRECTION ( 'NONE',  ( -1.000000000000000000, -0.000000000000000000, -0.000000000000000000 ) ) ;
#5104 = ORIENTED_EDGE ( 'NONE', *, *, #1331, .T. ) ;
#5105 = AXIS2_PLACEMENT_3D ( 'NONE', #4148, #4233, #4317 ) ;
#5106 = CIRCLE ( 'NONE', #6870, 1.000000000000000222 ) ;
#5107 = CARTESIAN_POINT ( 'NONE',  ( -3.875000000000000000, 2.016124824835400453, 1.648185373389841057 ) ) ;
#5108 = CARTESIAN_POINT ( 'NONE',  ( 3.192586053245626942, 2.313617956447025392, 0.8053990694770680747 ) ) ;
#5109 = ORIENTED_EDGE ( 'NONE', *, *, #4651, .T. ) ;
#5110 = VERTEX_POINT ( 'NONE', #2011 ) ;
#5111 = EDGE_LOOP ( 'NONE', ( #5753, #1049, #1324, #4138 ) ) ;
#5112 = VERTEX_POINT ( 'NONE', #5985 ) ;
#5113 = FACE_OUTER_BOUND ( 'NONE', #3912, .T. ) ;
#5114 = VECTOR ( 'NONE', #6050, 1000.000000000000000 ) ;
#5115 = CARTESIAN_POINT ( 'NONE',  ( 3.425000000000000266, 1.070000000000038476, 1.477499999999936753 ) ) ;
#5116 = CARTESIAN_POINT ( 'NONE',  ( 3.163833238488162003, 1.482653977241007448, -0.8208885135637439268 ) ) ;
#5117 = EDGE_CURVE ( 'NONE', #8607, #6408, #3385, .T. ) ;
#5118 = DIRECTION ( 'NONE',  ( -1.000000000000000000, -0.000000000000000000, -0.000000000000000000 ) ) ;
#5119 = DIRECTION ( 'NONE',  ( 4.613626265895765162E-17, -1.000000000000000000, 0.000000000000000000 ) ) ;
#5120 = ORIENTED_EDGE ( 'NONE', *, *, #6639, .T. ) ;
#5121 = AXIS2_PLACEMENT_3D ( 'NONE', #2997, #5088, #7848 ) ;
#5122 = LINE ( 'NONE', #7324, #240 ) ;
#5123 = ORIENTED_EDGE ( 'NONE', *, *, #7573, .F. ) ;
#5124 = ORIENTED_EDGE ( 'NONE', *, *, #4223, .T. ) ;
#5125 = LINE ( 'NONE', #8801, #8664 ) ;
#5126 = DIRECTION ( 'NONE',  ( -1.000000000000000000, 0.000000000000000000, 0.000000000000000000 ) ) ;
#5127 = FACE_OUTER_BOUND ( 'NONE', #5326, .T. ) ;
#5128 = VERTEX_POINT ( 'NONE', #4027 ) ;
#5129 = CARTESIAN_POINT ( 'NONE',  ( 3.772916391609243192, 0.8810330121718139562, -1.438836915049394705 ) ) ;
#5130 = AXIS2_PLACEMENT_3D ( 'NONE', #5037, #5077, #898 ) ;
#5131 = DIRECTION ( 'NONE',  ( 0.000000000000000000, 1.000000000000000000, 0.000000000000000000 ) ) ;
#5132 = CARTESIAN_POINT ( 'NONE',  ( 3.697601750784967223, 1.639570788430928294, 1.248390800231957032 ) ) ;
#5133 = CARTESIAN_POINT ( 'NONE',  ( 3.275000000000000355, 0.3750000000000000000, 1.200000000000000400 ) ) ;
#5134 = EDGE_LOOP ( 'NONE', ( #8337, #4044, #8079, #2108 ) ) ;
#5135 = ORIENTED_EDGE ( 'NONE', *, *, #3868, .T. ) ;
#5136 = CARTESIAN_POINT ( 'NONE',  ( -2.975000000000000089, 3.137976924300539316, 0.4053576209367305561 ) ) ;
#5137 = CIRCLE ( 'NONE', #6160, 0.1000000000000002554 ) ;
#5138 = FACE_OUTER_BOUND ( 'NONE', #5210, .T. ) ;
#5139 = CARTESIAN_POINT ( 'NONE',  ( 3.655504509961679638, 2.166710168957866056, -1.247338505565005473 ) ) ;
#5140 = EDGE_CURVE ( 'NONE', #5981, #2702, #8110, .T. ) ;
#5141 = CARTESIAN_POINT ( 'NONE',  ( 3.746788935686913735, 1.599999999999999867, 1.006276183449501538 ) ) ;
#5142 = B_SPLINE_CURVE_WITH_KNOTS ( 'NONE', 3,
 ( #8653, #2894, #5669, #2203, #847, #3620 ),
 .UNSPECIFIED., .F., .F.,
 ( 4, 2, 4 ),
 ( 5.517920037649511517E-06, 0.0001905190628238762247, 0.0003755202056101036596 ),
 .UNSPECIFIED. ) ;
#5143 = CARTESIAN_POINT ( 'NONE',  ( 3.025000000000512834, 0.1800000000000001599, 0.9000000000000425437 ) ) ;
#5144 = EDGE_CURVE ( 'NONE', #7782, #2413, #3301, .T. ) ;
#5145 = ADVANCED_FACE ( 'NONE', ( #7546 ), #2661, .T. ) ;
#5146 = PLANE ( 'NONE',  #6403 ) ;
#5147 = VECTOR ( 'NONE', #2024, 1000.000000000000000 ) ;
#5148 = ORIENTED_EDGE ( 'NONE', *, *, #1022, .F. ) ;
#5149 = ORIENTED_EDGE ( 'NONE', *, *, #8449, .F. ) ;
#5150 = CARTESIAN_POINT ( 'NONE',  ( -3.425000000000000266, 1.900000000000000133, -1.300000000000000044 ) ) ;
#5151 = LINE ( 'NONE', #2316, #2271 ) ;
#5152 = DIRECTION ( 'NONE',  ( 0.000000000000000000, 0.000000000000000000, 1.000000000000000000 ) ) ;
#5153 = VERTEX_POINT ( 'NONE', #3253 ) ;
#5154 = VECTOR ( 'NONE', #3672, 1000.000000000000114 ) ;
#5155 = FACE_OUTER_BOUND ( 'NONE', #7141, .T. ) ;
#5156 = AXIS2_PLACEMENT_3D ( 'NONE', #4070, #6851, #2574 ) ;
#5157 = ORIENTED_EDGE ( 'NONE', *, *, #4091, .F. ) ;
#5158 = CARTESIAN_POINT ( 'NONE',  ( -7.875000000000000000, 2.164841554041476268, -1.628606444556866428 ) ) ;
#5159 = EDGE_CURVE ( 'NONE', #7041, #3841, #7458, .T. ) ;
#5160 = DIRECTION ( 'NONE',  ( 0.000000000000000000, 0.000000000000000000, 1.000000000000000000 ) ) ;
#5161 = EDGE_CURVE ( 'NONE', #7522, #6578, #3984, .T. ) ;
#5162 = ORIENTED_EDGE ( 'NONE', *, *, #1791, .T. ) ;
#5163 = AXIS2_PLACEMENT_3D ( 'NONE', #613, #6152, #2513 ) ;
#5164 = VERTEX_POINT ( 'NONE', #2705 ) ;
#5165 = DIRECTION ( 'NONE',  ( 0.000000000000000000, 0.000000000000000000, 1.000000000000000000 ) ) ;
#5166 = AXIS2_PLACEMENT_3D ( 'NONE', #1350, #6082, #505 ) ;
#5167 = CARTESIAN_POINT ( 'NONE',  ( 0.009595037822621726650, 0.1250000000000000000, 0.7500000000000000000 ) ) ;
#5168 = CARTESIAN_POINT ( 'NONE',  ( 3.130767585513059004, 1.472270066143778644, -0.8647331225422049128 ) ) ;
#5169 = AXIS2_PLACEMENT_3D ( 'NONE', #6501, #288, #3038 ) ;
#5170 = CARTESIAN_POINT ( 'NONE',  ( 3.974999999999999201, 2.349999999999999201, 1.269460070705390686 ) ) ;
#5171 = ORIENTED_EDGE ( 'NONE', *, *, #6947, .F. ) ;
#5172 = CARTESIAN_POINT ( 'NONE',  ( 3.253539591671258613, 3.101877542443401747, 1.212171132079469471 ) ) ;
#5173 = ADVANCED_FACE ( 'NONE', ( #5390 ), #542, .F. ) ;
#5174 = ORIENTED_EDGE ( 'NONE', *, *, #8171, .T. ) ;
#5175 = EDGE_CURVE ( 'NONE', #437, #8762, #2966, .T. ) ;
#5176 = DIRECTION ( 'NONE',  ( -1.000000000000000000, -0.000000000000000000, -0.000000000000000000 ) ) ;
#5177 = ORIENTED_EDGE ( 'NONE', *, *, #5893, .T. ) ;
#5178 = VERTEX_POINT ( 'NONE', #3521 ) ;
#5179 = CARTESIAN_POINT ( 'NONE',  ( -2.874999999999765077, 0.3149999999999998357, 1.449999999999999956 ) ) ;
#5180 = SURFACE_SIDE_STYLE ('',( #4534 ) ) ;
#5181 = PLANE ( 'NONE',  #6927 ) ;
#5182 = ORIENTED_EDGE ( 'NONE', *, *, #8150, .T. ) ;
#5183 = CARTESIAN_POINT ( 'NONE',  ( -5.235000000000000320, 1.899999999999999911, 0.000000000000000000 ) ) ;
#5185 = VECTOR ( 'NONE', #5633, 1000.000000000000000 ) ;
#5184 = DIRECTION ( 'NONE',  ( 1.541976423090493456E-13, -0.3237035207079801413, 0.9461585652950874614 ) ) ;
#5186 = FACE_OUTER_BOUND ( 'NONE', #7901, .T. ) ;
#5187 = EDGE_CURVE ( 'NONE', #4700, #2403, #2880, .T. ) ;
#5188 = ORIENTED_EDGE ( 'NONE', *, *, #5714, .F. ) ;
#5189 = DIRECTION ( 'NONE',  ( -1.000000000000000000, -0.000000000000000000, -0.000000000000000000 ) ) ;
#5190 = ORIENTED_EDGE ( 'NONE', *, *, #4093, .F. ) ;
#5191 = EDGE_CURVE ( 'NONE', #4544, #4192, #7897, .T. ) ;
#5192 = PLANE ( 'NONE',  #1925 ) ;
#5193 = LINE ( 'NONE', #7109, #4735 ) ;
#5194 = ORIENTED_EDGE ( 'NONE', *, *, #6091, .F. ) ;
#5195 = CARTESIAN_POINT ( 'NONE',  ( 3.350000000000000533, 1.070000000000038476, 1.277499999999935465 ) ) ;
#5196 = CARTESIAN_POINT ( 'NONE',  ( 3.655504509961679638, 0.7332898310421345212, -1.253814209305440519 ) ) ;
#5197 = CARTESIAN_POINT ( 'NONE',  ( -2.974999999999999645, 3.199999999999999734, 0.5196152422706638019 ) ) ;
#5198 = CARTESIAN_POINT ( 'NONE',  ( -2.874999999999999556, -1.326417551445032214E-16, 0.2000000000004246992 ) ) ;
#5199 = AXIS2_PLACEMENT_3D ( 'NONE', #1853, #4629, #3954 ) ;
#5200 = VERTEX_POINT ( 'NONE', #836 ) ;
#5201 = ORIENTED_EDGE ( 'NONE', *, *, #359, .F. ) ;
#5202 = DIRECTION ( 'NONE',  ( 0.000000000000000000, 1.000000000000000000, 0.000000000000000000 ) ) ;
#5203 = DIRECTION ( 'NONE',  ( 1.000000000000000000, -0.000000000000000000, -0.000000000000000000 ) ) ;
#5204 = EDGE_CURVE ( 'NONE', #921, #4937, #7685, .T. ) ;
#5205 = DIRECTION ( 'NONE',  ( 4.613626265895765162E-17, -1.000000000000000000, 0.000000000000000000 ) ) ;
#5206 = CARTESIAN_POINT ( 'NONE',  ( 0.000000000000000000, 0.2500000000000000000, -0.9000000000000002442 ) ) ;
#5207 = ORIENTED_EDGE ( 'NONE', *, *, #6608, .T. ) ;
#5208 = CARTESIAN_POINT ( 'NONE',  ( 3.945053189350044676, 0.9288564138266319770, -1.214517269908753194 ) ) ;
#5209 = CARTESIAN_POINT ( 'NONE',  ( 3.125000000000000000, 3.399999999999999911, -2.200000000000000622 ) ) ;
#5210 = EDGE_LOOP ( 'NONE', ( #8853, #1965, #5431, #2940 ) ) ;
#5211 = VERTEX_POINT ( 'NONE', #5570 ) ;
#5212 = VECTOR ( 'NONE', #1591, 1000.000000000000114 ) ;
#5213 = DIRECTION ( 'NONE',  ( 1.000000000000000000, 3.702068915267376537E-16, -1.613462176309816233E-13 ) ) ;
#5214 = CARTESIAN_POINT ( 'NONE',  ( 3.624999999999999112, 2.349999999999999201, 0.4178409582463116778 ) ) ;
#5215 = CARTESIAN_POINT ( 'NONE',  ( 3.275000000000000355, 2.670000000000056328, -1.147499999999933795 ) ) ;
#5216 = EDGE_CURVE ( 'NONE', #4676, #7556, #8457, .T. ) ;
#5217 = ADVANCED_FACE ( 'NONE', ( #2838 ), #7821, .T. ) ;
#5218 = DIRECTION ( 'NONE',  ( 0.000000000000000000, 0.000000000000000000, 1.000000000000000000 ) ) ;
#5219 = DIRECTION ( 'NONE',  ( -1.000000000000000000, -4.613626265895764546E-17, 1.619075244254214328E-13 ) ) ;
#5220 = ORIENTED_EDGE ( 'NONE', *, *, #8004, .F. ) ;
#5221 = DIRECTION ( 'NONE',  ( 1.000000000000000000, 0.000000000000000000, 0.000000000000000000 ) ) ;
#5222 = EDGE_LOOP ( 'NONE', ( #8402, #4877, #8560, #2117 ) ) ;
#5223 = VERTEX_POINT ( 'NONE', #8414 ) ;
#5224 = CARTESIAN_POINT ( 'NONE',  ( -2.871562318366572164, 3.238670482519682814, -0.3515812026309334537 ) ) ;
#5225 = CARTESIAN_POINT ( 'NONE',  ( 3.275000000000000355, 0.2499999999999999445, 1.200000000000000178 ) ) ;
#5226 = VERTEX_POINT ( 'NONE', #6381 ) ;
#5227 = EDGE_CURVE ( 'NONE', #4410, #145, #166, .T. ) ;
#5228 = CARTESIAN_POINT ( 'NONE',  ( 3.125000000000000000, 0.4000000000000001887, 0.000000000000000000 ) ) ;
#5229 = CARTESIAN_POINT ( 'NONE',  ( 3.275000000000000355, 0.7000000000000005107, -0.9649999999999354650 ) ) ;
#5230 = PLANE ( 'NONE',  #2503 ) ;
#5231 = ORIENTED_EDGE ( 'NONE', *, *, #6652, .T. ) ;
#5232 = CARTESIAN_POINT ( 'NONE',  ( 2.225000000000356248, 3.248445554339142838, 2.199999999999174616 ) ) ;
#5233 = EDGE_LOOP ( 'NONE', ( #1813, #6508, #7332, #4679 ) ) ;
#5234 = DIRECTION ( 'NONE',  ( -1.000000000000000000, -4.959303851210689957E-14, 1.449563417308804531E-13 ) ) ;
#5235 = CARTESIAN_POINT ( 'NONE',  ( 3.275000000000000355, 1.201787997811427200, 0.7499999999999353850 ) ) ;
#5236 = ORIENTED_EDGE ( 'NONE', *, *, #4875, .F. ) ;
#5237 = CONICAL_SURFACE ( 'NONE', #1310, 0.8499999999999996447, 0.7853981633974482790 ) ;
#5238 = EDGE_CURVE ( 'NONE', #2509, #2500, #8828, .T. ) ;
#5239 = DIRECTION ( 'NONE',  ( 0.000000000000000000, 0.000000000000000000, 1.000000000000000000 ) ) ;
#5240 = CARTESIAN_POINT ( 'NONE',  ( 2.924999999999999822, 2.200000000000000178, -2.024999999999999911 ) ) ;
#5241 = CARTESIAN_POINT ( 'NONE',  ( 3.655504509961680082, 2.817661494434929192, 0.9982898310420694754 ) ) ;
#5242 = EDGE_LOOP ( 'NONE', ( #8245, #1173, #823, #65, #8977, #3094 ) ) ;
#5243 = CIRCLE ( 'NONE', #6700, 0.2500000000000002220 ) ;
#5244 = CARTESIAN_POINT ( 'NONE',  ( 3.275000000000000355, 1.070000000000038476, 1.277499999999935465 ) ) ;
#5245 = DIRECTION ( 'NONE',  ( 1.000000000000000000, -0.000000000000000000, 0.000000000000000000 ) ) ;
#5246 = DIRECTION ( 'NONE',  ( 0.08715574274765873486, 0.000000000000000000, -0.9961946980917455452 ) ) ;
#5247 = DIRECTION ( 'NONE',  ( -1.000000000000000000, -0.000000000000000000, -0.000000000000000000 ) ) ;
#5248 = ORIENTED_EDGE ( 'NONE', *, *, #7304, .T. ) ;
#5249 = VECTOR ( 'NONE', #1051, 1000.000000000000000 ) ;
#5250 = DIRECTION ( 'NONE',  ( 0.000000000000000000, 0.000000000000000000, -1.000000000000000000 ) ) ;
#5251 = DIRECTION ( 'NONE',  ( 0.000000000000000000, 0.000000000000000000, 1.000000000000000000 ) ) ;
#5252 = VECTOR ( 'NONE', #1976, 1000.000000000000000 ) ;
#5253 = ORIENTED_EDGE ( 'NONE', *, *, #6477, .F. ) ;
#5254 = VECTOR ( 'NONE', #4114, 1000.000000000000000 ) ;
#5255 = EDGE_CURVE ( 'NONE', #5358, #8125, #709, .T. ) ;
#5256 = ORIENTED_EDGE ( 'NONE', *, *, #1404, .F. ) ;
#5257 = EDGE_LOOP ( 'NONE', ( #377, #7082, #7171, #4989, #7376, #3439 ) ) ;
#5258 = FILL_AREA_STYLE_COLOUR ( '', #7134 ) ;
#5259 = CARTESIAN_POINT ( 'NONE',  ( 3.125000000000000000, 0.4000000000000001887, -0.8000000000000000444 ) ) ;
#5260 = VECTOR ( 'NONE', #7196, 1000.000000000000000 ) ;
#5261 = VECTOR ( 'NONE', #4013, 1000.000000000000000 ) ;
#5262 = CARTESIAN_POINT ( 'NONE',  ( 2.225000000000255440, 0.2713000247044226598, 1.577731406314011098 ) ) ;
#5263 = EDGE_CURVE ( 'NONE', #8875, #921, #6986, .T. ) ;
#5264 = FACE_OUTER_BOUND ( 'NONE', #2218, .T. ) ;
#5265 = EDGE_CURVE ( 'NONE', #877, #3782, #2097, .T. ) ;
#5266 = ORIENTED_EDGE ( 'NONE', *, *, #8401, .T. ) ;
#5267 = CIRCLE ( 'NONE', #4381, 1.399999999999999911 ) ;
#5268 = CARTESIAN_POINT ( 'NONE',  ( 1.925000000000000044, 0.2500000000000000000, -0.9000000000000002442 ) ) ;
#5269 = ORIENTED_EDGE ( 'NONE', *, *, #8424, .T. ) ;
#5270 = VERTEX_POINT ( 'NONE', #3430 ) ;
#5271 = LINE ( 'NONE', #1704, #1371 ) ;
#5272 = DIRECTION ( 'NONE',  ( 1.000000000000000000, 0.000000000000000000, -0.000000000000000000 ) ) ;
#5273 = LINE ( 'NONE', #2662, #7933 ) ;
#5274 = LINE ( 'NONE', #7383, #3166 ) ;
#5275 = CARTESIAN_POINT ( 'NONE',  ( -2.674999999999999378, 1.899999999999999911, 0.000000000000000000 ) ) ;
#5276 = CARTESIAN_POINT ( 'NONE',  ( -2.875000000000285549, 2.885400696809201193, -1.763344965322561242 ) ) ;
#5277 = EDGE_CURVE ( 'NONE', #1693, #6342, #3127, .T. ) ;
#5278 = VECTOR ( 'NONE', #2131, 1000.000000000000000 ) ;
#5279 = ORIENTED_EDGE ( 'NONE', *, *, #4796, .F. ) ;
#5280 = DIRECTION ( 'NONE',  ( 0.000000000000000000, -0.000000000000000000, 1.000000000000000000 ) ) ;
#5281 = VERTEX_POINT ( 'NONE', #84 ) ;
#5282 = LINE ( 'NONE', #646, #4986 ) ;
#5283 = CARTESIAN_POINT ( 'NONE',  ( 2.224999999999658140, 3.264478005466096455, -1.867769019922570939 ) ) ;
#5284 = VECTOR ( 'NONE', #7525, 1000.000000000000000 ) ;
#5285 = DIRECTION ( 'NONE',  ( 1.000000000000000000, -0.000000000000000000, -0.000000000000000000 ) ) ;
#5286 = CARTESIAN_POINT ( 'NONE',  ( 3.125000000000000000, 2.945000000000000284, 0.8000000000000000444 ) ) ;
#5287 = CARTESIAN_POINT ( 'NONE',  ( -3.074999999999999734, -1.418690076762947653E-16, -1.300000000000425482 ) ) ;
#5289 = EDGE_CURVE ( 'NONE', #629, #633, #235, .T. ) ;
#5288 = ORIENTED_EDGE ( 'NONE', *, *, #1723, .F. ) ;
#5290 = ORIENTED_EDGE ( 'NONE', *, *, #2114, .F. ) ;
#5291 = CIRCLE ( 'NONE', #923, 0.1000000000000000472 ) ;
#5292 = CARTESIAN_POINT ( 'NONE',  ( 2.669999999999988827, 3.199999999999999734, 0.000000000000000000 ) ) ;
#5293 = DIRECTION ( 'NONE',  ( -1.000000000000000000, 0.000000000000000000, 0.000000000000000000 ) ) ;
#5294 = CARTESIAN_POINT ( 'NONE',  ( 3.024999999999999911, 0.2499999999999999445, -2.000000000000000000 ) ) ;
#5295 = SURFACE_STYLE_USAGE ( .BOTH. , #1870 ) ;
#5296 = EDGE_LOOP ( 'NONE', ( #5794, #7387, #6138, #7650 ) ) ;
#5297 = CARTESIAN_POINT ( 'NONE',  ( 3.225000000000000089, 1.899999999999999911, 0.000000000000000000 ) ) ;
#5298 = VECTOR ( 'NONE', #4692, 1000.000000000000000 ) ;
#5299 = CARTESIAN_POINT ( 'NONE',  ( 0.009595037822621780427, 0.1250000000000000000, -0.7499999999999997780 ) ) ;
#5300 = ORIENTED_EDGE ( 'NONE', *, *, #8197, .T. ) ;
#5301 = VERTEX_POINT ( 'NONE', #127 ) ;
#5302 = ORIENTED_EDGE ( 'NONE', *, *, #1440, .T. ) ;
#5303 = DIRECTION ( 'NONE',  ( -0.9961946980917455452, 0.08715574274765836016, 0.000000000000000000 ) ) ;
#5304 = AXIS2_PLACEMENT_3D ( 'NONE', #7232, #987, #3759 ) ;
#5305 = EDGE_CURVE ( 'NONE', #7720, #5301, #6212, .T. ) ;
#5306 = AXIS2_PLACEMENT_3D ( 'NONE', #2198, #3615, #6266 ) ;
#5307 = DIRECTION ( 'NONE',  ( -1.000000000000000000, 0.000000000000000000, 0.000000000000000000 ) ) ;
#5308 = LINE ( 'NONE', #357, #5624 ) ;
#5309 = FACE_OUTER_BOUND ( 'NONE', #5365, .T. ) ;
#5310 = VECTOR ( 'NONE', #2464, 1000.000000000000000 ) ;
#5311 = CARTESIAN_POINT ( 'NONE',  ( 3.275000000000000355, 2.510553028000122477, -0.8149999999999351097 ) ) ;
#5312 = ORIENTED_EDGE ( 'NONE', *, *, #3155, .F. ) ;
#5313 = VECTOR ( 'NONE', #4667, 1000.000000000000000 ) ;
#5314 = ORIENTED_EDGE ( 'NONE', *, *, #1450, .T. ) ;
#5315 = CYLINDRICAL_SURFACE ( 'NONE', #6622, 0.2000000000000000944 ) ;
#5316 = VERTEX_POINT ( 'NONE', #2139 ) ;
#5317 = VERTEX_POINT ( 'NONE', #7779 ) ;
#5318 = CARTESIAN_POINT ( 'NONE',  ( -2.875000000000000000, 3.222163783805808368, -0.4364394865755638064 ) ) ;
#5319 = CARTESIAN_POINT ( 'NONE',  ( 3.125000000000000000, 1.899999999999999911, 0.000000000000000000 ) ) ;
#5320 = EDGE_CURVE ( 'NONE', #189, #4519, #8243, .T. ) ;
#5321 = AXIS2_PLACEMENT_3D ( 'NONE', #2683, #6231, #4272 ) ;
#5322 = CARTESIAN_POINT ( 'NONE',  ( 3.669745707734084483, 1.634535774402249730, 1.251839274281357328 ) ) ;
#5323 = CARTESIAN_POINT ( 'NONE',  ( -2.875000000000324629, 3.021990892406452023, -2.007769019921744391 ) ) ;
#5324 = EDGE_LOOP ( 'NONE', ( #3611, #8302, #3452, #2120 ) ) ;
#5325 = AXIS2_PLACEMENT_3D ( 'NONE', #1385, #4977, #8545 ) ;
#5326 = EDGE_LOOP ( 'NONE', ( #7345, #6475, #1412, #4066 ) ) ;
#5327 = CARTESIAN_POINT ( 'NONE',  ( 3.125000000000000000, 3.399999999999999911, 1.322875655532295802 ) ) ;
#5328 = EDGE_CURVE ( 'NONE', #8131, #8416, #1782, .T. ) ;
#5329 = CARTESIAN_POINT ( 'NONE',  ( 0.000000000000000000, 2.200000000000000178, 0.000000000000000000 ) ) ;
#5330 = EDGE_CURVE ( 'NONE', #3204, #265, #8371, .T. ) ;
#5331 = EDGE_CURVE ( 'NONE', #7261, #4410, #4891, .T. ) ;
#5332 = ORIENTED_EDGE ( 'NONE', *, *, #6386, .T. ) ;
#5333 = LINE ( 'NONE', #1861, #7881 ) ;
#5334 = CARTESIAN_POINT ( 'NONE',  ( -2.875000000000336620, 1.187852254442085753, -2.081548843649125402 ) ) ;
#5335 = DIRECTION ( 'NONE',  ( -1.000000000000000000, -0.000000000000000000, -0.000000000000000000 ) ) ;
#5336 = B_SPLINE_CURVE_WITH_KNOTS ( 'NONE', 3,
 ( #2660, #3983, #5389, #3205 ),
 .UNSPECIFIED., .F., .F.,
 ( 4, 4 ),
 ( 0.000000000000000000, 0.0005156856551341915725 ),
 .UNSPECIFIED. ) ;
#5337 = ORIENTED_EDGE ( 'NONE', *, *, #6387, .T. ) ;
#5338 = ORIENTED_EDGE ( 'NONE', *, *, #4464, .F. ) ;
#5339 = VECTOR ( 'NONE', #3541, 1000.000000000000114 ) ;
#5340 = DIRECTION ( 'NONE',  ( -1.000000000000000000, 0.000000000000000000, -0.000000000000000000 ) ) ;
#5341 = DIRECTION ( 'NONE',  ( -0.000000000000000000, 1.000000000000000000, 0.000000000000000000 ) ) ;
#5342 = PLANE ( 'NONE',  #7064 ) ;
#5343 = DIRECTION ( 'NONE',  ( -1.532051254914897511E-13, 0.3237035207080047328, -0.9461585652950790237 ) ) ;
#5344 = ORIENTED_EDGE ( 'NONE', *, *, #7572, .F. ) ;
#5345 = EDGE_CURVE ( 'NONE', #2034, #5705, #5016, .T. ) ;
#5346 = PLANE ( 'NONE',  #8181 ) ;
#5347 = DIRECTION ( 'NONE',  ( 0.000000000000000000, 0.000000000000000000, -1.000000000000000000 ) ) ;
#5348 = ORIENTED_EDGE ( 'NONE', *, *, #4596, .F. ) ;
#5349 = EDGE_LOOP ( 'NONE', ( #7707, #4048, #7752, #4214 ) ) ;
#5350 = ORIENTED_EDGE ( 'NONE', *, *, #1160, .T. ) ;
#5351 = CARTESIAN_POINT ( 'NONE',  ( 3.125000000000000000, 2.312310562561766591, 0.8000000000000002665 ) ) ;
#5352 = DIRECTION ( 'NONE',  ( 0.000000000000000000, -1.000000000000000000, 0.000000000000000000 ) ) ;
#5353 = DIRECTION ( 'NONE',  ( 0.000000000000000000, 0.000000000000000000, -1.000000000000000000 ) ) ;
#5354 = DIRECTION ( 'NONE',  ( 0.000000000000000000, -1.734723475976807094E-15, 1.000000000000000000 ) ) ;
#5355 = EDGE_CURVE ( 'NONE', #1978, #2413, #6189, .T. ) ;
#5356 = CYLINDRICAL_SURFACE ( 'NONE', #1189, 2.024999999999999911 ) ;
#5357 = ORIENTED_EDGE ( 'NONE', *, *, #6702, .F. ) ;
#5358 = VERTEX_POINT ( 'NONE', #918 ) ;
#5359 = FACE_OUTER_BOUND ( 'NONE', #8309, .T. ) ;
#5360 = ORIENTED_EDGE ( 'NONE', *, *, #5289, .F. ) ;
#5361 = LINE ( 'NONE', #2673, #6753 ) ;
#5362 =( NAMED_UNIT ( * ) SI_UNIT ( $, .STERADIAN. ) SOLID_ANGLE_UNIT ( ) );
#5363 = LINE ( 'NONE', #8849, #8705 ) ;
#5364 = CARTESIAN_POINT ( 'NONE',  ( 3.974999999999999201, 0.000000000000000000, 0.000000000000000000 ) ) ;
#5365 = EDGE_LOOP ( 'NONE', ( #5731, #7478, #6307, #6614 ) ) ;
#5366 = VECTOR ( 'NONE', #2151, 1000.000000000000000 ) ;
#5367 = EDGE_CURVE ( 'NONE', #6408, #8396, #6609, .T. ) ;
#5368 = ORIENTED_EDGE ( 'NONE', *, *, #4781, .T. ) ;
#5369 = B_SPLINE_CURVE_WITH_KNOTS ( 'NONE', 3,
 ( #4560, #8047, #7215, #965 ),
 .UNSPECIFIED., .F., .F.,
 ( 4, 4 ),
 ( 0.000000000000000000, 0.0004234710735987033832 ),
 .UNSPECIFIED. ) ;
#5370 = FACE_OUTER_BOUND ( 'NONE', #5257, .T. ) ;
#5371 = CARTESIAN_POINT ( 'NONE',  ( 3.125000000000000000, 0.000000000000000000, -2.075000000000000178 ) ) ;
#5372 = VERTEX_POINT ( 'NONE', #5835 ) ;
#5373 = CARTESIAN_POINT ( 'NONE',  ( 3.697601750784968555, 2.160429211569070862, -1.248390800231957032 ) ) ;
#5374 = CARTESIAN_POINT ( 'NONE',  ( -7.875000000000000000, 1.787491022822341291, 0.7415131354564488131 ) ) ;
#5375 = CARTESIAN_POINT ( 'NONE',  ( -2.874999999999682476, 3.108593432784896748, 1.957769019921744569 ) ) ;
#5376 = EDGE_CURVE ( 'NONE', #6610, #2129, #2963, .T. ) ;
#5377 = EDGE_LOOP ( 'NONE', ( #2154, #3469, #4980, #3317 ) ) ;
#5378 = CARTESIAN_POINT ( 'NONE',  ( 3.275000000000000355, 0.7692519213489307228, -0.7857212390312815486 ) ) ;
#5379 = CARTESIAN_POINT ( 'NONE',  ( 3.275000000000000355, 1.265261816192205124, -0.7727272727272156416 ) ) ;
#5380 = LINE ( 'NONE', #4741, #1523 ) ;
#5381 = SURFACE_STYLE_FILL_AREA ( #3927 ) ;
#5382 = EDGE_LOOP ( 'NONE', ( #2667, #5991, #7910, #2708 ) ) ;
#5383 = CARTESIAN_POINT ( 'NONE',  ( 3.972162274434820617, 1.055254350816352105, -1.222307968833054481 ) ) ;
#5384 = CARTESIAN_POINT ( 'NONE',  ( 3.202924673074586615, 2.312761511034783446, 0.8018566574648693379 ) ) ;
#5385 = ORIENTED_EDGE ( 'NONE', *, *, #7108, .F. ) ;
#5386 = EDGE_CURVE ( 'NONE', #4023, #7989, #388, .T. ) ;
#5387 = VECTOR ( 'NONE', #1557, 1000.000000000000000 ) ;
#5388 = VERTEX_POINT ( 'NONE', #3647 ) ;
#5389 = CARTESIAN_POINT ( 'NONE',  ( 3.432005710675444909, 0.8539159078736406894, -1.604547722920078856 ) ) ;
#5390 = FACE_OUTER_BOUND ( 'NONE', #5035, .T. ) ;
#5391 = AXIS2_PLACEMENT_3D ( 'NONE', #6960, #5630, #6270 ) ;
#5392 = CARTESIAN_POINT ( 'NONE',  ( 1.925000000000000044, 0.7750000000000000222, -2.075000000000000178 ) ) ;
#5393 = CARTESIAN_POINT ( 'NONE',  ( 1.524999999999999911, 7.035780055491042349E-17, -0.4000000000000418221 ) ) ;
#5394 = VERTEX_POINT ( 'NONE', #5883 ) ;
#5395 = VECTOR ( 'NONE', #8366, 1000.000000000000000 ) ;
#5396 = ORIENTED_EDGE ( 'NONE', *, *, #7842, .F. ) ;
#5397 = CARTESIAN_POINT ( 'NONE',  ( 3.761856587770105342, 2.024760104051457787, -1.441512601584385767 ) ) ;
#5398 = EDGE_LOOP ( 'NONE', ( #6125, #4400, #4305, #4554, #706 ) ) ;
#5399 = CARTESIAN_POINT ( 'NONE',  ( -2.884773369101402363, 3.135013326053318838, 0.4127721532354713396 ) ) ;
#5400 = DIRECTION ( 'NONE',  ( 1.000000000000000000, 0.000000000000000000, 0.000000000000000000 ) ) ;
#5401 = EDGE_CURVE ( 'NONE', #5998, #1623, #4422, .T. ) ;
#5402 = DIRECTION ( 'NONE',  ( -1.000000000000000000, -0.000000000000000000, -0.000000000000000000 ) ) ;
#5403 = AXIS2_PLACEMENT_3D ( 'NONE', #7206, #7986, #7246 ) ;
#5404 = PLANE ( 'NONE',  #8488 ) ;
#5405 = ORIENTED_EDGE ( 'NONE', *, *, #2611, .F. ) ;
#5406 = ORIENTED_EDGE ( 'NONE', *, *, #3059, .T. ) ;
#5407 = CIRCLE ( 'NONE', #3526, 0.2800000000000003042 ) ;
#5408 = VERTEX_POINT ( 'NONE', #6421 ) ;
#5409 = CARTESIAN_POINT ( 'NONE',  ( 3.973177881677378398, 1.081957975374245429, -1.225196149966140569 ) ) ;
#5410 = EDGE_CURVE ( 'NONE', #2020, #6302, #3780, .T. ) ;
#5411 = CIRCLE ( 'NONE', #1029, 0.2000000000000005107 ) ;
#5412 = PLANE ( 'NONE',  #8983 ) ;
#5413 = ORIENTED_EDGE ( 'NONE', *, *, #1417, .T. ) ;
#5414 = PLANE ( 'NONE',  #6626 ) ;
#5415 = DIRECTION ( 'NONE',  ( 0.000000000000000000, 0.000000000000000000, 1.000000000000000000 ) ) ;
#5416 = CARTESIAN_POINT ( 'NONE',  ( -7.875000000000000000, 2.016124824835400009, -1.648185373389841057 ) ) ;
#5417 = VERTEX_POINT ( 'NONE', #2276 ) ;
#5418 = CIRCLE ( 'NONE', #5713, 0.1500000000000008271 ) ;
#5419 = CARTESIAN_POINT ( 'NONE',  ( 3.277663711335769392, 1.736814766113555564, 1.676177904952619979 ) ) ;
#5420 = CARTESIAN_POINT ( 'NONE',  ( 3.655504509961679638, 1.633289831042133766, 1.253814209305440741 ) ) ;
#5421 = DIRECTION ( 'NONE',  ( -2.168404344971008079E-15, -0.000000000000000000, -1.000000000000000000 ) ) ;
#5422 = EDGE_CURVE ( 'NONE', #1435, #1017, #6461, .T. ) ;
#5423 = B_SPLINE_CURVE_WITH_KNOTS ( 'NONE', 3,
 ( #5129, #8567, #6292, #374, #2299, #3131, #281 ),
 .UNSPECIFIED., .F., .F.,
 ( 4, 3, 4 ),
 ( 0.000000000000000000, 2.637135365181359902E-05, 3.714245357224304876E-05 ),
 .UNSPECIFIED. ) ;
#5424 = CARTESIAN_POINT ( 'NONE',  ( -3.624999999999793499, -1.672439521387119461E-16, 0.6000000000004247491 ) ) ;
#5425 = ADVANCED_FACE ( 'NONE', ( #3692 ), #8689, .T. ) ;
#5426 = ORIENTED_EDGE ( 'NONE', *, *, #7586, .F. ) ;
#5427 = CARTESIAN_POINT ( 'NONE',  ( 3.974999999999999201, 2.504518058508085954, 1.255324857972438535 ) ) ;
#5428 = CARTESIAN_POINT ( 'NONE',  ( 2.669999999999988827, 0.6000000000000003109, -0.8000000000000000444 ) ) ;
#5429 = CLOSED_SHELL ( 'NONE', ( #1380, #2213, #5145, #2571, #2417, #6923, #7625, #6959, #5725, #7284, #8323, #2002, #8012, #7106, #3222, #931, #6937, #6102, #4029, #7749, #158, #8364, #3259, #5923, #7075, #3969, #7741, #2896, #4290, #2775, #8750, #1038, #6765, #7448, #3220, #6101, #4443, #444, #5173, #5852, #2602, #6111, #1346, #7526, #4680, #8184, #8461, #1655, #7851, #596, #3590, #5993, #298, #1095, #8418, #504, #4628, #6982, #2542, #4783, #1570, #93, #6056, #1460, #5849, #1485, #1254, #7085, #3286, #493, #6349, #723, #5865, #6424, #5458, #5447, #1143, #1537, #4497, #3184, #8902, #5811, #6499, #3822, #1157 ) ) ;
#5430 = ORIENTED_EDGE ( 'NONE', *, *, #2086, .F. ) ;
#5431 = ORIENTED_EDGE ( 'NONE', *, *, #1650, .F. ) ;
#5432 = EDGE_LOOP ( 'NONE', ( #2600, #8747, #5497 ) ) ;
#5433 = LINE ( 'NONE', #4069, #2601 ) ;
#5434 = CARTESIAN_POINT ( 'NONE',  ( 2.424999999999999822, 2.200000000000000178, -1.824999999999999734 ) ) ;
#5435 = DIRECTION ( 'NONE',  ( -1.000000000000000000, -6.776263578034402713E-17, 0.000000000000000000 ) ) ;
#5436 = VECTOR ( 'NONE', #4836, 1000.000000000000000 ) ;
#5437 = EDGE_CURVE ( 'NONE', #5943, #5388, #8732, .T. ) ;
#5438 = ORIENTED_EDGE ( 'NONE', *, *, #1122, .T. ) ;
#5439 = DIRECTION ( 'NONE',  ( -1.000000000000000000, -4.613626265895765162E-17, 1.619075244254214076E-13 ) ) ;
#5440 = DIRECTION ( 'NONE',  ( 0.000000000000000000, 0.000000000000000000, 1.000000000000000000 ) ) ;
#5441 = CARTESIAN_POINT ( 'NONE',  ( 3.155146614375006653, 1.481044700654496449, 0.8276047653927434133 ) ) ;
#5442 = EDGE_LOOP ( 'NONE', ( #3309, #2663, #4055, #1998 ) ) ;
#5443 = VERTEX_POINT ( 'NONE', #8588 ) ;
#5444 = AXIS2_PLACEMENT_3D ( 'NONE', #7579, #25, #658 ) ;
#5445 = ORIENTED_EDGE ( 'NONE', *, *, #3010, .T. ) ;
#5446 = VERTEX_POINT ( 'NONE', #8045 ) ;
#5447 = ADVANCED_FACE ( 'NONE', ( #7214 ), #964, .T. ) ;
#5448 = CARTESIAN_POINT ( 'NONE',  ( 3.125000000000000000, 0.3750000000000000000, -1.100000000000000089 ) ) ;
#5449 = ORIENTED_EDGE ( 'NONE', *, *, #6898, .F. ) ;
#5451 = EDGE_CURVE ( 'NONE', #3539, #1972, #4457, .T. ) ;
#5450 = CARTESIAN_POINT ( 'NONE',  ( -3.424999999999793321, 0.1799999999999998546, -0.4000000000004248490 ) ) ;
#5452 = FACE_OUTER_BOUND ( 'NONE', #5856, .T. ) ;
#5453 = AXIS2_PLACEMENT_3D ( 'NONE', #6586, #5131, #3133 ) ;
#5454 = AXIS2_PLACEMENT_3D ( 'NONE', #2418, #300, #7166 ) ;
#5455 = VECTOR ( 'NONE', #5798, 1000.000000000000000 ) ;
#5456 = DIRECTION ( 'NONE',  ( 0.000000000000000000, 0.000000000000000000, -1.000000000000000000 ) ) ;
#5457 = EDGE_CURVE ( 'NONE', #8369, #6769, #3276, .T. ) ;
#5458 = ADVANCED_FACE ( 'NONE', ( #7165 ), #212, .T. ) ;
#5459 = FACE_OUTER_BOUND ( 'NONE', #6369, .T. ) ;
#5460 = ORIENTED_EDGE ( 'NONE', *, *, #1108, .T. ) ;
#5461 = VERTEX_POINT ( 'NONE', #256 ) ;
#5462 = AXIS2_PLACEMENT_3D ( 'NONE', #1781, #2366, #5747 ) ;
#5463 = CARTESIAN_POINT ( 'NONE',  ( 3.974999999999999201, 1.291416460674822853, -1.254971004365237786 ) ) ;
#5464 = AXIS2_PLACEMENT_3D ( 'NONE', #8655, #5071, #312 ) ;
#5465 = CARTESIAN_POINT ( 'NONE',  ( 3.275000000000000355, 2.162249880839104854, 0.9649999999999354650 ) ) ;
#5466 = ORIENTED_EDGE ( 'NONE', *, *, #7755, .F. ) ;
#5467 = ADVANCED_FACE ( 'NONE', ( #2317 ), #5102, .T. ) ;
#5468 = DIRECTION ( 'NONE',  ( 1.532051254914897259E-13, -0.3237035207080047328, 0.9461585652950790237 ) ) ;
#5469 = CYLINDRICAL_SURFACE ( 'NONE', #331, 0.2800000000000003042 ) ;
#5470 = PLANE ( 'NONE',  #8328 ) ;
#5471 = EDGE_CURVE ( 'NONE', #8501, #1091, #3049, .T. ) ;
#5472 = ORIENTED_EDGE ( 'NONE', *, *, #7938, .T. ) ;
#5473 = DIRECTION ( 'NONE',  ( 1.000000000000000000, -3.497426362856461768E-15, 4.553761625478497490E-33 ) ) ;
#5474 = CARTESIAN_POINT ( 'NONE',  ( -2.875000000000324629, 3.021990892406452023, -2.007769019921744391 ) ) ;
#5475 = CARTESIAN_POINT ( 'NONE',  ( 3.956348859917059535, 0.9835810978259968973, -1.318709039668801930 ) ) ;
#5476 = DIRECTION ( 'NONE',  ( -1.531752565501796716E-13, -0.3237035207080048993, -0.9461585652950789127 ) ) ;
#5477 = ORIENTED_EDGE ( 'NONE', *, *, #5040, .T. ) ;
#5478 = CARTESIAN_POINT ( 'NONE',  ( 3.275000000000512390, -1.119664732296961157E-14, 0.000000000000000000 ) ) ;
#5479 = LINE ( 'NONE', #8275, #7455 ) ;
#5480 = AXIS2_PLACEMENT_3D ( 'NONE', #3302, #2575, #5353 ) ;
#5481 = ORIENTED_EDGE ( 'NONE', *, *, #4613, .T. ) ;
#5482 = EDGE_CURVE ( 'NONE', #4776, #6897, #529, .T. ) ;
#5483 = ORIENTED_EDGE ( 'NONE', *, *, #5367, .T. ) ;
#5484 = VERTEX_POINT ( 'NONE', #3331 ) ;
#5485 = CARTESIAN_POINT ( 'NONE',  ( 3.125000000000000000, 3.399999999999999911, 0.000000000000000000 ) ) ;
#5486 = DIRECTION ( 'NONE',  ( 1.000000000000000000, 0.000000000000000000, -0.000000000000000000 ) ) ;
#5487 = CARTESIAN_POINT ( 'NONE',  ( 3.125000000000000000, 0.4000000000000001887, -0.8000000000000000444 ) ) ;
#5488 = LINE ( 'NONE', #4800, #1737 ) ;
#5489 = DIRECTION ( 'NONE',  ( 0.000000000000000000, -1.000000000000000000, 0.000000000000000000 ) ) ;
#5490 = CARTESIAN_POINT ( 'NONE',  ( 1.925000000000000044, 0.2500000000000000000, -1.173935688187389248 ) ) ;
#5491 = ORIENTED_EDGE ( 'NONE', *, *, #3272, .F. ) ;
#5492 = ORIENTED_EDGE ( 'NONE', *, *, #516, .T. ) ;
#5493 = EDGE_CURVE ( 'NONE', #7138, #7565, #6021, .T. ) ;
#5494 = ORIENTED_EDGE ( 'NONE', *, *, #1819, .T. ) ;
#5495 = ADVANCED_FACE ( 'NONE', ( #6105 ), #1830, .T. ) ;
#5496 = LINE ( 'NONE', #4623, #7943 ) ;
#5497 = ORIENTED_EDGE ( 'NONE', *, *, #1475, .T. ) ;
#5498 = CARTESIAN_POINT ( 'NONE',  ( 3.425000000000000266, 2.670000000000056328, -1.597499999999936193 ) ) ;
#5499 = DIRECTION ( 'NONE',  ( 0.000000000000000000, 0.000000000000000000, 1.000000000000000000 ) ) ;
#5500 = LINE ( 'NONE', #1439, #6395 ) ;
#5501 = CARTESIAN_POINT ( 'NONE',  ( -5.585000000000000853, 1.899999999999999911, -0.3499999999999998668 ) ) ;
#5502 = VERTEX_POINT ( 'NONE', #2605 ) ;
#5503 = EDGE_CURVE ( 'NONE', #3071, #3819, #8269, .T. ) ;
#5504 = VECTOR ( 'NONE', #1175, 1000.000000000000000 ) ;
#5505 = ORIENTED_EDGE ( 'NONE', *, *, #139, .T. ) ;
#5506 = LINE ( 'NONE', #691, #1787 ) ;
#5507 = EDGE_CURVE ( 'NONE', #7410, #6520, #7940, .T. ) ;
#5508 = CARTESIAN_POINT ( 'NONE',  ( 3.974999999999999201, 1.295481941491915645, -1.255324857972438091 ) ) ;
#5509 = AXIS2_PLACEMENT_3D ( 'NONE', #52, #2806, #5499 ) ;
#5510 = DIRECTION ( 'NONE',  ( 0.000000000000000000, -2.437924253196860008E-16, 1.000000000000000000 ) ) ;
#5511 = CARTESIAN_POINT ( 'NONE',  ( 2.225000000000341149, 3.404330127020342101, 2.109999999999175646 ) ) ;
#5512 = DIRECTION ( 'NONE',  ( 1.604619215278538989E-13, 0.000000000000000000, 1.000000000000000000 ) ) ;
#5513 = ORIENTED_EDGE ( 'NONE', *, *, #2197, .F. ) ;
#5514 = FACE_OUTER_BOUND ( 'NONE', #3766, .T. ) ;
#5515 = PLANE ( 'NONE',  #373 ) ;
#5516 = PRODUCT_DEFINITION_SHAPE ( 'NONE', 'NONE',  #1581 ) ;
#5517 = CARTESIAN_POINT ( 'NONE',  ( 3.772916391609243192, 2.018966987828186621, -1.438836915049395371 ) ) ;
#5518 = EDGE_CURVE ( 'NONE', #655, #1614, #4149, .T. ) ;
#5519 =( NAMED_UNIT ( * ) PLANE_ANGLE_UNIT ( ) SI_UNIT ( $, .RADIAN. ) );
#5520 = CARTESIAN_POINT ( 'NONE',  ( 2.225000000000356248, 1.899999999999999689, 2.199999999999345146 ) ) ;
#5521 = CARTESIAN_POINT ( 'NONE',  ( 3.024999999999999911, 0.2499999999999999445, -2.000000000000000000 ) ) ;
#5522 = ORIENTED_EDGE ( 'NONE', *, *, #7315, .T. ) ;
#5523 = EDGE_LOOP ( 'NONE', ( #1513, #1149, #110, #6780 ) ) ;
#5524 = VERTEX_POINT ( 'NONE', #8907 ) ;
#5525 = PLANE ( 'NONE',  #3162 ) ;
#5526 = CARTESIAN_POINT ( 'NONE',  ( 3.275000000000515055, 0.8000000000000002665, -0.4000000000000417666 ) ) ;
#5527 = CARTESIAN_POINT ( 'NONE',  ( 3.277663711335768060, 2.963185233886589831, 1.676177904952550035 ) ) ;
#5528 = ORIENTED_EDGE ( 'NONE', *, *, #7025, .F. ) ;
#5529 = DIRECTION ( 'NONE',  ( 0.000000000000000000, 0.000000000000000000, 1.000000000000000000 ) ) ;
#5530 = VECTOR ( 'NONE', #7168, 1000.000000000000000 ) ;
#5531 = CARTESIAN_POINT ( 'NONE',  ( -3.624999999999793499, -1.672439521387119461E-16, -0.9000000000004242384 ) ) ;
#5532 = ORIENTED_EDGE ( 'NONE', *, *, #4332, .T. ) ;
#5533 = ORIENTED_EDGE ( 'NONE', *, *, #6401, .T. ) ;
#5534 = ORIENTED_EDGE ( 'NONE', *, *, #8127, .T. ) ;
#5535 = CARTESIAN_POINT ( 'NONE',  ( 3.641673936429752345, 1.491733461032039187, -0.7833260635702471442 ) ) ;
#5536 = ORIENTED_EDGE ( 'NONE', *, *, #6365, .T. ) ;
#5537 = CARTESIAN_POINT ( 'NONE',  ( 3.669745707731745465, 3.065464225597954062, 1.251839274281682179 ) ) ;
#5538 = CARTESIAN_POINT ( 'NONE',  ( 3.275000000000000355, 1.899999999999999911, 0.000000000000000000 ) ) ;
#5539 = AXIS2_PLACEMENT_3D ( 'NONE', #4527, #7319, #6673 ) ;
#5540 = ADVANCED_FACE ( 'NONE', ( #3884 ), #5342, .T. ) ;
#5541 = FACE_OUTER_BOUND ( 'NONE', #8939, .T. ) ;
#5542 = EDGE_CURVE ( 'NONE', #7228, #8943, #101, .T. ) ;
#5543 = DIRECTION ( 'NONE',  ( 1.000000000000000000, 4.613626265895765162E-17, -1.619075244254214076E-13 ) ) ;
#5544 =( BOUNDED_SURFACE ( )  B_SPLINE_SURFACE ( 3, 2, ( 
 ( #7415, #6624, #3897 ),
 ( #5897, #1649, #4425 ),
 ( #453, #7914, #7221 ),
 ( #2476, #5986, #3112 ) ),
 .UNSPECIFIED., .F., .F., .T. ) 
 B_SPLINE_SURFACE_WITH_KNOTS ( ( 4, 4 ),
 ( 3, 3 ),
 ( 0.000000000000000000, 0.0005167576660483043588 ),
 ( 0.000000000000000000, 1.000000000000000000 ),
 .UNSPECIFIED. ) 
 GEOMETRIC_REPRESENTATION_ITEM ( )  RATIONAL_B_SPLINE_SURFACE ( (
 ( 1.000000000000000000, 0.8595424877200072977, 1.000000000000000000),
 ( 1.000000000000000000, 0.8536137059910235969, 1.000000000000000000),
 ( 1.000000000000000000, 0.8489000215468739396, 1.000000000000000000),
 ( 1.000000000000000000, 0.8448600182195862285, 1.000000000000000000) ) ) 
 REPRESENTATION_ITEM ( '' )  SURFACE ( )  );
#5545 = ORIENTED_EDGE ( 'NONE', *, *, #4652, .T. ) ;
#5546 = AXIS2_PLACEMENT_3D ( 'NONE', #7320, #8114, #8794 ) ;
#5547 = CIRCLE ( 'NONE', #6404, 0.1350000000000001477 ) ;
#5548 = CARTESIAN_POINT ( 'NONE',  ( 3.683705463590645657, 1.636624139671303269, 1.248043438063049848 ) ) ;
#5549 = ORIENTED_EDGE ( 'NONE', *, *, #5328, .F. ) ;
#5550 = DIRECTION ( 'NONE',  ( -1.000000000000000000, -4.613626265895768243E-17, 0.000000000000000000 ) ) ;
#5551 = CYLINDRICAL_SURFACE ( 'NONE', #3716, 0.1500000000000003830 ) ;
#5552 = ORIENTED_EDGE ( 'NONE', *, *, #6935, .F. ) ;
#5553 = AXIS2_PLACEMENT_3D ( 'NONE', #2773, #8400, #6237 ) ;
#5554 = EDGE_CURVE ( 'NONE', #233, #1, #605, .T. ) ;
#5555 = CARTESIAN_POINT ( 'NONE',  ( -3.074999999999999734, 0.1799999999999998546, -0.2000000000004247269 ) ) ;
#5556 = CARTESIAN_POINT ( 'NONE',  ( 3.974999987075801933, 1.000318215752459050, -1.026242063337355903 ) ) ;
#5557 = DIRECTION ( 'NONE',  ( -2.141633920959021099E-15, 0.000000000000000000, -1.000000000000000000 ) ) ;
#5558 = ORIENTED_EDGE ( 'NONE', *, *, #9004, .F. ) ;
#5559 = AXIS2_PLACEMENT_3D ( 'NONE', #2116, #4221, #7051 ) ;
#5560 = ORIENTED_EDGE ( 'NONE', *, *, #4714, .T. ) ;
#5561 = DIRECTION ( 'NONE',  ( 0.000000000000000000, 0.000000000000000000, -1.000000000000000000 ) ) ;
#5562 = DIRECTION ( 'NONE',  ( 1.626303258728254884E-13, 0.000000000000000000, 1.000000000000000000 ) ) ;
#5563 = CARTESIAN_POINT ( 'NONE',  ( 3.862283002801392140, 1.714174690140786828, 1.347632669783395798 ) ) ;
#5564 = EDGE_CURVE ( 'NONE', #1308, #5443, #5380, .T. ) ;
#5565 = DIRECTION ( 'NONE',  ( 0.000000000000000000, 0.000000000000000000, -1.000000000000000000 ) ) ;
#5566 = FACE_OUTER_BOUND ( 'NONE', #1826, .T. ) ;
#5567 = FACE_OUTER_BOUND ( 'NONE', #5432, .T. ) ;
#5568 = ORIENTED_EDGE ( 'NONE', *, *, #1169, .F. ) ;
#5569 = CARTESIAN_POINT ( 'NONE',  ( 3.745898938664381284, 2.927728206145053580, 1.448372788627170671 ) ) ;
#5570 = CARTESIAN_POINT ( 'NONE',  ( 3.125000000000000000, 0.3750000000000000000, -1.200000000000000400 ) ) ;
#5571 = CARTESIAN_POINT ( 'NONE',  ( -3.674999999999999822, 1.900000000000000133, 1.050000000000000044 ) ) ;
#5572 = VECTOR ( 'NONE', #6054, 1000.000000000000000 ) ;
#5573 = EDGE_LOOP ( 'NONE', ( #2590, #7185, #3914, #8787 ) ) ;
#5574 = CARTESIAN_POINT ( 'NONE',  ( 2.225000000000000089, 1.899999999999999689, 1.133352670977950737E-13 ) ) ;
#5575 = LINE ( 'NONE', #3828, #475 ) ;
#5576 = ORIENTED_EDGE ( 'NONE', *, *, #5144, .F. ) ;
#5577 = ORIENTED_EDGE ( 'NONE', *, *, #5605, .F. ) ;
#5578 = EDGE_CURVE ( 'NONE', #5524, #7533, #3701, .T. ) ;
#5579 = EDGE_LOOP ( 'NONE', ( #8591, #3614, #7351, #717 ) ) ;
#5580 = VECTOR ( 'NONE', #3090, 1000.000000000000000 ) ;
#5581 = ORIENTED_EDGE ( 'NONE', *, *, #6049, .F. ) ;
#5582 = CARTESIAN_POINT ( 'NONE',  ( 3.675000000000000266, 1.899999999999999911, 0.000000000000000000 ) ) ;
#5583 = DIRECTION ( 'NONE',  ( -1.531752565501796969E-13, -0.3237035207080050103, -0.9461585652950791347 ) ) ;
#5584 = CARTESIAN_POINT ( 'NONE',  ( 3.231750655984344078, 1.847171132079533873, 1.212171132079469471 ) ) ;
#5585 = AXIS2_PLACEMENT_3D ( 'NONE', #6132, #2758, #8932 ) ;
#5586 = CYLINDRICAL_SURFACE ( 'NONE', #5559, 0.2500000000000000000 ) ;
#5587 = ORIENTED_EDGE ( 'NONE', *, *, #8011, .T. ) ;
#5588 = SURFACE_SIDE_STYLE ('',( #2118 ) ) ;
#5589 = EDGE_CURVE ( 'NONE', #6012, #5944, #532, .T. ) ;
#5590 = AXIS2_PLACEMENT_3D ( 'NONE', #3548, #149, #3595 ) ;
#5591 = ORIENTED_EDGE ( 'NONE', *, *, #8929, .F. ) ;
#5592 = LINE ( 'NONE', #4910, #2519 ) ;
#5593 = AXIS2_PLACEMENT_3D ( 'NONE', #671, #3431, #3221 ) ;
#5594 = TOROIDAL_SURFACE ( 'NONE', #7507, 0.8516191124590790640, 0.3499999999999999778 ) ;
#5595 = PLANE ( 'NONE',  #8536 ) ;
#5596 = EDGE_LOOP ( 'NONE', ( #7512, #8136, #3318, #6265 ) ) ;
#5597 = CARTESIAN_POINT ( 'NONE',  ( 0.000000000000000000, 0.1749999999999999889, 0.000000000000000000 ) ) ;
#5598 = CARTESIAN_POINT ( 'NONE',  ( 3.703812642653109055, 0.9961697082567124717, -1.002516245008675533 ) ) ;
#5599 = DIRECTION ( 'NONE',  ( 0.000000000000000000, 0.000000000000000000, -1.000000000000000000 ) ) ;
#5600 = VECTOR ( 'NONE', #1059, 1000.000000000000227 ) ;
#5601 = ORIENTED_EDGE ( 'NONE', *, *, #5738, .F. ) ;
#5602 = COLOUR_RGB ( '',0.7921568627450980005, 0.8196078431372548767, 0.9333333333333333481 ) ;
#5603 = EDGE_CURVE ( 'NONE', #8068, #5502, #3859, .T. ) ;
#5604 = DIRECTION ( 'NONE',  ( 0.000000000000000000, 0.000000000000000000, 1.000000000000000000 ) ) ;
#5605 = EDGE_CURVE ( 'NONE', #7952, #896, #4005, .T. ) ;
#5606 = CARTESIAN_POINT ( 'NONE',  ( 3.769770108971758127, 2.020615182269966947, -1.439597994792771729 ) ) ;
#5607 = CARTESIAN_POINT ( 'NONE',  ( 3.275000000000000355, 0.2500000000000000000, 2.000000000000000000 ) ) ;
#5608 = VECTOR ( 'NONE', #1453, 1000.000000000000000 ) ;
#5609 = PLANE ( 'NONE',  #1896 ) ;
#5610 = LINE ( 'NONE', #1503, #767 ) ;
#5611 = ORIENTED_EDGE ( 'NONE', *, *, #5098, .F. ) ;
#5612 = ORIENTED_EDGE ( 'NONE', *, *, #5564, .T. ) ;
#5613 = CARTESIAN_POINT ( 'NONE',  ( 3.757146442789351060, 2.925712205258923060, 1.443490113932380581 ) ) ;
#5614 = DIRECTION ( 'NONE',  ( 1.000000000000000000, 0.000000000000000000, 0.000000000000000000 ) ) ;
#5615 = ADVANCED_FACE ( 'NONE', ( #5971 ), #3196, .F. ) ;
#5616 = CARTESIAN_POINT ( 'NONE',  ( 3.125000000000000000, 0.2499999999999999445, 1.200000000000000178 ) ) ;
#5617 = ORIENTED_EDGE ( 'NONE', *, *, #2392, .T. ) ;
#5618 = LINE ( 'NONE', #3389, #6838 ) ;
#5619 = FACE_OUTER_BOUND ( 'NONE', #5523, .T. ) ;
#5620 = ORIENTED_EDGE ( 'NONE', *, *, #1256, .T. ) ;
#5621 =( BOUNDED_SURFACE ( )  B_SPLINE_SURFACE ( 3, 2, ( 
 ( #4042, #6087, #3356 ),
 ( #468, #4630, #3227 ),
 ( #7474, #3865, #5954 ),
 ( #2587, #4590, #1810 ) ),
 .UNSPECIFIED., .F., .F., .T. ) 
 B_SPLINE_SURFACE_WITH_KNOTS ( ( 4, 4 ),
 ( 3, 3 ),
 ( 0.000000000000000000, 0.0005167576660483013231 ),
 ( 0.000000000000000000, 1.000000000000000000 ),
 .UNSPECIFIED. ) 
 GEOMETRIC_REPRESENTATION_ITEM ( )  RATIONAL_B_SPLINE_SURFACE ( (
 ( 1.000000000000000000, 0.8595424877200070757, 1.000000000000000000),
 ( 1.000000000000000000, 0.8536137059910254843, 1.000000000000000000),
 ( 1.000000000000000000, 0.8489000215468718302, 1.000000000000000000),
 ( 1.000000000000000000, 0.8448600182195865615, 1.000000000000000000) ) ) 
 REPRESENTATION_ITEM ( '' )  SURFACE ( )  );
#5622 = ORIENTED_EDGE ( 'NONE', *, *, #4241, .T. ) ;
#5623 = DIRECTION ( 'NONE',  ( 0.000000000000000000, 1.000000000000000000, 0.000000000000000000 ) ) ;
#5624 = VECTOR ( 'NONE', #8111, 1000.000000000000000 ) ;
#5625 = DIRECTION ( 'NONE',  ( -1.000000000000000000, 0.000000000000000000, 0.000000000000000000 ) ) ;
#5626 = LINE ( 'NONE', #7091, #2291 ) ;
#5627 = EDGE_CURVE ( 'NONE', #7720, #2565, #7402, .T. ) ;
#5628 = DIRECTION ( 'NONE',  ( 0.000000000000000000, 0.000000000000000000, 1.000000000000000000 ) ) ;
#5629 = AXIS2_PLACEMENT_3D ( 'NONE', #4351, #7146, #3674 ) ;
#5630 = DIRECTION ( 'NONE',  ( -1.000000000000000000, -0.000000000000000000, -0.000000000000000000 ) ) ;
#5631 = ORIENTED_EDGE ( 'NONE', *, *, #4664, .T. ) ;
#5632 = LINE ( 'NONE', #2938, #3643 ) ;
#5633 = DIRECTION ( 'NONE',  ( 4.613626265895765162E-17, -1.000000000000000000, 0.000000000000000000 ) ) ;
#5634 = EDGE_LOOP ( 'NONE', ( #5338, #5935, #5933, #8126, #5162 ) ) ;
#5635 = CARTESIAN_POINT ( 'NONE',  ( 3.974830464012228504, 1.209415321273435984, -1.246119465451468233 ) ) ;
#5636 = CIRCLE ( 'NONE', #8714, 0.9000000000000000222 ) ;
#5637 = CARTESIAN_POINT ( 'NONE',  ( 3.125000000000000000, 1.070000000000038476, 1.002499999999935110 ) ) ;
#5638 = ORIENTED_EDGE ( 'NONE', *, *, #2514, .F. ) ;
#5639 = CARTESIAN_POINT ( 'NONE',  ( 3.655504509961679638, 2.166710168957866056, -1.253814209305440741 ) ) ;
#5640 = EDGE_CURVE ( 'NONE', #6012, #566, #3244, .T. ) ;
#5641 = CARTESIAN_POINT ( 'NONE',  ( 3.763286936559658624, 1.776728925579275531, 1.441575960432277759 ) ) ;
#5642 = PLANE ( 'NONE',  #8335 ) ;
#5643 = VECTOR ( 'NONE', #2027, 1000.000000000000000 ) ;
#5644 = ORIENTED_EDGE ( 'NONE', *, *, #6789, .T. ) ;
#5645 = ORIENTED_EDGE ( 'NONE', *, *, #2028, .F. ) ;
#5646 = CARTESIAN_POINT ( 'NONE',  ( 2.224999999999765166, 0.1799999999999999933, -1.450000000000825739 ) ) ;
#5647 = CARTESIAN_POINT ( 'NONE',  ( 3.275000000000000355, 3.399999999999999911, 1.322875655532295802 ) ) ;
#5648 = LINE ( 'NONE', #4883, #2080 ) ;
#5649 = EDGE_CURVE ( 'NONE', #715, #738, #3847, .T. ) ;
#5650 = CARTESIAN_POINT ( 'NONE',  ( -3.875000000000000000, 2.188918058954341106, -1.776661575880238431 ) ) ;
#5651 = LINE ( 'NONE', #4199, #4675 ) ;
#5652 = EDGE_CURVE ( 'NONE', #3261, #566, #6776, .T. ) ;
#5653 = ORIENTED_EDGE ( 'NONE', *, *, #8340, .T. ) ;
#5654 = AXIS2_PLACEMENT_3D ( 'NONE', #3533, #2849, #8469 ) ;
#5655 = ORIENTED_EDGE ( 'NONE', *, *, #4206, .F. ) ;
#5656 = EDGE_LOOP ( 'NONE', ( #3307, #3739, #601, #4479 ) ) ;
#5657 = DIRECTION ( 'NONE',  ( -1.000000000000000000, 0.000000000000000000, -3.336006684570784581E-16 ) ) ;
#5658 = DIRECTION ( 'NONE',  ( 1.000000000000000000, -0.000000000000000000, -0.000000000000000000 ) ) ;
#5659 = CARTESIAN_POINT ( 'NONE',  ( -2.874999999999765521, 0.1799999999999998823, 1.449999999999999956 ) ) ;
#5660 = ORIENTED_EDGE ( 'NONE', *, *, #6159, .F. ) ;
#5661 = ORIENTED_EDGE ( 'NONE', *, *, #1670, .T. ) ;
#5662 = DIRECTION ( 'NONE',  ( 0.000000000000000000, 0.000000000000000000, 1.000000000000000000 ) ) ;
#5663 = ADVANCED_FACE ( 'NONE', ( #7716 ), #6976, .F. ) ;
#5664 = ORIENTED_EDGE ( 'NONE', *, *, #6365, .F. ) ;
#5665 = CARTESIAN_POINT ( 'NONE',  ( 3.624999999999999556, 1.487689437438233231, -0.7999999999999998224 ) ) ;
#5666 = LINE ( 'NONE', #2848, #524 ) ;
#5667 = DIRECTION ( 'NONE',  ( 1.000000000000000000, 0.000000000000000000, 0.000000000000000000 ) ) ;
#5668 = LINE ( 'NONE', #6916, #4465 ) ;
#5669 = CARTESIAN_POINT ( 'NONE',  ( 3.877874390811272054, 2.967332120996892808, 1.241330226333154041 ) ) ;
#5670 = ADVANCED_FACE ( 'NONE', ( #8362 ), #26, .F. ) ;
#5671 = ORIENTED_EDGE ( 'NONE', *, *, #6768, .T. ) ;
#5672 = CIRCLE ( 'NONE', #469, 0.2250000000000012546 ) ;
#5673 = CARTESIAN_POINT ( 'NONE',  ( 3.750616035036996809, 2.927669729060672577, 1.445885627488024516 ) ) ;
#5674 = DIRECTION ( 'NONE',  ( 1.618418152019836092E-13, 0.000000000000000000, 1.000000000000000000 ) ) ;
#5675 = EDGE_CURVE ( 'NONE', #2180, #8439, #8999, .T. ) ;
#5676 = ORIENTED_EDGE ( 'NONE', *, *, #4255, .T. ) ;
#5677 = DIRECTION ( 'NONE',  ( -0.08715574274765873486, 0.000000000000000000, -0.9961946980917455452 ) ) ;
#5678 = CARTESIAN_POINT ( 'NONE',  ( 3.275000000000000355, 1.899999999999999911, 0.000000000000000000 ) ) ;
#5679 = CIRCLE ( 'NONE', #32, 0.2000000000000000944 ) ;
#5680 = AXIS2_PLACEMENT_3D ( 'NONE', #7576, #5335, #6788 ) ;
#5681 = DIRECTION ( 'NONE',  ( -0.000000000000000000, -0.000000000000000000, 1.000000000000000000 ) ) ;
#5682 = CARTESIAN_POINT ( 'NONE',  ( 3.741907075646474734, 0.7408490760391079899, -1.249498289803155027 ) ) ;
#5683 = PLANE ( 'NONE',  #766 ) ;
#5684 = EDGE_LOOP ( 'NONE', ( #95, #2569, #4444, #5676 ) ) ;
#5685 = EDGE_CURVE ( 'NONE', #7104, #4978, #156, .T. ) ;
#5686 = ORIENTED_EDGE ( 'NONE', *, *, #2205, .T. ) ;
#5687 = CARTESIAN_POINT ( 'NONE',  ( 3.974192846805071788, 2.675815737398942851, 1.233556677583682593 ) ) ;
#5688 = AXIS2_PLACEMENT_3D ( 'NONE', #8485, #3597, #5001 ) ;
#5689 = AXIS2_PLACEMENT_3D ( 'NONE', #3560, #2175, #747 ) ;
#5690 = DIRECTION ( 'NONE',  ( 1.618788986246299066E-13, 0.000000000000000000, 1.000000000000000000 ) ) ;
#5691 = ORIENTED_EDGE ( 'NONE', *, *, #8297, .T. ) ;
#5692 = CARTESIAN_POINT ( 'NONE',  ( -5.235000000000000320, 1.899999999999999911, -0.3499999999999998668 ) ) ;
#5693 = CARTESIAN_POINT ( 'NONE',  ( 3.703812642653109943, 1.896169708256712383, 1.002516245008675533 ) ) ;
#5694 = LINE ( 'NONE', #1420, #6555 ) ;
#5695 = VECTOR ( 'NONE', #3368, 1000.000000000000000 ) ;
#5696 = EDGE_LOOP ( 'NONE', ( #3021, #8573, #3880, #3669, #8960 ) ) ;
#5697 = AXIS2_PLACEMENT_3D ( 'NONE', #527, #8176, #2603 ) ;
#5698 = PLANE ( 'NONE',  #7037 ) ;
#5699 = DIRECTION ( 'NONE',  ( 0.8795987315729343337, 0.4101636246358768001, -0.2409810624112291300 ) ) ;
#5700 = ADVANCED_FACE ( 'NONE', ( #741 ), #7024, .T. ) ;
#5701 = DIRECTION ( 'NONE',  ( -1.000000000000000000, -0.000000000000000000, -0.000000000000000000 ) ) ;
#5702 = EDGE_CURVE ( 'NONE', #1514, #555, #7768, .T. ) ;
#5703 = ADVANCED_FACE ( 'NONE', ( #2171 ), #8066, .T. ) ;
#5704 = DIRECTION ( 'NONE',  ( 4.613626265895765162E-17, -1.000000000000000000, 0.000000000000000000 ) ) ;
#5705 = VERTEX_POINT ( 'NONE', #7580 ) ;
#5706 = CARTESIAN_POINT ( 'NONE',  ( 3.125000000000000000, 2.670000000000056328, -1.147499999999933795 ) ) ;
#5707 = EDGE_LOOP ( 'NONE', ( #6745, #8703, #2281, #5911 ) ) ;
#5708 = DIRECTION ( 'NONE',  ( 0.000000000000000000, -1.000000000000000000, 0.000000000000000000 ) ) ;
#5709 = ADVANCED_FACE ( 'NONE', ( #4964 ), #4280, .F. ) ;
#5710 = DIRECTION ( 'NONE',  ( -1.000000000000000000, -4.613626265895768243E-17, 0.000000000000000000 ) ) ;
#5711 = LINE ( 'NONE', #223, #4632 ) ;
#5712 = EDGE_CURVE ( 'NONE', #6394, #2004, #7519, .T. ) ;
#5713 = AXIS2_PLACEMENT_3D ( 'NONE', #1769, #3185, #7340 ) ;
#5714 = EDGE_CURVE ( 'NONE', #1250, #6207, #2782, .T. ) ;
#5715 = B_SPLINE_CURVE_WITH_KNOTS ( 'NONE', 3,
 ( #6532, #8749, #7276, #6682, #8659, #463, #2391, #3219, #6728, #508, #1852, #4627, #3174 ),
 .UNSPECIFIED., .F., .F.,
 ( 4, 3, 3, 3, 4 ),
 ( 0.000000000000000000, 0.0001291738796477377390, 0.0001928217672251566453, 0.0002034590868334346396, 0.0002157016404822990061 ),
 .UNSPECIFIED. ) ;
#5716 = CARTESIAN_POINT ( 'NONE',  ( 3.025000000000512834, -1.084202172485504434E-16, -0.4000000000000417111 ) ) ;
#5717 = DIRECTION ( 'NONE',  ( -1.000000000000000000, -6.776263578034402713E-17, 0.000000000000000000 ) ) ;
#5718 = EDGE_LOOP ( 'NONE', ( #5194, #5396, #6908, #1800 ) ) ;
#5719 = COLOUR_RGB ( '',0.5019607843137254832, 0.5019607843137254832, 0.5019607843137254832 ) ;
#5720 = CARTESIAN_POINT ( 'NONE',  ( 3.425000000000000266, 2.670000000000056328, -1.372499999999934994 ) ) ;
#5721 = ORIENTED_EDGE ( 'NONE', *, *, #4342, .T. ) ;
#5722 = CARTESIAN_POINT ( 'NONE',  ( -2.875000000000336620, 1.187852254442086419, -2.081548843649124958 ) ) ;
#5723 = CARTESIAN_POINT ( 'NONE',  ( 3.275000000000000355, 1.643849884549081874, 1.621109781535733374 ) ) ;
#5724 = DIRECTION ( 'NONE',  ( 3.336006684570777678E-16, 0.000000000000000000, -1.000000000000000000 ) ) ;
#5725 = ADVANCED_FACE ( 'NONE', ( #5921 ), #2555, .T. ) ;
#5726 = VECTOR ( 'NONE', #8564, 1000.000000000000000 ) ;
#5727 = LINE ( 'NONE', #6978, #2266 ) ;
#5728 = CARTESIAN_POINT ( 'NONE',  ( 3.277663711335771612, 2.056175808745024369, -1.679545526866349503 ) ) ;
#5729 = CARTESIAN_POINT ( 'NONE',  ( 1.925000000000000266, 0.2500000000000000000, 6.421812867798747930E-16 ) ) ;
#5730 = CARTESIAN_POINT ( 'NONE',  ( 3.275000000000000355, 2.200000000000000178, -1.214048674522871352 ) ) ;
#5731 = ORIENTED_EDGE ( 'NONE', *, *, #224, .F. ) ;
#5732 = ORIENTED_EDGE ( 'NONE', *, *, #625, .F. ) ;
#5733 = CIRCLE ( 'NONE', #5304, 0.3499999999999998668 ) ;
#5734 = AXIS2_PLACEMENT_3D ( 'NONE', #6714, #8877, #1208 ) ;
#5735 = DIRECTION ( 'NONE',  ( -1.000000000000000000, 0.000000000000000000, 0.000000000000000000 ) ) ;
#5736 = DIRECTION ( 'NONE',  ( -0.7071067811865536790, 8.659560562354855205E-17, -0.7071067811865412445 ) ) ;
#5737 = DIRECTION ( 'NONE',  ( 0.000000000000000000, 0.000000000000000000, 1.000000000000000000 ) ) ;
#5738 = EDGE_CURVE ( 'NONE', #8829, #3542, #5820, .T. ) ;
#5739 = DIRECTION ( 'NONE',  ( -1.000000000000000000, 0.000000000000000000, -0.000000000000000000 ) ) ;
#5740 = VECTOR ( 'NONE', #6511, 1000.000000000000000 ) ;
#5741 = DIRECTION ( 'NONE',  ( 0.000000000000000000, 0.000000000000000000, 1.000000000000000000 ) ) ;
#5742 = ORIENTED_EDGE ( 'NONE', *, *, #3394, .T. ) ;
#5743 = VERTEX_POINT ( 'NONE', #3087 ) ;
#5744 = DIRECTION ( 'NONE',  ( -1.000000000000000000, 0.000000000000000000, 0.000000000000000000 ) ) ;
#5745 = DIRECTION ( 'NONE',  ( 1.000000000000000000, 4.613626265895765162E-17, -1.619075244254214076E-13 ) ) ;
#5746 = AXIS2_PLACEMENT_3D ( 'NONE', #8404, #1374, #3603 ) ;
#5747 = DIRECTION ( 'NONE',  ( -0.7071067811865632269, -0.7071067811865318076, 0.000000000000000000 ) ) ;
#5748 = FACE_OUTER_BOUND ( 'NONE', #6008, .T. ) ;
#5749 = ORIENTED_EDGE ( 'NONE', *, *, #1631, .T. ) ;
#5750 = VECTOR ( 'NONE', #5767, 1000.000000000000000 ) ;
#5751 = EDGE_CURVE ( 'NONE', #6992, #6797, #2843, .T. ) ;
#5752 = ORIENTED_EDGE ( 'NONE', *, *, #2375, .F. ) ;
#5753 = ORIENTED_EDGE ( 'NONE', *, *, #4768, .F. ) ;
#5754 = ORIENTED_EDGE ( 'NONE', *, *, #6995, .T. ) ;
#5755 = FACE_OUTER_BOUND ( 'NONE', #8277, .T. ) ;
#5756 = DIRECTION ( 'NONE',  ( -1.000000000000000000, 0.000000000000000000, 0.000000000000000000 ) ) ;
#5757 = DIRECTION ( 'NONE',  ( -0.9924325091389669673, -0.08682659386424777803, 0.08682659386424779191 ) ) ;
#5758 = CARTESIAN_POINT ( 'NONE',  ( 2.924999999999999822, 0.000000000000000000, 0.000000000000000000 ) ) ;
#5759 = DIRECTION ( 'NONE',  ( -0.000000000000000000, -0.000000000000000000, -1.000000000000000000 ) ) ;
#5760 = EDGE_CURVE ( 'NONE', #1614, #1788, #2405, .T. ) ;
#5761 = ADVANCED_FACE ( 'NONE', ( #5138 ), #5777, .F. ) ;
#5762 = ORIENTED_EDGE ( 'NONE', *, *, #6524, .T. ) ;
#5763 = LINE ( 'NONE', #5268, #4294 ) ;
#5764 = CARTESIAN_POINT ( 'NONE',  ( -2.874999999999999556, -1.326417551445032214E-16, 1.300000000000425482 ) ) ;
#5765 = ORIENTED_EDGE ( 'NONE', *, *, #3764, .T. ) ;
#5766 = FACE_OUTER_BOUND ( 'NONE', #7811, .T. ) ;
#5767 = DIRECTION ( 'NONE',  ( -0.000000000000000000, 1.000000000000000000, -0.000000000000000000 ) ) ;
#5768 = FACE_OUTER_BOUND ( 'NONE', #1484, .T. ) ;
#5769 = DIRECTION ( 'NONE',  ( -3.614007241618347908E-17, -2.006177025403370566E-33, 1.000000000000000000 ) ) ;
#5770 = CARTESIAN_POINT ( 'NONE',  ( 3.675000000000000266, 3.399999999999999911, 2.199999999999999734 ) ) ;
#5771 = EDGE_CURVE ( 'NONE', #4776, #6604, #5007, .T. ) ;
#5772 = DIRECTION ( 'NONE',  ( 1.618418152018579720E-13, 0.000000000000000000, 1.000000000000000000 ) ) ;
#5773 = VERTEX_POINT ( 'NONE', #5870 ) ;
#5774 = EDGE_LOOP ( 'NONE', ( #7188, #3887, #3754, #2228 ) ) ;
#5775 = EDGE_CURVE ( 'NONE', #3332, #6973, #3576, .T. ) ;
#5776 = CARTESIAN_POINT ( 'NONE',  ( 2.924999999999999822, 2.200000000000000178, -1.824999999999999734 ) ) ;
#5777 = CYLINDRICAL_SURFACE ( 'NONE', #6920, 0.2000000000000000944 ) ;
#5778 = CARTESIAN_POINT ( 'NONE',  ( 3.050000000000000266, 0.1749999999999999889, -0.9000000000000002442 ) ) ;
#5779 = CARTESIAN_POINT ( 'NONE',  ( 3.655504509961679638, 0.7332898310421345212, -1.253814209305440519 ) ) ;
#5780 = DIRECTION ( 'NONE',  ( 0.000000000000000000, -0.3711537444790460882, 0.9285714285714282701 ) ) ;
#5781 = CARTESIAN_POINT ( 'NONE',  ( 3.163833238488162003, 2.317346022758991708, -0.8208885135637439268 ) ) ;
#5782 = ORIENTED_EDGE ( 'NONE', *, *, #5063, .F. ) ;
#5783 = VERTEX_POINT ( 'NONE', #2354 ) ;
#5784 = DIRECTION ( 'NONE',  ( -0.000000000000000000, -0.9461585652950790237, 0.3237035207080049548 ) ) ;
#5785 = CYLINDRICAL_SURFACE ( 'NONE', #3858, 0.2500000000000000000 ) ;
#5786 = EDGE_CURVE ( 'NONE', #71, #2657, #5193, .T. ) ;
#5787 = CARTESIAN_POINT ( 'NONE',  ( 1.025000000000027667, 0.5351873510799259881, -1.668013584959945783 ) ) ;
#5788 = VERTEX_POINT ( 'NONE', #7936 ) ;
#5789 = LINE ( 'NONE', #400, #5884 ) ;
#5790 = ORIENTED_EDGE ( 'NONE', *, *, #1643, .F. ) ;
#5791 = CARTESIAN_POINT ( 'NONE',  ( 3.655504509961679638, 1.917661494434929725, -0.9982898310420694754 ) ) ;
#5792 = CARTESIAN_POINT ( 'NONE',  ( 3.126268858646825244, 2.331869191334879687, 0.8825416276371247370 ) ) ;
#5793 = AXIS2_PLACEMENT_3D ( 'NONE', #8601, #6313, #5667 ) ;
#5794 = ORIENTED_EDGE ( 'NONE', *, *, #846, .T. ) ;
#5795 = ORIENTED_EDGE ( 'NONE', *, *, #8285, .F. ) ;
#5796 = ORIENTED_EDGE ( 'NONE', *, *, #5422, .F. ) ;
#5797 = CARTESIAN_POINT ( 'NONE',  ( -7.875000000000000000, 2.016124824835400009, -1.648185373389841057 ) ) ;
#5798 = DIRECTION ( 'NONE',  ( -0.000000000000000000, -0.000000000000000000, -1.000000000000000000 ) ) ;
#5799 = DIRECTION ( 'NONE',  ( 0.000000000000000000, -1.000000000000000000, 0.000000000000000000 ) ) ;
#5800 = LINE ( 'NONE', #7963, #2911 ) ;
#5801 = DIRECTION ( 'NONE',  ( -4.336808689942016158E-15, 1.000000000000000000, 0.000000000000000000 ) ) ;
#5802 = ORIENTED_EDGE ( 'NONE', *, *, #2481, .F. ) ;
#5803 = DIRECTION ( 'NONE',  ( 0.000000000000000000, 0.000000000000000000, -1.000000000000000000 ) ) ;
#5804 = CARTESIAN_POINT ( 'NONE',  ( 3.308257246020779530, 2.197090367993089099, -1.216958306529782208 ) ) ;
#5805 = EDGE_LOOP ( 'NONE', ( #3491, #5405, #5059, #6176 ) ) ;
#5806 = CARTESIAN_POINT ( 'NONE',  ( 3.275000000000000355, 3.400000000000000355, -1.322875655532294914 ) ) ;
#5807 = CARTESIAN_POINT ( 'NONE',  ( 3.275000000000515055, 0.8000000000000002665, 0.4000000000000425437 ) ) ;
#5808 = EDGE_CURVE ( 'NONE', #7782, #448, #2253, .T. ) ;
#5809 = CARTESIAN_POINT ( 'NONE',  ( 0.000000000000000000, 3.399999999999999911, 0.000000000000000000 ) ) ;
#5810 = EDGE_CURVE ( 'NONE', #81, #6984, #3769, .T. ) ;
#5811 = ADVANCED_FACE ( 'NONE', ( #6544 ), #863, .T. ) ;
#5812 = CARTESIAN_POINT ( 'NONE',  ( 3.675000000000000266, 3.399999999999999911, -0.7499999999999993339 ) ) ;
#5813 = PLANE ( 'NONE',  #8240 ) ;
#5814 = PLANE ( 'NONE',  #7316 ) ;
#5815 = VECTOR ( 'NONE', #4706, 1000.000000000000114 ) ;
#5816 = DIRECTION ( 'NONE',  ( 0.8968556368849969207, -0.07846470104676020463, -0.4353082324942285086 ) ) ;
#5817 = ORIENTED_EDGE ( 'NONE', *, *, #78, .T. ) ;
#5818 = ORIENTED_EDGE ( 'NONE', *, *, #2319, .F. ) ;
#5819 = CARTESIAN_POINT ( 'NONE',  ( 1.824999999999999734, 0.1499999999999999389, -2.000000000000000000 ) ) ;
#5820 = LINE ( 'NONE', #247, #3709 ) ;
#5821 = ADVANCED_FACE ( 'NONE', ( #6412 ), #6821, .T. ) ;
#5822 = VECTOR ( 'NONE', #1764, 1000.000000000000000 ) ;
#5823 = DIRECTION ( 'NONE',  ( -1.000000000000000000, 0.000000000000000000, 0.000000000000000000 ) ) ;
#5824 = DIRECTION ( 'NONE',  ( 0.000000000000000000, 0.000000000000000000, 1.000000000000000000 ) ) ;
#5825 = CARTESIAN_POINT ( 'NONE',  ( 0.000000000000000000, 0.7750000000000000222, 0.000000000000000000 ) ) ;
#5826 = CARTESIAN_POINT ( 'NONE',  ( 3.974999999999999201, 2.804774606288800154, 1.255324857430461405 ) ) ;
#5827 = VECTOR ( 'NONE', #663, 1000.000000000000000 ) ;
#5828 = EDGE_LOOP ( 'NONE', ( #1955, #7524, #1406 ) ) ;
#5829 =( BOUNDED_CURVE ( )  B_SPLINE_CURVE ( 3, ( #4461, #4296, #1690, #5791 ),
 .UNSPECIFIED., .F., .F. ) 
 B_SPLINE_CURVE_WITH_KNOTS ( ( 4, 4 ),
 ( 3.141592653589778461, 4.625122517784960863 ),
 .UNSPECIFIED. ) 
 CURVE ( )  GEOMETRIC_REPRESENTATION_ITEM ( )  RATIONAL_B_SPLINE_CURVE ( ( 1.000000000000000000, 0.8248515578734154641, 0.8248515578734154641, 1.000000000000000000 ) ) 
 REPRESENTATION_ITEM ( '' )  );
#5830 = ORIENTED_EDGE ( 'NONE', *, *, #1522, .T. ) ;
#5831 = AXIS2_PLACEMENT_3D ( 'NONE', #5393, #4621, #7419 ) ;
#5832 = EDGE_CURVE ( 'NONE', #3572, #2333, #7663, .T. ) ;
#5833 = CARTESIAN_POINT ( 'NONE',  ( 3.801133272289038967, 0.7779079974616517346, -1.366305915333618559 ) ) ;
#5834 = FACE_OUTER_BOUND ( 'NONE', #8914, .T. ) ;
#5835 = CARTESIAN_POINT ( 'NONE',  ( 2.224999999999690559, 1.246118888169527317, -1.911240301896836913 ) ) ;
#5836 = CARTESIAN_POINT ( 'NONE',  ( -2.875000000000341061, 3.404330127020341656, -2.110000000000001208 ) ) ;
#5837 = EDGE_CURVE ( 'NONE', #3530, #1838, #4884, .T. ) ;
#5838 = ORIENTED_EDGE ( 'NONE', *, *, #4619, .T. ) ;
#5839 = CIRCLE ( 'NONE', #330, 2.024999999999999911 ) ;
#5840 = VECTOR ( 'NONE', #7531, 1000.000000000000227 ) ;
#5841 = DIRECTION ( 'NONE',  ( 4.613626265895765162E-17, -1.000000000000000000, 0.000000000000000000 ) ) ;
#5842 = FACE_OUTER_BOUND ( 'NONE', #7219, .T. ) ;
#5843 = CIRCLE ( 'NONE', #3076, 0.2000000000000013989 ) ;
#5844 = ORIENTED_EDGE ( 'NONE', *, *, #2450, .T. ) ;
#5845 = EDGE_LOOP ( 'NONE', ( #3388, #7127, #1381 ) ) ;
#5846 = AXIS2_PLACEMENT_3D ( 'NONE', #1225, #3958, #6819 ) ;
#5847 = DIRECTION ( 'NONE',  ( 1.000000000000000000, 0.000000000000000000, 0.000000000000000000 ) ) ;
#5848 = CARTESIAN_POINT ( 'NONE',  ( 1.824999999999999734, -5.421010862427522170E-17, -2.000000000000000000 ) ) ;
#5849 = ADVANCED_FACE ( 'NONE', ( #3363 ), #4729, .F. ) ;
#5850 = VECTOR ( 'NONE', #739, 1000.000000000000000 ) ;
#5851 = DIRECTION ( 'NONE',  ( 0.000000000000000000, 0.000000000000000000, 1.000000000000000000 ) ) ;
#5852 = ADVANCED_FACE ( 'NONE', ( #3320 ), #8766, .F. ) ;
#5853 = CARTESIAN_POINT ( 'NONE',  ( 3.125000000000000000, 0.2500000000000000000, 1.200000000000000178 ) ) ;
#5854 = STYLED_ITEM ( 'NONE', ( #6580 ), #935 ) ;
#5855 = CARTESIAN_POINT ( 'NONE',  ( 2.669999999999988827, 0.6000000000000003109, -0.8000000000000000444 ) ) ;
#5856 = EDGE_LOOP ( 'NONE', ( #1738, #1506, #6813, #1728 ) ) ;
#5857 = EDGE_LOOP ( 'NONE', ( #294, #1390, #5960, #2558 ) ) ;
#5858 = DIRECTION ( 'NONE',  ( -1.531752565501796716E-13, -0.3237035207080049548, -0.9461585652950790237 ) ) ;
#5859 = CARTESIAN_POINT ( 'NONE',  ( 3.125000000000000000, 3.399999999999999911, 0.000000000000000000 ) ) ;
#5860 = ORIENTED_EDGE ( 'NONE', *, *, #3690, .T. ) ;
#5861 = DIRECTION ( 'NONE',  ( 0.7071067811865475727, 0.000000000000000000, -0.7071067811865475727 ) ) ;
#5862 = CLOSED_SHELL ( 'NONE', ( #4895, #911, #7408, #7059, #5615, #7199, #1293, #6605, #2297, #1133, #3546, #4418, #3100, #7269, #6272, #6730, #2136, #4068, #1318, #4595, #972, #8596, #745, #5996, #6676, #2615, #2817, #3547, #8032, #8718, #5877, #2693, #7373, #882, #1280, #5821, #6946, #3097, #8505, #1912, #1876, #4302, #2851, #7613, #5703 ) ) ;
#5863 = CARTESIAN_POINT ( 'NONE',  ( 1.824999999999999734, -5.421010862427522170E-17, -2.000000000000000000 ) ) ;
#5864 = LINE ( 'NONE', #3815, #4230 ) ;
#5865 = ADVANCED_FACE ( 'NONE', ( #2636 ), #5412, .T. ) ;
#5866 = DIRECTION ( 'NONE',  ( -1.000000000000000000, 0.000000000000000000, 0.000000000000000000 ) ) ;
#5867 = VERTEX_POINT ( 'NONE', #3872 ) ;
#5868 = CARTESIAN_POINT ( 'NONE',  ( -2.961254817187853661, 3.192021997418358570, -0.1655140592034603508 ) ) ;
#5869 = VECTOR ( 'NONE', #5476, 1000.000000000000227 ) ;
#5870 = CARTESIAN_POINT ( 'NONE',  ( -3.875000000000000000, 2.016124824835400009, -1.648185373389841057 ) ) ;
#5871 = ORIENTED_EDGE ( 'NONE', *, *, #8350, .F. ) ;
#5872 = CARTESIAN_POINT ( 'NONE',  ( -2.875000000000234035, 0.3149999999999998357, -1.449999999999999956 ) ) ;
#5873 = DIRECTION ( 'NONE',  ( 0.000000000000000000, 1.000000000000000000, 4.134233232122796829E-16 ) ) ;
#5874 = CARTESIAN_POINT ( 'NONE',  ( 3.382793893284286479, 0.9584794181826351567, -0.9744307436596337801 ) ) ;
#5875 = PLANE ( 'NONE',  #2045 ) ;
#5876 = CIRCLE ( 'NONE', #2531, 0.2000000000000000944 ) ;
#5877 = ADVANCED_FACE ( 'NONE', ( #2595 ), #6339, .T. ) ;
#5878 = VERTEX_POINT ( 'NONE', #1771 ) ;
#5879 = EDGE_CURVE ( 'NONE', #3644, #1083, #473, .T. ) ;
#5880 = EDGE_LOOP ( 'NONE', ( #4390, #8754, #6919, #7087 ) ) ;
#5881 = FACE_BOUND ( 'NONE', #4067, .T. ) ;
#5882 = DIRECTION ( 'NONE',  ( -0.000000000000000000, 1.000000000000000000, 3.046096706647208167E-16 ) ) ;
#5883 = CARTESIAN_POINT ( 'NONE',  ( -7.875000000000000000, 2.188918058954341106, -1.776661575880238431 ) ) ;
#5884 = VECTOR ( 'NONE', #3152, 1000.000000000000000 ) ;
#5885 = DIRECTION ( 'NONE',  ( 0.000000000000000000, 0.000000000000000000, 1.000000000000000000 ) ) ;
#5886 = CIRCLE ( 'NONE', #936, 0.2000000000000000944 ) ;
#5887 = ORIENTED_EDGE ( 'NONE', *, *, #8694, .F. ) ;
#5888 = CARTESIAN_POINT ( 'NONE',  ( 3.878356560107688811, 0.8335888653242181645, -1.231890857063361988 ) ) ;
#5889 = CARTESIAN_POINT ( 'NONE',  ( 3.965250449221089379, 1.916774406992073576, -1.204473552124641689 ) ) ;
#5890 =( BOUNDED_SURFACE ( )  B_SPLINE_SURFACE ( 3, 2, ( 
 ( #1801, #4584, #5906 ),
 ( #5318, #8120, #3718 ),
 ( #5224, #1756, #1081 ),
 ( #1660, #4435, #3028 ),
 ( #984, #1220, #3265 ),
 ( #638, #1933, #8338 ),
 ( #7606, #3397, #8249 ),
 ( #1263, #8158, #2622 ),
 ( #3310, #5399, #551 ),
 ( #7559, #8, #8202 ) ),
 .UNSPECIFIED., .F., .F., .T. ) 
 B_SPLINE_SURFACE_WITH_KNOTS ( ( 4, 2, 2, 2, 4 ),
 ( 3, 3 ),
 ( 0.000000000000000000, 0.0002649655691494896175, 0.0005299311382989792350, 0.0007948967074484688524, 0.001059862276597958470 ),
 ( 0.000000000000000000, 1.000000000000000000 ),
 .UNSPECIFIED. ) 
 GEOMETRIC_REPRESENTATION_ITEM ( )  RATIONAL_B_SPLINE_SURFACE ( (
 ( 1.000000000000000000, 0.7071067811865475727, 1.000000000000000000),
 ( 1.000000000000000000, 0.7434506036790654582, 1.000000000000000000),
 ( 1.000000000000000000, 0.7705698508614002851, 1.000000000000000000),
 ( 1.000000000000000000, 0.8071000711529712213, 1.000000000000000000),
 ( 1.000000000000000000, 0.8164973585592005811, 1.000000000000000000),
 ( 1.000000000000000000, 0.8164958031973426067, 1.000000000000000000),
 ( 1.000000000000000000, 0.8073401833346036671, 1.000000000000000000),
 ( 1.000000000000000000, 0.7709401026836428805, 1.000000000000000000),
 ( 1.000000000000000000, 0.7434340937277228445, 1.000000000000000000),
 ( 1.000000000000000000, 0.7071067811865475727, 1.000000000000000000) ) ) 
 REPRESENTATION_ITEM ( '' )  SURFACE ( )  );
#5891 = ORIENTED_EDGE ( 'NONE', *, *, #1276, .T. ) ;
#5892 = AXIS2_PLACEMENT_3D ( 'NONE', #6837, #1958, #3290 ) ;
#5893 = EDGE_CURVE ( 'NONE', #6053, #5110, #952, .T. ) ;
#5894 = PLANE ( 'NONE',  #6260 ) ;
#5895 = AXIS2_PLACEMENT_3D ( 'NONE', #3170, #2484, #1798 ) ;
#5896 = CARTESIAN_POINT ( 'NONE',  ( 3.971903135266040330, 2.745945239847609187, 1.223922426933287344 ) ) ;
#5897 = CARTESIAN_POINT ( 'NONE',  ( 3.501012903048606351, 3.080226433172662315, 1.328800041608423355 ) ) ;
#5898 = VECTOR ( 'NONE', #6647, 1000.000000000000114 ) ;
#5899 = CARTESIAN_POINT ( 'NONE',  ( 2.924999999999999822, 1.899999999999999911, 0.000000000000000000 ) ) ;
#5900 = CARTESIAN_POINT ( 'NONE',  ( 3.125000000000000000, 1.201787997811427422, -0.7499999999999350520 ) ) ;
#5901 = ORIENTED_EDGE ( 'NONE', *, *, #2158, .F. ) ;
#5902 = VERTEX_POINT ( 'NONE', #6095 ) ;
#5903 = DIRECTION ( 'NONE',  ( 0.000000000000000000, 0.000000000000000000, 1.000000000000000000 ) ) ;
#5904 = VERTEX_POINT ( 'NONE', #8130 ) ;
#5905 = ORIENTED_EDGE ( 'NONE', *, *, #4549, .T. ) ;
#5906 = CARTESIAN_POINT ( 'NONE',  ( -2.974999999999999645, 3.107142857142856762, -0.4824998678227592208 ) ) ;
#5907 = CARTESIAN_POINT ( 'NONE',  ( 2.225000000000356248, 3.248445554339142838, 2.199999999999174616 ) ) ;
#5908 = EDGE_CURVE ( 'NONE', #8943, #3819, #3421, .T. ) ;
#5909 = B_SPLINE_CURVE_WITH_KNOTS ( 'NONE', 3,
 ( #3004, #8772, #3191, #7942, #801, #2459, #2411, #6602, #2358, #435, #8633, #3577, #5781, #7207, #3146, #2311, #6551, #4505, #1726 ),
 .UNSPECIFIED., .F., .F.,
 ( 4, 3, 3, 3, 3, 3, 4 ),
 ( -3.029608912282326569E-06, 4.235164736271501695E-22, 2.231038810779307021E-05, 5.675648653840449165E-05, 9.030295400240817571E-05, 0.0001234299160633676182, 0.0001565837084219502131 ),
 .UNSPECIFIED. ) ;
#5910 = DIRECTION ( 'NONE',  ( 0.000000000000000000, -0.000000000000000000, -1.000000000000000000 ) ) ;
#5911 = ORIENTED_EDGE ( 'NONE', *, *, #454, .F. ) ;
#5912 = CARTESIAN_POINT ( 'NONE',  ( -3.074999999999999734, -1.418690076762947653E-16, -0.2000000000004247269 ) ) ;
#5914 = VECTOR ( 'NONE', #4395, 1000.000000000000000 ) ;
#5913 = CARTESIAN_POINT ( 'NONE',  ( -2.874999999999658051, 3.404330127020341656, 2.110000000000001208 ) ) ;
#5915 = CARTESIAN_POINT ( 'NONE',  ( 3.658340931104572480, 2.304164767223857879, -0.7666590688954272315 ) ) ;
#5916 = VERTEX_POINT ( 'NONE', #4635 ) ;
#5917 = DIRECTION ( 'NONE',  ( 1.000000000000000000, 0.000000000000000000, 0.000000000000000000 ) ) ;
#5918 = ORIENTED_EDGE ( 'NONE', *, *, #8506, .F. ) ;
#5919 = CARTESIAN_POINT ( 'NONE',  ( -1.804999999999986615, -8.327595409941793412E-17, -0.7499999999999995559 ) ) ;
#5920 = CIRCLE ( 'NONE', #1986, 2.019999999999232188 ) ;
#5921 = FACE_OUTER_BOUND ( 'NONE', #5377, .T. ) ;
#5922 = VERTEX_POINT ( 'NONE', #1186 ) ;
#5923 = ADVANCED_FACE ( 'NONE', ( #8213 ), #6692, .T. ) ;
#5924 = DIRECTION ( 'NONE',  ( -1.000000000000000000, -4.613626265895765162E-17, 1.619075244254214076E-13 ) ) ;
#5925 = DIRECTION ( 'NONE',  ( 0.000000000000000000, 0.000000000000000000, 1.000000000000000000 ) ) ;
#5926 = VECTOR ( 'NONE', #6901, 1000.000000000000000 ) ;
#5927 = DIRECTION ( 'NONE',  ( -1.000000000000000000, -4.613626265895765162E-17, 1.619075244254214076E-13 ) ) ;
#5928 = CARTESIAN_POINT ( 'NONE',  ( 1.024999999999999689, 0.1800000000000000488, 0.9000000000000425437 ) ) ;
#5929 = DIRECTION ( 'NONE',  ( 0.000000000000000000, 0.000000000000000000, 1.000000000000000000 ) ) ;
#5930 = EDGE_CURVE ( 'NONE', #2500, #8125, #7392, .T. ) ;
#5931 = CARTESIAN_POINT ( 'NONE',  ( -1.804999999999986837, -8.327595409941794645E-17, 0.7500000000000000000 ) ) ;
#5932 = EDGE_CURVE ( 'NONE', #712, #233, #8322, .T. ) ;
#5933 = ORIENTED_EDGE ( 'NONE', *, *, #2527, .T. ) ;
#5934 = FACE_OUTER_BOUND ( 'NONE', #365, .T. ) ;
#5935 = ORIENTED_EDGE ( 'NONE', *, *, #3155, .T. ) ;
#5936 = CARTESIAN_POINT ( 'NONE',  ( 3.275000000000000355, 1.702929251726990723, 0.9650016552965717809 ) ) ;
#5937 = CARTESIAN_POINT ( 'NONE',  ( 3.125043595096881788, 1.464787977081286607, -0.8970475230828949265 ) ) ;
#5938 = EDGE_CURVE ( 'NONE', #5226, #4192, #4297, .T. ) ;
#5939 = VECTOR ( 'NONE', #5757, 1000.000000000000114 ) ;
#5940 = CARTESIAN_POINT ( 'NONE',  ( -3.074999999999999734, -1.418690076762947653E-16, -1.100000000000424416 ) ) ;
#5941 = CYLINDRICAL_SURFACE ( 'NONE', #323, 0.3500000000000000333 ) ;
#5942 = EDGE_LOOP ( 'NONE', ( #5558, #445, #2219, #5174 ) ) ;
#5943 = VERTEX_POINT ( 'NONE', #600 ) ;
#5944 = VERTEX_POINT ( 'NONE', #2454 ) ;
#5945 = B_SPLINE_CURVE_WITH_KNOTS ( 'NONE', 3,
 ( #7816, #6980, #4243, #7029 ),
 .UNSPECIFIED., .F., .F.,
 ( 4, 4 ),
 ( 2.221953256361079964E-18, 0.0003528484447438508037 ),
 .UNSPECIFIED. ) ;
#5946 = VERTEX_POINT ( 'NONE', #5235 ) ;
#5947 = CARTESIAN_POINT ( 'NONE',  ( 3.697601750778154006, 3.060429211570515395, 1.248390800232766384 ) ) ;
#5948 = DIRECTION ( 'NONE',  ( 0.000000000000000000, -3.046096706647207674E-16, 1.000000000000000000 ) ) ;
#5949 = DIRECTION ( 'NONE',  ( -0.000000000000000000, 0.000000000000000000, -1.000000000000000000 ) ) ;
#5950 = EDGE_LOOP ( 'NONE', ( #5085, #4493, #8894, #3192, #994 ) ) ;
#5951 = CARTESIAN_POINT ( 'NONE',  ( 3.275000000000000355, 1.637750119160782614, -0.9649999999999353539 ) ) ;
#5952 = EDGE_CURVE ( 'NONE', #6630, #1421, #8033, .T. ) ;
#5953 = DIRECTION ( 'NONE',  ( -1.000000000000000000, -0.000000000000000000, -0.000000000000000000 ) ) ;
#5954 = CARTESIAN_POINT ( 'NONE',  ( 3.429983586168066978, 0.8537911738438458409, -1.605541650295957190 ) ) ;
#5955 = ORIENTED_EDGE ( 'NONE', *, *, #4821, .T. ) ;
#5956 = CARTESIAN_POINT ( 'NONE',  ( 3.024999999999999911, 0.2499999999999999445, 1.200000000000000178 ) ) ;
#5957 = VERTEX_POINT ( 'NONE', #1141 ) ;
#5958 = PLANE ( 'NONE',  #8938 ) ;
#5959 = CARTESIAN_POINT ( 'NONE',  ( 3.973177881677378398, 1.081957975374245429, -1.225196149966140569 ) ) ;
#5960 = ORIENTED_EDGE ( 'NONE', *, *, #8431, .T. ) ;
#5961 = AXIS2_PLACEMENT_3D ( 'NONE', #4124, #6905, #5529 ) ;
#5962 = CARTESIAN_POINT ( 'NONE',  ( -2.875000000000000000, 3.199999999999999734, -1.360376786041278985 ) ) ;
#5963 = CARTESIAN_POINT ( 'NONE',  ( 3.275000000000000355, 1.450000000000000844, -0.4178409582463116223 ) ) ;
#5964 = CARTESIAN_POINT ( 'NONE',  ( 3.125000000000000000, 0.7692519213489305008, 0.7857212390312815486 ) ) ;
#5965 = ADVANCED_FACE ( 'NONE', ( #3233 ), #2552, .F. ) ;
#5966 = ORIENTED_EDGE ( 'NONE', *, *, #3371, .T. ) ;
#5967 = ORIENTED_EDGE ( 'NONE', *, *, #1675, .F. ) ;
#5968 = VECTOR ( 'NONE', #3446, 1000.000000000000000 ) ;
#5969 = CARTESIAN_POINT ( 'NONE',  ( 3.425000000000000266, 1.070000000000038476, 1.277499999999935465 ) ) ;
#5970 = LINE ( 'NONE', #1909, #5298 ) ;
#5971 = FACE_OUTER_BOUND ( 'NONE', #5942, .T. ) ;
#5972 = CARTESIAN_POINT ( 'NONE',  ( 3.425000000000000266, 2.670000000000056328, -1.372499999999934994 ) ) ;
#5973 = VERTEX_POINT ( 'NONE', #2077 ) ;
#5974 = VECTOR ( 'NONE', #6831, 1000.000000000000000 ) ;
#5975 = CARTESIAN_POINT ( 'NONE',  ( 3.831114405819641355, 0.7920713574164661708, -1.239340916030463147 ) ) ;
#5976 = CARTESIAN_POINT ( 'NONE',  ( 3.172410030623789456, 2.315757093551113144, 0.8142571807102115811 ) ) ;
#5977 = AXIS2_PLACEMENT_3D ( 'NONE', #978, #141, #2384 ) ;
#5978 = ORIENTED_EDGE ( 'NONE', *, *, #361, .F. ) ;
#5979 = AXIS2_PLACEMENT_3D ( 'NONE', #3293, #1835, #1158 ) ;
#5980 = VERTEX_POINT ( 'NONE', #6924 ) ;
#5981 = VERTEX_POINT ( 'NONE', #4143 ) ;
#5982 = EDGE_CURVE ( 'NONE', #8762, #8595, #2700, .T. ) ;
#5983 = ADVANCED_FACE ( 'NONE', ( #3454 ), #675, .T. ) ;
#5984 = DIRECTION ( 'NONE',  ( 1.532051254914897259E-13, -0.3237035207080047328, 0.9461585652950791347 ) ) ;
#5985 = CARTESIAN_POINT ( 'NONE',  ( 3.275000000000000355, 0.7692519213489305008, 0.7857212390312815486 ) ) ;
#5986 = CARTESIAN_POINT ( 'NONE',  ( 3.258506746058261960, 3.101442972744555160, 1.619715897004387006 ) ) ;
#5987 = VECTOR ( 'NONE', #198, 1000.000000000000000 ) ;
#5988 = VECTOR ( 'NONE', #6236, 1000.000000000000000 ) ;
#5989 = LINE ( 'NONE', #7418, #8602 ) ;
#5990 = DIRECTION ( 'NONE',  ( 1.395448198271998998E-13, 0.4999999999999943934, 0.8660254037844418162 ) ) ;
#5991 = ORIENTED_EDGE ( 'NONE', *, *, #3272, .T. ) ;
#5992 = CIRCLE ( 'NONE', #7001, 0.09999999999999982514 ) ;
#5993 = ADVANCED_FACE ( 'NONE', ( #8942 ), #817, .F. ) ;
#5994 = ADVANCED_FACE ( 'NONE', ( #692 ), #5551, .T. ) ;
#5995 = ORIENTED_EDGE ( 'NONE', *, *, #3835, .T. ) ;
#5996 = ADVANCED_FACE ( 'NONE', ( #647 ), #64, .F. ) ;
#5997 = CARTESIAN_POINT ( 'NONE',  ( 3.747251152844736755, 2.151451427926469595, -1.378123921602176116 ) ) ;
#5998 = VERTEX_POINT ( 'NONE', #6325 ) ;
#5999 = EDGE_LOOP ( 'NONE', ( #6258, #7292, #8157, #4666 ) ) ;
#6000 = DIRECTION ( 'NONE',  ( -1.000000000000000000, -0.000000000000000000, -0.000000000000000000 ) ) ;
#6001 = CARTESIAN_POINT ( 'NONE',  ( -1.804999999999986837, -8.327595409941794645E-17, 0.7500000000000000000 ) ) ;
#6002 = CARTESIAN_POINT ( 'NONE',  ( 3.275000000000000355, 2.162249880839105298, -0.9649999999999353539 ) ) ;
#6003 = DIRECTION ( 'NONE',  ( -1.000000000000000000, -4.613626265895765162E-17, -0.000000000000000000 ) ) ;
#6004 = CARTESIAN_POINT ( 'NONE',  ( 3.669655719042830277, 2.165472098588080208, -1.247692239956373017 ) ) ;
#6005 = CIRCLE ( 'NONE', #3241, 0.3499999999999998668 ) ;
#6006 = VERTEX_POINT ( 'NONE', #1362 ) ;
#6007 = EDGE_LOOP ( 'NONE', ( #5601, #6660, #8208, #8970, #7733, #6952 ) ) ;
#6008 = EDGE_LOOP ( 'NONE', ( #8661, #1561, #6845, #8271 ) ) ;
#6009 = DIRECTION ( 'NONE',  ( 0.000000000000000000, 0.000000000000000000, -1.000000000000000000 ) ) ;
#6010 = EDGE_CURVE ( 'NONE', #5110, #2579, #3953, .T. ) ;
#6011 = DIRECTION ( 'NONE',  ( 0.000000000000000000, 0.000000000000000000, 1.000000000000000000 ) ) ;
#6012 = VERTEX_POINT ( 'NONE', #4912 ) ;
#6013 = CARTESIAN_POINT ( 'NONE',  ( 3.275000000000000355, 3.099999999999999645, 0.9649999999999355760 ) ) ;
#6014 = LINE ( 'NONE', #6147, #5261 ) ;
#6015 = CARTESIAN_POINT ( 'NONE',  ( 3.425000000000000266, 1.070000000000038476, 1.002499999999935110 ) ) ;
#6016 = ORIENTED_EDGE ( 'NONE', *, *, #4313, .T. ) ;
#6017 = VERTEX_POINT ( 'NONE', #5637 ) ;
#6018 = VECTOR ( 'NONE', #1375, 1000.000000000000000 ) ;
#6019 = CARTESIAN_POINT ( 'NONE',  ( 3.025000000000512834, 1.395621945433705452E-16, 0.4000000000000425437 ) ) ;
#6020 = LINE ( 'NONE', #2561, #6316 ) ;
#6021 = LINE ( 'NONE', #2563, #8099 ) ;
#6022 = EDGE_CURVE ( 'NONE', #3275, #7798, #1405, .T. ) ;
#6023 = CARTESIAN_POINT ( 'NONE',  ( -2.875000000000282885, 0.2130333909769783762, -1.748039948067950045 ) ) ;
#6024 = VERTEX_POINT ( 'NONE', #5508 ) ;
#6025 = PLANE ( 'NONE',  #6269 ) ;
#6026 = AXIS2_PLACEMENT_3D ( 'NONE', #1415, #700, #190 ) ;
#6027 = CARTESIAN_POINT ( 'NONE',  ( 3.125000000000000000, 1.070000000000038476, 1.002499999999935110 ) ) ;
#6028 = ORIENTED_EDGE ( 'NONE', *, *, #7951, .F. ) ;
#6029 = ORIENTED_EDGE ( 'NONE', *, *, #4469, .F. ) ;
#6030 = VECTOR ( 'NONE', #8757, 1000.000000000000000 ) ;
#6031 = EDGE_LOOP ( 'NONE', ( #5368, #6733, #3774, #5481 ) ) ;
#6032 = CARTESIAN_POINT ( 'NONE',  ( 3.125000000000000000, 1.487689437438233231, -0.7999999999999998224 ) ) ;
#6033 = AXIS2_PLACEMENT_3D ( 'NONE', #8922, #2748, #8752 ) ;
#6034 = CIRCLE ( 'NONE', #6761, 2.020000000000939711 ) ;
#6035 = CARTESIAN_POINT ( 'NONE',  ( -7.875000000000000000, 2.016124824835400009, -1.648185373389841057 ) ) ;
#6036 = CARTESIAN_POINT ( 'NONE',  ( 3.125014535521426051, 1.464561922818353734, -0.8980313379515982852 ) ) ;
#6037 = ADVANCED_FACE ( 'NONE', ( #8438 ), #6192, .T. ) ;
#6038 = DIRECTION ( 'NONE',  ( 1.000000000000000000, 4.613626265895765162E-17, -1.626303258728256651E-16 ) ) ;
#6039 = AXIS2_PLACEMENT_3D ( 'NONE', #6469, #8543, #5246 ) ;
#6040 = CARTESIAN_POINT ( 'NONE',  ( 3.624999999999999556, 2.312310562561766591, 0.8000000000000002665 ) ) ;
#6041 = ORIENTED_EDGE ( 'NONE', *, *, #2816, .F. ) ;
#6042 = STYLED_ITEM ( 'NONE', ( #8334 ), #3703 ) ;
#6043 = CARTESIAN_POINT ( 'NONE',  ( 2.924999999999999822, 0.6000000000000003109, -0.8000000000000000444 ) ) ;
#6044 = ORIENTED_EDGE ( 'NONE', *, *, #3113, .F. ) ;
#6045 = CARTESIAN_POINT ( 'NONE',  ( 3.125000000000000000, 2.455048207272839011, -0.8318181818181228371 ) ) ;
#6046 =( LENGTH_UNIT ( ) NAMED_UNIT ( * ) SI_UNIT ( .MILLI., .METRE. ) );
#6047 = VECTOR ( 'NONE', #5736, 1000.000000000000114 ) ;
#6048 = CARTESIAN_POINT ( 'NONE',  ( 3.724999999999999201, 1.081957975374245429, -1.255324857972438091 ) ) ;
#6049 = EDGE_CURVE ( 'NONE', #5417, #3949, #8360, .T. ) ;
#6050 = DIRECTION ( 'NONE',  ( 1.000000000000000000, -0.000000000000000000, -0.000000000000000000 ) ) ;
#6051 = ORIENTED_EDGE ( 'NONE', *, *, #4159, .F. ) ;
#6052 = VECTOR ( 'NONE', #3648, 999.9999999999998863 ) ;
#6053 = VERTEX_POINT ( 'NONE', #4819 ) ;
#6054 = DIRECTION ( 'NONE',  ( -1.000000000000000000, -0.000000000000000000, -0.000000000000000000 ) ) ;
#6055 = CARTESIAN_POINT ( 'NONE',  ( -2.875000000000000000, 1.899999999999999911, 0.000000000000000000 ) ) ;
#6056 = ADVANCED_FACE ( 'NONE', ( #732 ), #5595, .T. ) ;
#6057 = LINE ( 'NONE', #8861, #4154 ) ;
#6058 = DIRECTION ( 'NONE',  ( -1.000000000000000000, -4.613626265895765162E-17, 1.619075244254214076E-13 ) ) ;
#6059 = DIRECTION ( 'NONE',  ( -0.000000000000000000, -1.000000000000000000, -0.000000000000000000 ) ) ;
#6060 = VERTEX_POINT ( 'NONE', #7616 ) ;
#6061 = PLANE ( 'NONE',  #905 ) ;
#6062 = CARTESIAN_POINT ( 'NONE',  ( 3.501012903046057279, 1.619773566827113376, 1.328800041609655480 ) ) ;
#6063 = DIRECTION ( 'NONE',  ( -1.000000000000000000, 0.000000000000000000, 0.000000000000000000 ) ) ;
#6064 = DIRECTION ( 'NONE',  ( -1.000000000000000000, -0.000000000000000000, -0.000000000000000000 ) ) ;
#6065 = ORIENTED_EDGE ( 'NONE', *, *, #4228, .T. ) ;
#6066 = CIRCLE ( 'NONE', #5629, 0.2000000000000000944 ) ;
#6067 = CARTESIAN_POINT ( 'NONE',  ( 3.903997254861776511, 0.8617262557448307492, -1.320097139545360454 ) ) ;
#6068 = DIRECTION ( 'NONE',  ( -1.000000000000000000, -4.613626265895765778E-17, -0.000000000000000000 ) ) ;
#6069 = AXIS2_PLACEMENT_3D ( 'NONE', #8279, #7778, #4289 ) ;
#6070 = ORIENTED_EDGE ( 'NONE', *, *, #7212, .T. ) ;
#6071 = EDGE_CURVE ( 'NONE', #7307, #5031, #2192, .T. ) ;
#6072 = ORIENTED_EDGE ( 'NONE', *, *, #171, .F. ) ;
#6073 = LINE ( 'NONE', #8190, #8576 ) ;
#6074 = PLANE ( 'NONE',  #5734 ) ;
#6075 = DIRECTION ( 'NONE',  ( 0.000000000000000000, 0.000000000000000000, -1.000000000000000000 ) ) ;
#6076 = LINE ( 'NONE', #3941, #27 ) ;
#6077 = VECTOR ( 'NONE', #10, 1000.000000000000000 ) ;
#6078 = CARTESIAN_POINT ( 'NONE',  ( 3.275000000000000355, 2.670000000000056328, -1.597499999999936193 ) ) ;
#6079 = EDGE_LOOP ( 'NONE', ( #1194, #2796, #1639, #9006 ) ) ;
#6080 = ADVANCED_FACE ( 'NONE', ( #2161 ), #6533, .T. ) ;
#6081 = ORIENTED_EDGE ( 'NONE', *, *, #1282, .T. ) ;
#6082 = DIRECTION ( 'NONE',  ( -8.091380703721137216E-14, -0.8660254037844422603, -0.4999999999999937828 ) ) ;
#6083 = ORIENTED_EDGE ( 'NONE', *, *, #5265, .T. ) ;
#6084 = FACE_OUTER_BOUND ( 'NONE', #4015, .T. ) ;
#6085 = CARTESIAN_POINT ( 'NONE',  ( 3.723875846775853926, 1.645142099044413220, 1.247209272841641736 ) ) ;
#6086 = CARTESIAN_POINT ( 'NONE',  ( 3.675000000000000266, 1.899999999999999911, 0.000000000000000000 ) ) ;
#6087 = CARTESIAN_POINT ( 'NONE',  ( 3.719964362133801217, 0.7389293373597523029, -1.387635900700572744 ) ) ;
#6088 = EDGE_LOOP ( 'NONE', ( #7763, #3450, #4076, #8786 ) ) ;
#6089 = DIRECTION ( 'NONE',  ( -1.000000000000000000, 0.000000000000000000, 0.000000000000000000 ) ) ;
#6090 = ORIENTED_EDGE ( 'NONE', *, *, #3764, .F. ) ;
#6091 = EDGE_CURVE ( 'NONE', #6677, #3893, #280, .T. ) ;
#6092 = EDGE_CURVE ( 'NONE', #4856, #3096, #7506, .T. ) ;
#6093 = DIRECTION ( 'NONE',  ( -1.000000000000000000, 0.000000000000000000, 0.000000000000000000 ) ) ;
#6094 = EDGE_CURVE ( 'NONE', #7533, #4925, #4311, .T. ) ;
#6095 = CARTESIAN_POINT ( 'NONE',  ( -2.874999999999999556, 0.1799999999999998823, -1.300000000000425482 ) ) ;
#6096 = ORIENTED_EDGE ( 'NONE', *, *, #431, .T. ) ;
#6097 = DIRECTION ( 'NONE',  ( 4.613626265895765162E-17, -1.000000000000000000, 0.000000000000000000 ) ) ;
#6098 = CARTESIAN_POINT ( 'NONE',  ( 3.655504509961679638, 1.882338505565070097, 0.9982898310420694754 ) ) ;
#6099 = CARTESIAN_POINT ( 'NONE',  ( 3.125000000000000000, 3.400000000000000355, -1.322875655532294914 ) ) ;
#6100 = EDGE_LOOP ( 'NONE', ( #8883, #3250, #8686, #8635, #7729, #1932 ) ) ;
#6101 = ADVANCED_FACE ( 'NONE', ( #4437 ), #5181, .T. ) ;
#6102 = ADVANCED_FACE ( 'NONE', ( #3720 ), #3030, .F. ) ;
#6103 = DIRECTION ( 'NONE',  ( -1.000000000000000000, -0.000000000000000000, -0.000000000000000000 ) ) ;
#6104 = CARTESIAN_POINT ( 'NONE',  ( -3.875000000000000000, 1.913705956592885116, -0.8702368337147619037 ) ) ;
#6105 = FACE_OUTER_BOUND ( 'NONE', #1428, .T. ) ;
#6106 = LINE ( 'NONE', #6796, #8368 ) ;
#6107 = ORIENTED_EDGE ( 'NONE', *, *, #479, .T. ) ;
#6108 = AXIS2_PLACEMENT_3D ( 'NONE', #7262, #7958, #5165 ) ;
#6109 = CARTESIAN_POINT ( 'NONE',  ( 2.424999999999999378, 1.600000000000000311, -2.024999999999999911 ) ) ;
#6110 = FACE_OUTER_BOUND ( 'NONE', #1674, .T. ) ;
#6111 = ADVANCED_FACE ( 'NONE', ( #5127 ), #7925, .T. ) ;
#6113 = EDGE_LOOP ( 'NONE', ( #7053, #7817, #7032, #2373, #4696, #8290, #4486, #755, #4367, #592, #1206, #1571, #870, #162, #3036 ) ) ;
#6112 = VECTOR ( 'NONE', #4303, 1000.000000000000000 ) ;
#6114 = PLANE ( 'NONE',  #6820 ) ;
#6115 = DIRECTION ( 'NONE',  ( -1.000000000000000000, -0.000000000000000000, -0.000000000000000000 ) ) ;
#6116 = EDGE_CURVE ( 'NONE', #6797, #6992, #5733, .T. ) ;
#6117 = EDGE_CURVE ( 'NONE', #7041, #1338, #319, .T. ) ;
#6118 = CIRCLE ( 'NONE', #7873, 0.1350000000000001477 ) ;
#6119 = DIRECTION ( 'NONE',  ( 0.000000000000000000, 0.000000000000000000, 1.000000000000000000 ) ) ;
#6120 = ORIENTED_EDGE ( 'NONE', *, *, #359, .T. ) ;
#6121 = AXIS2_PLACEMENT_3D ( 'NONE', #182, #2247, #7833 ) ;
#6122 = DIRECTION ( 'NONE',  ( -1.000000000000000000, 0.000000000000000000, 0.000000000000000000 ) ) ;
#6123 = CARTESIAN_POINT ( 'NONE',  ( 3.192586053245626942, 1.486382043552974430, 0.8053990694770680747 ) ) ;
#6124 = VERTEX_POINT ( 'NONE', #5859 ) ;
#6125 = ORIENTED_EDGE ( 'NONE', *, *, #4050, .F. ) ;
#6126 = ORIENTED_EDGE ( 'NONE', *, *, #3484, .F. ) ;
#6127 = ORIENTED_EDGE ( 'NONE', *, *, #2763, .T. ) ;
#6128 = LINE ( 'NONE', #3214, #8247 ) ;
#6129 = MECHANICAL_DESIGN_GEOMETRIC_PRESENTATION_REPRESENTATION (  '', ( #3795 ), #7764 ) ;
#6130 = CIRCLE ( 'NONE', #4526, 0.1000000000000004774 ) ;
#6131 = EDGE_CURVE ( 'NONE', #7798, #2180, #4570, .T. ) ;
#6132 = CARTESIAN_POINT ( 'NONE',  ( -2.874999999999662492, 1.187852254442085753, 2.081548843649125402 ) ) ;
#6133 = CYLINDRICAL_SURFACE ( 'NONE', #7852, 0.2500000000000002220 ) ;
#6134 = EDGE_CURVE ( 'NONE', #7611, #8874, #2985, .T. ) ;
#6135 = CARTESIAN_POINT ( 'NONE',  ( -3.074999999999999734, -1.418690076762947653E-16, 1.100000000000424860 ) ) ;
#6136 = VECTOR ( 'NONE', #8038, 1000.000000000000000 ) ;
#6137 = LINE ( 'NONE', #8890, #5822 ) ;
#6138 = ORIENTED_EDGE ( 'NONE', *, *, #5518, .F. ) ;
#6139 = CARTESIAN_POINT ( 'NONE',  ( 3.275000000000000355, 1.599999999999999645, 1.214048674522871574 ) ) ;
#6140 = ORIENTED_EDGE ( 'NONE', *, *, #5751, .T. ) ;
#6141 = CARTESIAN_POINT ( 'NONE',  ( 3.974999305145336059, 1.287349801490006662, -1.254630436786885017 ) ) ;
#6142 = AXIS2_PLACEMENT_3D ( 'NONE', #7135, #889, #8558 ) ;
#6143 = CARTESIAN_POINT ( 'NONE',  ( 3.225000000000000089, 2.312310562561766591, 0.9000000000000003553 ) ) ;
#6144 = ORIENTED_EDGE ( 'NONE', *, *, #2901, .F. ) ;
#6145 = EDGE_CURVE ( 'NONE', #738, #7307, #1662, .T. ) ;
#6146 = PLANE ( 'NONE',  #6334 ) ;
#6147 = CARTESIAN_POINT ( 'NONE',  ( 2.924999999999999822, 1.600000000000000311, -2.002654488422803247 ) ) ;
#6148 = LINE ( 'NONE', #5375, #2485 ) ;
#6149 = EDGE_LOOP ( 'NONE', ( #8010, #3934, #4531, #2572 ) ) ;
#6150 = DIRECTION ( 'NONE',  ( 0.000000000000000000, 1.000000000000000000, 1.445602896647339656E-16 ) ) ;
#6151 = CARTESIAN_POINT ( 'NONE',  ( 3.125000000000000000, 1.600000000000000755, 2.075000000000001066 ) ) ;
#6152 = DIRECTION ( 'NONE',  ( 1.000000000000000000, 0.000000000000000000, 0.000000000000000000 ) ) ;
#6153 = B_SPLINE_CURVE_WITH_KNOTS ( 'NONE', 3,
 ( #4557, #7353, #1106, #484 ),
 .UNSPECIFIED., .F., .F.,
 ( 4, 4 ),
 ( 0.000000000000000000, 0.0002736785125943452975 ),
 .UNSPECIFIED. ) ;
#6154 = DIRECTION ( 'NONE',  ( 0.000000000000000000, 0.000000000000000000, 1.000000000000000000 ) ) ;
#6155 = ORIENTED_EDGE ( 'NONE', *, *, #8506, .T. ) ;
#6156 = DIRECTION ( 'NONE',  ( -1.000000000000000000, 0.000000000000000000, 0.000000000000000000 ) ) ;
#6157 = DIRECTION ( 'NONE',  ( 0.7071067811865318076, 0.7071067811865632269, 0.000000000000000000 ) ) ;
#6158 = EDGE_CURVE ( 'NONE', #2570, #92, #2539, .T. ) ;
#6159 = EDGE_CURVE ( 'NONE', #4749, #2534, #7278, .T. ) ;
#6160 = AXIS2_PLACEMENT_3D ( 'NONE', #2606, #6203, #1286 ) ;
#6161 = VERTEX_POINT ( 'NONE', #3627 ) ;
#6162 = ORIENTED_EDGE ( 'NONE', *, *, #7951, .T. ) ;
#6163 = LINE ( 'NONE', #4751, #7849 ) ;
#6164 = CARTESIAN_POINT ( 'NONE',  ( 2.925000000000000711, 3.399999999999999911, 0.8000000000000000444 ) ) ;
#6165 = DIRECTION ( 'NONE',  ( 0.000000000000000000, 1.000000000000000000, 0.000000000000000000 ) ) ;
#6166 = CIRCLE ( 'NONE', #1945, 1.799999999999776445 ) ;
#6167 = EDGE_LOOP ( 'NONE', ( #5581, #1431, #481, #6721 ) ) ;
#6168 = B_SPLINE_CURVE_WITH_KNOTS ( 'NONE', 3,
 ( #4859, #7656, #102, #4811 ),
 .UNSPECIFIED., .F., .F.,
 ( 4, 4 ),
 ( 1.455243178654119953E-05, 9.519845666147613611E-05 ),
 .UNSPECIFIED. ) ;
#6169 = CARTESIAN_POINT ( 'NONE',  ( 3.125000000000000000, 1.070000000000038476, 1.277499999999935465 ) ) ;
#6170 = EDGE_CURVE ( 'NONE', #6442, #5524, #946, .T. ) ;
#6171 = CARTESIAN_POINT ( 'NONE',  ( 3.275000000000000355, 0.3750000000000000000, -1.200000000000000400 ) ) ;
#6172 = CARTESIAN_POINT ( 'NONE',  ( 3.130767585513059004, 1.472270066143779310, 0.8647331225422052459 ) ) ;
#6173 = ORIENTED_EDGE ( 'NONE', *, *, #8968, .F. ) ;
#6174 = EDGE_LOOP ( 'NONE', ( #4429, #7968, #7233, #8763 ) ) ;
#6175 = EDGE_CURVE ( 'NONE', #1259, #3578, #2989, .T. ) ;
#6176 = ORIENTED_EDGE ( 'NONE', *, *, #4757, .F. ) ;
#6177 = CYLINDRICAL_SURFACE ( 'NONE', #2101, 0.2000000000000000944 ) ;
#6178 = EDGE_LOOP ( 'NONE', ( #7180, #470, #8215, #2320 ) ) ;
#6179 = LINE ( 'NONE', #4712, #6447 ) ;
#6180 = CARTESIAN_POINT ( 'NONE',  ( 1.524999999999999911, 0.1800000000000000766, -0.4000000000000419331 ) ) ;
#6181 = AXIS2_PLACEMENT_3D ( 'NONE', #4352, #8571, #903 ) ;
#6182 = AXIS2_PLACEMENT_3D ( 'NONE', #919, #5247, #7306 ) ;
#6183 = VECTOR ( 'NONE', #7444, 1000.000000000000000 ) ;
#6184 = CYLINDRICAL_SURFACE ( 'NONE', #2441, 0.3499999999999998668 ) ;
#6185 = CARTESIAN_POINT ( 'NONE',  ( 3.125000000000000000, 2.670000000000056328, -1.147499999999933795 ) ) ;
#6186 =( BOUNDED_SURFACE ( )  B_SPLINE_SURFACE ( 3, 2, ( 
 ( #2422, #6662, #1156 ),
 ( #3292, #446, #5975 ),
 ( #6564, #6067, #5888 ),
 ( #1062, #8872, #5208 ),
 ( #8782, #2517, #2608 ),
 ( #5383, #8182, #8101 ) ),
 .UNSPECIFIED., .F., .F., .T. ) 
 B_SPLINE_SURFACE_WITH_KNOTS ( ( 4, 2, 4 ),
 ( 3, 3 ),
 ( -1.463334119676529266E-17, 5.549287441072018505E-05, 0.0001109857488214550068 ),
 ( 0.000000000000000000, 0.9854358101153835037 ),
 .UNSPECIFIED. ) 
 GEOMETRIC_REPRESENTATION_ITEM ( )  RATIONAL_B_SPLINE_SURFACE ( (
 ( 1.000000000000000000, 0.8900084444856283250, 0.9967961241995686450),
 ( 1.000000000000000000, 0.9088691830643065295, 0.9973455069556167452),
 ( 1.000000000000000000, 0.9347454179082073100, 0.9980992397511476710),
 ( 1.000000000000000000, 0.9763967672611855164, 0.9993124760730021094),
 ( 1.000000000000000000, 0.9925402075059474027, 0.9997827083312336161),
 ( 1.000000000000000000, 0.9977714860625233051, 0.9999350869997081226) ) ) 
 REPRESENTATION_ITEM ( '' )  SURFACE ( )  );
#6187 = ORIENTED_EDGE ( 'NONE', *, *, #1450, .F. ) ;
#6188 = EDGE_CURVE ( 'NONE', #1126, #7279, #8524, .T. ) ;
#6189 = CIRCLE ( 'NONE', #8387, 0.1000000000000002554 ) ;
#6190 = ORIENTED_EDGE ( 'NONE', *, *, #8544, .F. ) ;
#6191 = FACE_OUTER_BOUND ( 'NONE', #3291, .T. ) ;
#6192 = PLANE ( 'NONE',  #3404 ) ;
#6193 = VERTEX_POINT ( 'NONE', #7880 ) ;
#6194 = DIRECTION ( 'NONE',  ( 0.000000000000000000, 0.000000000000000000, 1.000000000000000000 ) ) ;
#6195 = AXIS2_PLACEMENT_3D ( 'NONE', #701, #3463, #6242 ) ;
#6196 = CARTESIAN_POINT ( 'NONE',  ( 3.750616035036990592, 1.772330270939318053, 1.445885627488023184 ) ) ;
#6197 = CARTESIAN_POINT ( 'NONE',  ( 2.424999999999999822, 2.200000000000000178, -1.824999999999999734 ) ) ;
#6198 = ORIENTED_EDGE ( 'NONE', *, *, #3158, .T. ) ;
#6199 = CARTESIAN_POINT ( 'NONE',  ( -3.474999999999999645, 1.899999999999999911, 0.000000000000000000 ) ) ;
#6200 = DIRECTION ( 'NONE',  ( -1.000000000000000000, 0.000000000000000000, 0.000000000000000000 ) ) ;
#6201 = EDGE_CURVE ( 'NONE', #5223, #4594, #1574, .T. ) ;
#6202 = DIRECTION ( 'NONE',  ( -1.000000000000000000, -4.613626265895765162E-17, 1.619075244254214076E-13 ) ) ;
#6203 = DIRECTION ( 'NONE',  ( -1.000000000000000000, -0.000000000000000000, -0.000000000000000000 ) ) ;
#6204 = DIRECTION ( 'NONE',  ( 1.000000000000000000, 4.613626265895765778E-17, -0.000000000000000000 ) ) ;
#6205 = DIRECTION ( 'NONE',  ( 0.000000000000000000, 0.000000000000000000, 1.000000000000000000 ) ) ;
#6206 = AXIS2_PLACEMENT_3D ( 'NONE', #902, #1666, #3513 ) ;
#6207 = VERTEX_POINT ( 'NONE', #5487 ) ;
#6208 = ORIENTED_EDGE ( 'NONE', *, *, #1805, .T. ) ;
#6209 = ORIENTED_EDGE ( 'NONE', *, *, #4219, .F. ) ;
#6210 = CYLINDRICAL_SURFACE ( 'NONE', #1974, 0.2000000000000005107 ) ;
#6211 = EDGE_CURVE ( 'NONE', #2386, #8131, #6547, .T. ) ;
#6212 = LINE ( 'NONE', #4975, #8974 ) ;
#6213 = EDGE_CURVE ( 'NONE', #6193, #8773, #7647, .T. ) ;
#6214 = CARTESIAN_POINT ( 'NONE',  ( 2.224999999999714539, 2.885400696809201193, -1.763344965323387026 ) ) ;
#6215 = ORIENTED_EDGE ( 'NONE', *, *, #1496, .F. ) ;
#6216 = DIRECTION ( 'NONE',  ( -1.000000000000000000, -6.776263578034402713E-17, 0.000000000000000000 ) ) ;
#6217 = CARTESIAN_POINT ( 'NONE',  ( 3.125000000000000000, 1.464110105645799020, 0.9000000000000003553 ) ) ;
#6218 = VERTEX_POINT ( 'NONE', #5225 ) ;
#6219 = ORIENTED_EDGE ( 'NONE', *, *, #4777, .F. ) ;
#6220 = ORIENTED_EDGE ( 'NONE', *, *, #4342, .F. ) ;
#6221 = DIRECTION ( 'NONE',  ( 0.000000000000000000, 0.000000000000000000, 1.000000000000000000 ) ) ;
#6222 = DIRECTION ( 'NONE',  ( -0.000000000000000000, -0.4999999999999937828, 0.8660254037844422603 ) ) ;
#6223 = DIRECTION ( 'NONE',  ( 0.000000000000000000, 0.000000000000000000, 1.000000000000000000 ) ) ;
#6224 = ADVANCED_FACE ( 'NONE', ( #1295 ), #628, .F. ) ;
#6225 = CARTESIAN_POINT ( 'NONE',  ( 3.349999999999998312, 2.670000000000056328, -1.147499999999933795 ) ) ;
#6226 = DIRECTION ( 'NONE',  ( 1.626303258728254884E-13, -1.548860246407861759E-15, 1.000000000000000000 ) ) ;
#6227 = EDGE_LOOP ( 'NONE', ( #1363, #5505, #7, #1755 ) ) ;
#6228 = EDGE_CURVE ( 'NONE', #2986, #5153, #8819, .T. ) ;
#6229 = ORIENTED_EDGE ( 'NONE', *, *, #8363, .F. ) ;
#6230 = CARTESIAN_POINT ( 'NONE',  ( 2.224999999999690559, 3.021990892406452467, -1.907769019922569642 ) ) ;
#6231 = DIRECTION ( 'NONE',  ( -1.000000000000000000, -0.000000000000000000, -0.000000000000000000 ) ) ;
#6232 = EDGE_CURVE ( 'NONE', #6530, #1623, #934, .T. ) ;
#6233 = ORIENTED_EDGE ( 'NONE', *, *, #5554, .T. ) ;
#6234 = AXIS2_PLACEMENT_3D ( 'NONE', #3659, #886, #6433 ) ;
#6235 = LINE ( 'NONE', #6787, #2321 ) ;
#6236 = DIRECTION ( 'NONE',  ( 3.336006684570777678E-16, 0.000000000000000000, -1.000000000000000000 ) ) ;
#6237 = DIRECTION ( 'NONE',  ( 0.000000000000000000, 0.000000000000000000, 1.000000000000000000 ) ) ;
#6238 = ORIENTED_EDGE ( 'NONE', *, *, #2761, .F. ) ;
#6239 = ORIENTED_EDGE ( 'NONE', *, *, #7738, .F. ) ;
#6240 = FACE_OUTER_BOUND ( 'NONE', #3058, .T. ) ;
#6241 = DIRECTION ( 'NONE',  ( -1.000000000000000000, -0.000000000000000000, -0.000000000000000000 ) ) ;
#6242 = DIRECTION ( 'NONE',  ( -1.000000000000000000, -5.421010862427519705E-17, 0.000000000000000000 ) ) ;
#6243 = DIRECTION ( 'NONE',  ( 0.9961946980917455452, 0.000000000000000000, -0.08715574274765836016 ) ) ;
#6244 = EDGE_CURVE ( 'NONE', #3364, #7683, #2707, .T. ) ;
#6245 = DIRECTION ( 'NONE',  ( 3.497426362856461768E-15, 1.000000000000000000, 0.000000000000000000 ) ) ;
#6246 = DIRECTION ( 'NONE',  ( 0.000000000000000000, 0.1305261922198301394, 0.9914448613738395810 ) ) ;
#6247 = ORIENTED_EDGE ( 'NONE', *, *, #2763, .F. ) ;
#6248 = ORIENTED_EDGE ( 'NONE', *, *, #6476, .T. ) ;
#6249 = CARTESIAN_POINT ( 'NONE',  ( 3.277663711335768060, 2.956175808745023836, 1.679545526866349725 ) ) ;
#6250 = CARTESIAN_POINT ( 'NONE',  ( 3.275000000000000355, 3.056013999140404280, 1.621193167102260357 ) ) ;
#6251 = B_SPLINE_CURVE_WITH_KNOTS ( 'NONE', 3,
 ( #4217, #805, #6999, #4984, #3658, #222 ),
 .UNSPECIFIED., .F., .F.,
 ( 4, 2, 4 ),
 ( -3.629779051220500345E-06, 0.0001577193474380093646, 0.0003190684739272392381 ),
 .UNSPECIFIED. ) ;
#6252 = PLANE ( 'NONE',  #2687 ) ;
#6253 = ORIENTED_EDGE ( 'NONE', *, *, #1736, .T. ) ;
#6254 = CYLINDRICAL_SURFACE ( 'NONE', #3776, 2.199999999999231903 ) ;
#6255 = CIRCLE ( 'NONE', #3933, 1.399999999999999689 ) ;
#6256 = EDGE_CURVE ( 'NONE', #5944, #3350, #4121, .T. ) ;
#6257 = CARTESIAN_POINT ( 'NONE',  ( 3.225000000000000089, 2.312310562561765703, -0.9000000000000000222 ) ) ;
#6258 = ORIENTED_EDGE ( 'NONE', *, *, #4652, .F. ) ;
#6259 = ORIENTED_EDGE ( 'NONE', *, *, #3169, .F. ) ;
#6260 = AXIS2_PLACEMENT_3D ( 'NONE', #8696, #5213, #1601 ) ;
#6261 = ORIENTED_EDGE ( 'NONE', *, *, #1550, .F. ) ;
#6262 = VERTEX_POINT ( 'NONE', #2491 ) ;
#6263 = FILL_AREA_STYLE ('',( #6996 ) ) ;
#6264 = B_SPLINE_CURVE_WITH_KNOTS ( 'NONE', 3,
 ( #5779, #2134, #4406, #7895 ),
 .UNSPECIFIED., .F., .F.,
 ( 4, 4 ),
 ( 0.000000000000000000, 4.262462445191352842E-05 ),
 .UNSPECIFIED. ) ;
#6265 = ORIENTED_EDGE ( 'NONE', *, *, #7469, .F. ) ;
#6266 = DIRECTION ( 'NONE',  ( 0.000000000000000000, 0.000000000000000000, 1.000000000000000000 ) ) ;
#6267 = CARTESIAN_POINT ( 'NONE',  ( 1.525000000000027445, 0.5351873510799013411, -1.668013584960017948 ) ) ;
#6268 = CARTESIAN_POINT ( 'NONE',  ( 3.350000000000000533, 1.070000000000038476, 1.277499999999935465 ) ) ;
#6269 = AXIS2_PLACEMENT_3D ( 'NONE', #2467, #6706, #3888 ) ;
#6270 = DIRECTION ( 'NONE',  ( 0.000000000000000000, 0.000000000000000000, 1.000000000000000000 ) ) ;
#6271 = ADVANCED_FACE ( 'NONE', ( #8281 ), #6909, .F. ) ;
#6272 = ADVANCED_FACE ( 'NONE', ( #3908 ), #4798, .T. ) ;
#6273 = ORIENTED_EDGE ( 'NONE', *, *, #1210, .T. ) ;
#6274 = CIRCLE ( 'NONE', #4089, 0.3500000000000000333 ) ;
#6275 = AXIS2_PLACEMENT_3D ( 'NONE', #665, #3931, #4650 ) ;
#6276 = CARTESIAN_POINT ( 'NONE',  ( 3.774192145816360977, 3.038877817396826941, 1.370868355641255087 ) ) ;
#6277 = EDGE_LOOP ( 'NONE', ( #749, #175, #4689, #5430 ) ) ;
#6278 = LINE ( 'NONE', #1403, #2945 ) ;
#6279 = DIRECTION ( 'NONE',  ( -2.168404344971012812E-15, 0.000000000000000000, -1.000000000000000000 ) ) ;
#6280 = UNCERTAINTY_MEASURE_WITH_UNIT (LENGTH_MEASURE( 1.000000000000000082E-05 ), #8405, 'distance_accuracy_value', 'NONE');
#6281 = VECTOR ( 'NONE', #5866, 1000.000000000000000 ) ;
#6282 = AXIS2_PLACEMENT_3D ( 'NONE', #3827, #389, #5925 ) ;
#6283 = LINE ( 'NONE', #7101, #106 ) ;
#6284 = CARTESIAN_POINT ( 'NONE',  ( 3.755402748214405673, 1.773785634891007268, 1.444141416352062945 ) ) ;
#6285 = DIRECTION ( 'NONE',  ( 1.000000000000000000, 0.000000000000000000, -2.168404344971012812E-15 ) ) ;
#6286 = ORIENTED_EDGE ( 'NONE', *, *, #54, .F. ) ;
#6287 = EDGE_CURVE ( 'NONE', #3644, #1462, #1236, .T. ) ;
#6288 = AXIS2_PLACEMENT_3D ( 'NONE', #3538, #4087, #6226 ) ;
#6289 = ORIENTED_EDGE ( 'NONE', *, *, #3554, .T. ) ;
#6290 = LINE ( 'NONE', #2870, #4116 ) ;
#6291 = CARTESIAN_POINT ( 'NONE',  ( 3.972194506361146349, 1.937734615389503645, 1.194202521280889107 ) ) ;
#6292 = CARTESIAN_POINT ( 'NONE',  ( 3.757146442789345286, 0.8742877947410750972, -1.443490113932383023 ) ) ;
#6293 = DIRECTION ( 'NONE',  ( 1.000000000000000000, -3.497426362856461768E-15, 0.000000000000000000 ) ) ;
#6294 = LINE ( 'NONE', #7679, #621 ) ;
#6295 = ORIENTED_EDGE ( 'NONE', *, *, #3141, .F. ) ;
#6296 = VERTEX_POINT ( 'NONE', #9009 ) ;
#6297 = CYLINDRICAL_SURFACE ( 'NONE', #130, 0.1000000000000002554 ) ;
#6298 = ADVANCED_FACE ( 'NONE', ( #7329 ), #6903, .F. ) ;
#6299 = DIRECTION ( 'NONE',  ( -4.613626265895765162E-17, 1.000000000000000000, -0.000000000000000000 ) ) ;
#6300 = DIRECTION ( 'NONE',  ( -0.000000000000000000, -0.000000000000000000, -1.000000000000000000 ) ) ;
#6301 = CIRCLE ( 'NONE', #1491, 0.3499999999999998668 ) ;
#6302 = VERTEX_POINT ( 'NONE', #371 ) ;
#6303 = ORIENTED_EDGE ( 'NONE', *, *, #6536, .T. ) ;
#6304 = DIRECTION ( 'NONE',  ( -1.000000000000000000, 0.000000000000000000, 0.000000000000000000 ) ) ;
#6305 = CARTESIAN_POINT ( 'NONE',  ( 3.128045739392331104, 1.469765708300775797, 0.8755077287696668709 ) ) ;
#6306 = ORIENTED_EDGE ( 'NONE', *, *, #1369, .T. ) ;
#6307 = ORIENTED_EDGE ( 'NONE', *, *, #1864, .F. ) ;
#6308 = ORIENTED_EDGE ( 'NONE', *, *, #2730, .T. ) ;
#6309 = CARTESIAN_POINT ( 'NONE',  ( 3.676964918290422268, 2.164832626514462621, -1.000167373485471689 ) ) ;
#6310 = AXIS2_PLACEMENT_3D ( 'NONE', #7111, #743, #7717 ) ;
#6311 = VERTEX_POINT ( 'NONE', #6214 ) ;
#6312 = CARTESIAN_POINT ( 'NONE',  ( -3.875000000000000000, 1.764989227386809745, -0.8898157625477363109 ) ) ;
#6313 = DIRECTION ( 'NONE',  ( 0.000000000000000000, 0.000000000000000000, -1.000000000000000000 ) ) ;
#6314 = EDGE_CURVE ( 'NONE', #2303, #5943, #8712, .T. ) ;
#6315 = LINE ( 'NONE', #772, #5643 ) ;
#6316 = VECTOR ( 'NONE', #5341, 1000.000000000000000 ) ;
#6317 = LINE ( 'NONE', #2676, #7609 ) ;
#6318 = ORIENTED_EDGE ( 'NONE', *, *, #1359, .F. ) ;
#6319 = CARTESIAN_POINT ( 'NONE',  ( 3.747251152844738531, 3.051451427926449078, 1.378123921602185664 ) ) ;
#6320 = DIRECTION ( 'NONE',  ( 1.000000000000000000, -0.000000000000000000, 0.000000000000000000 ) ) ;
#6321 = ORIENTED_EDGE ( 'NONE', *, *, #4107, .T. ) ;
#6322 = LINE ( 'NONE', #8480, #3675 ) ;
#6323 = AXIS2_PLACEMENT_3D ( 'NONE', #6422, #7780, #837 ) ;
#6324 = CIRCLE ( 'NONE', #8381, 0.1000000000000002554 ) ;
#6325 = CARTESIAN_POINT ( 'NONE',  ( -5.735000000000000320, 1.899999999999999911, -0.1999999999999999001 ) ) ;
#6326 = EDGE_CURVE ( 'NONE', #6610, #5024, #1082, .T. ) ;
#6327 = CYLINDRICAL_SURFACE ( 'NONE', #6181, 0.9000000000000000222 ) ;
#6328 = DIRECTION ( 'NONE',  ( 0.000000000000000000, 0.000000000000000000, 1.000000000000000000 ) ) ;
#6329 = CARTESIAN_POINT ( 'NONE',  ( 3.275000000000000355, 0.7000000000000005107, -1.436668947343170633 ) ) ;
#6330 = VECTOR ( 'NONE', #2694, 1000.000000000000000 ) ;
#6331 = VERTEX_POINT ( 'NONE', #420 ) ;
#6332 = AXIS2_PLACEMENT_3D ( 'NONE', #1298, #4074, #6858 ) ;
#6333 = LINE ( 'NONE', #8267, #7475 ) ;
#6334 = AXIS2_PLACEMENT_3D ( 'NONE', #8944, #5468, #8262 ) ;
#6335 = CARTESIAN_POINT ( 'NONE',  ( 3.830263405626065598, 1.798914814360664804, 1.418188591804697918 ) ) ;
#6336 = EDGE_CURVE ( 'NONE', #4978, #6725, #2829, .T. ) ;
#6337 = EDGE_CURVE ( 'NONE', #3415, #1673, #5273, .T. ) ;
#6338 = CARTESIAN_POINT ( 'NONE',  ( 1.925000000000000044, 0.7750000000000000222, -1.683745824048273443 ) ) ;
#6339 = CONICAL_SURFACE ( 'NONE', #244, 1.399766955455214346, 0.4363323129985789972 ) ;
#6340 = CARTESIAN_POINT ( 'NONE',  ( -1.619595037822595174, -0.07500000000000008049, 0.7500000000000000000 ) ) ;
#6341 = CARTESIAN_POINT ( 'NONE',  ( 2.924999999999999822, 2.945000000000000284, 0.000000000000000000 ) ) ;
#6342 = VERTEX_POINT ( 'NONE', #4071 ) ;
#6343 = ORIENTED_EDGE ( 'NONE', *, *, #7842, .T. ) ;
#6344 = CARTESIAN_POINT ( 'NONE',  ( 3.275000000000000355, 0.3750000000000000000, 1.100000000000000089 ) ) ;
#6345 = DIRECTION ( 'NONE',  ( 1.000000000000000000, 4.613626265895768243E-17, 0.000000000000000000 ) ) ;
#6346 = EDGE_CURVE ( 'NONE', #5783, #1978, #8238, .T. ) ;
#6347 = VECTOR ( 'NONE', #4487, 1000.000000000000000 ) ;
#6348 = CARTESIAN_POINT ( 'NONE',  ( 3.655504509961679638, 0.7332898310421345212, -0.9649999999999354650 ) ) ;
#6349 = ADVANCED_FACE ( 'NONE', ( #2839 ), #2922, .F. ) ;
#6350 = LINE ( 'NONE', #1054, #756 ) ;
#6351 = CARTESIAN_POINT ( 'NONE',  ( 1.824999999999999734, 0.1499999999999999389, 2.000000000000000000 ) ) ;
#6352 = LINE ( 'NONE', #1520, #4417 ) ;
#6353 = DIRECTION ( 'NONE',  ( 0.000000000000000000, -0.000000000000000000, -1.000000000000000000 ) ) ;
#6354 = DIRECTION ( 'NONE',  ( 0.000000000000000000, 1.000000000000000000, 1.445602896647339656E-16 ) ) ;
#6355 = EDGE_CURVE ( 'NONE', #6984, #1837, #1396, .T. ) ;
#6356 = CARTESIAN_POINT ( 'NONE',  ( 1.824999999999999734, 0.1499999999999999389, -2.000000000000000000 ) ) ;
#6357 = EDGE_LOOP ( 'NONE', ( #3277, #8851, #7014, #2995 ) ) ;
#6358 = LINE ( 'NONE', #8434, #2860 ) ;
#6359 = ORIENTED_EDGE ( 'NONE', *, *, #8251, .T. ) ;
#6360 = CARTESIAN_POINT ( 'NONE',  ( 2.924999999999999822, 1.900000000000000133, -2.075000000000000178 ) ) ;
#6361 = CARTESIAN_POINT ( 'NONE',  ( 1.524999999999999911, 0.1800000000000000766, 1.100000000000424860 ) ) ;
#6362 = ORIENTED_EDGE ( 'NONE', *, *, #5191, .T. ) ;
#6363 = LINE ( 'NONE', #1447, #4865 ) ;
#6364 = LINE ( 'NONE', #7761, #1047 ) ;
#6365 = EDGE_CURVE ( 'NONE', #8762, #6012, #3570, .T. ) ;
#6366 = CARTESIAN_POINT ( 'NONE',  ( 3.275000000000000355, 0.6999999999999991784, -1.529018397971872778 ) ) ;
#6367 = ADVANCED_FACE ( 'NONE', ( #2233 ), #40, .F. ) ;
#6368 = EDGE_CURVE ( 'NONE', #3702, #979, #7775, .T. ) ;
#6369 = EDGE_LOOP ( 'NONE', ( #4123, #3852, #4862, #3378 ) ) ;
#6370 = LINE ( 'NONE', #3037, #2214 ) ;
#6371 = CARTESIAN_POINT ( 'NONE',  ( 3.956146413604160195, 1.854780144871277736, 1.264846529534762176 ) ) ;
#6372 = SURFACE_STYLE_FILL_AREA ( #1455 ) ;
#6373 = CARTESIAN_POINT ( 'NONE',  ( 3.633715574274765103, 2.817661494434928748, 1.247338505565005917 ) ) ;
#6374 = CARTESIAN_POINT ( 'NONE',  ( 3.624999999999999556, 1.487689437438234119, 0.8000000000000002665 ) ) ;
#6375 = EDGE_CURVE ( 'NONE', #566, #6895, #4888, .T. ) ;
#6376 = EDGE_CURVE ( 'NONE', #3438, #7124, #5019, .T. ) ;
#6377 = ORIENTED_EDGE ( 'NONE', *, *, #7132, .F. ) ;
#6378 = VERTEX_POINT ( 'NONE', #5571 ) ;
#6379 = DIRECTION ( 'NONE',  ( 0.000000000000000000, 0.000000000000000000, -1.000000000000000000 ) ) ;
#6380 = LINE ( 'NONE', #2919, #3306 ) ;
#6381 = CARTESIAN_POINT ( 'NONE',  ( 3.772916391609242748, 2.918966987828184312, 1.438836915049396259 ) ) ;
#6382 = CARTESIAN_POINT ( 'NONE',  ( 3.275000000000000355, 0.8029307660936729762, -0.9649999999999352429 ) ) ;
#6383 = VERTEX_POINT ( 'NONE', #3610 ) ;
#6384 = LINE ( 'NONE', #217, #464 ) ;
#6385 = EDGE_LOOP ( 'NONE', ( #4025, #2420, #4971, #7005 ) ) ;
#6386 = EDGE_CURVE ( 'NONE', #8773, #6302, #4208, .T. ) ;
#6387 = EDGE_CURVE ( 'NONE', #3140, #8539, #3523, .T. ) ;
#6388 = DIRECTION ( 'NONE',  ( 1.000000000000000000, 0.000000000000000000, 0.000000000000000000 ) ) ;
#6389 = DIRECTION ( 'NONE',  ( 1.618788986244930865E-13, 0.000000000000000000, 1.000000000000000000 ) ) ;
#6390 = DIRECTION ( 'NONE',  ( -1.000000000000000000, -0.000000000000000000, 0.000000000000000000 ) ) ;
#6391 = DIRECTION ( 'NONE',  ( -1.000000000000000000, -4.613626265895765162E-17, 1.619075244254214076E-13 ) ) ;
#6392 = AXIS2_PLACEMENT_3D ( 'NONE', #2757, #6388, #176 ) ;
#6393 = CYLINDRICAL_SURFACE ( 'NONE', #6121, 0.2000000000000000111 ) ;
#6394 = VERTEX_POINT ( 'NONE', #4293 ) ;
#6395 = VECTOR ( 'NONE', #3535, 1000.000000000000000 ) ;
#6396 = CARTESIAN_POINT ( 'NONE',  ( -2.974999999999999645, 1.899999999999999911, 0.000000000000000000 ) ) ;
#6397 = DIRECTION ( 'NONE',  ( 1.000000000000000000, -0.000000000000000000, -0.000000000000000000 ) ) ;
#6398 = ORIENTED_EDGE ( 'NONE', *, *, #5331, .F. ) ;
#6399 = CARTESIAN_POINT ( 'NONE',  ( 2.924999999999999822, 1.600000000000000755, 1.897345511577197108 ) ) ;
#6400 = CARTESIAN_POINT ( 'NONE',  ( 2.924999999999999822, 0.7750000000000000222, -2.075000000000000178 ) ) ;
#6401 = EDGE_CURVE ( 'NONE', #5024, #6218, #4892, .T. ) ;
#6402 = CARTESIAN_POINT ( 'NONE',  ( -2.874999999999765521, 0.1799999999999998823, 0.9000000000000425437 ) ) ;
#6403 = AXIS2_PLACEMENT_3D ( 'NONE', #293, #1002, #4256 ) ;
#6404 = AXIS2_PLACEMENT_3D ( 'NONE', #5872, #1678, #910 ) ;
#6405 = CARTESIAN_POINT ( 'NONE',  ( 3.675000000000000266, 1.900000000000000133, -2.075000000000000178 ) ) ;
#6406 = DIRECTION ( 'NONE',  ( -1.000000000000000000, -0.000000000000000000, -0.000000000000000000 ) ) ;
#6407 = DIRECTION ( 'NONE',  ( -6.195440985635106757E-16, -2.858344926013327567E-32, -1.000000000000000000 ) ) ;
#6408 = VERTEX_POINT ( 'NONE', #7728 ) ;
#6409 = DIRECTION ( 'NONE',  ( 1.000000000000000000, -0.000000000000000000, -0.000000000000000000 ) ) ;
#6410 = AXIS2_PLACEMENT_3D ( 'NONE', #1044, #3818, #5772 ) ;
#6411 = CIRCLE ( 'NONE', #7016, 0.09999999999999996392 ) ;
#6412 = FACE_OUTER_BOUND ( 'NONE', #6785, .T. ) ;
#6413 = LINE ( 'NONE', #290, #7007 ) ;
#6414 = EDGE_CURVE ( 'NONE', #8823, #1061, #8964, .T. ) ;
#6415 = PLANE ( 'NONE',  #4960 ) ;
#6416 = DIRECTION ( 'NONE',  ( 0.000000000000000000, 0.9285714285714281591, -0.3711537444790465878 ) ) ;
#6417 = VECTOR ( 'NONE', #8937, 1000.000000000000000 ) ;
#6418 = ORIENTED_EDGE ( 'NONE', *, *, #4911, .F. ) ;
#6419 = DIRECTION ( 'NONE',  ( -1.000000000000000000, -4.613626265895765162E-17, 1.619075244254214076E-13 ) ) ;
#6420 = CARTESIAN_POINT ( 'NONE',  ( -5.064949493661166535, 1.899999999999999911, 0.000000000000000000 ) ) ;
#6421 = CARTESIAN_POINT ( 'NONE',  ( 3.773947465488086461, 0.7652821193848898806, -1.245585735897128510 ) ) ;
#6422 = CARTESIAN_POINT ( 'NONE',  ( -2.874999999999674483, 3.021990892406452023, 2.007769019921744391 ) ) ;
#6423 = EDGE_CURVE ( 'NONE', #499, #2833, #2240, .T. ) ;
#6424 = ADVANCED_FACE ( 'NONE', ( #5748 ), #6252, .T. ) ;
#6425 = VERTEX_POINT ( 'NONE', #5616 ) ;
#6426 = DIRECTION ( 'NONE',  ( -0.000000000000000000, 0.000000000000000000, 1.000000000000000000 ) ) ;
#6427 = VECTOR ( 'NONE', #8359, 1000.000000000000000 ) ;
#6428 = VERTEX_POINT ( 'NONE', #6945 ) ;
#6429 = ORIENTED_EDGE ( 'NONE', *, *, #8815, .T. ) ;
#6430 = EDGE_LOOP ( 'NONE', ( #7980, #1348, #2766, #3107 ) ) ;
#6431 = DIRECTION ( 'NONE',  ( 1.000000000000000000, 0.000000000000000000, -0.000000000000000000 ) ) ;
#6432 = LINE ( 'NONE', #6956, #8513 ) ;
#6433 = DIRECTION ( 'NONE',  ( 0.000000000000000000, 0.000000000000000000, -1.000000000000000000 ) ) ;
#6434 = AXIS2_PLACEMENT_3D ( 'NONE', #8722, #1895, #4496 ) ;
#6435 = EDGE_CURVE ( 'NONE', #7173, #6874, #4717, .T. ) ;
#6436 = CARTESIAN_POINT ( 'NONE',  ( 2.924999999999999822, 1.899999999999999911, 0.000000000000000000 ) ) ;
#6437 = ADVANCED_FACE ( 'NONE', ( #798 ), #7686, .F. ) ;
#6438 = CARTESIAN_POINT ( 'NONE',  ( -3.424999999999793321, -1.580166996069204022E-16, 0.6000000000004247491 ) ) ;
#6439 = VERTEX_POINT ( 'NONE', #4252 ) ;
#6440 = VECTOR ( 'NONE', #1913, 1000.000000000000000 ) ;
#6441 = DIRECTION ( 'NONE',  ( -0.000000000000000000, -0.000000000000000000, -1.000000000000000000 ) ) ;
#6442 = VERTEX_POINT ( 'NONE', #5659 ) ;
#6443 = PLANE ( 'NONE',  #5444 ) ;
#6444 = DIRECTION ( 'NONE',  ( 1.000000000000000000, 4.613626265895765162E-17, -1.619075244254214076E-13 ) ) ;
#6445 = DIRECTION ( 'NONE',  ( 0.000000000000000000, -0.000000000000000000, -1.000000000000000000 ) ) ;
#6446 = EDGE_LOOP ( 'NONE', ( #8357, #2535, #6667, #1319 ) ) ;
#6447 = VECTOR ( 'NONE', #7517, 1000.000000000000000 ) ;
#6448 = CYLINDRICAL_SURFACE ( 'NONE', #3448, 0.2000000000000000944 ) ;
#6449 = FACE_OUTER_BOUND ( 'NONE', #4909, .T. ) ;
#6450 = LINE ( 'NONE', #1042, #193 ) ;
#6451 = CARTESIAN_POINT ( 'NONE',  ( 3.425000000000000266, 2.670000000000056328, -1.222499999999934195 ) ) ;
#6452 = ADVANCED_FACE ( 'NONE', ( #8690 ), #7905, .F. ) ;
#6453 = ORIENTED_EDGE ( 'NONE', *, *, #1696, .T. ) ;
#6454 = VECTOR ( 'NONE', #2100, 1000.000000000000000 ) ;
#6455 = CONICAL_SURFACE ( 'NONE', #7200, 0.8499999999999994227, 0.7853981633974482790 ) ;
#6456 = CARTESIAN_POINT ( 'NONE',  ( -2.975000000000000089, 3.138023180868224848, -0.4052418938889080224 ) ) ;
#6457 = CARTESIAN_POINT ( 'NONE',  ( 3.878356560107688811, 2.966411134675778882, 1.231890857063336231 ) ) ;
#6458 = VECTOR ( 'NONE', #4756, 1000.000000000000000 ) ;
#6459 = DIRECTION ( 'NONE',  ( -1.000000000000000000, 0.000000000000000000, 0.000000000000000000 ) ) ;
#6460 = CARTESIAN_POINT ( 'NONE',  ( 3.737220696082742322, 1.932628200968645071, 1.005439070954236902 ) ) ;
#6461 = CIRCLE ( 'NONE', #6039, 0.2500000000000000000 ) ;
#6462 = DIRECTION ( 'NONE',  ( 4.613626265895765162E-17, -1.000000000000000000, 0.000000000000000000 ) ) ;
#6463 = AXIS2_PLACEMENT_3D ( 'NONE', #1127, #5176, #5803 ) ;
#6464 = VERTEX_POINT ( 'NONE', #1732 ) ;
#6465 =( BOUNDED_SURFACE ( )  B_SPLINE_SURFACE ( 3, 2, ( 
 ( #7602, #4128, #8930 ),
 ( #6863, #5997, #8798 ),
 ( #8979, #2715, #5397 ),
 ( #8293, #4035, #8200 ) ),
 .UNSPECIFIED., .F., .F., .T. ) 
 B_SPLINE_SURFACE_WITH_KNOTS ( ( 4, 4 ),
 ( 3, 3 ),
 ( 0.000000000000000000, 3.704708399398562153E-05 ),
 ( 0.000000000000000000, 1.000000000000000000 ),
 .UNSPECIFIED. ) 
 GEOMETRIC_REPRESENTATION_ITEM ( )  RATIONAL_B_SPLINE_SURFACE ( (
 ( 1.000000000000000000, 0.8595424877200060765, 1.000000000000000000),
 ( 1.000000000000000000, 0.8725388237179921846, 1.000000000000000000),
 ( 1.000000000000000000, 0.8822439801183822317, 1.000000000000000000),
 ( 1.000000000000000000, 0.8883828308395770312, 1.000000000000000000) ) ) 
 REPRESENTATION_ITEM ( '' )  SURFACE ( )  );
#6466 = LINE ( 'NONE', #7302, #3095 ) ;
#6467 = DIRECTION ( 'NONE',  ( -1.000000000000000000, -4.613626265895765162E-17, 1.619075244254214076E-13 ) ) ;
#6468 = VECTOR ( 'NONE', #3925, 1000.000000000000114 ) ;
#6469 = CARTESIAN_POINT ( 'NONE',  ( 3.633715574274765103, 1.882338505565070097, 1.247338505565005917 ) ) ;
#6470 = DIRECTION ( 'NONE',  ( -1.000000000000000000, 0.000000000000000000, -0.000000000000000000 ) ) ;
#6471 = CARTESIAN_POINT ( 'NONE',  ( 3.125000000000000000, 1.265261816192204902, 0.7727272727272159747 ) ) ;
#6472 = VECTOR ( 'NONE', #4331, 1000.000000000000000 ) ;
#6473 = ORIENTED_EDGE ( 'NONE', *, *, #4495, .F. ) ;
#6474 = EDGE_CURVE ( 'NONE', #5358, #7801, #1688, .T. ) ;
#6475 = ORIENTED_EDGE ( 'NONE', *, *, #5255, .F. ) ;
#6476 = EDGE_CURVE ( 'NONE', #6218, #1027, #1092, .T. ) ;
#6477 = EDGE_CURVE ( 'NONE', #105, #5226, #7356, .T. ) ;
#6478 = DIRECTION ( 'NONE',  ( 0.000000000000000000, -0.000000000000000000, -1.000000000000000000 ) ) ;
#6479 = CARTESIAN_POINT ( 'NONE',  ( 3.275000000000515055, 0.8000000000000002665, -0.4000000000000417666 ) ) ;
#6480 = DIRECTION ( 'NONE',  ( 1.000000000000000000, 4.613626265895764546E-17, 0.000000000000000000 ) ) ;
#6481 = DIRECTION ( 'NONE',  ( 1.000000000000000000, 4.613626265895765162E-17, -0.000000000000000000 ) ) ;
#6482 = CARTESIAN_POINT ( 'NONE',  ( 3.275000000000000355, 2.977084367849367919, 1.669545873791088653 ) ) ;
#6483 = ORIENTED_EDGE ( 'NONE', *, *, #1066, .T. ) ;
#6484 = AXIS2_PLACEMENT_3D ( 'NONE', #7876, #6320, #7187 ) ;
#6485 = EDGE_CURVE ( 'NONE', #2570, #6378, #4575, .T. ) ;
#6486 = EDGE_LOOP ( 'NONE', ( #2385, #8093, #8799, #8796 ) ) ;
#6487 = PLANE ( 'NONE',  #4728 ) ;
#6488 = FACE_OUTER_BOUND ( 'NONE', #2679, .T. ) ;
#6489 = ORIENTED_EDGE ( 'NONE', *, *, #392, .T. ) ;
#6490 = CARTESIAN_POINT ( 'NONE',  ( 2.224999999999658140, 3.404330127020342101, -2.110000000000826770 ) ) ;
#6491 = CARTESIAN_POINT ( 'NONE',  ( 3.125000000000000000, 2.670000000000056328, -1.597499999999936193 ) ) ;
#6492 = CARTESIAN_POINT ( 'NONE',  ( 2.224999999999716760, 0.2130333909769785983, -1.748039948068775606 ) ) ;
#6493 = CARTESIAN_POINT ( 'NONE',  ( 3.275000000000000355, 2.510553028000122033, 0.8149999999999358868 ) ) ;
#6494 = DIRECTION ( 'NONE',  ( 1.000000000000000000, 0.000000000000000000, 0.000000000000000000 ) ) ;
#6495 = CARTESIAN_POINT ( 'NONE',  ( -2.875000000000000444, 1.899999999999999467, 9.390636416674442903E-13 ) ) ;
#6496 = CARTESIAN_POINT ( 'NONE',  ( -7.875000000000000000, 1.764989227386809745, -0.8898157625477363109 ) ) ;
#6497 = ORIENTED_EDGE ( 'NONE', *, *, #8881, .F. ) ;
#6498 = CIRCLE ( 'NONE', #2585, 0.2500000000000000000 ) ;
#6499 = ADVANCED_FACE ( 'NONE', ( #8733 ), #257, .T. ) ;
#6500 = CARTESIAN_POINT ( 'NONE',  ( 3.971903135266040330, 2.745945239847609187, 1.223922426933287344 ) ) ;
#6501 = CARTESIAN_POINT ( 'NONE',  ( -5.235000000000000320, 1.899999999999999911, 0.000000000000000000 ) ) ;
#6502 = DIRECTION ( 'NONE',  ( 0.000000000000000000, -1.000000000000000000, -4.134233232122796829E-16 ) ) ;
#6503 = AXIS2_PLACEMENT_3D ( 'NONE', #2626, #5402, #1935 ) ;
#6504 = CYLINDRICAL_SURFACE ( 'NONE', #8765, 0.09999999999999982514 ) ;
#6505 = DIRECTION ( 'NONE',  ( 1.000000000000000000, 4.613626265895765162E-17, -1.619075244254214076E-13 ) ) ;
#6506 = CARTESIAN_POINT ( 'NONE',  ( 3.737220696082743654, 2.767371799031353330, 1.005439070954236902 ) ) ;
#6507 = ORIENTED_EDGE ( 'NONE', *, *, #796, .F. ) ;
#6508 = ORIENTED_EDGE ( 'NONE', *, *, #392, .F. ) ;
#6509 = CARTESIAN_POINT ( 'NONE',  ( 2.225000000000356248, 3.248445554339142838, 2.199999999999174616 ) ) ;
#6510 = CARTESIAN_POINT ( 'NONE',  ( 3.972337795373205083, 1.960952021576393145, 1.223533206640532223 ) ) ;
#6511 = DIRECTION ( 'NONE',  ( 1.000000000000000000, 0.000000000000000000, 0.000000000000000000 ) ) ;
#6512 = ORIENTED_EDGE ( 'NONE', *, *, #4777, .T. ) ;
#6513 = EDGE_CURVE ( 'NONE', #1580, #7367, #3834, .T. ) ;
#6514 = LINE ( 'NONE', #1783, #3545 ) ;
#6515 = CARTESIAN_POINT ( 'NONE',  ( 3.655504509961679638, 3.066710168957865523, 1.247338505565005917 ) ) ;
#6516 = CARTESIAN_POINT ( 'NONE',  ( 3.025000000000512834, 0.2500000000000000555, -0.4000000000000417111 ) ) ;
#6517 = CIRCLE ( 'NONE', #720, 0.1499999999999997446 ) ;
#6518 =( BOUNDED_CURVE ( )  B_SPLINE_CURVE ( 3, ( #4580, #2436, #7186, #6528 ),
 .UNSPECIFIED., .F., .T. ) 
 B_SPLINE_CURVE_WITH_KNOTS ( ( 4, 4 ),
 ( 4.799655442984405163, 6.283185307179586232 ),
 .UNSPECIFIED. ) 
 CURVE ( )  GEOMETRIC_REPRESENTATION_ITEM ( )  RATIONAL_B_SPLINE_CURVE ( ( 1.000000000000000000, 0.8248515578734157971, 0.8248515578734157971, 1.000000000000000000 ) ) 
 REPRESENTATION_ITEM ( '' )  );
#6519 = ORIENTED_EDGE ( 'NONE', *, *, #3010, .F. ) ;
#6520 = VERTEX_POINT ( 'NONE', #8779 ) ;
#6521 = FACE_OUTER_BOUND ( 'NONE', #5718, .T. ) ;
#6522 = FACE_OUTER_BOUND ( 'NONE', #6486, .T. ) ;
#6523 = DIRECTION ( 'NONE',  ( -1.000000000000000000, -0.000000000000000000, -0.000000000000000000 ) ) ;
#6524 = EDGE_CURVE ( 'NONE', #921, #8923, #5789, .T. ) ;
#6525 = CARTESIAN_POINT ( 'NONE',  ( 3.125000000000000000, 1.201787997811427200, 0.7499999999999353850 ) ) ;
#6526 = LINE ( 'NONE', #5172, #2344 ) ;
#6527 = ORIENTED_EDGE ( 'NONE', *, *, #1440, .F. ) ;
#6528 = CARTESIAN_POINT ( 'NONE',  ( 3.746788935686913735, 1.081957975374245429, -1.006276183449501538 ) ) ;
#6529 = VERTEX_POINT ( 'NONE', #5931 ) ;
#6530 = VERTEX_POINT ( 'NONE', #2465 ) ;
#6531 = PLANE ( 'NONE',  #7192 ) ;
#6532 = CARTESIAN_POINT ( 'NONE',  ( 3.973177881677031564, 1.818042024625755149, -1.225196149963282632 ) ) ;
#6533 = CYLINDRICAL_SURFACE ( 'NONE', #4141, 0.7500000000000112133 ) ;
#6534 = ORIENTED_EDGE ( 'NONE', *, *, #3600, .F. ) ;
#6535 = CARTESIAN_POINT ( 'NONE',  ( 3.125000000000000000, 0.8458563656608286685, -0.8499999999999353628 ) ) ;
#6536 = EDGE_CURVE ( 'NONE', #8874, #3015, #5369, .T. ) ;
#6537 = EDGE_CURVE ( 'NONE', #1687, #4931, #6514, .T. ) ;
#6538 = DIRECTION ( 'NONE',  ( 0.000000000000000000, 0.000000000000000000, 1.000000000000000000 ) ) ;
#6539 = CARTESIAN_POINT ( 'NONE',  ( 3.191023082094606611, 2.207347028314569748, -1.476635309606349811 ) ) ;
#6540 = LINE ( 'NONE', #5133, #4674 ) ;
#6541 = ORIENTED_EDGE ( 'NONE', *, *, #6326, .F. ) ;
#6542 = CARTESIAN_POINT ( 'NONE',  ( 3.658340931104572924, 1.495835232776142165, 0.7666590688954273425 ) ) ;
#6543 = AXIS2_PLACEMENT_3D ( 'NONE', #4825, #6880, #2731 ) ;
#6544 = FACE_OUTER_BOUND ( 'NONE', #6446, .T. ) ;
#6545 = VECTOR ( 'NONE', #546, 1000.000000000000000 ) ;
#6546 = CARTESIAN_POINT ( 'NONE',  ( 3.773947465488431519, 1.665282119385084636, 1.245585735898727231 ) ) ;
#6547 = B_SPLINE_CURVE_WITH_KNOTS ( 'NONE', 3,
 ( #7382, #5527, #1758, #8967 ),
 .UNSPECIFIED., .F., .F.,
 ( 4, 4 ),
 ( 0.000000000000000000, 2.332930053657274655E-05 ),
 .UNSPECIFIED. ) ;
#6548 = PLANE ( 'NONE',  #3355 ) ;
#6549 = DIRECTION ( 'NONE',  ( 4.365222008547630130E-17, -0.9461585652950790237, -0.3237035207080047328 ) ) ;
#6550 = ADVANCED_FACE ( 'NONE', ( #1010 ), #7253, .T. ) ;
#6551 = CARTESIAN_POINT ( 'NONE',  ( 3.202924673074586615, 2.312761511034783890, -0.8018566574648690048 ) ) ;
#6552 = AXIS2_PLACEMENT_3D ( 'NONE', #6938, #617, #9001 ) ;
#6553 = ORIENTED_EDGE ( 'NONE', *, *, #6145, .T. ) ;
#6554 = VECTOR ( 'NONE', #8195, 1000.000000000000000 ) ;
#6555 = VECTOR ( 'NONE', #2135, 1000.000000000000000 ) ;
#6556 = ORIENTED_EDGE ( 'NONE', *, *, #3019, .F. ) ;
#6557 = DIRECTION ( 'NONE',  ( 1.000000000000000000, 0.000000000000000000, 0.000000000000000000 ) ) ;
#6558 = DIRECTION ( 'NONE',  ( -0.9924325091389669673, -0.08682659386424773640, -0.08682659386424779191 ) ) ;
#6559 = CARTESIAN_POINT ( 'NONE',  ( 3.125000000000000000, 1.201787997811427200, 0.8499999999999355849 ) ) ;
#6560 = CARTESIAN_POINT ( 'NONE',  ( -3.474999999999999645, 1.899999999999999911, 0.000000000000000000 ) ) ;
#6561 = ORIENTED_EDGE ( 'NONE', *, *, #4357, .F. ) ;
#6562 = CIRCLE ( 'NONE', #8192, 0.2750000000000002998 ) ;
#6563 = VECTOR ( 'NONE', #5415, 1000.000000000000000 ) ;
#6564 = CARTESIAN_POINT ( 'NONE',  ( 3.877637474871488799, 0.9263247591393479752, -1.386097155119658808 ) ) ;
#6565 = CARTESIAN_POINT ( 'NONE',  ( 3.831114405819712410, 2.107928642583488887, -1.239340916030791329 ) ) ;
#6566 = ORIENTED_EDGE ( 'NONE', *, *, #4921, .T. ) ;
#6567 = ADVANCED_FACE ( 'NONE', ( #3694 ), #1638, .T. ) ;
#6568 = ORIENTED_EDGE ( 'NONE', *, *, #7008, .F. ) ;
#6569 = CARTESIAN_POINT ( 'NONE',  ( 3.050000000000000266, 0.2500000000000000000, -2.075000000000000178 ) ) ;
#6570 = CARTESIAN_POINT ( 'NONE',  ( 3.125000000000000000, 0.8549999999999998712, 0.000000000000000000 ) ) ;
#6571 = CARTESIAN_POINT ( 'NONE',  ( 3.192586053245626942, 1.486382043552973764, -0.8053990694770677417 ) ) ;
#6572 = CARTESIAN_POINT ( 'NONE',  ( 2.924999999999999822, 3.399999999999999911, -1.360376786041278985 ) ) ;
#6573 = PLANE ( 'NONE',  #5831 ) ;
#6574 = CIRCLE ( 'NONE', #2810, 0.09999999999999971412 ) ;
#6575 = CARTESIAN_POINT ( 'NONE',  ( -2.974999999999999645, 1.899999999999999911, 1.300000000000000044 ) ) ;
#6576 = ORIENTED_EDGE ( 'NONE', *, *, #1685, .F. ) ;
#6577 = EDGE_CURVE ( 'NONE', #8068, #4460, #6659, .T. ) ;
#6578 = VERTEX_POINT ( 'NONE', #3197 ) ;
#6579 = CARTESIAN_POINT ( 'NONE',  ( 3.125000000000000000, 1.899999999999999911, -2.000000000000000000 ) ) ;
#6580 = PRESENTATION_STYLE_ASSIGNMENT (( #317 ) ) ;
#6581 = DIRECTION ( 'NONE',  ( -1.000000000000000000, 0.000000000000000000, 0.000000000000000000 ) ) ;
#6582 = VERTEX_POINT ( 'NONE', #7859 ) ;
#6583 = CARTESIAN_POINT ( 'NONE',  ( 2.924999999999999822, 2.945000000000000284, 0.8000000000000000444 ) ) ;
#6584 = CLOSED_SHELL ( 'NONE', ( #3750, #6298, #13, #3534, #2144, #8288, #2668, #7234, #4019, #2949, #3257, #2866, #261, #4512, #1005, #6437, #3561, #3432, #6224, #8138, #554, #3359, #1079, #1776, #6804, #8002, #7601, #3991, #7911, #5983, #7330, #8300, #2972, #7770, #4169, #3629, #7048, #3652, #8059, #577, #7713, #2625, #28, #7840 ) ) ;
#6585 = B_SPLINE_CURVE_WITH_KNOTS ( 'NONE', 3,
 ( #8831, #2567, #8873, #6844, #3380, #2698 ),
 .UNSPECIFIED., .F., .F.,
 ( 4, 2, 4 ),
 ( 2.957535780143364393E-05, 0.0002124770613206539095, 0.0003953787648398742090 ),
 .UNSPECIFIED. ) ;
#6586 = CARTESIAN_POINT ( 'NONE',  ( 3.125000000000000000, 2.945000000000000284, 0.8000000000000000444 ) ) ;
#6587 = AXIS2_PLACEMENT_3D ( 'NONE', #1050, #5090, #5737 ) ;
#6588 = CARTESIAN_POINT ( 'NONE',  ( 3.274888711842866229, 2.056357320833687385, -1.680893851129954264 ) ) ;
#6589 = ORIENTED_EDGE ( 'NONE', *, *, #6873, .F. ) ;
#6590 = PLANE ( 'NONE',  #1195 ) ;
#6591 = ORIENTED_EDGE ( 'NONE', *, *, #8424, .F. ) ;
#6592 = ORIENTED_EDGE ( 'NONE', *, *, #2238, .T. ) ;
#6593 = EDGE_CURVE ( 'NONE', #1533, #1940, #649, .T. ) ;
#6594 = EDGE_CURVE ( 'NONE', #4708, #6895, #1595, .T. ) ;
#6595 = DIRECTION ( 'NONE',  ( 0.000000000000000000, 0.000000000000000000, -1.000000000000000000 ) ) ;
#6596 =( GEOMETRIC_REPRESENTATION_CONTEXT ( 3 ) GLOBAL_UNCERTAINTY_ASSIGNED_CONTEXT ( ( #6280 ) ) GLOBAL_UNIT_ASSIGNED_CONTEXT ( ( #8405, #5519, #29 ) ) REPRESENTATION_CONTEXT ( 'NONE', 'WORKASPACE' ) );
#6597 = DIRECTION ( 'NONE',  ( -0.000000000000000000, -0.000000000000000000, -1.000000000000000000 ) ) ;
#6598 = ORIENTED_EDGE ( 'NONE', *, *, #6376, .T. ) ;
#6599 = DIRECTION ( 'NONE',  ( 1.000000000000000000, 4.613626265895765162E-17, -1.619075244254214076E-13 ) ) ;
#6600 = DIRECTION ( 'NONE',  ( -1.000000000000000000, 0.000000000000000000, 0.000000000000000000 ) ) ;
#6601 = CARTESIAN_POINT ( 'NONE',  ( 3.624999999999999112, 1.081957975374245429, -0.9649999999999354650 ) ) ;
#6602 = CARTESIAN_POINT ( 'NONE',  ( 3.130767585513059004, 2.327729933856220512, -0.8647331225422049128 ) ) ;
#6603 = AXIS2_PLACEMENT_3D ( 'NONE', #4391, #3417, #8950 ) ;
#6604 = VERTEX_POINT ( 'NONE', #5836 ) ;
#6605 = ADVANCED_FACE ( 'NONE', ( #5155 ), #8641, .T. ) ;
#6606 = CARTESIAN_POINT ( 'NONE',  ( -5.235000000000000320, 1.899999999999999911, -0.3499999999999998668 ) ) ;
#6607 = DIRECTION ( 'NONE',  ( -0.9924325091389670783, 0.08682659386424766701, 0.08682659386424779191 ) ) ;
#6608 = EDGE_CURVE ( 'NONE', #4388, #1078, #7494, .T. ) ;
#6609 = LINE ( 'NONE', #7252, #1099 ) ;
#6610 = VERTEX_POINT ( 'NONE', #7538 ) ;
#6611 = AXIS2_PLACEMENT_3D ( 'NONE', #4166, #711, #7081 ) ;
#6612 = CARTESIAN_POINT ( 'NONE',  ( 3.675000000000000266, 1.600000000000000755, 1.897345511577197108 ) ) ;
#6613 = CIRCLE ( 'NONE', #5306, 1.000000000000000444 ) ;
#6614 = ORIENTED_EDGE ( 'NONE', *, *, #5018, .F. ) ;
#6615 = FACE_OUTER_BOUND ( 'NONE', #6954, .T. ) ;
#6616 = CARTESIAN_POINT ( 'NONE',  ( -3.074999999999999734, -1.418690076762947653E-16, 1.100000000000424860 ) ) ;
#6617 = ORIENTED_EDGE ( 'NONE', *, *, #4810, .F. ) ;
#6618 = B_SPLINE_CURVE_WITH_KNOTS ( 'NONE', 3,
 ( #466, #7472, #5322, #1134 ),
 .UNSPECIFIED., .F., .F.,
 ( 4, 4 ),
 ( 7.961140441812058143E-05, 0.0001222360288770359214 ),
 .UNSPECIFIED. ) ;
#6619 = AXIS2_PLACEMENT_3D ( 'NONE', #1910, #1242, #4694 ) ;
#6620 = ORIENTED_EDGE ( 'NONE', *, *, #8679, .F. ) ;
#6621 = DIRECTION ( 'NONE',  ( 0.000000000000000000, 0.000000000000000000, -1.000000000000000000 ) ) ;
#6622 = AXIS2_PLACEMENT_3D ( 'NONE', #7557, #1218, #8156 ) ;
#6623 = LINE ( 'NONE', #306, #2540 ) ;
#6624 = CARTESIAN_POINT ( 'NONE',  ( 3.719964362133800329, 3.061070662640247964, 1.387635900700572966 ) ) ;
#6625 = EDGE_CURVE ( 'NONE', #425, #6693, #8270, .T. ) ;
#6626 = AXIS2_PLACEMENT_3D ( 'NONE', #8216, #2685, #4051 ) ;
#6627 = AXIS2_PLACEMENT_3D ( 'NONE', #17, #2122, #4095 ) ;
#6628 = DIRECTION ( 'NONE',  ( -1.000000000000000000, 4.958336983064505091E-14, 1.449280809762236367E-13 ) ) ;
#6629 = CYLINDRICAL_SURFACE ( 'NONE', #1753, 0.1000000000000000472 ) ;
#6630 = VERTEX_POINT ( 'NONE', #6750 ) ;
#6631 = ORIENTED_EDGE ( 'NONE', *, *, #562, .F. ) ;
#6632 = CARTESIAN_POINT ( 'NONE',  ( -2.674999999999999378, 3.399999999999999911, -1.360376786041278985 ) ) ;
#6633 = VERTEX_POINT ( 'NONE', #8869 ) ;
#6634 = ORIENTED_EDGE ( 'NONE', *, *, #2182, .T. ) ;
#6635 = FACE_OUTER_BOUND ( 'NONE', #7539, .T. ) ;
#6636 = PLANE ( 'NONE',  #4773 ) ;
#6637 = DIRECTION ( 'NONE',  ( -0.000000000000000000, -1.000000000000000000, -0.000000000000000000 ) ) ;
#6638 = EDGE_LOOP ( 'NONE', ( #8265, #3873, #4347, #2169 ) ) ;
#6639 = EDGE_CURVE ( 'NONE', #2790, #5211, #5137, .T. ) ;
#6640 = FACE_OUTER_BOUND ( 'NONE', #1413, .T. ) ;
#6642 = AXIS2_PLACEMENT_3D ( 'NONE', #5848, #8698, #976 ) ;
#6641 = LINE ( 'NONE', #1041, #3409 ) ;
#6643 = DIRECTION ( 'NONE',  ( 1.000000000000000000, 0.000000000000000000, 0.000000000000000000 ) ) ;
#6644 = ORIENTED_EDGE ( 'NONE', *, *, #3926, .F. ) ;
#6645 = ORIENTED_EDGE ( 'NONE', *, *, #4104, .F. ) ;
#6646 = CARTESIAN_POINT ( 'NONE',  ( 3.724999999999999201, 2.199999999999999734, -1.255324857972438091 ) ) ;
#6647 = DIRECTION ( 'NONE',  ( 1.532051254914897259E-13, -0.3237035207080047328, 0.9461585652950790237 ) ) ;
#6648 = ORIENTED_EDGE ( 'NONE', *, *, #3459, .T. ) ;
#6649 = EDGE_CURVE ( 'NONE', #124, #1665, #614, .T. ) ;
#6650 = FACE_OUTER_BOUND ( 'NONE', #540, .T. ) ;
#6651 = CARTESIAN_POINT ( 'NONE',  ( -2.874999999999765077, -3.252606517456513302E-16, 1.449999999999999956 ) ) ;
#6652 = EDGE_CURVE ( 'NONE', #7124, #2534, #531, .T. ) ;
#6653 = FACE_OUTER_BOUND ( 'NONE', #5573, .T. ) ;
#6654 = ORIENTED_EDGE ( 'NONE', *, *, #5140, .T. ) ;
#6655 = ORIENTED_EDGE ( 'NONE', *, *, #8582, .T. ) ;
#6656 = FACE_OUTER_BOUND ( 'NONE', #8276, .T. ) ;
#6657 = LINE ( 'NONE', #3289, #4563 ) ;
#6658 = DIRECTION ( 'NONE',  ( 1.000000000000000000, 0.000000000000000000, 0.000000000000000000 ) ) ;
#6659 = LINE ( 'NONE', #3781, #364 ) ;
#6660 = ORIENTED_EDGE ( 'NONE', *, *, #4007, .F. ) ;
#6661 = MANIFOLD_SOLID_BREP ( 'Chamfer2', #5429 ) ;
#6662 = CARTESIAN_POINT ( 'NONE',  ( 3.800671528346411421, 0.7795955458275389827, -1.367492820085940641 ) ) ;
#6663 = EDGE_CURVE ( 'NONE', #738, #1, #1938, .T. ) ;
#6664 = CARTESIAN_POINT ( 'NONE',  ( 3.147523376874675538, 2.320919870462642365, 0.8358446139566114708 ) ) ;
#6665 = EDGE_CURVE ( 'NONE', #6992, #8022, #6106, .T. ) ;
#6666 = VERTEX_POINT ( 'NONE', #2003 ) ;
#6667 = ORIENTED_EDGE ( 'NONE', *, *, #2086, .T. ) ;
#6668 = DIRECTION ( 'NONE',  ( 0.08715574274765836016, 0.9961946980917455452, 1.360726243640316396E-15 ) ) ;
#6669 = CARTESIAN_POINT ( 'NONE',  ( 3.125000000000000000, 1.899999999999999911, 0.000000000000000000 ) ) ;
#6670 = DIRECTION ( 'NONE',  ( -1.000000000000000000, -5.421010862427517240E-17, 0.000000000000000000 ) ) ;
#6671 = VECTOR ( 'NONE', #8919, 1000.000000000000000 ) ;
#6672 = AXIS2_PLACEMENT_3D ( 'NONE', #8933, #2623, #6815 ) ;
#6673 = DIRECTION ( 'NONE',  ( 0.000000000000000000, 0.6427876096865374755, 0.7660444431189795678 ) ) ;
#6674 = CARTESIAN_POINT ( 'NONE',  ( 3.709899701959987972, 2.812902531784760907, 1.003048793692237428 ) ) ;
#6675 = ORIENTED_EDGE ( 'NONE', *, *, #109, .F. ) ;
#6676 = ADVANCED_FACE ( 'NONE', ( #4695 ), #2695, .F. ) ;
#6677 = VERTEX_POINT ( 'NONE', #1243 ) ;
#6678 = CYLINDRICAL_SURFACE ( 'NONE', #5895, 1.000000000000000444 ) ;
#6679 = ORIENTED_EDGE ( 'NONE', *, *, #7724, .F. ) ;
#6680 = ORIENTED_EDGE ( 'NONE', *, *, #6401, .F. ) ;
#6681 = LINE ( 'NONE', #3757, #1512 ) ;
#6682 = CARTESIAN_POINT ( 'NONE',  ( 3.974830464012231612, 1.690584678725836509, -1.246119465451563046 ) ) ;
#6683 = CARTESIAN_POINT ( 'NONE',  ( -2.874999999999697131, 3.404330127019984609, 2.109999999999381703 ) ) ;
#6684 = DIRECTION ( 'NONE',  ( -1.000000000000000000, -4.613626265895765162E-17, 1.619075244254214076E-13 ) ) ;
#6685 = LINE ( 'NONE', #7334, #3691 ) ;
#6686 = CARTESIAN_POINT ( 'NONE',  ( -3.624999999999793499, -1.672439521387119461E-16, -0.9000000000004242384 ) ) ;
#6687 = ORIENTED_EDGE ( 'NONE', *, *, #6375, .T. ) ;
#6688 = ORIENTED_EDGE ( 'NONE', *, *, #1768, .F. ) ;
#6689 = EDGE_LOOP ( 'NONE', ( #7906, #7861, #4034, #4806 ) ) ;
#6690 = EDGE_CURVE ( 'NONE', #1078, #7052, #793, .T. ) ;
#6691 = FACE_OUTER_BOUND ( 'NONE', #1836, .T. ) ;
#6692 = PLANE ( 'NONE',  #4586 ) ;
#6693 = VERTEX_POINT ( 'NONE', #5424 ) ;
#6694 = AXIS2_PLACEMENT_3D ( 'NONE', #2798, #2, #4933 ) ;
#6695 = CARTESIAN_POINT ( 'NONE',  ( 2.225000000000317169, 3.108593432784897193, 1.957769019920919007 ) ) ;
#6696 = VECTOR ( 'NONE', #305, 1000.000000000000114 ) ;
#6697 = CARTESIAN_POINT ( 'NONE',  ( 2.924999999999999822, 1.600000000000000311, -2.024999999999999911 ) ) ;
#6698 = ORIENTED_EDGE ( 'NONE', *, *, #1525, .T. ) ;
#6699 = ORIENTED_EDGE ( 'NONE', *, *, #5117, .F. ) ;
#6700 = AXIS2_PLACEMENT_3D ( 'NONE', #4133, #686, #7047 ) ;
#6701 = DIRECTION ( 'NONE',  ( 0.000000000000000000, -0.000000000000000000, -1.000000000000000000 ) ) ;
#6702 = EDGE_CURVE ( 'NONE', #6124, #7261, #7446, .T. ) ;
#6703 = CARTESIAN_POINT ( 'NONE',  ( -2.874999999999689138, 2.973208679693148060, 1.920474714707750108 ) ) ;
#6704 = EDGE_LOOP ( 'NONE', ( #3829, #4852, #6930, #4959 ) ) ;
#6705 = VECTOR ( 'NONE', #3771, 1000.000000000000000 ) ;
#6706 = DIRECTION ( 'NONE',  ( 0.08715574274765836016, 1.440101941186149664E-16, -0.9961946980917455452 ) ) ;
#6707 = CARTESIAN_POINT ( 'NONE',  ( 2.924999999999999822, 0.000000000000000000, 0.000000000000000000 ) ) ;
#6708 = CIRCLE ( 'NONE', #4815, 0.2000000000000005107 ) ;
#6709 = ORIENTED_EDGE ( 'NONE', *, *, #6608, .F. ) ;
#6710 = AXIS2_PLACEMENT_3D ( 'NONE', #6516, #7256, #7863 ) ;
#6711 = VERTEX_POINT ( 'NONE', #1200 ) ;
#6712 = ORIENTED_EDGE ( 'NONE', *, *, #7795, .T. ) ;
#6713 = DIRECTION ( 'NONE',  ( -0.000000000000000000, 1.000000000000000000, -0.000000000000000000 ) ) ;
#6714 = CARTESIAN_POINT ( 'NONE',  ( -3.424999999999793321, -1.580166996069204022E-16, 0.4000000000004247380 ) ) ;
#6715 = CARTESIAN_POINT ( 'NONE',  ( 3.155146614375006653, 1.481044700654495561, -0.8276047653927430803 ) ) ;
#6716 = EDGE_CURVE ( 'NONE', #5904, #5317, #2564, .T. ) ;
#6717 = VECTOR ( 'NONE', #4014, 1000.000000000000000 ) ;
#6718 = VECTOR ( 'NONE', #4779, 1000.000000000000000 ) ;
#6719 = DIRECTION ( 'NONE',  ( 1.000000000000000000, -0.000000000000000000, -0.000000000000000000 ) ) ;
#6720 = CARTESIAN_POINT ( 'NONE',  ( -2.874999999999999556, -1.326417551445032214E-16, 0.2000000000004247269 ) ) ;
#6721 = ORIENTED_EDGE ( 'NONE', *, *, #4759, .F. ) ;
#6722 = CIRCLE ( 'NONE', #7899, 2.020000000000939711 ) ;
#6723 = ORIENTED_EDGE ( 'NONE', *, *, #1105, .F. ) ;
#6724 = DIRECTION ( 'NONE',  ( 1.000000000000000000, 0.000000000000000000, 0.000000000000000000 ) ) ;
#6725 = VERTEX_POINT ( 'NONE', #660 ) ;
#6726 = ORIENTED_EDGE ( 'NONE', *, *, #4469, .T. ) ;
#6727 = LINE ( 'NONE', #3444, #220 ) ;
#6728 = CARTESIAN_POINT ( 'NONE',  ( 3.974996390809751645, 1.620247957672023453, -1.253944110271217660 ) ) ;
#6729 = EDGE_CURVE ( 'NONE', #3071, #4731, #3420, .T. ) ;
#6730 = ADVANCED_FACE ( 'NONE', ( #4323 ), #2048, .F. ) ;
#6731 = DIRECTION ( 'NONE',  ( -0.000000000000000000, 1.000000000000000000, 1.734723475976807094E-15 ) ) ;
#6732 = CARTESIAN_POINT ( 'NONE',  ( 3.683705463590646545, 2.163375860328696554, -1.248043438063049626 ) ) ;
#6733 = ORIENTED_EDGE ( 'NONE', *, *, #7689, .F. ) ;
#6734 = LINE ( 'NONE', #1271, #619 ) ;
#6735 = ORIENTED_EDGE ( 'NONE', *, *, #7344, .F. ) ;
#6736 = DIRECTION ( 'NONE',  ( 0.000000000000000000, 0.000000000000000000, 1.000000000000000000 ) ) ;
#6737 = DIRECTION ( 'NONE',  ( 0.000000000000000000, -0.000000000000000000, 1.000000000000000000 ) ) ;
#6738 = CIRCLE ( 'NONE', #643, 1.300000000000000044 ) ;
#6739 = ORIENTED_EDGE ( 'NONE', *, *, #4837, .T. ) ;
#6740 = EDGE_CURVE ( 'NONE', #3539, #2749, #121, .T. ) ;
#6741 = DIRECTION ( 'NONE',  ( 0.000000000000000000, 0.000000000000000000, -1.000000000000000000 ) ) ;
#6742 = FACE_OUTER_BOUND ( 'NONE', #3203, .T. ) ;
#6743 = DIRECTION ( 'NONE',  ( -1.000000000000000000, -0.000000000000000000, -0.000000000000000000 ) ) ;
#6744 = ORIENTED_EDGE ( 'NONE', *, *, #759, .T. ) ;
#6745 = ORIENTED_EDGE ( 'NONE', *, *, #3993, .F. ) ;
#6746 = CIRCLE ( 'NONE', #6587, 0.3499999999999998668 ) ;
#6747 = DIRECTION ( 'NONE',  ( -1.000000000000000000, -0.000000000000000000, -0.000000000000000000 ) ) ;
#6748 = DIRECTION ( 'NONE',  ( -1.000000000000000000, 0.000000000000000000, -0.000000000000000000 ) ) ;
#6749 = DIRECTION ( 'NONE',  ( 1.000000000000000000, -0.000000000000000000, -0.000000000000000000 ) ) ;
#6750 = CARTESIAN_POINT ( 'NONE',  ( 2.224999999999697664, 3.264478005466096455, -1.867769019922570939 ) ) ;
#6751 = EDGE_LOOP ( 'NONE', ( #3480, #8220, #1170, #5617 ) ) ;
#6752 = DIRECTION ( 'NONE',  ( 1.000000000000000000, -0.000000000000000000, 0.000000000000000000 ) ) ;
#6753 = VECTOR ( 'NONE', #2718, 1000.000000000000000 ) ;
#6754 = LINE ( 'NONE', #1248, #1040 ) ;
#6755 = ORIENTED_EDGE ( 'NONE', *, *, #5422, .T. ) ;
#6756 = ORIENTED_EDGE ( 'NONE', *, *, #2865, .F. ) ;
#6757 = CIRCLE ( 'NONE', #1812, 0.7500000000000112133 ) ;
#6758 = ORIENTED_EDGE ( 'NONE', *, *, #8261, .F. ) ;
#6759 = CARTESIAN_POINT ( 'NONE',  ( 1.525000000000000355, 7.035780055491042349E-17, -0.9000000000000423217 ) ) ;
#6760 = VECTOR ( 'NONE', #3407, 1000.000000000000000 ) ;
#6761 = AXIS2_PLACEMENT_3D ( 'NONE', #843, #2243, #6389 ) ;
#6762 = DIRECTION ( 'NONE',  ( -1.000000000000000000, -0.000000000000000000, -0.000000000000000000 ) ) ;
#6763 = CARTESIAN_POINT ( 'NONE',  ( -5.585000000000000853, 1.899999999999999911, 0.000000000000000000 ) ) ;
#6764 = FACE_OUTER_BOUND ( 'NONE', #6088, .T. ) ;
#6765 = ADVANCED_FACE ( 'NONE', ( #7630 ), #7071, .T. ) ;
#6766 = AXIS2_PLACEMENT_3D ( 'NONE', #874, #1637, #5152 ) ;
#6767 = DIRECTION ( 'NONE',  ( 0.000000000000000000, 0.000000000000000000, 1.000000000000000000 ) ) ;
#6768 = EDGE_CURVE ( 'NONE', #8131, #8927, #3986, .T. ) ;
#6769 = VERTEX_POINT ( 'NONE', #6338 ) ;
#6770 = CIRCLE ( 'NONE', #1964, 0.9000000000000002442 ) ;
#6771 = EDGE_LOOP ( 'NONE', ( #7362, #6645, #3664, #5536 ) ) ;
#6772 = DIRECTION ( 'NONE',  ( 0.000000000000000000, 0.000000000000000000, -1.000000000000000000 ) ) ;
#6773 = ORIENTED_EDGE ( 'NONE', *, *, #109, .T. ) ;
#6774 = CARTESIAN_POINT ( 'NONE',  ( 3.697601750778154006, 3.060429211570515395, 1.248390800232766384 ) ) ;
#6775 = LINE ( 'NONE', #8295, #7110 ) ;
#6776 = CIRCLE ( 'NONE', #5746, 2.199999999999231903 ) ;
#6777 = LINE ( 'NONE', #8253, #8273 ) ;
#6778 = PLANE ( 'NONE',  #3232 ) ;
#6779 = EDGE_CURVE ( 'NONE', #1488, #124, #4240, .T. ) ;
#6780 = ORIENTED_EDGE ( 'NONE', *, *, #4582, .F. ) ;
#6781 = VERTEX_POINT ( 'NONE', #2912 ) ;
#6782 = ORIENTED_EDGE ( 'NONE', *, *, #6594, .T. ) ;
#6783 = CARTESIAN_POINT ( 'NONE',  ( 3.275000000000000355, 2.670000000000056328, -1.597499999999936193 ) ) ;
#6784 = DIRECTION ( 'NONE',  ( -1.000000000000000000, -0.000000000000000000, -0.000000000000000000 ) ) ;
#6785 = EDGE_LOOP ( 'NONE', ( #1090, #7326, #3853 ) ) ;
#6786 = EDGE_CURVE ( 'NONE', #2632, #7734, #8365, .T. ) ;
#6787 = CARTESIAN_POINT ( 'NONE',  ( 2.225000000000310507, 2.973208679693148504, 1.920474714706924324 ) ) ;
#6788 = DIRECTION ( 'NONE',  ( 0.000000000000000000, 0.000000000000000000, 1.000000000000000000 ) ) ;
#6789 = EDGE_CURVE ( 'NONE', #3573, #7410, #5648, .T. ) ;
#6790 = ORIENTED_EDGE ( 'NONE', *, *, #7287, .F. ) ;
#6791 = EDGE_CURVE ( 'NONE', #1091, #5002, #2828, .T. ) ;
#6792 = CIRCLE ( 'NONE', #258, 0.5000000000000004441 ) ;
#6793 = CARTESIAN_POINT ( 'NONE',  ( 1.824999999999999734, -5.421010862427522170E-17, 2.000000000000000000 ) ) ;
#6794 = CARTESIAN_POINT ( 'NONE',  ( 3.258506746050643610, 1.598557027254776441, 1.619715897008152217 ) ) ;
#6795 = DIRECTION ( 'NONE',  ( 1.000000000000000000, 4.613626265895765162E-17, -1.619075244254214076E-13 ) ) ;
#6796 = CARTESIAN_POINT ( 'NONE',  ( -5.735000000000000320, 1.899999999999999911, 0.3499999999999998668 ) ) ;
#6797 = VERTEX_POINT ( 'NONE', #5692 ) ;
#6798 = PLANE ( 'NONE',  #7744 ) ;
#6799 = CARTESIAN_POINT ( 'NONE',  ( 3.125000000000000000, 1.487689437438233231, -0.9000000000000000222 ) ) ;
#6800 = ORIENTED_EDGE ( 'NONE', *, *, #1606, .F. ) ;
#6801 = EDGE_CURVE ( 'NONE', #1112, #460, #7677, .T. ) ;
#6802 = ORIENTED_EDGE ( 'NONE', *, *, #8075, .F. ) ;
#6803 = CARTESIAN_POINT ( 'NONE',  ( 1.524999999999999911, 7.035780055491042349E-17, 0.9000000000000425437 ) ) ;
#6804 = ADVANCED_FACE ( 'NONE', ( #9000 ), #3464, .T. ) ;
#6805 = DIRECTION ( 'NONE',  ( 1.000000000000000000, -0.000000000000000000, -0.000000000000000000 ) ) ;
#6806 = DIRECTION ( 'NONE',  ( 0.000000000000000000, 0.000000000000000000, 1.000000000000000000 ) ) ;
#6807 = DIRECTION ( 'NONE',  ( 0.000000000000000000, 0.000000000000000000, -1.000000000000000000 ) ) ;
#6808 = EDGE_LOOP ( 'NONE', ( #6904, #953, #4721, #8301 ) ) ;
#6809 = EDGE_LOOP ( 'NONE', ( #2610, #34, #5622, #7704 ) ) ;
#6810 = MANIFOLD_SOLID_BREP ( 'Cut-Extrude13', #2669 ) ;
#6811 = ORIENTED_EDGE ( 'NONE', *, *, #7046, .T. ) ;
#6812 = DIRECTION ( 'NONE',  ( 0.000000000000000000, 0.000000000000000000, 1.000000000000000000 ) ) ;
#6813 = ORIENTED_EDGE ( 'NONE', *, *, #4850, .T. ) ;
#6814 = CARTESIAN_POINT ( 'NONE',  ( 3.683775714352075958, 3.063360963952450611, 1.250032998736527290 ) ) ;
#6815 = DIRECTION ( 'NONE',  ( 1.618788986246299066E-13, 0.000000000000000000, 1.000000000000000000 ) ) ;
#6816 = EDGE_CURVE ( 'NONE', #5112, #6825, #5291, .T. ) ;
#6817 = PRESENTATION_LAYER_ASSIGNMENT (  '', '', ( #5854 ) ) ;
#6818 = CYLINDRICAL_SURFACE ( 'NONE', #5199, 0.1000000000000002554 ) ;
#6819 = DIRECTION ( 'NONE',  ( 0.000000000000000000, 0.000000000000000000, 1.000000000000000000 ) ) ;
#6820 = AXIS2_PLACEMENT_3D ( 'NONE', #2523, #6668, #5303 ) ;
#6821 =( BOUNDED_SURFACE ( )  B_SPLINE_SURFACE ( 3, 2, ( 
 ( #2953, #8534, #2267 ),
 ( #5049, #7850, #7155 ),
 ( #909, #3683, #6457 ),
 ( #2999, #2306, #3728 ),
 ( #5089, #7893, #1625 ),
 ( #7202, #4403, #955 ) ),
 .UNSPECIFIED., .F., .F., .F. ) 
 B_SPLINE_SURFACE_WITH_KNOTS ( ( 4, 2, 4 ),
 ( 3, 3 ),
 ( -1.233279971202261294E-17, 5.549287441072143866E-05, 0.0001109857488214552101 ),
 ( 0.000000000000000000, 0.9854358101155376026 ),
 .UNSPECIFIED. ) 
 GEOMETRIC_REPRESENTATION_ITEM ( )  RATIONAL_B_SPLINE_SURFACE ( (
 ( 1.000000000000000000, 0.8900084444856106725, 0.9967961241996021737),
 ( 1.000000000000000000, 0.9088691830642935399, 0.9973455069556442787),
 ( 1.000000000000000000, 0.9347454179082033132, 0.9980992397511676550),
 ( 1.000000000000000000, 0.9763967672611770787, 0.9993124760730092149),
 ( 1.000000000000000000, 0.9925402075059500673, 0.9997827083312359475),
 ( 1.000000000000000000, 0.9977714860625228610, 0.9999350869997087887) ) ) 
 REPRESENTATION_ITEM ( '' )  SURFACE ( )  );
#6822 = ORIENTED_EDGE ( 'NONE', *, *, #562, .T. ) ;
#6823 = SURFACE_STYLE_FILL_AREA ( #1138 ) ;
#6824 = AXIS2_PLACEMENT_3D ( 'NONE', #4218, #3706, #178 ) ;
#6825 = VERTEX_POINT ( 'NONE', #1501 ) ;
#6826 = EDGE_LOOP ( 'NONE', ( #1703, #8780, #2229, #4648 ) ) ;
#6827 = CARTESIAN_POINT ( 'NONE',  ( 3.974999999999999201, 1.295481941491915645, -1.255324857972438091 ) ) ;
#6828 = DIRECTION ( 'NONE',  ( 0.000000000000000000, 0.000000000000000000, 1.000000000000000000 ) ) ;
#6829 = EDGE_CURVE ( 'NONE', #3096, #124, #4281, .T. ) ;
#6830 = ORIENTED_EDGE ( 'NONE', *, *, #3939, .F. ) ;
#6831 = DIRECTION ( 'NONE',  ( 1.000000000000000000, 0.000000000000000000, 0.000000000000000000 ) ) ;
#6832 = FACE_OUTER_BOUND ( 'NONE', #5111, .T. ) ;
#6833 = DIRECTION ( 'NONE',  ( 1.000000000000000000, -3.872150616019647987E-15, 0.000000000000000000 ) ) ;
#6834 = ORIENTED_EDGE ( 'NONE', *, *, #3926, .T. ) ;
#6835 = DIRECTION ( 'NONE',  ( -1.531752565501796969E-13, -0.3237035207080048993, -0.9461585652950789127 ) ) ;
#6836 = CARTESIAN_POINT ( 'NONE',  ( 3.191023082094603502, 1.592652971685430296, 1.476635309606351365 ) ) ;
#6837 = CARTESIAN_POINT ( 'NONE',  ( 3.125000000000000000, 1.899999999999999911, 0.000000000000000000 ) ) ;
#6838 = VECTOR ( 'NONE', #8375, 1000.000000000000000 ) ;
#6839 = FILL_AREA_STYLE_COLOUR ( '', #2526 ) ;
#6840 = ORIENTED_EDGE ( 'NONE', *, *, #6071, .T. ) ;
#6841 = CONICAL_SURFACE ( 'NONE', #8021, 1.399999999999999689, 0.08726646259971666819 ) ;
#6842 = ADVANCED_FACE ( 'NONE', ( #8678 ), #248, .F. ) ;
#6843 = DIRECTION ( 'NONE',  ( 0.000000000000000000, 3.046096706647207674E-16, -1.000000000000000000 ) ) ;
#6844 = CARTESIAN_POINT ( 'NONE',  ( 3.877874390831129947, 0.8326678790290119592, -1.241330226331257114 ) ) ;
#6845 = ORIENTED_EDGE ( 'NONE', *, *, #5738, .T. ) ;
#6847 = VERTEX_POINT ( 'NONE', #6546 ) ;
#6846 = VECTOR ( 'NONE', #7223, 1000.000000000000000 ) ;
#6848 = ORIENTED_EDGE ( 'NONE', *, *, #8363, .T. ) ;
#6849 =( BOUNDED_SURFACE ( )  B_SPLINE_SURFACE ( 3, 2, ( 
 ( #4489, #991, #5044 ),
 ( #7283, #8620, #5000 ),
 ( #4316, #7806, #7845 ),
 ( #6588, #3763, #6539 ) ),
 .UNSPECIFIED., .F., .F., .F. ) 
 B_SPLINE_SURFACE_WITH_KNOTS ( ( 4, 4 ),
 ( 3, 3 ),
 ( 0.000000000000000000, 0.0005167576660568091659 ),
 ( 0.000000000000000000, 1.000000000000000000 ),
 .UNSPECIFIED. ) 
 GEOMETRIC_REPRESENTATION_ITEM ( )  RATIONAL_B_SPLINE_SURFACE ( (
 ( 1.000000000000000000, 0.8595424877200061875, 1.000000000000000000),
 ( 1.000000000000000000, 0.8536137059909271185, 1.000000000000000000),
 ( 1.000000000000000000, 0.8489000215467165100, 1.000000000000000000),
 ( 1.000000000000000000, 0.8448600182193866104, 1.000000000000000000) ) ) 
 REPRESENTATION_ITEM ( '' )  SURFACE ( )  );
#6850 = DIRECTION ( 'NONE',  ( 4.613626265895765162E-17, -1.000000000000000000, 0.000000000000000000 ) ) ;
#6851 = DIRECTION ( 'NONE',  ( -1.000000000000000000, -4.613626265895765162E-17, 1.619075244254214076E-13 ) ) ;
#6852 = AXIS2_PLACEMENT_3D ( 'NONE', #8353, #5510, #2037 ) ;
#6853 = CARTESIAN_POINT ( 'NONE',  ( 3.024999999999999911, 0.2499999999999999445, -2.000000000000000000 ) ) ;
#6854 = ORIENTED_EDGE ( 'NONE', *, *, #1475, .F. ) ;
#6855 = AXIS2_PLACEMENT_3D ( 'NONE', #5287, #7532, #8264 ) ;
#6856 = AXIS2_PLACEMENT_3D ( 'NONE', #4064, #3248, #7498 ) ;
#6857 = CARTESIAN_POINT ( 'NONE',  ( -3.875000000000000000, 2.164841554041476268, -1.628606444556866428 ) ) ;
#6858 = DIRECTION ( 'NONE',  ( 1.000000000000000000, -3.469446951953611033E-15, 0.000000000000000000 ) ) ;
#6859 = EDGE_CURVE ( 'NONE', #3893, #6972, #3255, .T. ) ;
#6860 = DIRECTION ( 'NONE',  ( 0.000000000000000000, 0.000000000000000000, -1.000000000000000000 ) ) ;
#6861 = VERTEX_POINT ( 'NONE', #5778 ) ;
#6862 = ORIENTED_EDGE ( 'NONE', *, *, #5589, .F. ) ;
#6863 = CARTESIAN_POINT ( 'NONE',  ( 3.694899308663202486, 2.163263570669597069, -1.248350986894367409 ) ) ;
#6864 = AXIS2_PLACEMENT_3D ( 'NONE', #3550, #8355, #5599 ) ;
#6865 = AXIS2_PLACEMENT_3D ( 'NONE', #999, #3770, #8535 ) ;
#6866 = ORIENTED_EDGE ( 'NONE', *, *, #1675, .T. ) ;
#6867 = PLANE ( 'NONE',  #5585 ) ;
#6868 = LINE ( 'NONE', #6957, #8879 ) ;
#6869 = CYLINDRICAL_SURFACE ( 'NONE', #1320, 0.2000000000000000944 ) ;
#6870 = AXIS2_PLACEMENT_3D ( 'NONE', #7772, #7632, #704 ) ;
#6871 = CARTESIAN_POINT ( 'NONE',  ( 3.095000000000512230, -1.061145947288502917E-14, -0.4000000000000417111 ) ) ;
#6872 = VERTEX_POINT ( 'NONE', #203 ) ;
#6873 = EDGE_CURVE ( 'NONE', #437, #1462, #7937, .T. ) ;
#6874 = VERTEX_POINT ( 'NONE', #2407 ) ;
#6875 = ORIENTED_EDGE ( 'NONE', *, *, #7757, .T. ) ;
#6876 = PLANE ( 'NONE',  #4122 ) ;
#6877 = DIRECTION ( 'NONE',  ( 1.000000000000000000, -0.000000000000000000, -0.000000000000000000 ) ) ;
#6878 = VERTEX_POINT ( 'NONE', #3729 ) ;
#6879 = AXIS2_PLACEMENT_3D ( 'NONE', #4106, #73, #5604 ) ;
#6880 = DIRECTION ( 'NONE',  ( -0.9924325091389670783, 0.08682659386424779191, -0.08682659386424777803 ) ) ;
#6881 = CARTESIAN_POINT ( 'NONE',  ( -5.585000000000000853, 1.899999999999999911, -0.1999999999999999001 ) ) ;
#6882 = EDGE_CURVE ( 'NONE', #7956, #6530, #6746, .T. ) ;
#6883 = CARTESIAN_POINT ( 'NONE',  ( -7.875000000000000000, 2.016124824835400453, 1.648185373389841057 ) ) ;
#6884 = EDGE_CURVE ( 'NONE', #1421, #1916, #7784, .T. ) ;
#6885 = ORIENTED_EDGE ( 'NONE', *, *, #2362, .F. ) ;
#6886 = AXIS2_PLACEMENT_3D ( 'NONE', #8303, #4046, #7614 ) ;
#6887 = CARTESIAN_POINT ( 'NONE',  ( 1.525000000000001021, 1.008266633727445738, -1.829865345314022340 ) ) ;
#6888 = LINE ( 'NONE', #2255, #5726 ) ;
#6889 = CARTESIAN_POINT ( 'NONE',  ( 1.524999999999999911, 0.4769207173524604437, 1.838322126711707805 ) ) ;
#6890 = DIRECTION ( 'NONE',  ( -1.000000000000000000, -0.000000000000000000, -0.000000000000000000 ) ) ;
#6891 = VERTEX_POINT ( 'NONE', #5139 ) ;
#6892 = DIRECTION ( 'NONE',  ( -2.168404344971008079E-15, -0.000000000000000000, -1.000000000000000000 ) ) ;
#6893 = CYLINDRICAL_SURFACE ( 'NONE', #8477, 0.2500000000000002220 ) ;
#6894 = PRESENTATION_LAYER_ASSIGNMENT (  '', '', ( #8221 ) ) ;
#6895 = VERTEX_POINT ( 'NONE', #2308 ) ;
#6896 = EDGE_CURVE ( 'NONE', #6161, #7605, #6413, .T. ) ;
#6897 = VERTEX_POINT ( 'NONE', #4500 ) ;
#6898 = EDGE_CURVE ( 'NONE', #2530, #3539, #5023, .T. ) ;
#6899 = ORIENTED_EDGE ( 'NONE', *, *, #7157, .F. ) ;
#6900 = ORIENTED_EDGE ( 'NONE', *, *, #6577, .F. ) ;
#6901 = DIRECTION ( 'NONE',  ( -1.000000000000000000, -4.613626265895765162E-17, 1.619075244254214076E-13 ) ) ;
#6902 = DIRECTION ( 'NONE',  ( 0.000000000000000000, 9.675612477856135401E-15, 1.000000000000000000 ) ) ;
#6903 = CYLINDRICAL_SURFACE ( 'NONE', #5593, 0.2250000000000012546 ) ;
#6904 = ORIENTED_EDGE ( 'NONE', *, *, #4507, .F. ) ;
#6905 = DIRECTION ( 'NONE',  ( -1.000000000000000000, 0.000000000000000000, 0.000000000000000000 ) ) ;
#6906 = CARTESIAN_POINT ( 'NONE',  ( 3.126268858646825244, 1.468130808665119913, 0.8825416276371246260 ) ) ;
#6907 = EDGE_LOOP ( 'NONE', ( #6620, #557, #1056, #2030, #2166, #2388, #1080, #5795, #8108, #6556, #2713, #7022, #8645, #492, #1871, #5070, #2867, #2618, #1301, #7641, #4494, #3423, #893, #1451, #82, #7922 ) ) ;
#6908 = ORIENTED_EDGE ( 'NONE', *, *, #5018, .T. ) ;
#6909 = CONICAL_SURFACE ( 'NONE', #7668, 0.3499999999999998668, 0.7853981633974473908 ) ;
#6910 = VECTOR ( 'NONE', #4797, 1000.000000000000000 ) ;
#6911 = EDGE_CURVE ( 'NONE', #7124, #1308, #5547, .T. ) ;
#6912 = PLANE ( 'NONE',  #8753 ) ;
#6913 = PLANE ( 'NONE',  #1230 ) ;
#6914 = DIRECTION ( 'NONE',  ( 0.8795987315729334455, -0.4101636246358801308, 0.2409810624112267707 ) ) ;
#6915 = AXIS2_PLACEMENT_3D ( 'NONE', #1509, #9008, #2747 ) ;
#6916 = CARTESIAN_POINT ( 'NONE',  ( 3.125000000000000000, 0.8549999999999998712, -0.8000000000000000444 ) ) ;
#6917 = CARTESIAN_POINT ( 'NONE',  ( -7.724999999999998757, 1.899999999999999911, 0.3499999999999998668 ) ) ;
#6918 = ORIENTED_EDGE ( 'NONE', *, *, #3849, .T. ) ;
#6919 = ORIENTED_EDGE ( 'NONE', *, *, #4704, .T. ) ;
#6920 = AXIS2_PLACEMENT_3D ( 'NONE', #3821, #333, #3139 ) ;
#6921 = ORIENTED_EDGE ( 'NONE', *, *, #171, .T. ) ;
#6922 = LINE ( 'NONE', #8394, #5284 ) ;
#6923 = ADVANCED_FACE ( 'NONE', ( #4448 ), #1470, .T. ) ;
#6924 = CARTESIAN_POINT ( 'NONE',  ( 1.824999999999999734, 0.1499999999999999389, 2.000000000000000000 ) ) ;
#6925 = EDGE_LOOP ( 'NONE', ( #1551, #7270, #3287, #8833, #2699, #8559, #3756 ) ) ;
#6926 = DIRECTION ( 'NONE',  ( -4.613626265895765162E-17, 1.000000000000000000, -0.000000000000000000 ) ) ;
#6927 = AXIS2_PLACEMENT_3D ( 'NONE', #4350, #8481, #7804 ) ;
#6928 = CARTESIAN_POINT ( 'NONE',  ( 3.125000000000000000, 2.945000000000000284, 0.8000000000000000444 ) ) ;
#6929 = DIRECTION ( 'NONE',  ( 0.000000000000000000, 0.000000000000000000, -1.000000000000000000 ) ) ;
#6930 = ORIENTED_EDGE ( 'NONE', *, *, #4887, .F. ) ;
#6931 = ORIENTED_EDGE ( 'NONE', *, *, #7304, .F. ) ;
#6932 = DIRECTION ( 'NONE',  ( 0.000000000000000000, 0.000000000000000000, -1.000000000000000000 ) ) ;
#6933 = DIRECTION ( 'NONE',  ( 0.000000000000000000, 0.000000000000000000, 1.000000000000000000 ) ) ;
#6934 = DIRECTION ( 'NONE',  ( -1.000000000000000000, 0.000000000000000000, 1.626303258728256651E-16 ) ) ;
#6935 = EDGE_CURVE ( 'NONE', #7683, #5878, #3509, .T. ) ;
#6936 = DIRECTION ( 'NONE',  ( -1.000000000000000000, 0.000000000000000000, -0.000000000000000000 ) ) ;
#6937 = ADVANCED_FACE ( 'NONE', ( #1584 ), #4362, .T. ) ;
#6938 = CARTESIAN_POINT ( 'NONE',  ( -3.424999999999793321, -1.580166996069204022E-16, 0.9000000000004242384 ) ) ;
#6939 = CARTESIAN_POINT ( 'NONE',  ( -0.000000000000000000, 0.1749999999999999889, 0.8999999999999993561 ) ) ;
#6940 = VECTOR ( 'NONE', #2258, 1000.000000000000000 ) ;
#6941 = ORIENTED_EDGE ( 'NONE', *, *, #6716, .F. ) ;
#6942 = VERTEX_POINT ( 'NONE', #4404 ) ;
#6943 = CARTESIAN_POINT ( 'NONE',  ( 3.586044187466009170, 2.936611320839020767, 1.528816652529876530 ) ) ;
#6944 = DIRECTION ( 'NONE',  ( -1.000000000000000000, -0.000000000000000000, -0.000000000000000000 ) ) ;
#6945 = CARTESIAN_POINT ( 'NONE',  ( 2.924999999999999822, 1.600000000000000977, 2.002654488422802803 ) ) ;
#6946 = ADVANCED_FACE ( 'NONE', ( #956 ), #8997, .T. ) ;
#6947 = EDGE_CURVE ( 'NONE', #1435, #7714, #270, .T. ) ;
#6948 = ADVANCED_FACE ( 'NONE', ( #2897, #3540 ), #61, .F. ) ;
#6949 = ORIENTED_EDGE ( 'NONE', *, *, #5893, .F. ) ;
#6950 = DIRECTION ( 'NONE',  ( 1.000000000000000000, 0.000000000000000000, 0.000000000000000000 ) ) ;
#6951 = CYLINDRICAL_SURFACE ( 'NONE', #2917, 0.1000000000000000472 ) ;
#6952 = ORIENTED_EDGE ( 'NONE', *, *, #8848, .F. ) ;
#6953 = ORIENTED_EDGE ( 'NONE', *, *, #8185, .T. ) ;
#6954 = EDGE_LOOP ( 'NONE', ( #8432, #6473, #1920, #8519 ) ) ;
#6955 = CARTESIAN_POINT ( 'NONE',  ( 3.655504509961680082, 1.917661494434929503, -0.9982898310420694754 ) ) ;
#6956 = CARTESIAN_POINT ( 'NONE',  ( 3.275000000000000355, 1.450000000000000844, -1.817840958246311311 ) ) ;
#6957 = CARTESIAN_POINT ( 'NONE',  ( 1.524999999999999911, 7.035780055491042349E-17, 0.4000000000000422662 ) ) ;
#6958 = CARTESIAN_POINT ( 'NONE',  ( -3.074999999999999734, -1.418690076762947653E-16, 0.4000000000004247380 ) ) ;
#6959 = ADVANCED_FACE ( 'NONE', ( #4345 ), #7301, .F. ) ;
#6960 = CARTESIAN_POINT ( 'NONE',  ( 2.924999999999999822, 1.899999999999999911, 0.000000000000000000 ) ) ;
#6961 = ORIENTED_EDGE ( 'NONE', *, *, #2099, .F. ) ;
#6962 = CARTESIAN_POINT ( 'NONE',  ( 3.694899308663203374, 3.063263570669596536, 1.248350986894368519 ) ) ;
#6963 = EDGE_LOOP ( 'NONE', ( #215, #6359, #1422, #925 ) ) ;
#6964 = LINE ( 'NONE', #6230, #7322 ) ;
#6965 = CARTESIAN_POINT ( 'NONE',  ( 3.275000000000000355, 2.850951325477062870, 0.9649999999999355760 ) ) ;
#6966 = ORIENTED_EDGE ( 'NONE', *, *, #5712, .T. ) ;
#6967 = DIRECTION ( 'NONE',  ( -1.000000000000000000, -4.613626265895765162E-17, 1.619075244254214076E-13 ) ) ;
#6968 = CARTESIAN_POINT ( 'NONE',  ( 3.761189784818149917, 0.7478456586660451322, -1.007536094493634682 ) ) ;
#6969 = CARTESIAN_POINT ( 'NONE',  ( 3.275000000000000355, 0.7692519213489305008, 0.7857212390312815486 ) ) ;
#6970 = EDGE_CURVE ( 'NONE', #6604, #14, #4993, .T. ) ;
#6971 = VERTEX_POINT ( 'NONE', #811 ) ;
#6972 = VERTEX_POINT ( 'NONE', #4306 ) ;
#6973 = VERTEX_POINT ( 'NONE', #2855 ) ;
#6974 = CYLINDRICAL_SURFACE ( 'NONE', #8791, 0.1499999999999997446 ) ;
#6975 = CARTESIAN_POINT ( 'NONE',  ( 1.924999999999999600, 0.1749999999999999889, 2.075000000000000178 ) ) ;
#6976 = CYLINDRICAL_SURFACE ( 'NONE', #2104, 2.019999999999232188 ) ;
#6977 = CARTESIAN_POINT ( 'NONE',  ( -7.875000000000000000, 1.913705956592885560, 0.8702368337147617927 ) ) ;
#6978 = CARTESIAN_POINT ( 'NONE',  ( 2.225000000000356248, 1.899999999999999689, 2.199999999999345146 ) ) ;
#6979 = CARTESIAN_POINT ( 'NONE',  ( 1.024999999999999911, 0.3150000000000000022, 1.449999999999368461 ) ) ;
#6980 = CARTESIAN_POINT ( 'NONE',  ( 3.880617851894817782, 1.814615345708768368, 1.400057524774555029 ) ) ;
#6981 = ORIENTED_EDGE ( 'NONE', *, *, #5328, .T. ) ;
#6982 = ADVANCED_FACE ( 'NONE', ( #7750 ), #4907, .T. ) ;
#6983 = ORIENTED_EDGE ( 'NONE', *, *, #1367, .T. ) ;
#6984 = VERTEX_POINT ( 'NONE', #3622 ) ;
#6985 = CARTESIAN_POINT ( 'NONE',  ( -3.074999999999999734, -1.418690076762947653E-16, -1.300000000000425482 ) ) ;
#6986 = LINE ( 'NONE', #38, #4576 ) ;
#6987 = CARTESIAN_POINT ( 'NONE',  ( 1.525000000000000355, 7.035780055491042349E-17, -0.9000000000000423217 ) ) ;
#6988 = ORIENTED_EDGE ( 'NONE', *, *, #1256, .F. ) ;
#6989 = DIRECTION ( 'NONE',  ( 1.619075244254214076E-13, 0.000000000000000000, 1.000000000000000000 ) ) ;
#6990 = AXIS2_PLACEMENT_3D ( 'NONE', #2015, #6122, #4894 ) ;
#6991 = DIRECTION ( 'NONE',  ( 0.000000000000000000, -1.000000000000000000, 0.000000000000000000 ) ) ;
#6992 = VERTEX_POINT ( 'NONE', #4948 ) ;
#6993 = VERTEX_POINT ( 'NONE', #4864 ) ;
#6994 = AXIS2_PLACEMENT_3D ( 'NONE', #4470, #4338, #7912 ) ;
#6995 = EDGE_CURVE ( 'NONE', #1673, #8531, #5632, .T. ) ;
#6996 = FILL_AREA_STYLE_COLOUR ( '', #5602 ) ;
#6997 = AXIS2_PLACEMENT_3D ( 'NONE', #8087, #6600, #5239 ) ;
#6998 = ORIENTED_EDGE ( 'NONE', *, *, #66, .F. ) ;
#6999 = CARTESIAN_POINT ( 'NONE',  ( -2.854603824473026741, 0.3477331378373795245, -1.142353762646754811 ) ) ;
#7000 = CARTESIAN_POINT ( 'NONE',  ( 3.739370139709939256, 2.928280675789592280, 1.451552697008589909 ) ) ;
#7001 = AXIS2_PLACEMENT_3D ( 'NONE', #1398, #2852, #4180 ) ;
#7002 = DIRECTION ( 'NONE',  ( -1.000000000000000000, 0.000000000000000000, 0.000000000000000000 ) ) ;
#7003 = VECTOR ( 'NONE', #2049, 1000.000000000000000 ) ;
#7004 = CARTESIAN_POINT ( 'NONE',  ( 3.746788935686913735, 1.818042024625755149, -1.006276183449501538 ) ) ;
#7005 = ORIENTED_EDGE ( 'NONE', *, *, #5493, .T. ) ;
#7006 = VECTOR ( 'NONE', #134, 1000.000000000000114 ) ;
#7007 = VECTOR ( 'NONE', #8629, 1000.000000000000000 ) ;
#7008 = EDGE_CURVE ( 'NONE', #979, #1665, #8517, .T. ) ;
#7009 = EDGE_LOOP ( 'NONE', ( #4542, #881, #1947, #8706, #6866 ) ) ;
#7010 = LINE ( 'NONE', #3668, #1261 ) ;
#7011 = EDGE_LOOP ( 'NONE', ( #2916, #5084, #8189, #1115 ) ) ;
#7012 = CARTESIAN_POINT ( 'NONE',  ( 3.739370139709939256, 2.028280675789593701, -1.451552697008590354 ) ) ;
#7013 = CARTESIAN_POINT ( 'NONE',  ( 3.885544326713338492, 2.082109027088752118, -1.242627755705494330 ) ) ;
#7014 = ORIENTED_EDGE ( 'NONE', *, *, #2959, .T. ) ;
#7015 = CIRCLE ( 'NONE', #6410, 2.200000000000939870 ) ;
#7016 = AXIS2_PLACEMENT_3D ( 'NONE', #5197, #5780, #3003 ) ;
#7017 = CARTESIAN_POINT ( 'NONE',  ( 3.024999999999999911, 5.421010862427522170E-17, -2.000000000000000000 ) ) ;
#7018 = CARTESIAN_POINT ( 'NONE',  ( 3.774192145816360533, 1.661122182603164799, 1.370868355641252201 ) ) ;
#7019 = CARTESIAN_POINT ( 'NONE',  ( 3.125000000000000000, 2.162249880839105298, -0.9649999999999353539 ) ) ;
#7020 = ORIENTED_EDGE ( 'NONE', *, *, #6729, .F. ) ;
#7021 = AXIS2_PLACEMENT_3D ( 'NONE', #7745, #7699, #8986 ) ;
#7022 = ORIENTED_EDGE ( 'NONE', *, *, #4405, .F. ) ;
#7023 = CARTESIAN_POINT ( 'NONE',  ( 3.024999999999999911, 1.395621945433468794E-16, -1.200000000000000178 ) ) ;
#7024 = PLANE ( 'NONE',  #7213 ) ;
#7025 = EDGE_CURVE ( 'NONE', #2745, #7410, #5033, .T. ) ;
#7026 = DIRECTION ( 'NONE',  ( -0.9924325091389669673, 0.08682659386424763925, 0.08682659386424777803 ) ) ;
#7027 = MANIFOLD_SOLID_BREP ( 'Fillet8', #6584 ) ;
#7028 = CARTESIAN_POINT ( 'NONE',  ( 3.761189784818154802, 1.647845658666052815, 1.007536094493633350 ) ) ;
#7029 = CARTESIAN_POINT ( 'NONE',  ( 3.971903135266016793, 1.954054760152053927, 1.223922426933317320 ) ) ;
#7030 = AXIS2_PLACEMENT_3D ( 'NONE', #8575, #7201, #8533 ) ;
#7031 = VERTEX_POINT ( 'NONE', #6616 ) ;
#7032 = ORIENTED_EDGE ( 'NONE', *, *, #1267, .F. ) ;
#7033 = DIRECTION ( 'NONE',  ( 1.000000000000000000, 4.613626265895770092E-17, 0.000000000000000000 ) ) ;
#7034 = CARTESIAN_POINT ( 'NONE',  ( 3.275000000000000355, 2.670000000000056328, -1.372499999999934994 ) ) ;
#7035 = EDGE_CURVE ( 'NONE', #1514, #6610, #1900, .T. ) ;
#7036 = DIRECTION ( 'NONE',  ( -0.000000000000000000, 1.000000000000000000, -0.000000000000000000 ) ) ;
#7037 = AXIS2_PLACEMENT_3D ( 'NONE', #296, #6557, #7250 ) ;
#7038 = ORIENTED_EDGE ( 'NONE', *, *, #3158, .F. ) ;
#7039 = DIRECTION ( 'NONE',  ( 0.000000000000000000, 0.000000000000000000, -1.000000000000000000 ) ) ;
#7040 = DIRECTION ( 'NONE',  ( -1.000000000000000000, -4.613626265895765162E-17, -0.000000000000000000 ) ) ;
#7041 = VERTEX_POINT ( 'NONE', #303 ) ;
#7042 = CARTESIAN_POINT ( 'NONE',  ( -5.235000000000000320, 1.899999999999999911, 0.3499999999999998668 ) ) ;
#7043 = VECTOR ( 'NONE', #8142, 1000.000000000000000 ) ;
#7044 = FACE_BOUND ( 'NONE', #1692, .T. ) ;
#7045 = CARTESIAN_POINT ( 'NONE',  ( 3.125000000000000000, 0.4000000000000001887, 0.000000000000000000 ) ) ;
#7046 = EDGE_CURVE ( 'NONE', #1067, #3360, #3948, .T. ) ;
#7047 = DIRECTION ( 'NONE',  ( -1.000000000000000000, 0.000000000000000000, 0.000000000000000000 ) ) ;
#7048 = ADVANCED_FACE ( 'NONE', ( #5842 ), #1187, .T. ) ;
#7049 = EDGE_CURVE ( 'NONE', #8411, #2020, #4816, .T. ) ;
#7050 = VECTOR ( 'NONE', #8748, 1000.000000000000000 ) ;
#7051 = DIRECTION ( 'NONE',  ( 0.08715574274765873486, 0.000000000000000000, 0.9961946980917455452 ) ) ;
#7052 = VERTEX_POINT ( 'NONE', #8644 ) ;
#7053 = ORIENTED_EDGE ( 'NONE', *, *, #4821, .F. ) ;
#7054 = CYLINDRICAL_SURFACE ( 'NONE', #8408, 2.199999999999231903 ) ;
#7055 = DIRECTION ( 'NONE',  ( -1.000000000000000000, 0.000000000000000000, 0.000000000000000000 ) ) ;
#7056 = VECTOR ( 'NONE', #1648, 1000.000000000000000 ) ;
#7057 = DIRECTION ( 'NONE',  ( 1.000000000000000000, 4.613626265895765162E-17, -1.619075244254214076E-13 ) ) ;
#7058 = EDGE_CURVE ( 'NONE', #8607, #6520, #3056, .T. ) ;
#7059 = ADVANCED_FACE ( 'NONE', ( #3698, #7954 ), #1642, .F. ) ;
#7060 = VECTOR ( 'NONE', #6003, 1000.000000000000000 ) ;
#7061 = CARTESIAN_POINT ( 'NONE',  ( 3.275000000000000355, 2.200000000000000178, -1.436668947343170410 ) ) ;
#7062 = FACE_OUTER_BOUND ( 'NONE', #5324, .T. ) ;
#7063 = DIRECTION ( 'NONE',  ( 1.395448198271999250E-13, 0.4999999999999944489, 0.8660254037844419273 ) ) ;
#7064 = AXIS2_PLACEMENT_3D ( 'NONE', #4646, #1869, #1199 ) ;
#7065 = EDGE_LOOP ( 'NONE', ( #1182, #6758, #8622, #1360 ) ) ;
#7066 = ORIENTED_EDGE ( 'NONE', *, *, #225, .F. ) ;
#7067 = AXIS2_PLACEMENT_3D ( 'NONE', #4480, #7272, #1028 ) ;
#7068 = CARTESIAN_POINT ( 'NONE',  ( 3.974931375685629487, 2.569536957756715090, 1.248858165635379880 ) ) ;
#7069 = EDGE_CURVE ( 'NONE', #3578, #3357, #53, .T. ) ;
#7070 = EDGE_CURVE ( 'NONE', #4295, #7228, #2781, .T. ) ;
#7071 = PLANE ( 'NONE',  #1224 ) ;
#7072 = AXIS2_PLACEMENT_3D ( 'NONE', #560, #8856, #3187 ) ;
#7073 = CARTESIAN_POINT ( 'NONE',  ( -5.235000000000000320, 1.899999999999999911, 0.000000000000000000 ) ) ;
#7074 = CARTESIAN_POINT ( 'NONE',  ( -2.875000000000000000, 1.899999999999999911, 0.000000000000000000 ) ) ;
#7075 = ADVANCED_FACE ( 'NONE', ( #7406 ), #1335, .T. ) ;
#7076 = EDGE_CURVE ( 'NONE', #1665, #4336, #7748, .T. ) ;
#7077 = AXIS2_PLACEMENT_3D ( 'NONE', #7857, #2274, #4328 ) ;
#7078 = VERTEX_POINT ( 'NONE', #8183 ) ;
#7079 = DIRECTION ( 'NONE',  ( 4.613626265895765162E-17, -1.000000000000000000, 0.000000000000000000 ) ) ;
#7080 = DIRECTION ( 'NONE',  ( -1.000000000000000000, 3.445345076184176425E-15, 0.000000000000000000 ) ) ;
#7081 = DIRECTION ( 'NONE',  ( 0.000000000000000000, 0.000000000000000000, -1.000000000000000000 ) ) ;
#7082 = ORIENTED_EDGE ( 'NONE', *, *, #150, .F. ) ;
#7083 = AXIS2_PLACEMENT_3D ( 'NONE', #6535, #1710, #2396 ) ;
#7084 = DIRECTION ( 'NONE',  ( 0.000000000000000000, 0.000000000000000000, -1.000000000000000000 ) ) ;
#7085 = ADVANCED_FACE ( 'NONE', ( #8229 ), #2518, .T. ) ;
#7086 = AXIS2_PLACEMENT_3D ( 'NONE', #4844, #7079, #2138 ) ;
#7087 = ORIENTED_EDGE ( 'NONE', *, *, #4549, .F. ) ;
#7088 = EDGE_CURVE ( 'NONE', #6331, #47, #3335, .T. ) ;
#7089 = SURFACE_STYLE_USAGE ( .BOTH. , #4299 ) ;
#7090 = DIRECTION ( 'NONE',  ( -0.000000000000000000, 0.000000000000000000, -1.000000000000000000 ) ) ;
#7091 = CARTESIAN_POINT ( 'NONE',  ( -2.874999999999999556, -1.326417551445032214E-16, 1.375000000000000222 ) ) ;
#7092 = DIRECTION ( 'NONE',  ( 1.624582302898913623E-13, 0.000000000000000000, 1.000000000000000000 ) ) ;
#7093 = FACE_OUTER_BOUND ( 'NONE', #7976, .T. ) ;
#7094 = ORIENTED_EDGE ( 'NONE', *, *, #6435, .F. ) ;
#7095 = ORIENTED_EDGE ( 'NONE', *, *, #7388, .T. ) ;
#7096 = DIRECTION ( 'NONE',  ( 4.613626265895765162E-17, -1.000000000000000000, -0.000000000000000000 ) ) ;
#7097 = CARTESIAN_POINT ( 'NONE',  ( -2.781862865018629005, 0.2730911969127355898, 1.166599164073305994 ) ) ;
#7098 = ORIENTED_EDGE ( 'NONE', *, *, #3130, .T. ) ;
#7099 = FACE_OUTER_BOUND ( 'NONE', #132, .T. ) ;
#7100 = DIRECTION ( 'NONE',  ( -0.4366544851822257156, 0.000000000000000000, -0.8996292906360070507 ) ) ;
#7101 = CARTESIAN_POINT ( 'NONE',  ( 2.924999999999999378, 2.200000000000000178, 1.824999999999998623 ) ) ;
#7102 = DIRECTION ( 'NONE',  ( 1.000000000000000000, -0.000000000000000000, -0.000000000000000000 ) ) ;
#7103 = FACE_OUTER_BOUND ( 'NONE', #2013, .T. ) ;
#7104 = VERTEX_POINT ( 'NONE', #5299 ) ;
#7105 = ORIENTED_EDGE ( 'NONE', *, *, #2863, .T. ) ;
#7106 = ADVANCED_FACE ( 'NONE', ( #6110 ), #7452, .T. ) ;
#7107 = CARTESIAN_POINT ( 'NONE',  ( -2.969773960226384180, 3.161316482326011368, 0.3253010393590144989 ) ) ;
#7108 = EDGE_CURVE ( 'NONE', #4655, #8760, #3796, .T. ) ;
#7109 = CARTESIAN_POINT ( 'NONE',  ( 2.225000000000356248, 3.248445554339142838, 2.199999999999174616 ) ) ;
#7110 = VECTOR ( 'NONE', #3398, 999.9999999999998863 ) ;
#7111 = CARTESIAN_POINT ( 'NONE',  ( 3.275000000000000355, 2.349999999999999201, 0.4178409582463116778 ) ) ;
#7112 = DIRECTION ( 'NONE',  ( -1.000000000000000000, -0.000000000000000000, -0.000000000000000000 ) ) ;
#7113 = DIRECTION ( 'NONE',  ( 0.000000000000000000, 0.9914448613738395810, -0.1305261922198301394 ) ) ;
#7114 = VECTOR ( 'NONE', #3384, 1000.000000000000000 ) ;
#7115 =( BOUNDED_CURVE ( )  B_SPLINE_CURVE ( 3, ( #3111, #5936, #8056, #1121 ),
 .UNSPECIFIED., .F., .T. ) 
 B_SPLINE_CURVE_WITH_KNOTS ( ( 4, 4 ),
 ( 5.501596570219787097, 7.064785372303751920 ),
 .UNSPECIFIED. ) 
 CURVE ( )  GEOMETRIC_REPRESENTATION_ITEM ( )  RATIONAL_B_SPLINE_CURVE ( ( 1.000000000000000000, 0.8065275502912681027, 0.8065275502912681027, 1.000000000000000000 ) ) 
 REPRESENTATION_ITEM ( '' )  );
#7116 = ORIENTED_EDGE ( 'NONE', *, *, #4875, .T. ) ;
#7117 = EDGE_CURVE ( 'NONE', #7501, #6053, #7147, .T. ) ;
#7118 = FACE_OUTER_BOUND ( 'NONE', #8423, .T. ) ;
#7119 = DIRECTION ( 'NONE',  ( 0.000000000000000000, 0.000000000000000000, -1.000000000000000000 ) ) ;
#7120 = CARTESIAN_POINT ( 'NONE',  ( 2.924999999999999822, 1.899999999999999911, 0.000000000000000000 ) ) ;
#7121 = EDGE_LOOP ( 'NONE', ( #5577, #4548 ) ) ;
#7122 = EDGE_CURVE ( 'NONE', #1027, #1474, #7541, .T. ) ;
#7123 = CARTESIAN_POINT ( 'NONE',  ( 3.349999999999998312, 2.670000000000056328, -1.372499999999934994 ) ) ;
#7124 = VERTEX_POINT ( 'NONE', #2609 ) ;
#7125 = DIRECTION ( 'NONE',  ( -1.000000000000000000, 0.000000000000000000, 0.000000000000000000 ) ) ;
#7126 = ORIENTED_EDGE ( 'NONE', *, *, #5041, .T. ) ;
#7127 = ORIENTED_EDGE ( 'NONE', *, *, #7178, .T. ) ;
#7128 = CYLINDRICAL_SURFACE ( 'NONE', #6994, 0.2000000000000005107 ) ;
#7129 = CARTESIAN_POINT ( 'NONE',  ( 3.024999999999999911, 0.2499999999999999445, -2.000000000000000000 ) ) ;
#7130 = CARTESIAN_POINT ( 'NONE',  ( 3.125000000000000000, 1.464110105645799020, 0.9000000000000003553 ) ) ;
#7131 = VECTOR ( 'NONE', #2191, 1000.000000000000000 ) ;
#7132 = EDGE_CURVE ( 'NONE', #3819, #2480, #1919, .T. ) ;
#7133 = CARTESIAN_POINT ( 'NONE',  ( 3.425000000000000266, 2.670000000000056328, -1.147499999999933795 ) ) ;
#7134 = COLOUR_RGB ( '',0.7921568627450980005, 0.8196078431372548767, 0.9333333333333333481 ) ;
#7135 = CARTESIAN_POINT ( 'NONE',  ( 1.524999999999999911, 0.4769207173524604437, -1.838322126713132221 ) ) ;
#7136 = ORIENTED_EDGE ( 'NONE', *, *, #7222, .F. ) ;
#7137 = VECTOR ( 'NONE', #7698, 1000.000000000000000 ) ;
#7138 = VERTEX_POINT ( 'NONE', #8959 ) ;
#7139 = DIRECTION ( 'NONE',  ( 1.000000000000000000, 0.000000000000000000, 0.000000000000000000 ) ) ;
#7140 = CARTESIAN_POINT ( 'NONE',  ( 3.274999999999999911, 2.199999999999999289, -1.067932081911928233 ) ) ;
#7141 = EDGE_LOOP ( 'NONE', ( #3775, #5966, #1358, #7646 ) ) ;
#7142 = LINE ( 'NONE', #5722, #517 ) ;
#7143 = CYLINDRICAL_SURFACE ( 'NONE', #5130, 0.2000000000000000944 ) ;
#7144 = CARTESIAN_POINT ( 'NONE',  ( 3.125000000000000000, 0.3750000000000000000, 1.100000000000000089 ) ) ;
#7145 = VECTOR ( 'NONE', #7815, 1000.000000000000000 ) ;
#7146 = DIRECTION ( 'NONE',  ( 1.626303258728256651E-16, 7.503155430780560920E-33, 1.000000000000000000 ) ) ;
#7147 = CIRCLE ( 'NONE', #6856, 1.399999999999999911 ) ;
#7148 = DIRECTION ( 'NONE',  ( -1.000000000000000000, -0.000000000000000000, -0.000000000000000000 ) ) ;
#7149 = CARTESIAN_POINT ( 'NONE',  ( 3.641673936429752345, 2.308266538967961523, -0.7833260635702470331 ) ) ;
#7150 = DIRECTION ( 'NONE',  ( -0.4366544851822274920, 0.000000000000000000, -0.8996292906360062736 ) ) ;
#7151 = ORIENTED_EDGE ( 'NONE', *, *, #7638, .F. ) ;
#7152 = DIRECTION ( 'NONE',  ( -0.000000000000000000, -1.000000000000000000, -0.000000000000000000 ) ) ;
#7153 = VECTOR ( 'NONE', #6089, 1000.000000000000000 ) ;
#7154 = VECTOR ( 'NONE', #2862, 1000.000000000000114 ) ;
#7155 = CARTESIAN_POINT ( 'NONE',  ( 3.831114405819635138, 3.007928642583538537, 1.239340916030429840 ) ) ;
#7156 = CARTESIAN_POINT ( 'NONE',  ( -2.782877831017911419, 3.376289588407391573, -1.351275836463825319 ) ) ;
#7157 = EDGE_CURVE ( 'NONE', #2339, #8903, #2329, .T. ) ;
#7158 = DIRECTION ( 'NONE',  ( 0.000000000000000000, 0.000000000000000000, -1.000000000000000000 ) ) ;
#7159 = DIRECTION ( 'NONE',  ( 1.000000000000000000, 4.613626265895764546E-17, 3.614007241617112231E-17 ) ) ;
#7160 = EDGE_CURVE ( 'NONE', #6207, #3929, #6754, .T. ) ;
#7161 = CIRCLE ( 'NONE', #1342, 0.3499999999999998668 ) ;
#7162 = VECTOR ( 'NONE', #6103, 1000.000000000000000 ) ;
#7163 = CARTESIAN_POINT ( 'NONE',  ( -3.674999999999999822, 1.899999999999999911, 0.000000000000000000 ) ) ;
#7164 = CARTESIAN_POINT ( 'NONE',  ( 2.224999999999714095, 2.885400696809201193, -1.763344965323386138 ) ) ;
#7165 = FACE_OUTER_BOUND ( 'NONE', #6638, .T. ) ;
#7166 = DIRECTION ( 'NONE',  ( 1.606225440719264164E-13, 0.000000000000000000, 1.000000000000000000 ) ) ;
#7167 = ORIENTED_EDGE ( 'NONE', *, *, #1526, .F. ) ;
#7168 = DIRECTION ( 'NONE',  ( 0.000000000000000000, 0.000000000000000000, 1.000000000000000000 ) ) ;
#7169 = CARTESIAN_POINT ( 'NONE',  ( 3.973271221083741089, 1.853605794180075428, -1.208319006913148863 ) ) ;
#7170 = EDGE_CURVE ( 'NONE', #3542, #7734, #1289, .T. ) ;
#7171 = ORIENTED_EDGE ( 'NONE', *, *, #1749, .F. ) ;
#7172 = ORIENTED_EDGE ( 'NONE', *, *, #8299, .T. ) ;
#7173 = VERTEX_POINT ( 'NONE', #6027 ) ;
#7174 = FACE_OUTER_BOUND ( 'NONE', #519, .T. ) ;
#7175 = LINE ( 'NONE', #7913, #7056 ) ;
#7176 = LINE ( 'NONE', #2892, #2007 ) ;
#7177 = AXIS2_PLACEMENT_3D ( 'NONE', #4401, #824, #5006 ) ;
#7178 = EDGE_CURVE ( 'NONE', #233, #5408, #6585, .T. ) ;
#7179 = FACE_OUTER_BOUND ( 'NONE', #5880, .T. ) ;
#7180 = ORIENTED_EDGE ( 'NONE', *, *, #2482, .F. ) ;
#7181 = CARTESIAN_POINT ( 'NONE',  ( -1.804999999999986837, -8.327595409941794645E-17, -0.7499999999999996669 ) ) ;
#7182 = EDGE_CURVE ( 'NONE', #7864, #2263, #5479, .T. ) ;
#7183 = ORIENTED_EDGE ( 'NONE', *, *, #1582, .F. ) ;
#7184 = VECTOR ( 'NONE', #6502, 1000.000000000000000 ) ;
#7185 = ORIENTED_EDGE ( 'NONE', *, *, #6314, .T. ) ;
#7186 = CARTESIAN_POINT ( 'NONE',  ( 3.746788935686914623, 1.027355002579364518, -1.006276183449501538 ) ) ;
#7187 = DIRECTION ( 'NONE',  ( 0.000000000000000000, 0.000000000000000000, -1.000000000000000000 ) ) ;
#7188 = ORIENTED_EDGE ( 'NONE', *, *, #7860, .F. ) ;
#7189 = CYLINDRICAL_SURFACE ( 'NONE', #8508, 0.1000000000000000472 ) ;
#7190 = FACE_OUTER_BOUND ( 'NONE', #7198, .T. ) ;
#7191 = DIRECTION ( 'NONE',  ( 1.000000000000000000, -0.000000000000000000, -0.000000000000000000 ) ) ;
#7192 = AXIS2_PLACEMENT_3D ( 'NONE', #5806, #417, #1130 ) ;
#7193 = DIRECTION ( 'NONE',  ( 0.000000000000000000, 0.000000000000000000, 1.000000000000000000 ) ) ;
#7194 = DIRECTION ( 'NONE',  ( -1.000000000000000000, -0.000000000000000000, -0.000000000000000000 ) ) ;
#7195 = LINE ( 'NONE', #2992, #2787 ) ;
#7196 = DIRECTION ( 'NONE',  ( 0.7071067811865632269, 0.7071067811865318076, 0.000000000000000000 ) ) ;
#7197 = CIRCLE ( 'NONE', #4413, 2.024999999999999911 ) ;
#7198 = EDGE_LOOP ( 'NONE', ( #6029, #6239, #6592, #3172 ) ) ;
#7199 = ADVANCED_FACE ( 'NONE', ( #7585 ), #6893, .T. ) ;
#7200 = AXIS2_PLACEMENT_3D ( 'NONE', #5582, #5625, #3532 ) ;
#7201 = DIRECTION ( 'NONE',  ( 1.000000000000000000, -4.336808689942016158E-15, 0.000000000000000000 ) ) ;
#7202 = CARTESIAN_POINT ( 'NONE',  ( 3.972162274434820617, 2.744745649183648162, 1.222307968833055591 ) ) ;
#7203 = CARTESIAN_POINT ( 'NONE',  ( -2.874999999999999112, 3.250289015087288735, -1.301470915073710932 ) ) ;
#7204 = LINE ( 'NONE', #5010, #7145 ) ;
#7205 = AXIS2_PLACEMENT_3D ( 'NONE', #3833, #5057, #4414 ) ;
#7206 = CARTESIAN_POINT ( 'NONE',  ( 3.275000000000000355, 1.070000000000038476, 1.277499999999935465 ) ) ;
#7207 = CARTESIAN_POINT ( 'NONE',  ( 3.172410030623789456, 2.315757093551114032, -0.8142571807102112480 ) ) ;
#7208 = PRESENTATION_LAYER_ASSIGNMENT (  '', '', ( #6042 ) ) ;
#7209 = VERTEX_POINT ( 'NONE', #4967 ) ;
#7210 = CARTESIAN_POINT ( 'NONE',  ( 3.275000000000000355, 1.950954168234951602, -0.9649999999999351319 ) ) ;
#7211 = FACE_OUTER_BOUND ( 'NONE', #2130, .T. ) ;
#7212 = EDGE_CURVE ( 'NONE', #8146, #4127, #3606, .T. ) ;
#7213 = AXIS2_PLACEMENT_3D ( 'NONE', #3510, #2737, #789 ) ;
#7214 = FACE_OUTER_BOUND ( 'NONE', #8708, .T. ) ;
#7215 = CARTESIAN_POINT ( 'NONE',  ( 3.402028819750456012, 1.611113581669242567, 1.376125798843366832 ) ) ;
#7216 = ORIENTED_EDGE ( 'NONE', *, *, #1833, .F. ) ;
#7217 = CARTESIAN_POINT ( 'NONE',  ( 2.924999999999995381, 1.899999999999999911, -1.084202172485497137E-15 ) ) ;
#7218 = CARTESIAN_POINT ( 'NONE',  ( 3.141527854425239852, 2.323068022916713993, 0.8449327600732878807 ) ) ;
#7219 = EDGE_LOOP ( 'NONE', ( #3408, #6483, #4191 ) ) ;
#7220 = CARTESIAN_POINT ( 'NONE',  ( 3.773947465495128384, 2.134717880611792573, -1.245585735896885593 ) ) ;
#7221 = CARTESIAN_POINT ( 'NONE',  ( 3.429983586168068754, 2.946208826156150096, 1.605541650295957856 ) ) ;
#7222 = EDGE_CURVE ( 'NONE', #2208, #3437, #6130, .T. ) ;
#7223 = DIRECTION ( 'NONE',  ( -1.000000000000000000, -4.613626265895764546E-17, -6.195440985635107743E-16 ) ) ;
#7224 = CYLINDRICAL_SURFACE ( 'NONE', #5977, 2.075000000000000178 ) ;
#7225 = VERTEX_POINT ( 'NONE', #8407 ) ;
#7226 = VECTOR ( 'NONE', #6523, 1000.000000000000000 ) ;
#7227 = PLANE ( 'NONE',  #7067 ) ;
#7228 = VERTEX_POINT ( 'NONE', #4886 ) ;
#7229 = ORIENTED_EDGE ( 'NONE', *, *, #971, .F. ) ;
#7230 = CARTESIAN_POINT ( 'NONE',  ( -3.424999999999793321, -1.580166996069204022E-16, 0.4000000000004246825 ) ) ;
#7231 = CARTESIAN_POINT ( 'NONE',  ( 3.974192846804742274, 2.024184262601595119, 1.233556677580162741 ) ) ;
#7232 = CARTESIAN_POINT ( 'NONE',  ( -5.235000000000000320, 1.899999999999999911, 0.000000000000000000 ) ) ;
#7233 = ORIENTED_EDGE ( 'NONE', *, *, #8046, .F. ) ;
#7234 = ADVANCED_FACE ( 'NONE', ( #2914 ), #792, .T. ) ;
#7235 = DIRECTION ( 'NONE',  ( 0.000000000000000000, -1.000000000000000000, 0.000000000000000000 ) ) ;
#7236 = CARTESIAN_POINT ( 'NONE',  ( 3.277663711335771612, 2.056175808745024369, -1.679545526866349503 ) ) ;
#7237 = FACE_OUTER_BOUND ( 'NONE', #6357, .T. ) ;
#7238 = DIRECTION ( 'NONE',  ( -1.000000000000000000, -0.000000000000000000, -0.000000000000000000 ) ) ;
#7239 = ORIENTED_EDGE ( 'NONE', *, *, #7315, .F. ) ;
#7240 = ORIENTED_EDGE ( 'NONE', *, *, #3730, .F. ) ;
#7241 = VECTOR ( 'NONE', #4673, 1000.000000000000000 ) ;
#7242 = DIRECTION ( 'NONE',  ( -0.7071067811865536790, 0.000000000000000000, 0.7071067811865412445 ) ) ;
#7243 = DIRECTION ( 'NONE',  ( -1.000000000000000000, -0.000000000000000000, 0.000000000000000000 ) ) ;
#7244 = EDGE_CURVE ( 'NONE', #8762, #7847, #5694, .T. ) ;
#7245 = CARTESIAN_POINT ( 'NONE',  ( 3.402028819750454680, 0.7111135816692432110, -1.376125798843363057 ) ) ;
#7246 = DIRECTION ( 'NONE',  ( 0.000000000000000000, 0.000000000000000000, 1.000000000000000000 ) ) ;
#7247 = CARTESIAN_POINT ( 'NONE',  ( 3.838730832139334748, 3.007957993356199289, 1.014320057092172878 ) ) ;
#7248 = VERTEX_POINT ( 'NONE', #6374 ) ;
#7249 = ORIENTED_EDGE ( 'NONE', *, *, #8234, .F. ) ;
#7250 = DIRECTION ( 'NONE',  ( 0.000000000000000000, 0.000000000000000000, -1.000000000000000000 ) ) ;
#7251 = PLANE ( 'NONE',  #7077 ) ;
#7252 = CARTESIAN_POINT ( 'NONE',  ( 2.924999999999999822, 3.199999999999999734, 0.8000000000000000444 ) ) ;
#7253 = PLANE ( 'NONE',  #1364 ) ;
#7254 = EDGE_LOOP ( 'NONE', ( #6568, #4995, #6648, #3679, #5844, #1219, #2869 ) ) ;
#7255 = CARTESIAN_POINT ( 'NONE',  ( 3.275000000000000355, 2.510553028000122033, 0.8149999999999358868 ) ) ;
#7256 = DIRECTION ( 'NONE',  ( -0.000000000000000000, -0.000000000000000000, -1.000000000000000000 ) ) ;
#7257 = AXIS2_PLACEMENT_3D ( 'NONE', #6569, #6478, #266 ) ;
#7258 = AXIS2_PLACEMENT_3D ( 'NONE', #5538, #4038, #8250 ) ;
#7259 = ADVANCED_FACE ( 'NONE', ( #2741 ), #8318, .F. ) ;
#7260 = ORIENTED_EDGE ( 'NONE', *, *, #733, .F. ) ;
#7261 = VERTEX_POINT ( 'NONE', #77 ) ;
#7262 = CARTESIAN_POINT ( 'NONE',  ( -3.425000000000000266, 1.900000000000000133, 1.050000000000000044 ) ) ;
#7263 = CARTESIAN_POINT ( 'NONE',  ( 3.275000000000000355, 0.3750000000000000000, -1.100000000000000089 ) ) ;
#7264 = CARTESIAN_POINT ( 'NONE',  ( 3.141527854425239852, 1.476931977083285386, -0.8449327600732875476 ) ) ;
#7265 = B_SPLINE_CURVE_WITH_KNOTS ( 'NONE', 3,
 ( #4307, #3623, #188, #2444 ),
 .UNSPECIFIED., .F., .F.,
 ( 4, 4 ),
 ( 7.961140441812055433E-05, 0.0001222360288770373037 ),
 .UNSPECIFIED. ) ;
#7266 = CARTESIAN_POINT ( 'NONE',  ( -3.074999999999999734, -1.418690076762947653E-16, 1.100000000000424416 ) ) ;
#7267 = EDGE_CURVE ( 'NONE', #7734, #1091, #6294, .T. ) ;
#7268 = FACE_OUTER_BOUND ( 'NONE', #5233, .T. ) ;
#7269 = ADVANCED_FACE ( 'NONE', ( #2832 ), #830, .F. ) ;
#7270 = ORIENTED_EDGE ( 'NONE', *, *, #7049, .T. ) ;
#7271 = EDGE_LOOP ( 'NONE', ( #2774, #6675, #7543, #5905 ) ) ;
#7272 = DIRECTION ( 'NONE',  ( 1.000000000000000000, -3.497426362856461768E-15, 0.000000000000000000 ) ) ;
#7273 = ORIENTED_EDGE ( 'NONE', *, *, #128, .F. ) ;
#7274 = VERTEX_POINT ( 'NONE', #6341 ) ;
#7275 = DIRECTION ( 'NONE',  ( -0.000000000000000000, -0.4999999999999937828, 0.8660254037844422603 ) ) ;
#7276 = CARTESIAN_POINT ( 'NONE',  ( 3.974625753964702302, 1.733282216235194406, -1.240563721245499407 ) ) ;
#7277 = CIRCLE ( 'NONE', #1454, 0.2750000000000002998 ) ;
#7278 = LINE ( 'NONE', #6492, #685 ) ;
#7279 = VERTEX_POINT ( 'NONE', #123 ) ;
#7280 = CARTESIAN_POINT ( 'NONE',  ( -5.735000000000000320, 1.899999999999999911, 0.1999999999999999001 ) ) ;
#7281 = APPLICATION_CONTEXT ( 'automotive_design' ) ;
#7282 = LINE ( 'NONE', #3033, #6030 ) ;
#7283 = CARTESIAN_POINT ( 'NONE',  ( 3.584882863512920181, 2.036674422004255636, -1.529401864744739825 ) ) ;
#7284 = ADVANCED_FACE ( 'NONE', ( #31 ), #2874, .T. ) ;
#7285 = ORIENTED_EDGE ( 'NONE', *, *, #6117, .T. ) ;
#7286 = CARTESIAN_POINT ( 'NONE',  ( 2.225000000000000089, 1.899999999999999689, 1.133352670977950737E-13 ) ) ;
#7287 = EDGE_CURVE ( 'NONE', #47, #1259, #5106, .T. ) ;
#7288 = ORIENTED_EDGE ( 'NONE', *, *, #3939, .T. ) ;
#7289 = DIRECTION ( 'NONE',  ( 0.000000000000000000, 0.000000000000000000, -1.000000000000000000 ) ) ;
#7290 = CIRCLE ( 'NONE', #7737, 0.07499999999999998335 ) ;
#7291 = DIRECTION ( 'NONE',  ( -1.000000000000000000, 0.000000000000000000, 0.000000000000000000 ) ) ;
#7292 = ORIENTED_EDGE ( 'NONE', *, *, #6970, .T. ) ;
#7293 = VECTOR ( 'NONE', #2617, 1000.000000000000000 ) ;
#7294 = DIRECTION ( 'NONE',  ( -1.000000000000000000, 0.000000000000000000, 0.000000000000000000 ) ) ;
#7295 = CARTESIAN_POINT ( 'NONE',  ( 2.225000000000000089, 1.899999999999999689, 1.133352670977950737E-13 ) ) ;
#7296 = CARTESIAN_POINT ( 'NONE',  ( 1.524999999999999911, 7.035780055491042349E-17, -0.4000000000000418221 ) ) ;
#7297 = DIRECTION ( 'NONE',  ( 0.000000000000000000, 0.000000000000000000, -1.000000000000000000 ) ) ;
#7298 = AXIS2_PLACEMENT_3D ( 'NONE', #5091, #7158, #5739 ) ;
#7300 = EDGE_CURVE ( 'NONE', #7967, #4676, #5651, .T. ) ;
#7299 = EDGE_LOOP ( 'NONE', ( #7260, #5560, #1004, #2580 ) ) ;
#7301 = TOROIDAL_SURFACE ( 'NONE', #1605, 1.399999999999999911, 0.1000000000000000056 ) ;
#7302 = CARTESIAN_POINT ( 'NONE',  ( 2.924999999999999822, 0.7750000000000000222, 0.000000000000000000 ) ) ;
#7303 = DIRECTION ( 'NONE',  ( 0.000000000000000000, 0.000000000000000000, -1.000000000000000000 ) ) ;
#7304 = EDGE_CURVE ( 'NONE', #1011, #3415, #5610, .T. ) ;
#7305 = CARTESIAN_POINT ( 'NONE',  ( 3.275000000000000355, 1.899999999999999911, 2.000000000000000000 ) ) ;
#7306 = DIRECTION ( 'NONE',  ( 0.000000000000000000, 0.000000000000000000, 1.000000000000000000 ) ) ;
#7307 = VERTEX_POINT ( 'NONE', #160 ) ;
#7308 = AXIS2_PLACEMENT_3D ( 'NONE', #6601, #1586, #7347 ) ;
#7309 = DIRECTION ( 'NONE',  ( -2.141633920959021099E-15, 0.000000000000000000, -1.000000000000000000 ) ) ;
#7310 =( NAMED_UNIT ( * ) PLANE_ANGLE_UNIT ( ) SI_UNIT ( $, .RADIAN. ) );
#7311 = VERTEX_POINT ( 'NONE', #4158 ) ;
#7312 = ORIENTED_EDGE ( 'NONE', *, *, #2889, .F. ) ;
#7313 = ORIENTED_EDGE ( 'NONE', *, *, #2445, .T. ) ;
#7314 = FACE_OUTER_BOUND ( 'NONE', #4961, .T. ) ;
#7315 = EDGE_CURVE ( 'NONE', #7325, #2159, #5945, .T. ) ;
#7316 = AXIS2_PLACEMENT_3D ( 'NONE', #8527, #2260, #1712 ) ;
#7317 = CYLINDRICAL_SURFACE ( 'NONE', #382, 0.1350000000000001477 ) ;
#7318 = CARTESIAN_POINT ( 'NONE',  ( 3.126268858646825244, 1.468130808665118803, -0.8825416276371242930 ) ) ;
#7319 = DIRECTION ( 'NONE',  ( 0.000000000000000000, 0.7660444431189795678, -0.6427876096865374755 ) ) ;
#7320 = CARTESIAN_POINT ( 'NONE',  ( 2.924999999999999822, 1.899999999999999911, 0.000000000000000000 ) ) ;
#7321 = ORIENTED_EDGE ( 'NONE', *, *, #7586, .T. ) ;
#7322 = VECTOR ( 'NONE', #1990, 1000.000000000000000 ) ;
#7323 = ORIENTED_EDGE ( 'NONE', *, *, #6376, .F. ) ;
#7324 = CARTESIAN_POINT ( 'NONE',  ( 2.924999999999999822, 2.945000000000000284, 0.000000000000000000 ) ) ;
#7325 = VERTEX_POINT ( 'NONE', #3467 ) ;
#7326 = ORIENTED_EDGE ( 'NONE', *, *, #4899, .F. ) ;
#7327 = FACE_OUTER_BOUND ( 'NONE', #7786, .T. ) ;
#7328 = ADVANCED_FACE ( 'NONE', ( #1549 ), #2786, .F. ) ;
#7329 = FACE_OUTER_BOUND ( 'NONE', #131, .T. ) ;
#7330 = ADVANCED_FACE ( 'NONE', ( #5567 ), #8632, .T. ) ;
#7331 = EDGE_CURVE ( 'NONE', #3360, #7931, #4450, .T. ) ;
#7332 = ORIENTED_EDGE ( 'NONE', *, *, #1122, .F. ) ;
#7333 = CARTESIAN_POINT ( 'NONE',  ( 3.275000000000000355, 3.399999999999999911, 0.8149999999999357758 ) ) ;
#7334 = CARTESIAN_POINT ( 'NONE',  ( 3.275000000000000355, 0.8458563656608286685, -0.7499999999999352740 ) ) ;
#7335 =( GEOMETRIC_REPRESENTATION_CONTEXT ( 3 ) GLOBAL_UNCERTAINTY_ASSIGNED_CONTEXT ( ( #2079 ) ) GLOBAL_UNIT_ASSIGNED_CONTEXT ( ( #8908, #4608, #4647 ) ) REPRESENTATION_CONTEXT ( 'NONE', 'WORKASPACE' ) );
#7336 = CARTESIAN_POINT ( 'NONE',  ( -2.875000000000356160, 3.248445554339142394, -2.200000000000000178 ) ) ;
#7337 = ORIENTED_EDGE ( 'NONE', *, *, #2875, .T. ) ;
#7338 = DIRECTION ( 'NONE',  ( 8.099371738820814218E-14, -0.8660254037844419273, 0.4999999999999944489 ) ) ;
#7339 = ORIENTED_EDGE ( 'NONE', *, *, #5227, .T. ) ;
#7340 = DIRECTION ( 'NONE',  ( 0.000000000000000000, 0.000000000000000000, -1.000000000000000000 ) ) ;
#7341 = AXIS2_PLACEMENT_3D ( 'NONE', #1107, #439, #3194 ) ;
#7342 = EDGE_CURVE ( 'NONE', #4869, #6161, #7892, .T. ) ;
#7343 = CARTESIAN_POINT ( 'NONE',  ( -3.875000000000000000, 1.899999999999999911, 0.000000000000000000 ) ) ;
#7344 = EDGE_CURVE ( 'NONE', #5110, #3612, #4245, .T. ) ;
#7345 = ORIENTED_EDGE ( 'NONE', *, *, #3835, .F. ) ;
#7346 = FACE_OUTER_BOUND ( 'NONE', #2054, .T. ) ;
#7347 = DIRECTION ( 'NONE',  ( -1.000000000000000000, 0.000000000000000000, 0.000000000000000000 ) ) ;
#7348 = CARTESIAN_POINT ( 'NONE',  ( 3.746788929492051778, 2.742822762206904574, 1.006276182907521521 ) ) ;
#7349 = AXIS2_PLACEMENT_3D ( 'NONE', #1252, #5307, #4617 ) ;
#7350 = ORIENTED_EDGE ( 'NONE', *, *, #8650, .T. ) ;
#7351 = ORIENTED_EDGE ( 'NONE', *, *, #7938, .F. ) ;
#7352 = EDGE_CURVE ( 'NONE', #979, #499, #3772, .T. ) ;
#7353 = CARTESIAN_POINT ( 'NONE',  ( 3.275000000000000355, 2.200000000000001954, -1.529141487488482554 ) ) ;
#7354 = DIRECTION ( 'NONE',  ( -0.000000000000000000, 1.000000000000000000, -0.000000000000000000 ) ) ;
#7355 = DIRECTION ( 'NONE',  ( 0.000000000000000000, 0.000000000000000000, -1.000000000000000000 ) ) ;
#7356 = CIRCLE ( 'NONE', #6182, 1.168826837921906669 ) ;
#7357 = DIRECTION ( 'NONE',  ( 5.219536637890716793E-14, -0.9461585652950789127, 0.3237035207080048438 ) ) ;
#7358 = EDGE_LOOP ( 'NONE', ( #7312, #7249, #3104, #5901 ) ) ;
#7359 = ADVANCED_FACE ( 'NONE', ( #8727 ), #8682, .F. ) ;
#7360 = CARTESIAN_POINT ( 'NONE',  ( 3.125257593149248780, 2.333547333354653475, 0.8898025973573315817 ) ) ;
#7361 = AXIS2_PLACEMENT_3D ( 'NONE', #3324, #6097, #20 ) ;
#7362 = ORIENTED_EDGE ( 'NONE', *, *, #5589, .T. ) ;
#7363 = EDGE_LOOP ( 'NONE', ( #4817, #5765, #3215, #4433 ) ) ;
#7364 = B_SPLINE_CURVE_WITH_KNOTS ( 'NONE', 3,
 ( #7470, #8847, #8802, #2490, #1802, #1033 ),
 .UNSPECIFIED., .F., .F.,
 ( 4, 2, 4 ),
 ( 0.000000000000000000, 0.0001622770473773105487, 0.0003245540947546210974 ),
 .UNSPECIFIED. ) ;
#7365 = ORIENTED_EDGE ( 'NONE', *, *, #5437, .F. ) ;
#7366 = AXIS2_PLACEMENT_3D ( 'NONE', #4009, #1097, #7433 ) ;
#7367 = VERTEX_POINT ( 'NONE', #3092 ) ;
#7368 = CARTESIAN_POINT ( 'NONE',  ( -2.875000000000310418, 2.973208679693148060, -1.920474714707749886 ) ) ;
#7369 = CARTESIAN_POINT ( 'NONE',  ( 1.824999999999999734, 0.1499999999999999389, -2.000000000000000000 ) ) ;
#7370 = DIRECTION ( 'NONE',  ( 1.000000000000000000, 0.000000000000000000, 0.000000000000000000 ) ) ;
#7371 = AXIS2_PLACEMENT_3D ( 'NONE', #1677, #7243, #998 ) ;
#7372 = LINE ( 'NONE', #8194, #1589 ) ;
#7373 = ADVANCED_FACE ( 'NONE', ( #1052 ), #8042, .T. ) ;
#7374 = DIRECTION ( 'NONE',  ( 0.000000000000000000, 1.000000000000000000, 1.224646799147353207E-16 ) ) ;
#7375 = EDGE_LOOP ( 'NONE', ( #1596, #4609, #8187, #6247, #8713, #7736, #6981, #3027, #2363, #2395, #3935, #8390, #8724, #3892, #404, #1228, #5533, #6429, #8489, #4624, #7622, #4566, #461 ) ) ;
#7376 = ORIENTED_EDGE ( 'NONE', *, *, #1856, .F. ) ;
#7377 = CARTESIAN_POINT ( 'NONE',  ( 3.633715574274765103, 0.9823385055650708519, -1.253814209305440519 ) ) ;
#7378 = VERTEX_POINT ( 'NONE', #3143 ) ;
#7379 = ORIENTED_EDGE ( 'NONE', *, *, #6092, .T. ) ;
#7380 = FACE_OUTER_BOUND ( 'NONE', #8584, .T. ) ;
#7381 = DIRECTION ( 'NONE',  ( 0.000000000000000000, -1.000000000000000000, -3.046096706647207674E-16 ) ) ;
#7382 = CARTESIAN_POINT ( 'NONE',  ( 3.277663711335768060, 2.956175808745023836, 1.679545526866349725 ) ) ;
#7383 = CARTESIAN_POINT ( 'NONE',  ( 2.225000000000337153, 1.187852254442064437, 2.081548843648364233 ) ) ;
#7385 = CIRCLE ( 'NONE', #5480, 0.2250000000000012546 ) ;
#7384 = CARTESIAN_POINT ( 'NONE',  ( 2.924999999999999822, 1.600000000000000311, -2.002654488422803247 ) ) ;
#7386 = DIRECTION ( 'NONE',  ( 0.000000000000000000, 0.000000000000000000, -1.000000000000000000 ) ) ;
#7387 = ORIENTED_EDGE ( 'NONE', *, *, #2621, .F. ) ;
#7388 = EDGE_CURVE ( 'NONE', #2403, #2734, #4103, .T. ) ;
#7389 = ORIENTED_EDGE ( 'NONE', *, *, #1184, .T. ) ;
#7390 = CARTESIAN_POINT ( 'NONE',  ( 1.024999999999999911, 4.728966922543158228E-17, -1.375000000000000000 ) ) ;
#7391 = VECTOR ( 'NONE', #6731, 1000.000000000000000 ) ;
#7392 = LINE ( 'NONE', #5371, #3137 ) ;
#7393 = ORIENTED_EDGE ( 'NONE', *, *, #342, .F. ) ;
#7394 = FACE_OUTER_BOUND ( 'NONE', #7009, .T. ) ;
#7395 = CARTESIAN_POINT ( 'NONE',  ( 3.655504509961678750, 1.633289831042133544, 1.253814209305440519 ) ) ;
#7396 = CARTESIAN_POINT ( 'NONE',  ( 1.925000000000000044, 1.899999999999999911, 0.000000000000000000 ) ) ;
#7397 = EDGE_CURVE ( 'NONE', #5200, #2579, #6411, .T. ) ;
#7398 = ORIENTED_EDGE ( 'NONE', *, *, #342, .T. ) ;
#7399 = ORIENTED_EDGE ( 'NONE', *, *, #6896, .T. ) ;
#7400 = CARTESIAN_POINT ( 'NONE',  ( 3.277663711335768060, 1.743824191254975231, 1.679545526866350169 ) ) ;
#7401 = CARTESIAN_POINT ( 'NONE',  ( 3.125000000000000000, 2.670000000000056328, -1.372499999999934994 ) ) ;
#7402 = LINE ( 'NONE', #1153, #6468 ) ;
#7403 = DIRECTION ( 'NONE',  ( 0.000000000000000000, 0.000000000000000000, 1.000000000000000000 ) ) ;
#7404 = ORIENTED_EDGE ( 'NONE', *, *, #2471, .T. ) ;
#7405 = DIRECTION ( 'NONE',  ( 1.000000000000000000, 0.000000000000000000, 0.000000000000000000 ) ) ;
#7406 = FACE_OUTER_BOUND ( 'NONE', #2110, .T. ) ;
#7407 = ORIENTED_EDGE ( 'NONE', *, *, #4452, .T. ) ;
#7408 = ADVANCED_FACE ( 'NONE', ( #1630 ), #4364, .F. ) ;
#7409 = EDGE_LOOP ( 'NONE', ( #2908, #8657, #6155, #3234 ) ) ;
#7410 = VERTEX_POINT ( 'NONE', #959 ) ;
#7411 = ORIENTED_EDGE ( 'NONE', *, *, #320, .F. ) ;
#7412 = EDGE_CURVE ( 'NONE', #7279, #2094, #1725, .T. ) ;
#7413 = DIRECTION ( 'NONE',  ( -1.000000000000000000, 0.000000000000000000, 0.000000000000000000 ) ) ;
#7414 = FACE_OUTER_BOUND ( 'NONE', #5596, .T. ) ;
#7415 = CARTESIAN_POINT ( 'NONE',  ( 3.655504509961679638, 3.066710168957865523, 1.253814209305440741 ) ) ;
#7416 = AXIS2_PLACEMENT_3D ( 'NONE', #3299, #7413, #8788 ) ;
#7417 = VECTOR ( 'NONE', #1603, 1000.000000000000000 ) ;
#7418 = CARTESIAN_POINT ( 'NONE',  ( -3.624999999999793943, 0.1799999999999998268, 0.9000000000000425437 ) ) ;
#7419 = DIRECTION ( 'NONE',  ( 1.000000000000000000, 4.613626265895764546E-17, 3.614007241617112231E-17 ) ) ;
#7420 = ORIENTED_EDGE ( 'NONE', *, *, #3471, .T. ) ;
#7421 = ORIENTED_EDGE ( 'NONE', *, *, #224, .T. ) ;
#7422 = CARTESIAN_POINT ( 'NONE',  ( -3.424999999999793321, -1.580166996069204022E-16, -1.100000000000424194 ) ) ;
#7423 = ORIENTED_EDGE ( 'NONE', *, *, #8431, .F. ) ;
#7424 = EDGE_LOOP ( 'NONE', ( #5300, #6041, #4842, #3744, #802, #7661, #6362 ) ) ;
#7425 = DIRECTION ( 'NONE',  ( -0.000000000000000000, -1.000000000000000000, -0.000000000000000000 ) ) ;
#7426 = EDGE_CURVE ( 'NONE', #6582, #7248, #49, .T. ) ;
#7427 = DIRECTION ( 'NONE',  ( -1.000000000000000000, -0.000000000000000000, -0.000000000000000000 ) ) ;
#7428 = DIRECTION ( 'NONE',  ( 4.613626265895765162E-17, -1.000000000000000000, 0.000000000000000000 ) ) ;
#7429 = ORIENTED_EDGE ( 'NONE', *, *, #8422, .T. ) ;
#7430 = ORIENTED_EDGE ( 'NONE', *, *, #3295, .F. ) ;
#7431 = ORIENTED_EDGE ( 'NONE', *, *, #7727, .F. ) ;
#7432 = CARTESIAN_POINT ( 'NONE',  ( -2.874999999999689138, 2.973208679693148060, 1.920474714707750108 ) ) ;
#7433 = DIRECTION ( 'NONE',  ( 0.000000000000000000, 0.000000000000000000, 1.000000000000000000 ) ) ;
#7434 = ORIENTED_EDGE ( 'NONE', *, *, #54, .T. ) ;
#7435 = VECTOR ( 'NONE', #673, 1000.000000000000000 ) ;
#7436 = CARTESIAN_POINT ( 'NONE',  ( 1.024999999999951505, 0.3150000000000000022, 1.449999999999368461 ) ) ;
#7437 = DIRECTION ( 'NONE',  ( 0.000000000000000000, -0.9461585652950790237, -0.3237035207080047328 ) ) ;
#7438 = CIRCLE ( 'NONE', #6392, 0.2250000000000012546 ) ;
#7439 = DIRECTION ( 'NONE',  ( 0.000000000000000000, 0.000000000000000000, 1.000000000000000000 ) ) ;
#7440 = ORIENTED_EDGE ( 'NONE', *, *, #5649, .T. ) ;
#7441 = ORIENTED_EDGE ( 'NONE', *, *, #8004, .T. ) ;
#7442 = LINE ( 'NONE', #396, #8346 ) ;
#7443 = FACE_BOUND ( 'NONE', #7965, .T. ) ;
#7444 = DIRECTION ( 'NONE',  ( -8.091380703721135954E-14, -0.8660254037844422603, -0.4999999999999937828 ) ) ;
#7445 = EDGE_CURVE ( 'NONE', #8147, #1943, #2458, .T. ) ;
#7446 = LINE ( 'NONE', #4111, #1071 ) ;
#7447 = EDGE_CURVE ( 'NONE', #7931, #6394, #1773, .T. ) ;
#7448 = ADVANCED_FACE ( 'NONE', ( #205 ), #5092, .F. ) ;
#7449 = ORIENTED_EDGE ( 'NONE', *, *, #7561, .F. ) ;
#7450 = CIRCLE ( 'NONE', #4235, 1.300000000000000044 ) ;
#7451 = CARTESIAN_POINT ( 'NONE',  ( 3.641673936429752345, 2.308266538967960191, 0.7833260635702472552 ) ) ;
#7452 = PLANE ( 'NONE',  #42 ) ;
#7453 = CIRCLE ( 'NONE', #3508, 0.3150000000000000577 ) ;
#7454 = ORIENTED_EDGE ( 'NONE', *, *, #2307, .T. ) ;
#7455 = VECTOR ( 'NONE', #4790, 1000.000000000000000 ) ;
#7456 = ORIENTED_EDGE ( 'NONE', *, *, #7488, .F. ) ;
#7457 = LINE ( 'NONE', #8232, #7114 ) ;
#7458 = LINE ( 'NONE', #8920, #6910 ) ;
#7459 = CARTESIAN_POINT ( 'NONE',  ( 3.050000000000000266, 0.2500000000000000000, 0.000000000000000000 ) ) ;
#7460 = VECTOR ( 'NONE', #1995, 1000.000000000000227 ) ;
#7461 = EDGE_CURVE ( 'NONE', #2004, #4202, #3732, .T. ) ;
#7462 = DIRECTION ( 'NONE',  ( 0.000000000000000000, -0.9461585652950790237, -0.3237035207080047328 ) ) ;
#7463 = DIRECTION ( 'NONE',  ( -1.000000000000000000, -0.000000000000000000, -0.000000000000000000 ) ) ;
#7464 = EDGE_LOOP ( 'NONE', ( #6173, #5631, #8864 ) ) ;
#7465 = EDGE_LOOP ( 'NONE', ( #2155, #1226, #7489, #8465 ) ) ;
#7466 = CARTESIAN_POINT ( 'NONE',  ( -3.875000000000000000, 1.899999999999999911, 0.3499999999999998668 ) ) ;
#7467 = ORIENTED_EDGE ( 'NONE', *, *, #8815, .F. ) ;
#7469 = EDGE_CURVE ( 'NONE', #7847, #4708, #4098, .T. ) ;
#7468 = CARTESIAN_POINT ( 'NONE',  ( 3.125000000000000000, 2.510553028000122477, -0.8149999999999351097 ) ) ;
#7470 = CARTESIAN_POINT ( 'NONE',  ( -2.674999999999999378, 3.399999999999999911, 1.360376786041278985 ) ) ;
#7471 = VECTOR ( 'NONE', #6747, 1000.000000000000000 ) ;
#7472 = CARTESIAN_POINT ( 'NONE',  ( 3.683775714356685604, 1.636639036048238127, 1.250032998735934209 ) ) ;
#7473 = EDGE_CURVE ( 'NONE', #5211, #230, #3041, .T. ) ;
#7474 = CARTESIAN_POINT ( 'NONE',  ( 3.346115798439219358, 0.7062218261610268000, -1.402926247519231229 ) ) ;
#7475 = VECTOR ( 'NONE', #118, 1000.000000000000000 ) ;
#7476 = ORIENTED_EDGE ( 'NONE', *, *, #1392, .F. ) ;
#7477 = DIRECTION ( 'NONE',  ( -1.000000000000000000, 0.000000000000000000, 0.000000000000000000 ) ) ;
#7478 = ORIENTED_EDGE ( 'NONE', *, *, #6091, .T. ) ;
#7479 = CARTESIAN_POINT ( 'NONE',  ( 1.524999999999999911, 7.035780055491042349E-17, 0.4000000000000422662 ) ) ;
#7480 = CARTESIAN_POINT ( 'NONE',  ( 3.971903135266040330, 1.054054760152391301, -1.223922426933287122 ) ) ;
#7481 = AXIS2_PLACEMENT_3D ( 'NONE', #3719, #146, #5677 ) ;
#7482 = ORIENTED_EDGE ( 'NONE', *, *, #3877, .T. ) ;
#7483 = B_SPLINE_CURVE_WITH_KNOTS ( 'NONE', 3,
 ( #3677, #7149, #5915, #196 ),
 .UNSPECIFIED., .F., .F.,
 ( 4, 4 ),
 ( 0.000000000000000000, 7.177429867708418499E-05 ),
 .UNSPECIFIED. ) ;
#7484 = EDGE_CURVE ( 'NONE', #8814, #4373, #521, .T. ) ;
#7485 = PLANE ( 'NONE',  #6852 ) ;
#7486 = LINE ( 'NONE', #8133, #1907 ) ;
#7487 = CARTESIAN_POINT ( 'NONE',  ( 2.225000000000337153, 1.187852254442085975, 2.081548843648299396 ) ) ;
#7488 = EDGE_CURVE ( 'NONE', #4463, #3332, #6014, .T. ) ;
#7489 = ORIENTED_EDGE ( 'NONE', *, *, #347, .T. ) ;
#7490 = AXIS2_PLACEMENT_3D ( 'NONE', #5607, #5565, #6936 ) ;
#7491 = DIRECTION ( 'NONE',  ( 0.000000000000000000, 0.000000000000000000, -1.000000000000000000 ) ) ;
#7492 = LINE ( 'NONE', #1241, #7926 ) ;
#7493 = DIRECTION ( 'NONE',  ( 0.000000000000000000, -1.000000000000000000, -1.488536702546203339E-23 ) ) ;
#7494 = LINE ( 'NONE', #1154, #7043 ) ;
#7495 = ORIENTED_EDGE ( 'NONE', *, *, #2158, .T. ) ;
#7496 = CARTESIAN_POINT ( 'NONE',  ( 3.095000000000513118, 0.2499999999999997780, 0.4000000000000425993 ) ) ;
#7497 = AXIS2_PLACEMENT_3D ( 'NONE', #6312, #2150, #7090 ) ;
#7498 = DIRECTION ( 'NONE',  ( 0.000000000000000000, 0.000000000000000000, 1.000000000000000000 ) ) ;
#7499 = VERTEX_POINT ( 'NONE', #5374 ) ;
#7500 = ORIENTED_EDGE ( 'NONE', *, *, #8544, .T. ) ;
#7501 = VERTEX_POINT ( 'NONE', #1902 ) ;
#7502 = EDGE_CURVE ( 'NONE', #5372, #1687, #1192, .T. ) ;
#7503 = ORIENTED_EDGE ( 'NONE', *, *, #3879, .T. ) ;
#7504 = VECTOR ( 'NONE', #1492, 1000.000000000000000 ) ;
#7505 = DIRECTION ( 'NONE',  ( -4.613626265895765162E-17, 1.000000000000000000, -0.000000000000000000 ) ) ;
#7506 = CIRCLE ( 'NONE', #8512, 1.000000000000000000 ) ;
#7507 = AXIS2_PLACEMENT_3D ( 'NONE', #5214, #8697, #3705 ) ;
#7508 = DIRECTION ( 'NONE',  ( 0.000000000000000000, 0.000000000000000000, 1.000000000000000000 ) ) ;
#7509 = CARTESIAN_POINT ( 'NONE',  ( 3.973177881677031564, 1.818042024625755149, -1.225196149963282632 ) ) ;
#7510 = AXIS2_PLACEMENT_3D ( 'NONE', #4559, #7993, #5929 ) ;
#7511 = DIRECTION ( 'NONE',  ( -1.000000000000000000, -4.613626265895765162E-17, 1.619075244254214076E-13 ) ) ;
#7512 = ORIENTED_EDGE ( 'NONE', *, *, #7244, .F. ) ;
#7513 = AXIS2_PLACEMENT_3D ( 'NONE', #7377, #3024, #3854 ) ;
#7514 = EDGE_CURVE ( 'NONE', #8990, #5904, #2196, .T. ) ;
#7515 = CARTESIAN_POINT ( 'NONE',  ( 1.024999999999999911, 1.187852254442026245, 2.081548843648473479 ) ) ;
#7516 = ORIENTED_EDGE ( 'NONE', *, *, #3563, .F. ) ;
#7517 = DIRECTION ( 'NONE',  ( -0.000000000000000000, 1.000000000000000000, -0.000000000000000000 ) ) ;
#7518 = PLANE ( 'NONE',  #5793 ) ;
#7519 = CIRCLE ( 'NONE', #6195, 0.5000000000000002220 ) ;
#7520 = DIRECTION ( 'NONE',  ( 1.618788986246299066E-13, 0.000000000000000000, 1.000000000000000000 ) ) ;
#7521 = FACE_OUTER_BOUND ( 'NONE', #3565, .T. ) ;
#7522 = VERTEX_POINT ( 'NONE', #564 ) ;
#7523 = ORIENTED_EDGE ( 'NONE', *, *, #8046, .T. ) ;
#7524 = ORIENTED_EDGE ( 'NONE', *, *, #5345, .T. ) ;
#7525 = DIRECTION ( 'NONE',  ( 1.000000000000000000, 4.613626265895765162E-17, 0.000000000000000000 ) ) ;
#7526 = ADVANCED_FACE ( 'NONE', ( #3875 ), #434, .T. ) ;
#7527 = CARTESIAN_POINT ( 'NONE',  ( 3.125000000000000000, 2.312310562561765703, -0.7999999999999999334 ) ) ;
#7528 = EDGE_LOOP ( 'NONE', ( #8784, #8865, #8994, #2023 ) ) ;
#7529 = AXIS2_PLACEMENT_3D ( 'NONE', #409, #1165, #1744 ) ;
#7530 = CARTESIAN_POINT ( 'NONE',  ( 3.275000000000000355, 0.2499999999999999445, -2.000000000000000000 ) ) ;
#7531 = DIRECTION ( 'NONE',  ( -1.531752565501796716E-13, -0.3237035207080048993, -0.9461585652950789127 ) ) ;
#7532 = DIRECTION ( 'NONE',  ( -4.613626265895765162E-17, 1.000000000000000000, -0.000000000000000000 ) ) ;
#7533 = VERTEX_POINT ( 'NONE', #4601 ) ;
#7534 = CARTESIAN_POINT ( 'NONE',  ( -3.624999999999793943, 0.1799999999999998268, 0.6000000000004247491 ) ) ;
#7535 = CARTESIAN_POINT ( 'NONE',  ( 3.346115798434088795, 1.606221826160577182, 1.402926247521610437 ) ) ;
#7536 = CARTESIAN_POINT ( 'NONE',  ( 3.971903135266040330, 1.054054760152391301, -1.223922426933287122 ) ) ;
#7537 = EDGE_CURVE ( 'NONE', #6383, #2534, #2556, .T. ) ;
#7538 = CARTESIAN_POINT ( 'NONE',  ( 3.275000000000000355, 1.899999999999999911, 2.000000000000000000 ) ) ;
#7539 = EDGE_LOOP ( 'NONE', ( #3917, #6144, #8116, #4853 ) ) ;
#7540 = FACE_OUTER_BOUND ( 'NONE', #3700, .T. ) ;
#7541 = LINE ( 'NONE', #3425, #1762 ) ;
#7542 = VECTOR ( 'NONE', #7119, 1000.000000000000000 ) ;
#7543 = ORIENTED_EDGE ( 'NONE', *, *, #1404, .T. ) ;
#7544 = EDGE_LOOP ( 'NONE', ( #5288, #1188, #7877, #3943 ) ) ;
#7545 = DIRECTION ( 'NONE',  ( 1.000000000000000000, -0.000000000000000000, -0.000000000000000000 ) ) ;
#7546 = FACE_OUTER_BOUND ( 'NONE', #6277, .T. ) ;
#7547 = CARTESIAN_POINT ( 'NONE',  ( 3.125000000000000000, 1.201787997811427200, 0.7499999999999353850 ) ) ;
#7548 = ORIENTED_EDGE ( 'NONE', *, *, #674, .F. ) ;
#7549 = EDGE_CURVE ( 'NONE', #8903, #716, #4686, .T. ) ;
#7550 = LINE ( 'NONE', #4849, #308 ) ;
#7551 = FACE_OUTER_BOUND ( 'NONE', #6178, .T. ) ;
#7552 = CARTESIAN_POINT ( 'NONE',  ( 2.924999999999999822, 3.199999999999999734, 0.8000000000000000444 ) ) ;
#7553 = ORIENTED_EDGE ( 'NONE', *, *, #5074, .F. ) ;
#7554 = ORIENTED_EDGE ( 'NONE', *, *, #6175, .F. ) ;
#7555 = EDGE_LOOP ( 'NONE', ( #7167, #184, #3340, #8585, #615, #3305 ) ) ;
#7556 = VERTEX_POINT ( 'NONE', #5286 ) ;
#7557 = CARTESIAN_POINT ( 'NONE',  ( -3.424999999999793321, -1.580166996069204022E-16, -0.6000000000004247491 ) ) ;
#7558 = ORIENTED_EDGE ( 'NONE', *, *, #827, .T. ) ;
#7559 = CARTESIAN_POINT ( 'NONE',  ( -2.875000000000000000, 3.199999999999999734, 0.5196152422706639129 ) ) ;
#7560 = CARTESIAN_POINT ( 'NONE',  ( 3.225000000000000089, 1.899999999999999911, 0.000000000000000000 ) ) ;
#7561 = EDGE_CURVE ( 'NONE', #6520, #7311, #7486, .T. ) ;
#7562 = CARTESIAN_POINT ( 'NONE',  ( 3.275000000000000355, 3.400000000000000355, -1.322875655532294914 ) ) ;
#7563 = ADVANCED_FACE ( 'NONE', ( #6742 ), #5469, .T. ) ;
#7564 = FACE_OUTER_BOUND ( 'NONE', #1290, .T. ) ;
#7565 = VERTEX_POINT ( 'NONE', #1235 ) ;
#7566 = DIRECTION ( 'NONE',  ( 1.000000000000000000, 0.000000000000000000, 0.000000000000000000 ) ) ;
#7567 = ORIENTED_EDGE ( 'NONE', *, *, #2224, .T. ) ;
#7568 = ORIENTED_EDGE ( 'NONE', *, *, #4887, .T. ) ;
#7569 = CARTESIAN_POINT ( 'NONE',  ( 3.402028819750454680, 3.088886418330756722, 1.376125798843362835 ) ) ;
#7570 = CARTESIAN_POINT ( 'NONE',  ( 2.225000000000324718, 3.021990892406452467, 2.007769019920918829 ) ) ;
#7571 = EDGE_LOOP ( 'NONE', ( #2250, #5817, #8926, #5472 ) ) ;
#7572 = EDGE_CURVE ( 'NONE', #561, #1017, #3465, .T. ) ;
#7573 = EDGE_CURVE ( 'NONE', #688, #8531, #8900, .T. ) ;
#7574 = CYLINDRICAL_SURFACE ( 'NONE', #6543, 0.2499999999999998057 ) ;
#7575 = CARTESIAN_POINT ( 'NONE',  ( 3.974999999999999201, 1.081957975374245429, -1.255324857972438091 ) ) ;
#7576 = CARTESIAN_POINT ( 'NONE',  ( 3.275000000000000355, 1.201787997811427200, 0.8499999999999355849 ) ) ;
#7577 = ORIENTED_EDGE ( 'NONE', *, *, #5603, .T. ) ;
#7578 = LINE ( 'NONE', #4194, #6427 ) ;
#7579 = CARTESIAN_POINT ( 'NONE',  ( 0.000000000000000000, 1.600000000000000311, 0.000000000000000000 ) ) ;
#7580 = CARTESIAN_POINT ( 'NONE',  ( 3.974999999999999201, 2.195481941491911559, 1.255324857972438313 ) ) ;
#7581 = VECTOR ( 'NONE', #6426, 1000.000000000000000 ) ;
#7582 = CARTESIAN_POINT ( 'NONE',  ( -3.624999999999793499, -1.672439521387119461E-16, 0.6000000000004247491 ) ) ;
#7583 = ORIENTED_EDGE ( 'NONE', *, *, #2264, .T. ) ;
#7584 = CARTESIAN_POINT ( 'NONE',  ( 3.275000000000000355, 0.3750000000000000000, 1.100000000000000089 ) ) ;
#7585 = FACE_OUTER_BOUND ( 'NONE', #4947, .T. ) ;
#7586 = EDGE_CURVE ( 'NONE', #230, #3415, #3225, .T. ) ;
#7588 = ORIENTED_EDGE ( 'NONE', *, *, #5331, .T. ) ;
#7587 = VECTOR ( 'NONE', #5118, 1000.000000000000000 ) ;
#7589 = VERTEX_POINT ( 'NONE', #1100 ) ;
#7590 = ORIENTED_EDGE ( 'NONE', *, *, #1930, .F. ) ;
#7591 = CARTESIAN_POINT ( 'NONE',  ( 2.225000000000302069, 3.264478005466096455, 1.867769019920920037 ) ) ;
#7592 = DIRECTION ( 'NONE',  ( 1.618788986246299066E-13, 0.000000000000000000, 1.000000000000000000 ) ) ;
#7593 = DIRECTION ( 'NONE',  ( -1.000000000000000000, -4.613626265895765162E-17, 1.619075244254214076E-13 ) ) ;
#7594 = VERTEX_POINT ( 'NONE', #4736 ) ;
#7595 = VECTOR ( 'NONE', #1299, 1000.000000000000114 ) ;
#7596 = AXIS2_PLACEMENT_3D ( 'NONE', #3684, #6459, #1627 ) ;
#7597 = CARTESIAN_POINT ( 'NONE',  ( -5.064949493661166535, 1.899999999999999911, 0.000000000000000000 ) ) ;
#7598 = DIRECTION ( 'NONE',  ( 0.000000000000000000, -1.000000000000000000, 0.000000000000000000 ) ) ;
#7599 = ORIENTED_EDGE ( 'NONE', *, *, #3730, .T. ) ;
#7600 = ORIENTED_EDGE ( 'NONE', *, *, #8793, .F. ) ;
#7601 = ADVANCED_FACE ( 'NONE', ( #6832 ), #7759, .T. ) ;
#7602 = CARTESIAN_POINT ( 'NONE',  ( 3.655504509961679194, 2.166710168957866056, -1.253814209305440741 ) ) ;
#7603 = CIRCLE ( 'NONE', #3516, 0.1499999999999997446 ) ;
#7604 = VECTOR ( 'NONE', #7159, 1000.000000000000000 ) ;
#7605 = VERTEX_POINT ( 'NONE', #6651 ) ;
#7606 = CARTESIAN_POINT ( 'NONE',  ( -2.865787895791752415, 3.261084004198037345, 0.1766239824450250573 ) ) ;
#7607 = FACE_OUTER_BOUND ( 'NONE', #3426, .T. ) ;
#7608 = DIRECTION ( 'NONE',  ( -1.000000000000000000, 0.000000000000000000, 0.000000000000000000 ) ) ;
#7609 = VECTOR ( 'NONE', #103, 1000.000000000000000 ) ;
#7610 = CYLINDRICAL_SURFACE ( 'NONE', #5391, 2.024999999999999911 ) ;
#7611 = VERTEX_POINT ( 'NONE', #8088 ) ;
#7612 = ORIENTED_EDGE ( 'NONE', *, *, #6639, .F. ) ;
#7613 = ADVANCED_FACE ( 'NONE', ( #1823 ), #405, .T. ) ;
#7614 = DIRECTION ( 'NONE',  ( 0.000000000000000000, 0.000000000000000000, 1.000000000000000000 ) ) ;
#7615 = ADVANCED_FACE ( 'NONE', ( #7062 ), #8307, .F. ) ;
#7616 = CARTESIAN_POINT ( 'NONE',  ( 1.024999999999999911, 4.728966922543158228E-17, -1.450000000000825295 ) ) ;
#7617 = ORIENTED_EDGE ( 'NONE', *, *, #4714, .F. ) ;
#7618 = CIRCLE ( 'NONE', #4841, 0.1000000000000002554 ) ;
#7619 = CARTESIAN_POINT ( 'NONE',  ( 3.050000000000000266, 0.1749999999999999889, -2.075000000000000178 ) ) ;
#7620 = FACE_OUTER_BOUND ( 'NONE', #961, .T. ) ;
#7621 = CARTESIAN_POINT ( 'NONE',  ( 3.974999999999999201, 0.000000000000000000, 0.000000000000000000 ) ) ;
#7622 = ORIENTED_EDGE ( 'NONE', *, *, #6816, .T. ) ;
#7623 = EDGE_CURVE ( 'NONE', #7556, #2367, #4871, .T. ) ;
#7624 = ORIENTED_EDGE ( 'NONE', *, *, #2375, .T. ) ;
#7625 = ADVANCED_FACE ( 'NONE', ( #4147 ), #2646, .F. ) ;
#7626 = CIRCLE ( 'NONE', #8649, 1.300000000000000044 ) ;
#7627 = LINE ( 'NONE', #4152, #3816 ) ;
#7628 = CARTESIAN_POINT ( 'NONE',  ( 3.025000000000512834, 0.2500000000000000555, 0.4000000000000425993 ) ) ;
#7629 = CARTESIAN_POINT ( 'NONE',  ( 3.968943106621312999, 1.902061758472663788, 1.236123766133962132 ) ) ;
#7630 = FACE_OUTER_BOUND ( 'NONE', #7358, .T. ) ;
#7631 = CARTESIAN_POINT ( 'NONE',  ( 3.275000000000000355, 1.201787997811427422, -0.7499999999999351630 ) ) ;
#7632 = DIRECTION ( 'NONE',  ( -1.000000000000000000, -0.000000000000000000, -0.000000000000000000 ) ) ;
#7633 = AXIS2_PLACEMENT_3D ( 'NONE', #8827, #6064, #7403 ) ;
#7634 = ORIENTED_EDGE ( 'NONE', *, *, #4041, .F. ) ;
#7635 = ORIENTED_EDGE ( 'NONE', *, *, #1198, .T. ) ;
#7636 = DIRECTION ( 'NONE',  ( 0.000000000000000000, 0.000000000000000000, 1.000000000000000000 ) ) ;
#7637 = DIRECTION ( 'NONE',  ( 0.000000000000000000, 0.000000000000000000, -1.000000000000000000 ) ) ;
#7638 = EDGE_CURVE ( 'NONE', #7956, #5998, #892, .T. ) ;
#7639 = DIRECTION ( 'NONE',  ( 0.000000000000000000, 1.000000000000000000, 0.000000000000000000 ) ) ;
#7640 = VECTOR ( 'NONE', #3150, 1000.000000000000000 ) ;
#7641 = ORIENTED_EDGE ( 'NONE', *, *, #1276, .F. ) ;
#7642 = PLANE ( 'NONE',  #6990 ) ;
#7643 = CIRCLE ( 'NONE', #2237, 0.1000000000000002554 ) ;
#7644 = FACE_BOUND ( 'NONE', #7121, .T. ) ;
#7645 = ORIENTED_EDGE ( 'NONE', *, *, #973, .T. ) ;
#7646 = ORIENTED_EDGE ( 'NONE', *, *, #1211, .F. ) ;
#7647 = CIRCLE ( 'NONE', #2964, 0.1350000000000001477 ) ;
#7648 = VECTOR ( 'NONE', #1840, 1000.000000000000000 ) ;
#7649 = ORIENTED_EDGE ( 'NONE', *, *, #2430, .T. ) ;
#7650 = ORIENTED_EDGE ( 'NONE', *, *, #4604, .T. ) ;
#7651 = CARTESIAN_POINT ( 'NONE',  ( 3.838730832139320981, 2.107957993356210480, -1.014320057092162219 ) ) ;
#7652 = DIRECTION ( 'NONE',  ( 0.9924325091389669673, -0.08682659386424779191, 0.08682659386424776415 ) ) ;
#7653 = FACE_OUTER_BOUND ( 'NONE', #5805, .T. ) ;
#7654 = EDGE_CURVE ( 'NONE', #3841, #5788, #6364, .T. ) ;
#7655 = VECTOR ( 'NONE', #4205, 1000.000000000000000 ) ;
#7656 = CARTESIAN_POINT ( 'NONE',  ( 3.749556694833533488, 0.7537838526182603083, -1.246232236306287655 ) ) ;
#7657 = DIRECTION ( 'NONE',  ( 0.08715574274765836016, -0.9961946980917455452, -6.803631218201581981E-16 ) ) ;
#7658 = VECTOR ( 'NONE', #8844, 1000.000000000000000 ) ;
#7659 = EDGE_LOOP ( 'NONE', ( #6162, #7095 ) ) ;
#7660 = EDGE_LOOP ( 'NONE', ( #5955, #8393, #274, #2078 ) ) ;
#7661 = ORIENTED_EDGE ( 'NONE', *, *, #4478, .F. ) ;
#7662 = CARTESIAN_POINT ( 'NONE',  ( 3.739370139709939256, 2.928280675789593168, 1.451552697008589687 ) ) ;
#7663 = CIRCLE ( 'NONE', #4427, 0.3499999999999998668 ) ;
#7664 = CARTESIAN_POINT ( 'NONE',  ( 3.275000000000000355, 3.099999999999999645, 1.436668947343170188 ) ) ;
#7665 = DIRECTION ( 'NONE',  ( 1.000000000000000000, 0.000000000000000000, 0.000000000000000000 ) ) ;
#7666 = ORIENTED_EDGE ( 'NONE', *, *, #6287, .T. ) ;
#7667 = DIRECTION ( 'NONE',  ( -0.000000000000000000, -1.000000000000000000, -1.445602896647339656E-16 ) ) ;
#7668 = AXIS2_PLACEMENT_3D ( 'NONE', #4587, #6581, #2012 ) ;
#7669 = EDGE_CURVE ( 'NONE', #4460, #8146, #2038, .T. ) ;
#7670 = CARTESIAN_POINT ( 'NONE',  ( 3.747251152844734534, 1.648548572073542440, 1.378123921602183444 ) ) ;
#7671 = LINE ( 'NONE', #6969, #8041 ) ;
#7672 = ORIENTED_EDGE ( 'NONE', *, *, #3072, .T. ) ;
#7673 = EDGE_LOOP ( 'NONE', ( #4137, #5171, #6755, #5344, #7098, #8854, #7918 ) ) ;
#7674 = DIRECTION ( 'NONE',  ( 1.000000000000000000, 0.000000000000000000, 0.000000000000000000 ) ) ;
#7675 = FACE_OUTER_BOUND ( 'NONE', #6100, .T. ) ;
#7676 = CARTESIAN_POINT ( 'NONE',  ( 3.125000000000000000, 0.4000000000000001887, 0.000000000000000000 ) ) ;
#7677 = LINE ( 'NONE', #4197, #4556 ) ;
#7678 = CARTESIAN_POINT ( 'NONE',  ( 2.224999999999683009, 3.108593432784897193, -1.957769019922569909 ) ) ;
#7679 = CARTESIAN_POINT ( 'NONE',  ( 2.924999999999999822, 0.8549999999999998712, 0.000000000000000000 ) ) ;
#7680 = EDGE_CURVE ( 'NONE', #4869, #1102, #696, .T. ) ;
#7681 = AXIS2_PLACEMENT_3D ( 'NONE', #5183, #2944, #3813 ) ;
#7682 = ORIENTED_EDGE ( 'NONE', *, *, #284, .F. ) ;
#7683 = VERTEX_POINT ( 'NONE', #1409 ) ;
#7684 = CARTESIAN_POINT ( 'NONE',  ( -3.624999999999793499, -1.672439521387119461E-16, -0.6000000000004247491 ) ) ;
#7685 = LINE ( 'NONE', #5526, #4291 ) ;
#7686 = CYLINDRICAL_SURFACE ( 'NONE', #1951, 0.1000000000000002554 ) ;
#7687 = ORIENTED_EDGE ( 'NONE', *, *, #161, .F. ) ;
#7688 = LINE ( 'NONE', #2103, #4224 ) ;
#7689 = EDGE_CURVE ( 'NONE', #6666, #8226, #2821, .T. ) ;
#7690 = LINE ( 'NONE', #3479, #7595 ) ;
#7691 = EDGE_LOOP ( 'NONE', ( #2443, #1789, #4747, #672 ) ) ;
#7692 = ORIENTED_EDGE ( 'NONE', *, *, #442, .T. ) ;
#7693 = AXIS2_PLACEMENT_3D ( 'NONE', #668, #37, #8413 ) ;
#7694 = VERTEX_POINT ( 'NONE', #652 ) ;
#7695 = CARTESIAN_POINT ( 'NONE',  ( 3.945323225728312622, 1.981508632505008194, -1.023645683149290608 ) ) ;
#7696 = CARTESIAN_POINT ( 'NONE',  ( 3.275000000000512834, 0.1799999999999995215, -0.4000000000000417111 ) ) ;
#7697 = FACE_OUTER_BOUND ( 'NONE', #1205, .T. ) ;
#7698 = DIRECTION ( 'NONE',  ( 1.000000000000000000, -3.497426362856461768E-15, 4.553761625478497490E-33 ) ) ;
#7699 = DIRECTION ( 'NONE',  ( 0.08715574274765836016, -0.9961946980917455452, 0.000000000000000000 ) ) ;
#7700 = ORIENTED_EDGE ( 'NONE', *, *, #7962, .T. ) ;
#7701 = PRESENTATION_STYLE_ASSIGNMENT (( #8391 ) ) ;
#7702 = CARTESIAN_POINT ( 'NONE',  ( -3.474999999999999645, 1.899999999999999911, 0.000000000000000000 ) ) ;
#7703 = EDGE_CURVE ( 'NONE', #7611, #7325, #2022, .T. ) ;
#7704 = ORIENTED_EDGE ( 'NONE', *, *, #1526, .T. ) ;
#7705 = DIRECTION ( 'NONE',  ( -1.000000000000000000, -4.613626265895765162E-17, 1.619075244254214076E-13 ) ) ;
#7706 = DIRECTION ( 'NONE',  ( 1.000000000000000000, 4.742465015015738602E-16, -1.626490331103372400E-13 ) ) ;
#7707 = ORIENTED_EDGE ( 'NONE', *, *, #139, .F. ) ;
#7708 = CIRCLE ( 'NONE', #8440, 1.399766955455214790 ) ;
#7709 = CARTESIAN_POINT ( 'NONE',  ( -3.075000000000000178, 0.1799999999999998546, -1.100000000000424416 ) ) ;
#7710 = DIRECTION ( 'NONE',  ( -1.000000000000000000, 0.000000000000000000, 0.000000000000000000 ) ) ;
#7711 = CARTESIAN_POINT ( 'NONE',  ( -1.619595037822595174, 0.1249999999999999445, -0.7499999999999995559 ) ) ;
#7712 = ORIENTED_EDGE ( 'NONE', *, *, #2331, .T. ) ;
#7713 = ADVANCED_FACE ( 'NONE', ( #7620 ), #1314, .T. ) ;
#7714 = VERTEX_POINT ( 'NONE', #5132 ) ;
#7715 = LINE ( 'NONE', #1452, #3665 ) ;
#7716 = FACE_OUTER_BOUND ( 'NONE', #1536, .T. ) ;
#7717 = DIRECTION ( 'NONE',  ( 0.000000000000000000, 0.000000000000000000, -1.000000000000000000 ) ) ;
#7718 = FACE_OUTER_BOUND ( 'NONE', #7777, .T. ) ;
#7719 = DIRECTION ( 'NONE',  ( 0.7071067811865632269, 0.7071067811865318076, 0.000000000000000000 ) ) ;
#7720 = VERTEX_POINT ( 'NONE', #949 ) ;
#7721 = ORIENTED_EDGE ( 'NONE', *, *, #7300, .T. ) ;
#7722 = ORIENTED_EDGE ( 'NONE', *, *, #5952, .F. ) ;
#7723 = DIRECTION ( 'NONE',  ( 0.000000000000000000, 0.000000000000000000, 1.000000000000000000 ) ) ;
#7724 = EDGE_CURVE ( 'NONE', #8430, #4127, #8336, .T. ) ;
#7725 = DIRECTION ( 'NONE',  ( 0.000000000000000000, 0.000000000000000000, 1.000000000000000000 ) ) ;
#7726 = EDGE_CURVE ( 'NONE', #1885, #2263, #7483, .T. ) ;
#7727 = EDGE_CURVE ( 'NONE', #3473, #6942, #7195, .T. ) ;
#7728 = CARTESIAN_POINT ( 'NONE',  ( 2.925000000000000711, 3.399999999999999911, 0.8000000000000000444 ) ) ;
#7729 = ORIENTED_EDGE ( 'NONE', *, *, #1588, .T. ) ;
#7730 = PLANE ( 'NONE',  #742 ) ;
#7731 = AXIS2_PLACEMENT_3D ( 'NONE', #5899, #1072, #6806 ) ;
#7732 = CARTESIAN_POINT ( 'NONE',  ( 3.945323225728301075, 2.881508632505012990, 1.023645683149280616 ) ) ;
#7733 = ORIENTED_EDGE ( 'NONE', *, *, #1844, .F. ) ;
#7734 = VERTEX_POINT ( 'NONE', #4353 ) ;
#7735 = ORIENTED_EDGE ( 'NONE', *, *, #8437, .T. ) ;
#7736 = ORIENTED_EDGE ( 'NONE', *, *, #6768, .F. ) ;
#7737 = AXIS2_PLACEMENT_3D ( 'NONE', #4734, #4778, #4870 ) ;
#7738 = EDGE_CURVE ( 'NONE', #7932, #3438, #6722, .T. ) ;
#7739 = CARTESIAN_POINT ( 'NONE',  ( 3.275000000000000355, 1.201787997811427422, -0.7499999999999351630 ) ) ;
#7740 = LINE ( 'NONE', #4383, #5939 ) ;
#7741 = ADVANCED_FACE ( 'NONE', ( #7237 ), #376, .F. ) ;
#7742 = AXIS2_PLACEMENT_3D ( 'NONE', #8992, #8863, #7439 ) ;
#7743 = CARTESIAN_POINT ( 'NONE',  ( 3.125000000000000000, 3.399999999999999911, -0.8149999999999351097 ) ) ;
#7744 = AXIS2_PLACEMENT_3D ( 'NONE', #7631, #6843, #1288 ) ;
#7745 = CARTESIAN_POINT ( 'NONE',  ( 3.275000000000000355, 0.7000000000000005107, -0.9649999999999354650 ) ) ;
#7746 = ORIENTED_EDGE ( 'NONE', *, *, #1923, .F. ) ;
#7747 = CIRCLE ( 'NONE', #4244, 0.1000000000000002554 ) ;
#7748 = CIRCLE ( 'NONE', #5096, 1.000000000000029310 ) ;
#7749 = ADVANCED_FACE ( 'NONE', ( #3630 ), #326, .T. ) ;
#7750 = FACE_OUTER_BOUND ( 'NONE', #6430, .T. ) ;
#7751 = DIRECTION ( 'NONE',  ( -1.000000000000000000, 0.000000000000000000, 0.000000000000000000 ) ) ;
#7752 = ORIENTED_EDGE ( 'NONE', *, *, #3663, .T. ) ;
#7753 = DIRECTION ( 'NONE',  ( 0.000000000000000000, 0.000000000000000000, -1.000000000000000000 ) ) ;
#7754 = CARTESIAN_POINT ( 'NONE',  ( 3.773947465495128384, 2.134717880611792573, -1.245585735896885593 ) ) ;
#7755 = EDGE_CURVE ( 'NONE', #1061, #7173, #5864, .T. ) ;
#7756 = ORIENTED_EDGE ( 'NONE', *, *, #4651, .F. ) ;
#7757 = EDGE_CURVE ( 'NONE', #8672, #1904, #6450, .T. ) ;
#7758 = AXIS2_PLACEMENT_3D ( 'NONE', #7396, #565, #653 ) ;
#7759 = CONICAL_SURFACE ( 'NONE', #8775, 1.399999999999999689, 0.08726646259971666819 ) ;
#7760 = DIRECTION ( 'NONE',  ( -1.000000000000000000, -0.000000000000000000, -0.000000000000000000 ) ) ;
#7761 = CARTESIAN_POINT ( 'NONE',  ( -2.674999999999999822, 0.2500000000000000000, 0.000000000000000000 ) ) ;
#7762 = DIRECTION ( 'NONE',  ( -0.000000000000000000, 0.000000000000000000, 1.000000000000000000 ) ) ;
#7763 = ORIENTED_EDGE ( 'NONE', *, *, #8516, .T. ) ;
#7764 =( GEOMETRIC_REPRESENTATION_CONTEXT ( 3 ) GLOBAL_UNCERTAINTY_ASSIGNED_CONTEXT ( ( #4447 ) ) GLOBAL_UNIT_ASSIGNED_CONTEXT ( ( #3274, #8209, #1941 ) ) REPRESENTATION_CONTEXT ( 'NONE', 'WORKASPACE' ) );
#7765 = CIRCLE ( 'NONE', #6288, 0.2800000000000003042 ) ;
#7766 = CARTESIAN_POINT ( 'NONE',  ( 3.308257246020779530, 1.602909632006910501, 1.216958306529782430 ) ) ;
#7767 = ADVANCED_FACE ( 'NONE', ( #3034 ), #5814, .T. ) ;
#7768 = LINE ( 'NONE', #5647, #5608 ) ;
#7769 = TOROIDAL_SURFACE ( 'NONE', #777, 1.000000000000000222, 0.1000000000000000056 ) ;
#7770 = ADVANCED_FACE ( 'NONE', ( #5186 ), #6849, .T. ) ;
#7771 = CARTESIAN_POINT ( 'NONE',  ( 3.275000000000000355, 3.099999999999999645, 0.9649999999999355760 ) ) ;
#7772 = CARTESIAN_POINT ( 'NONE',  ( 3.125000000000000000, 1.899999999999999911, 0.000000000000000000 ) ) ;
#7773 = ORIENTED_EDGE ( 'NONE', *, *, #7117, .T. ) ;
#7774 = CONICAL_SURFACE ( 'NONE', #781, 1.399766955455214346, 0.4363323129985789972 ) ;
#7775 =( BOUNDED_CURVE ( )  B_SPLINE_CURVE ( 3, ( #8459, #129, #6382, #2187 ),
 .UNSPECIFIED., .F., .T. ) 
 B_SPLINE_CURVE_WITH_KNOTS ( ( 4, 4 ),
 ( 5.501585242055419656, 7.064785372303753697 ),
 .UNSPECIFIED. ) 
 CURVE ( )  GEOMETRIC_REPRESENTATION_ITEM ( )  RATIONAL_B_SPLINE_CURVE ( ( 1.000000000000000000, 0.8065248903853481366, 0.8065248903853481366, 1.000000000000000000 ) ) 
 REPRESENTATION_ITEM ( '' )  );
#7776 = VERTEX_POINT ( 'NONE', #4398 ) ;
#7777 = EDGE_LOOP ( 'NONE', ( #2950, #2802, #7337, #18 ) ) ;
#7778 = DIRECTION ( 'NONE',  ( -1.000000000000000000, 0.000000000000000000, 0.000000000000000000 ) ) ;
#7779 = CARTESIAN_POINT ( 'NONE',  ( 1.524999999999998579, 1.008266633727435968, 1.829865345312594149 ) ) ;
#7780 = DIRECTION ( 'NONE',  ( 1.000000000000000000, 4.613626265895765162E-17, -1.619075244254214076E-13 ) ) ;
#7781 = VECTOR ( 'NONE', #5202, 1000.000000000000000 ) ;
#7782 = VERTEX_POINT ( 'NONE', #8667 ) ;
#7783 = CARTESIAN_POINT ( 'NONE',  ( 3.275000000000000355, 3.399999999999999911, 0.8149999999999357758 ) ) ;
#7784 = CIRCLE ( 'NONE', #3830, 0.2800000000000003042 ) ;
#7785 = EDGE_CURVE ( 'NONE', #8760, #6878, #2399, .T. ) ;
#7786 = EDGE_LOOP ( 'NONE', ( #3506, #3959, #3992, #8333 ) ) ;
#7787 = ORIENTED_EDGE ( 'NONE', *, *, #5087, .T. ) ;
#7788 = CARTESIAN_POINT ( 'NONE',  ( 3.675000000000000266, 1.499999999999998890, -0.7499999999999988898 ) ) ;
#7789 = AXIS2_PLACEMENT_3D ( 'NONE', #1284, #5245, #2648 ) ;
#7790 = DIRECTION ( 'NONE',  ( 0.000000000000000000, 0.000000000000000000, 1.000000000000000000 ) ) ;
#7791 = FACE_OUTER_BOUND ( 'NONE', #1446, .T. ) ;
#7792 = CARTESIAN_POINT ( 'NONE',  ( 2.225000000000234568, 0.3150000000000000577, 1.449999999999174172 ) ) ;
#7793 = CIRCLE ( 'NONE', #3687, 0.2800000000000003042 ) ;
#7794 = LINE ( 'NONE', #2332, #2202 ) ;
#7795 = EDGE_CURVE ( 'NONE', #2749, #6578, #339, .T. ) ;
#7796 = EDGE_CURVE ( 'NONE', #4925, #4565, #5081, .T. ) ;
#7797 = ORIENTED_EDGE ( 'NONE', *, *, #7447, .T. ) ;
#7798 = VERTEX_POINT ( 'NONE', #1620 ) ;
#7799 = CARTESIAN_POINT ( 'NONE',  ( 3.761856587770103122, 2.924760104051462140, 1.441512601584383546 ) ) ;
#7800 = CARTESIAN_POINT ( 'NONE',  ( 3.274999999999999911, 2.097070748262887196, -0.9650016552855085195 ) ) ;
#7801 = VERTEX_POINT ( 'NONE', #8806 ) ;
#7802 = CYLINDRICAL_SURFACE ( 'NONE', #4690, 0.3500000000000000333 ) ;
#7803 = VECTOR ( 'NONE', #4513, 1000.000000000000000 ) ;
#7804 = DIRECTION ( 'NONE',  ( 0.000000000000000000, -0.000000000000000000, -1.000000000000000000 ) ) ;
#7805 = CARTESIAN_POINT ( 'NONE',  ( 0.1950000000000133016, 8.996571218497355251E-18, 0.7500000000000000000 ) ) ;
#7806 = CARTESIAN_POINT ( 'NONE',  ( 3.412014186490582635, 2.188012811939884283, -1.543852710560764230 ) ) ;
#7807 = CARTESIAN_POINT ( 'NONE',  ( 3.655504509961679638, 1.633289831042133544, 1.600000000000000311 ) ) ;
#7808 = AXIS2_PLACEMENT_3D ( 'NONE', #4018, #6795, #1110 ) ;
#7809 = ORIENTED_EDGE ( 'NONE', *, *, #5837, .F. ) ;
#7810 = EDGE_CURVE ( 'NONE', #2488, #8382, #1939, .T. ) ;
#7811 = EDGE_LOOP ( 'NONE', ( #3981, #2188, #645 ) ) ;
#7812 = CARTESIAN_POINT ( 'NONE',  ( 3.974999999999999201, 2.508583539325179856, 1.254971004365237564 ) ) ;
#7813 = DIRECTION ( 'NONE',  ( 0.000000000000000000, 0.000000000000000000, 1.000000000000000000 ) ) ;
#7814 = AXIS2_PLACEMENT_3D ( 'NONE', #7570, #7057, #1490 ) ;
#7815 = DIRECTION ( 'NONE',  ( -1.000000000000000000, -0.000000000000000000, -0.000000000000000000 ) ) ;
#7816 = CARTESIAN_POINT ( 'NONE',  ( 3.772916391609242748, 1.781033012171794772, 1.438836915049384935 ) ) ;
#7817 = ORIENTED_EDGE ( 'NONE', *, *, #6387, .F. ) ;
#7818 = DIRECTION ( 'NONE',  ( 5.219536637890716793E-14, -0.9461585652950790237, 0.3237035207080048993 ) ) ;
#7819 = DIRECTION ( 'NONE',  ( -1.413585548261376105E-13, 0.4878221271330411279, -0.8729430521399406118 ) ) ;
#7820 = ADVANCED_FACE ( 'NONE', ( #3179 ), #8078, .T. ) ;
#7821 = PLANE ( 'NONE',  #8681 ) ;
#7822 = DIRECTION ( 'NONE',  ( -1.000000000000000000, 0.000000000000000000, 0.000000000000000000 ) ) ;
#7823 = ORIENTED_EDGE ( 'NONE', *, *, #4078, .F. ) ;
#7824 = AXIS2_PLACEMENT_3D ( 'NONE', #7702, #1443, #144 ) ;
#7825 = LINE ( 'NONE', #7783, #7131 ) ;
#7826 = ORIENTED_EDGE ( 'NONE', *, *, #6513, .F. ) ;
#7827 = DIRECTION ( 'NONE',  ( 5.219536637890716793E-14, -0.9461585652950790237, 0.3237035207080048993 ) ) ;
#7828 = DIRECTION ( 'NONE',  ( 4.613626265895765162E-17, -1.000000000000000000, 0.000000000000000000 ) ) ;
#7829 = VECTOR ( 'NONE', #751, 1000.000000000000000 ) ;
#7830 = DIRECTION ( 'NONE',  ( -0.000000000000000000, 0.000000000000000000, 1.000000000000000000 ) ) ;
#7831 = ADVANCED_FACE ( 'NONE', ( #1890 ), #5404, .F. ) ;
#7832 = CARTESIAN_POINT ( 'NONE',  ( 3.972206790126118658, 1.841350751966204236, -1.223594017578407467 ) ) ;
#7833 = DIRECTION ( 'NONE',  ( -1.000000000000000000, 0.000000000000000000, 0.000000000000000000 ) ) ;
#7834 = ORIENTED_EDGE ( 'NONE', *, *, #2275, .T. ) ;
#7835 = CARTESIAN_POINT ( 'NONE',  ( 3.772916391609241860, 3.035249750088583109, 1.240916967422945216 ) ) ;
#7836 = CARTESIAN_POINT ( 'NONE',  ( -2.854611615096423805, 0.3477451015735098516, 1.142349850580314241 ) ) ;
#7837 = ORIENTED_EDGE ( 'NONE', *, *, #2527, .F. ) ;
#7838 = CARTESIAN_POINT ( 'NONE',  ( -3.074999999999999734, 0.1799999999999998546, 0.2000000000004247269 ) ) ;
#7839 = CARTESIAN_POINT ( 'NONE',  ( 3.974999305145336059, 2.187349801490001688, 1.254630436786884795 ) ) ;
#7840 = ADVANCED_FACE ( 'NONE', ( #1180 ), #5621, .T. ) ;
#7841 = CARTESIAN_POINT ( 'NONE',  ( -3.425000000000000266, 1.899999999999999911, -1.050000000000000044 ) ) ;
#7842 = EDGE_CURVE ( 'NONE', #5095, #6677, #57, .T. ) ;
#7843 = CARTESIAN_POINT ( 'NONE',  ( -2.874999999999999112, -1.326417551445031968E-16, -1.300000000000425482 ) ) ;
#7844 = PLANE ( 'NONE',  #8816 ) ;
#7845 = CARTESIAN_POINT ( 'NONE',  ( 3.346115798434141642, 2.193778173839417978, -1.402926247521711911 ) ) ;
#7846 = LINE ( 'NONE', #7977, #3068 ) ;
#7847 = VERTEX_POINT ( 'NONE', #1136 ) ;
#7848 = DIRECTION ( 'NONE',  ( 2.168404344971008079E-15, 0.000000000000000000, 1.000000000000000000 ) ) ;
#7849 = VECTOR ( 'NONE', #4026, 1000.000000000000000 ) ;
#7850 = CARTESIAN_POINT ( 'NONE',  ( 3.862283002801671916, 2.985825309859868160, 1.347632669782800718 ) ) ;
#7851 = ADVANCED_FACE ( 'NONE', ( #3271 ), #901, .T. ) ;
#7852 = AXIS2_PLACEMENT_3D ( 'NONE', #1221, #6223, #8339 ) ;
#7853 = CARTESIAN_POINT ( 'NONE',  ( -2.855188457921984835, 3.301231245362653333, -1.321792391419414070 ) ) ;
#7854 = CARTESIAN_POINT ( 'NONE',  ( -7.875000000000000000, 1.899999999999999911, 0.000000000000000000 ) ) ;
#7855 = ORIENTED_EDGE ( 'NONE', *, *, #2026, .T. ) ;
#7856 = CARTESIAN_POINT ( 'NONE',  ( 3.275000000000000355, 1.722915632151069465, 1.669545873791308477 ) ) ;
#7857 = CARTESIAN_POINT ( 'NONE',  ( -2.875000000000234035, 0.3149999999999998357, -1.449999999999999956 ) ) ;
#7858 = DIRECTION ( 'NONE',  ( 0.000000000000000000, -1.000000000000000000, 0.000000000000000000 ) ) ;
#7859 = CARTESIAN_POINT ( 'NONE',  ( 3.624999999999999556, 1.487689437438233231, -0.7999999999999998224 ) ) ;
#7860 = EDGE_CURVE ( 'NONE', #3108, #4373, #6137, .T. ) ;
#7861 = ORIENTED_EDGE ( 'NONE', *, *, #1966, .T. ) ;
#7862 = CARTESIAN_POINT ( 'NONE',  ( 3.275000000000515055, 0.8000000000000002665, -0.4000000000000417666 ) ) ;
#7863 = DIRECTION ( 'NONE',  ( -1.000000000000000000, 0.000000000000000000, 0.000000000000000000 ) ) ;
#7864 = VERTEX_POINT ( 'NONE', #8124 ) ;
#7865 = ORIENTED_EDGE ( 'NONE', *, *, #8555, .T. ) ;
#7866 = CARTESIAN_POINT ( 'NONE',  ( -3.875000000000000000, 1.913705956592885560, 0.8702368337147617927 ) ) ;
#7867 = LINE ( 'NONE', #5115, #8235 ) ;
#7868 = DIRECTION ( 'NONE',  ( -1.000000000000000000, -4.613626265895765162E-17, 1.619075244254214076E-13 ) ) ;
#7869 = CARTESIAN_POINT ( 'NONE',  ( 3.655504509961679638, 3.066710168957865523, 1.253814209305440741 ) ) ;
#7870 = EDGE_CURVE ( 'NONE', #6891, #3504, #1593, .T. ) ;
#7871 = DIRECTION ( 'NONE',  ( -6.776263578034402713E-17, 1.000000000000000000, 0.000000000000000000 ) ) ;
#7872 = EDGE_LOOP ( 'NONE', ( #5109, #2853, #8962, #4625, #4794, #4579, #5004, #4096, #6988, #480, #794, #1076, #2800, #6644, #4897 ) ) ;
#7873 = AXIS2_PLACEMENT_3D ( 'NONE', #7436, #8037, #1772 ) ;
#7874 = VECTOR ( 'NONE', #582, 1000.000000000000000 ) ;
#7875 = FACE_OUTER_BOUND ( 'NONE', #7944, .T. ) ;
#7876 = CARTESIAN_POINT ( 'NONE',  ( -3.425000000000000266, 1.899999999999999911, 0.000000000000000000 ) ) ;
#7877 = ORIENTED_EDGE ( 'NONE', *, *, #3708, .F. ) ;
#7878 = CARTESIAN_POINT ( 'NONE',  ( 3.655504509961679638, 3.066710168957865523, 1.247338505565005917 ) ) ;
#7879 = CARTESIAN_POINT ( 'NONE',  ( 3.974974966031484147, 1.251559748968956054, -1.251246220669155029 ) ) ;
#7880 = CARTESIAN_POINT ( 'NONE',  ( 1.024999999999999911, 0.1799999999999999378, -1.450000000000631228 ) ) ;
#7881 = VECTOR ( 'NONE', #3142, 1000.000000000000000 ) ;
#7882 = LINE ( 'NONE', #5039, #5914 ) ;
#7883 = VECTOR ( 'NONE', #3370, 1000.000000000000000 ) ;
#7884 =( GEOMETRIC_REPRESENTATION_CONTEXT ( 3 ) GLOBAL_UNCERTAINTY_ASSIGNED_CONTEXT ( ( #4732 ) ) GLOBAL_UNIT_ASSIGNED_CONTEXT ( ( #2156, #7310, #4462 ) ) REPRESENTATION_CONTEXT ( 'NONE', 'WORKASPACE' ) );
#7885 = CARTESIAN_POINT ( 'NONE',  ( -2.874999999999643396, 1.899999999999999689, 2.200000000000171152 ) ) ;
#7886 = DIRECTION ( 'NONE',  ( 4.613626265895765162E-17, -1.000000000000000000, 0.000000000000000000 ) ) ;
#7887 = EDGE_CURVE ( 'NONE', #3109, #1885, #8206, .T. ) ;
#7888 = DIRECTION ( 'NONE',  ( -1.619075244254214076E-13, 0.000000000000000000, -1.000000000000000000 ) ) ;
#7889 = ORIENTED_EDGE ( 'NONE', *, *, #2295, .T. ) ;
#7890 = LINE ( 'NONE', #908, #1212 ) ;
#7891 = AXIS2_PLACEMENT_3D ( 'NONE', #1893, #4677, #7477 ) ;
#7892 = CIRCLE ( 'NONE', #1337, 0.3150000000000001688 ) ;
#7893 = CARTESIAN_POINT ( 'NONE',  ( 3.968943106621449335, 2.797938241527272663, 1.236123766133601753 ) ) ;
#7894 = CARTESIAN_POINT ( 'NONE',  ( -2.729891738795859446, 3.400000000000000355, -1.360376786041278985 ) ) ;
#7895 = CARTESIAN_POINT ( 'NONE',  ( 3.697601750778153562, 0.7395707884294844270, -1.248390800232766606 ) ) ;
#7896 = CARTESIAN_POINT ( 'NONE',  ( 1.024999999999999911, 1.187852254442026245, 2.081548843648473479 ) ) ;
#7897 = B_SPLINE_CURVE_WITH_KNOTS ( 'NONE', 3,
 ( #3609, #1464, #2920, #4292 ),
 .UNSPECIFIED., .F., .F.,
 ( 4, 4 ),
 ( -3.120174337443087443E-05, 4.892974222362360479E-05 ),
 .UNSPECIFIED. ) ;
#7898 = CARTESIAN_POINT ( 'NONE',  ( 2.924999999999999822, 0.8549999999999998712, -0.8000000000000000444 ) ) ;
#7899 = AXIS2_PLACEMENT_3D ( 'NONE', #6495, #3082, #904 ) ;
#7900 = EDGE_CURVE ( 'NONE', #5128, #5443, #4720, .T. ) ;
#7901 = EDGE_LOOP ( 'NONE', ( #2412, #5491, #6072, #5732, #6259 ) ) ;
#7902 = CARTESIAN_POINT ( 'NONE',  ( 3.655504509961678750, 0.7332898310421344101, -1.253814209305440519 ) ) ;
#7903 = FACE_OUTER_BOUND ( 'NONE', #8175, .T. ) ;
#7904 = DIRECTION ( 'NONE',  ( -1.000000000000000000, -0.000000000000000000, -0.000000000000000000 ) ) ;
#7905 = CYLINDRICAL_SURFACE ( 'NONE', #5454, 0.1350000000000001477 ) ;
#7906 = ORIENTED_EDGE ( 'NONE', *, *, #8340, .F. ) ;
#7907 = CARTESIAN_POINT ( 'NONE',  ( -5.585000000000000853, 1.899999999999999911, 0.000000000000000000 ) ) ;
#7908 = DIRECTION ( 'NONE',  ( 1.531752565501796969E-13, 0.3237035207080050103, 0.9461585652950791347 ) ) ;
#7909 = EDGE_LOOP ( 'NONE', ( #2389, #6918, #2801, #4898, #3586, #7440, #2677 ) ) ;
#7910 = ORIENTED_EDGE ( 'NONE', *, *, #4490, .T. ) ;
#7911 = ADVANCED_FACE ( 'NONE', ( #7521 ), #5230, .F. ) ;
#7912 = DIRECTION ( 'NONE',  ( 1.000000000000000000, 4.613626265895770092E-17, 0.000000000000000000 ) ) ;
#7913 = CARTESIAN_POINT ( 'NONE',  ( -3.624999999999793499, -1.672439521387119461E-16, -0.6000000000004247491 ) ) ;
#7914 = CARTESIAN_POINT ( 'NONE',  ( 3.412014186495747392, 3.088012811939329083, 1.543852710558395680 ) ) ;
#7915 = AXIS2_PLACEMENT_3D ( 'NONE', #2160, #6444, #2209 ) ;
#7916 = DIRECTION ( 'NONE',  ( -1.000000000000000000, -0.000000000000000000, -0.000000000000000000 ) ) ;
#7917 = LINE ( 'NONE', #5853, #8634 ) ;
#7918 = ORIENTED_EDGE ( 'NONE', *, *, #2307, .F. ) ;
#7919 = MECHANICAL_DESIGN_GEOMETRIC_PRESENTATION_REPRESENTATION (  '', ( #79 ), #7335 ) ;
#7920 = DIRECTION ( 'NONE',  ( 0.000000000000000000, 0.000000000000000000, -1.000000000000000000 ) ) ;
#7921 = ORIENTED_EDGE ( 'NONE', *, *, #6652, .F. ) ;
#7922 = ORIENTED_EDGE ( 'NONE', *, *, #1291, .F. ) ;
#7923 = DIRECTION ( 'NONE',  ( 0.000000000000000000, 0.000000000000000000, -1.000000000000000000 ) ) ;
#7924 = ADVANCED_FACE ( 'NONE', ( #4001 ), #6778, .F. ) ;
#7925 = CYLINDRICAL_SURFACE ( 'NONE', #4593, 0.07499999999999998335 ) ;
#7926 = VECTOR ( 'NONE', #7354, 1000.000000000000000 ) ;
#7927 = PLANE ( 'NONE',  #4748 ) ;
#7928 = CARTESIAN_POINT ( 'NONE',  ( -3.074999999999999734, -1.418690076762947653E-16, -0.4000000000004247380 ) ) ;
#7929 = DIRECTION ( 'NONE',  ( -1.000000000000000000, 0.000000000000000000, 0.000000000000000000 ) ) ;
#7930 = DIRECTION ( 'NONE',  ( 0.000000000000000000, 0.000000000000000000, -1.000000000000000000 ) ) ;
#7931 = VERTEX_POINT ( 'NONE', #2496 ) ;
#7932 = VERTEX_POINT ( 'NONE', #5276 ) ;
#7933 = VECTOR ( 'NONE', #5435, 1000.000000000000000 ) ;
#7934 = CIRCLE ( 'NONE', #3695, 0.2000000000000000944 ) ;
#7935 = CARTESIAN_POINT ( 'NONE',  ( 3.655504509961679638, 0.9823385055650710740, -0.9982898310420694754 ) ) ;
#7936 = CARTESIAN_POINT ( 'NONE',  ( -2.674999999999999378, 0.2500000000000000000, -1.173935688187389248 ) ) ;
#7937 = LINE ( 'NONE', #3000, #5580 ) ;
#7938 = EDGE_CURVE ( 'NONE', #154, #1067, #687, .T. ) ;
#7939 = DIRECTION ( 'NONE',  ( -1.000000000000000000, -0.000000000000000000, -0.000000000000000000 ) ) ;
#7940 = CIRCLE ( 'NONE', #5892, 2.075000000000000178 ) ;
#7941 = CARTESIAN_POINT ( 'NONE',  ( 1.024999999999999911, 0.3150000000000000022, 1.449999999999368461 ) ) ;
#7942 = CARTESIAN_POINT ( 'NONE',  ( 3.125043595096881788, 2.335212022918712105, -0.8970475230828950375 ) ) ;
#7943 = VECTOR ( 'NONE', #459, 1000.000000000000000 ) ;
#7944 = EDGE_LOOP ( 'NONE', ( #5671, #654, #8947, #1811, #413 ) ) ;
#7945 = ORIENTED_EDGE ( 'NONE', *, *, #7757, .F. ) ;
#7946 = CARTESIAN_POINT ( 'NONE',  ( 3.747251152844735866, 0.7485485720735453041, -1.378123921602175228 ) ) ;
#7947 = LINE ( 'NONE', #3689, #2784 ) ;
#7948 = AXIS2_PLACEMENT_3D ( 'NONE', #6889, #4196, #4155 ) ;
#7949 = CARTESIAN_POINT ( 'NONE',  ( 3.724999999999999201, 1.818042024625755149, -1.255324857972438091 ) ) ;
#7950 = CARTESIAN_POINT ( 'NONE',  ( 1.824999999999999734, 0.1499999999999999389, -2.000000000000000000 ) ) ;
#7951 = EDGE_CURVE ( 'NONE', #2734, #2403, #3057, .T. ) ;
#7952 = VERTEX_POINT ( 'NONE', #6185 ) ;
#7953 = DIRECTION ( 'NONE',  ( 1.000000000000000000, 0.000000000000000000, 0.000000000000000000 ) ) ;
#7954 = FACE_OUTER_BOUND ( 'NONE', #7375, .T. ) ;
#7955 = ORIENTED_EDGE ( 'NONE', *, *, #7445, .F. ) ;
#7956 = VERTEX_POINT ( 'NONE', #5501 ) ;
#7957 = EDGE_LOOP ( 'NONE', ( #8332, #585 ) ) ;
#7958 = DIRECTION ( 'NONE',  ( 0.000000000000000000, 1.000000000000000000, -1.224646799147353207E-16 ) ) ;
#7959 = LINE ( 'NONE', #2378, #2689 ) ;
#7960 = CARTESIAN_POINT ( 'NONE',  ( 3.128045739392331104, 1.469765708300774909, -0.8755077287696665378 ) ) ;
#7961 = AXIS2_PLACEMENT_3D ( 'NONE', #5720, #3025, #778 ) ;
#7962 = EDGE_CURVE ( 'NONE', #4043, #6311, #7765, .T. ) ;
#7963 = CARTESIAN_POINT ( 'NONE',  ( 2.224999999999689226, 2.973208679693148504, -1.920474714708575670 ) ) ;
#7964 = CARTESIAN_POINT ( 'NONE',  ( 3.125000000000000000, 0.2500000000000000000, -2.075000000000000178 ) ) ;
#7965 = EDGE_LOOP ( 'NONE', ( #5552, #6998 ) ) ;
#7966 = CARTESIAN_POINT ( 'NONE',  ( 3.697601750784968555, 2.160429211569070862, -1.248390800231957032 ) ) ;
#7967 = VERTEX_POINT ( 'NONE', #642 ) ;
#7968 = ORIENTED_EDGE ( 'NONE', *, *, #8694, .T. ) ;
#7969 = CARTESIAN_POINT ( 'NONE',  ( 3.275000000000000355, 0.8458563656608284465, 0.8499999999999353628 ) ) ;
#7970 = DIRECTION ( 'NONE',  ( 0.000000000000000000, 0.000000000000000000, 1.000000000000000000 ) ) ;
#7971 = ORIENTED_EDGE ( 'NONE', *, *, #5457, .F. ) ;
#7972 = LINE ( 'NONE', #7843, #8699 ) ;
#7973 = ADVANCED_FACE ( 'NONE', ( #11 ), #726, .F. ) ;
#7974 = PLANE ( 'NONE',  #8971 ) ;
#7975 = DIRECTION ( 'NONE',  ( 0.000000000000000000, 0.000000000000000000, 1.000000000000000000 ) ) ;
#7976 = EDGE_LOOP ( 'NONE', ( #6723, #6966, #5062, #4268 ) ) ;
#7977 = CARTESIAN_POINT ( 'NONE',  ( 3.275000000000513278, 0.2499999999999991396, 0.000000000000000000 ) ) ;
#7978 = EDGE_CURVE ( 'NONE', #4036, #4856, #5992, .T. ) ;
#7979 = ORIENTED_EDGE ( 'NONE', *, *, #7654, .F. ) ;
#7980 = ORIENTED_EDGE ( 'NONE', *, *, #2593, .F. ) ;
#7981 = DIRECTION ( 'NONE',  ( 1.000000000000000000, -0.000000000000000000, 0.000000000000000000 ) ) ;
#7982 = CARTESIAN_POINT ( 'NONE',  ( 3.425000000000000266, 2.670000000000056328, -1.372499999999934994 ) ) ;
#7983 = ORIENTED_EDGE ( 'NONE', *, *, #4322, .T. ) ;
#7984 = CARTESIAN_POINT ( 'NONE',  ( -2.674999999999999378, 3.399999999999999911, -1.360376786041278985 ) ) ;
#7985 = LINE ( 'NONE', #5962, #3944 ) ;
#7986 = DIRECTION ( 'NONE',  ( -1.000000000000000000, -0.000000000000000000, -0.000000000000000000 ) ) ;
#7987 = DIRECTION ( 'NONE',  ( 0.000000000000000000, -1.000000000000000000, 0.000000000000000000 ) ) ;
#7988 = EDGE_CURVE ( 'NONE', #4749, #2020, #4769, .T. ) ;
#7989 = VERTEX_POINT ( 'NONE', #7004 ) ;
#7990 = EDGE_LOOP ( 'NONE', ( #1542, #2497, #6253, #5664 ) ) ;
#7991 = CARTESIAN_POINT ( 'NONE',  ( 3.694899308663206927, 0.7367364293304038414, -1.248350986894367409 ) ) ;
#7992 = CYLINDRICAL_SURFACE ( 'NONE', #395, 2.019999999999232188 ) ;
#7993 = DIRECTION ( 'NONE',  ( 1.000000000000000000, -0.000000000000000000, -0.000000000000000000 ) ) ;
#7994 = ORIENTED_EDGE ( 'NONE', *, *, #6829, .T. ) ;
#7995 = DIRECTION ( 'NONE',  ( 1.000000000000000000, 0.000000000000000000, 0.000000000000000000 ) ) ;
#7996 = EDGE_LOOP ( 'NONE', ( #5413, #6709, #3434, #7979 ) ) ;
#7997 = CARTESIAN_POINT ( 'NONE',  ( 2.924999999999999822, 0.6000000000000003109, 0.000000000000000000 ) ) ;
#7998 = CARTESIAN_POINT ( 'NONE',  ( 3.125000000000000000, 2.335889894354200802, 0.8999999999999355182 ) ) ;
#7999 = CIRCLE ( 'NONE', #9003, 0.1500000000000008271 ) ;
#8000 = ORIENTED_EDGE ( 'NONE', *, *, #6476, .F. ) ;
#8001 = EDGE_CURVE ( 'NONE', #7378, #3350, #4135, .T. ) ;
#8002 = ADVANCED_FACE ( 'NONE', ( #2029 ), #2724, .T. ) ;
#8003 = ORIENTED_EDGE ( 'NONE', *, *, #7703, .F. ) ;
#8004 = EDGE_CURVE ( 'NONE', #7594, #2369, #1202, .T. ) ;
#8005 = DIRECTION ( 'NONE',  ( 4.613626265895765162E-17, -1.000000000000000000, 0.000000000000000000 ) ) ;
#8006 = CARTESIAN_POINT ( 'NONE',  ( 3.880617851894890169, 2.885384654291207163, 1.400057524774527051 ) ) ;
#8007 = DIRECTION ( 'NONE',  ( -0.000000000000000000, 0.7660444431189797898, 0.6427876096865372535 ) ) ;
#8008 = DIRECTION ( 'NONE',  ( 0.000000000000000000, -0.6427876096865374755, -0.7660444431189796788 ) ) ;
#8009 = DIRECTION ( 'NONE',  ( -1.000000000000000000, -0.000000000000000000, -0.000000000000000000 ) ) ;
#8010 = ORIENTED_EDGE ( 'NONE', *, *, #8075, .T. ) ;
#8011 = EDGE_CURVE ( 'NONE', #5372, #3438, #6317, .T. ) ;
#8012 = ADVANCED_FACE ( 'NONE', ( #4813 ), #7610, .T. ) ;
#8013 = ORIENTED_EDGE ( 'NONE', *, *, #818, .T. ) ;
#8014 = LINE ( 'NONE', #1752, #3863 ) ;
#8015 = EDGE_LOOP ( 'NONE', ( #2239, #7687, #1423, #5691 ) ) ;
#8016 = EDGE_LOOP ( 'NONE', ( #430, #776, #5231, #3666 ) ) ;
#8017 = CARTESIAN_POINT ( 'NONE',  ( 2.224999999999690559, 1.246118888169526873, -1.911240301896836691 ) ) ;
#8018 = DIRECTION ( 'NONE',  ( 1.401929610849355023E-13, 0.4999999999999944489, 0.8660254037844419273 ) ) ;
#8019 = AXIS2_PLACEMENT_3D ( 'NONE', #7217, #8735, #7309 ) ;
#8020 = DIRECTION ( 'NONE',  ( -1.000000000000000000, -0.000000000000000000, -0.000000000000000000 ) ) ;
#8021 = AXIS2_PLACEMENT_3D ( 'NONE', #3745, #2427, #6621 ) ;
#8022 = VERTEX_POINT ( 'NONE', #6917 ) ;
#8023 = CARTESIAN_POINT ( 'NONE',  ( 3.125000000000000000, 1.600000000000000755, 1.897345511577197108 ) ) ;
#8024 = DIRECTION ( 'NONE',  ( 0.000000000000000000, 0.000000000000000000, -1.000000000000000000 ) ) ;
#8025 = DIRECTION ( 'NONE',  ( -1.000000000000000000, 0.000000000000000000, 0.000000000000000000 ) ) ;
#8026 = AXIS2_PLACEMENT_3D ( 'NONE', #1124, #5354, #2528 ) ;
#8027 = ORIENTED_EDGE ( 'NONE', *, *, #2863, .F. ) ;
#8028 = DIRECTION ( 'NONE',  ( 0.000000000000000000, -0.4999999999999943934, -0.8660254037844418162 ) ) ;
#8029 = EDGE_LOOP ( 'NONE', ( #4643, #6489, #3381, #3551 ) ) ;
#8030 = EDGE_CURVE ( 'NONE', #2895, #8063, #7161, .T. ) ;
#8031 = DIRECTION ( 'NONE',  ( 0.000000000000000000, 0.000000000000000000, 1.000000000000000000 ) ) ;
#8032 = ADVANCED_FACE ( 'NONE', ( #8429 ), #773, .T. ) ;
#8033 = LINE ( 'NONE', #5283, #1532 ) ;
#8034 = ORIENTED_EDGE ( 'NONE', *, *, #3260, .F. ) ;
#8035 = AXIS2_PLACEMENT_3D ( 'NONE', #4577, #362, #8701 ) ;
#8036 = AXIS2_PLACEMENT_3D ( 'NONE', #3840, #7908, #969 ) ;
#8037 = DIRECTION ( 'NONE',  ( 1.000000000000000000, 4.613626265895765162E-17, -1.619075244254214076E-13 ) ) ;
#8038 = DIRECTION ( 'NONE',  ( 0.000000000000000000, 0.000000000000000000, 1.000000000000000000 ) ) ;
#8039 = CARTESIAN_POINT ( 'NONE',  ( 3.824582974381685929, 3.018300959537119965, 1.251564919531611197 ) ) ;
#8040 = ORIENTED_EDGE ( 'NONE', *, *, #8127, .F. ) ;
#8041 = VECTOR ( 'NONE', #2128, 1000.000000000000114 ) ;
#8042 = TOROIDAL_SURFACE ( 'NONE', #8049, 0.8516191124590790640, 0.3499999999999999778 ) ;
#8043 = DIRECTION ( 'NONE',  ( 1.624582302898913623E-13, 0.000000000000000000, 1.000000000000000000 ) ) ;
#8044 = FACE_OUTER_BOUND ( 'NONE', #6925, .T. ) ;
#8045 = CARTESIAN_POINT ( 'NONE',  ( 1.925000000000000044, 0.7750000000000000222, 2.075000000000000178 ) ) ;
#8046 = EDGE_CURVE ( 'NONE', #2579, #7501, #5267, .T. ) ;
#8047 = CARTESIAN_POINT ( 'NONE',  ( 3.528907036823432986, 1.622213987311509342, 1.315261024159002368 ) ) ;
#8048 = ORIENTED_EDGE ( 'NONE', *, *, #8785, .T. ) ;
#8049 = AXIS2_PLACEMENT_3D ( 'NONE', #4407, #337, #5741 ) ;
#8050 = DIRECTION ( 'NONE',  ( 0.000000000000000000, 0.000000000000000000, 1.000000000000000000 ) ) ;
#8051 = CARTESIAN_POINT ( 'NONE',  ( 3.125000000000000000, 2.335663913811651948, 0.8990157391204325332 ) ) ;
#8052 = VECTOR ( 'NONE', #5784, 999.9999999999998863 ) ;
#8053 = ORIENTED_EDGE ( 'NONE', *, *, #6337, .T. ) ;
#8054 = ORIENTED_EDGE ( 'NONE', *, *, #6577, .T. ) ;
#8055 =( NAMED_UNIT ( * ) PLANE_ANGLE_UNIT ( ) SI_UNIT ( $, .RADIAN. ) );
#8056 = CARTESIAN_POINT ( 'NONE',  ( 3.275000000000000355, 1.599999999999999867, 1.067932081920722087 ) ) ;
#8057 = CARTESIAN_POINT ( 'NONE',  ( 3.202924673074586615, 1.487238488965215710, -0.8018566574648690048 ) ) ;
#8058 = VECTOR ( 'NONE', #6150, 1000.000000000000000 ) ;
#8059 = ADVANCED_FACE ( 'NONE', ( #7564 ), #5586, .T. ) ;
#8060 = CARTESIAN_POINT ( 'NONE',  ( 3.275000000000000355, 0.7692519213489307228, -0.7857212390312815486 ) ) ;
#8061 = B_SPLINE_CURVE_WITH_KNOTS ( 'NONE', 3,
 ( #1382, #6943, #707, #6249 ),
 .UNSPECIFIED., .F., .F.,
 ( 4, 4 ),
 ( 0.000000000000000000, 0.0005156856551341951504 ),
 .UNSPECIFIED. ) ;
#8062 = PLANE ( 'NONE',  #1469 ) ;
#8063 = VERTEX_POINT ( 'NONE', #3585 ) ;
#8064 = VECTOR ( 'NONE', #1444, 1000.000000000000000 ) ;
#8065 = ORIENTED_EDGE ( 'NONE', *, *, #2481, .T. ) ;
#8066 =( BOUNDED_SURFACE ( )  B_SPLINE_SURFACE ( 3, 2, ( 
 ( #826, #8314, #3555 ),
 ( #2047, #5563, #6335 ),
 ( #120, #1330, #3418 ),
 ( #8490, #6371, #4786 ),
 ( #2871, #7629, #1499 ),
 ( #6291, #4881, #8448 ) ),
 .UNSPECIFIED., .F., .F., .T. ) 
 B_SPLINE_SURFACE_WITH_KNOTS ( ( 4, 2, 4 ),
 ( 3, 3 ),
 ( 0.000000000000000000, 5.549287441068174331E-05, 0.0001109857488213634866 ),
 ( 0.01456418989168552225, 1.000000000000000000 ),
 .UNSPECIFIED. ) 
 GEOMETRIC_REPRESENTATION_ITEM ( )  RATIONAL_B_SPLINE_SURFACE ( (
 ( 0.9967961241980362042, 0.8900084444864020394, 1.000000000000000000),
 ( 0.9973455069543470941, 0.9088691830649511250, 1.000000000000000000),
 ( 0.9980992397502375102, 0.9347454179086286397, 1.000000000000000000),
 ( 0.9993124760726712630, 0.9763967672612803295, 1.000000000000000000),
 ( 0.9997827083311279228, 0.9925402075059384099, 1.000000000000000000),
 ( 0.9999350869996761482, 0.9977714860625076509, 1.000000000000000000) ) ) 
 REPRESENTATION_ITEM ( '' )  SURFACE ( )  );
#8067 = CARTESIAN_POINT ( 'NONE',  ( 2.924999999999999822, 1.600000000000000755, 2.075000000000000178 ) ) ;
#8068 = VERTEX_POINT ( 'NONE', #4265 ) ;
#8069 = ORIENTED_EDGE ( 'NONE', *, *, #6287, .F. ) ;
#8070 = CARTESIAN_POINT ( 'NONE',  ( 3.275000000000000355, 1.265261816192205124, -0.7727272727272156416 ) ) ;
#8071 = PLANE ( 'NONE',  #4699 ) ;
#8072 = DIRECTION ( 'NONE',  ( -0.000000000000000000, -1.000000000000000000, -1.445602896647339656E-16 ) ) ;
#8073 = DIRECTION ( 'NONE',  ( -1.000000000000000000, -4.613626265895765162E-17, 1.619075244254214076E-13 ) ) ;
#8074 = ADVANCED_FACE ( 'NONE', ( #5459 ), #8254, .T. ) ;
#8075 = EDGE_CURVE ( 'NONE', #622, #4906, #3712, .T. ) ;
#8076 = DIRECTION ( 'NONE',  ( 0.4226182617406981645, -0.9063077870366506028, 0.000000000000000000 ) ) ;
#8077 = MECHANICAL_DESIGN_GEOMETRIC_PRESENTATION_REPRESENTATION (  '', ( #8221 ), #6596 ) ;
#8078 = PLANE ( 'NONE',  #3522 ) ;
#8079 = ORIENTED_EDGE ( 'NONE', *, *, #980, .T. ) ;
#8080 = ORIENTED_EDGE ( 'NONE', *, *, #6213, .F. ) ;
#8081 = EDGE_LOOP ( 'NONE', ( #8546, #2980, #3263, #3599 ) ) ;
#8082 = DIRECTION ( 'NONE',  ( 1.000000000000000000, -0.000000000000000000, 0.000000000000000000 ) ) ;
#8083 = AXIS2_PLACEMENT_3D ( 'NONE', #8017, #5858, #1032 ) ;
#8084 = DIRECTION ( 'NONE',  ( -1.000000000000000000, 7.007341241113741833E-14, 4.045690351860517490E-14 ) ) ;
#8085 = ORIENTED_EDGE ( 'NONE', *, *, #816, .T. ) ;
#8086 = ADVANCED_FACE ( 'NONE', ( #1566 ), #8514, .T. ) ;
#8087 = CARTESIAN_POINT ( 'NONE',  ( 3.624999999999999112, 1.450000000000000844, -0.4178409582463116223 ) ) ;
#8088 = CARTESIAN_POINT ( 'NONE',  ( 3.739370139709939256, 1.771719324210406343, 1.451552697008590131 ) ) ;
#8089 = EDGE_CURVE ( 'NONE', #2470, #5417, #6526, .T. ) ;
#8090 = AXIS2_PLACEMENT_3D ( 'NONE', #4536, #7593, #1343 ) ;
#8091 = LINE ( 'NONE', #4737, #7883 ) ;
#8092 = AXIS2_PLACEMENT_3D ( 'NONE', #98, #769, #3582 ) ;
#8093 = ORIENTED_EDGE ( 'NONE', *, *, #3894, .T. ) ;
#8094 = ORIENTED_EDGE ( 'NONE', *, *, #4810, .T. ) ;
#8095 = DIRECTION ( 'NONE',  ( -1.000000000000000000, 0.000000000000000000, 0.000000000000000000 ) ) ;
#8096 = CARTESIAN_POINT ( 'NONE',  ( 3.584882863512907303, 1.763325577995700888, 1.529401864744722506 ) ) ;
#8097 = VECTOR ( 'NONE', #4439, 1000.000000000000000 ) ;
#8098 = DIRECTION ( 'NONE',  ( 0.000000000000000000, 0.000000000000000000, 1.000000000000000000 ) ) ;
#8099 = VECTOR ( 'NONE', #5421, 1000.000000000000000 ) ;
#8100 = ORIENTED_EDGE ( 'NONE', *, *, #2471, .F. ) ;
#8101 = CARTESIAN_POINT ( 'NONE',  ( 3.972194506361172994, 1.037734615389695803, -1.194202521280626428 ) ) ;
#8102 = CARTESIAN_POINT ( 'NONE',  ( -3.875000000000000000, 1.913705956592885560, 0.8702368337147617927 ) ) ;
#8103 = AXIS2_PLACEMENT_3D ( 'NONE', #1077, #939, #275 ) ;
#8104 = ORIENTED_EDGE ( 'NONE', *, *, #2319, .T. ) ;
#8105 = ORIENTED_EDGE ( 'NONE', *, *, #4911, .T. ) ;
#8106 = EDGE_CURVE ( 'NONE', #6439, #2632, #937, .T. ) ;
#8107 = VECTOR ( 'NONE', #8577, 1000.000000000000000 ) ;
#8108 = ORIENTED_EDGE ( 'NONE', *, *, #3369, .F. ) ;
#8109 = CARTESIAN_POINT ( 'NONE',  ( 3.425000000000000266, 2.670000000000056328, -1.372499999999934994 ) ) ;
#8110 = LINE ( 'NONE', #4658, #7648 ) ;
#8111 = DIRECTION ( 'NONE',  ( -1.000000000000000000, -4.613626265895765162E-17, -0.000000000000000000 ) ) ;
#8112 = VECTOR ( 'NONE', #1034, 999.9999999999998863 ) ;
#8113 = CARTESIAN_POINT ( 'NONE',  ( 3.425000000000000266, 1.070000000000038476, 1.277499999999935465 ) ) ;
#8114 = DIRECTION ( 'NONE',  ( 1.000000000000000000, -0.000000000000000000, -0.000000000000000000 ) ) ;
#8115 = ORIENTED_EDGE ( 'NONE', *, *, #5714, .T. ) ;
#8116 = ORIENTED_EDGE ( 'NONE', *, *, #6816, .F. ) ;
#8117 = LINE ( 'NONE', #7515, #5313 ) ;
#8118 = ORIENTED_EDGE ( 'NONE', *, *, #3422, .F. ) ;
#8119 = ORIENTED_EDGE ( 'NONE', *, *, #6232, .F. ) ;
#8120 = CARTESIAN_POINT ( 'NONE',  ( -2.884799642817404752, 3.135088261677333676, -0.4125846638631365804 ) ) ;
#8121 = AXIS2_PLACEMENT_3D ( 'NONE', #1463, #4795, #7723 ) ;
#8122 = DIRECTION ( 'NONE',  ( 1.000000000000000000, 9.035018104045869462E-17, 0.000000000000000000 ) ) ;
#8123 = DIRECTION ( 'NONE',  ( 0.000000000000000000, 0.000000000000000000, 1.000000000000000000 ) ) ;
#8124 = CARTESIAN_POINT ( 'NONE',  ( 3.675000000000000266, 1.499999999999998890, -0.7499999999999988898 ) ) ;
#8125 = VERTEX_POINT ( 'NONE', #7964 ) ;
#8126 = ORIENTED_EDGE ( 'NONE', *, *, #8793, .T. ) ;
#8127 = EDGE_CURVE ( 'NONE', #3350, #2657, #3662, .T. ) ;
#8128 = ADVANCED_FACE ( 'NONE', ( #7268 ), #4474, .F. ) ;
#8129 = CARTESIAN_POINT ( 'NONE',  ( 3.275000000000000355, 1.637750119160782614, -0.9649999999999352429 ) ) ;
#8130 = CARTESIAN_POINT ( 'NONE',  ( 1.525000000000026112, 0.9500000000000000666, 2.000173887065709977 ) ) ;
#8131 = VERTEX_POINT ( 'NONE', #6482 ) ;
#8132 = CARTESIAN_POINT ( 'NONE',  ( -5.235000000000000320, 1.899999999999999911, 0.3499999999999998668 ) ) ;
#8133 = CARTESIAN_POINT ( 'NONE',  ( 3.675000000000000266, 3.399999999999999911, 1.433745095893967036 ) ) ;
#8134 = CARTESIAN_POINT ( 'NONE',  ( 3.974999999999999201, 2.718042024625754394, 1.026242064468082527 ) ) ;
#8135 = VECTOR ( 'NONE', #3936, 1000.000000000000000 ) ;
#8136 = ORIENTED_EDGE ( 'NONE', *, *, #5982, .T. ) ;
#8137 = ORIENTED_EDGE ( 'NONE', *, *, #3130, .F. ) ;
#8138 = ADVANCED_FACE ( 'NONE', ( #1699 ), #2286, .T. ) ;
#8139 = CARTESIAN_POINT ( 'NONE',  ( 3.225000000000000089, 1.487689437438234119, 0.8000000000000002665 ) ) ;
#8140 = CARTESIAN_POINT ( 'NONE',  ( 3.275000000000000355, 2.162249880839104854, 0.9649999999999354650 ) ) ;
#8141 = CARTESIAN_POINT ( 'NONE',  ( 3.880617851894887060, 0.9146153457087906613, -1.400057524774529050 ) ) ;
#8142 = DIRECTION ( 'NONE',  ( -0.000000000000000000, -0.000000000000000000, 1.000000000000000000 ) ) ;
#8143 = ORIENTED_EDGE ( 'NONE', *, *, #2761, .T. ) ;
#8144 = DIRECTION ( 'NONE',  ( 1.000000000000000000, 0.000000000000000000, 0.000000000000000000 ) ) ;
#8145 = CARTESIAN_POINT ( 'NONE',  ( 3.275000000000000355, 1.899999999999999911, 0.000000000000000000 ) ) ;
#8146 = VERTEX_POINT ( 'NONE', #2935 ) ;
#8147 = VERTEX_POINT ( 'NONE', #2979 ) ;
#8148 = FACE_OUTER_BOUND ( 'NONE', #1275, .T. ) ;
#8149 = CARTESIAN_POINT ( 'NONE',  ( -2.674999999999999378, 1.899999999999999911, 1.824999999999999734 ) ) ;
#8150 = EDGE_CURVE ( 'NONE', #2756, #1067, #7794, .T. ) ;
#8151 = VECTOR ( 'NONE', #7830, 1000.000000000000000 ) ;
#8152 = CARTESIAN_POINT ( 'NONE',  ( 3.972736919131083067, 1.832032292790354067, -1.223347938564749660 ) ) ;
#8153 = CARTESIAN_POINT ( 'NONE',  ( 2.924999999999999822, 1.899999999999999911, 0.000000000000000000 ) ) ;
#8154 = ORIENTED_EDGE ( 'NONE', *, *, #6414, .F. ) ;
#8155 = ORIENTED_EDGE ( 'NONE', *, *, #1522, .F. ) ;
#8156 = DIRECTION ( 'NONE',  ( 1.000000000000000000, 4.613626265895768243E-17, 0.000000000000000000 ) ) ;
#8157 = ORIENTED_EDGE ( 'NONE', *, *, #4507, .T. ) ;
#8158 = CARTESIAN_POINT ( 'NONE',  ( -2.887285788761645655, 3.159892372106164249, 0.3314427499423571177 ) ) ;
#8159 = DIRECTION ( 'NONE',  ( -1.000000000000000000, -4.613626265895765162E-17, 1.619075244254214076E-13 ) ) ;
#8160 = ADVANCED_FACE ( 'NONE', ( #7093 ), #272, .F. ) ;
#8161 = CARTESIAN_POINT ( 'NONE',  ( 3.624999999999999556, 1.899999999999999911, 0.000000000000000000 ) ) ;
#8162 = DIRECTION ( 'NONE',  ( 0.000000000000000000, 0.000000000000000000, 1.000000000000000000 ) ) ;
#8163 = ORIENTED_EDGE ( 'NONE', *, *, #2751, .F. ) ;
#8164 = CARTESIAN_POINT ( 'NONE',  ( 1.024999999999999911, 0.4769207173524355192, 1.838322126711780191 ) ) ;
#8165 = ORIENTED_EDGE ( 'NONE', *, *, #689, .T. ) ;
#8166 = EDGE_LOOP ( 'NONE', ( #644, #2360, #1391, #6782 ) ) ;
#8167 = CARTESIAN_POINT ( 'NONE',  ( 3.277663711335771612, 2.056175808745024369, -1.679545526866349503 ) ) ;
#8168 = CARTESIAN_POINT ( 'NONE',  ( 3.972545373505499189, 1.063319230135320481, -1.223130039374799471 ) ) ;
#8169 = ORIENTED_EDGE ( 'NONE', *, *, #1022, .T. ) ;
#8170 = CIRCLE ( 'NONE', #5961, 0.1500000000000003830 ) ;
#8171 = EDGE_CURVE ( 'NONE', #8327, #6425, #7917, .T. ) ;
#8172 = CARTESIAN_POINT ( 'NONE',  ( -3.474999999999999645, 1.899999999999999911, 0.000000000000000000 ) ) ;
#8173 = CARTESIAN_POINT ( 'NONE',  ( 2.224999999999663025, 1.187852254442086641, -2.081548843649950520 ) ) ;
#8174 = DIRECTION ( 'NONE',  ( 0.000000000000000000, 0.000000000000000000, 1.000000000000000000 ) ) ;
#8175 = EDGE_LOOP ( 'NONE', ( #8842, #295, #4612, #8744 ) ) ;
#8176 = DIRECTION ( 'NONE',  ( 0.8968556368849971427, -0.07846470104676074586, 0.4353082324942278980 ) ) ;
#8177 = CARTESIAN_POINT ( 'NONE',  ( 3.412014186490534673, 1.611987188060139742, 1.543852710560656538 ) ) ;
#8178 = AXIS2_PLACEMENT_3D ( 'NONE', #4541, #6643, #7386 ) ;
#8179 = CARTESIAN_POINT ( 'NONE',  ( -7.875000000000000000, 1.913705956592885560, 0.8702368337147617927 ) ) ;
#8180 = ORIENTED_EDGE ( 'NONE', *, *, #807, .T. ) ;
#8181 = AXIS2_PLACEMENT_3D ( 'NONE', #3977, #3838, #1012 ) ;
#8182 = CARTESIAN_POINT ( 'NONE',  ( 3.973271221083769067, 1.046394205820165624, -1.208319006912964566 ) ) ;
#8183 = CARTESIAN_POINT ( 'NONE',  ( -3.424999999999793321, 0.1799999999999998546, 0.4000000000004246270 ) ) ;
#8184 = ADVANCED_FACE ( 'NONE', ( #4430 ), #7224, .T. ) ;
#8185 = EDGE_CURVE ( 'NONE', #3159, #5902, #5411, .T. ) ;
#8186 = AXIS2_PLACEMENT_3D ( 'NONE', #3119, #7511, #1748 ) ;
#8187 = ORIENTED_EDGE ( 'NONE', *, *, #4991, .T. ) ;
#8188 = AXIS2_PLACEMENT_3D ( 'NONE', #4022, #6157, #2006 ) ;
#8189 = ORIENTED_EDGE ( 'NONE', *, *, #1937, .T. ) ;
#8190 = CARTESIAN_POINT ( 'NONE',  ( 3.125000000000000000, 1.487689437438234119, 0.8000000000000002665 ) ) ;
#8191 = CARTESIAN_POINT ( 'NONE',  ( 3.425000000000000266, 1.070000000000038476, 1.477499999999936753 ) ) ;
#8192 = AXIS2_PLACEMENT_3D ( 'NONE', #8529, #5045, #1671 ) ;
#8193 = VECTOR ( 'NONE', #6462, 1000.000000000000000 ) ;
#8194 = CARTESIAN_POINT ( 'NONE',  ( -2.874999999999999556, 0.1799999999999998823, 0.9000000000000425437 ) ) ;
#8195 = DIRECTION ( 'NONE',  ( -1.000000000000000000, -0.000000000000000000, -0.000000000000000000 ) ) ;
#8196 = ORIENTED_EDGE ( 'NONE', *, *, #6092, .F. ) ;
#8197 = EDGE_CURVE ( 'NONE', #4192, #506, #5142, .T. ) ;
#8198 = AXIS2_PLACEMENT_3D ( 'NONE', #5770, #3724, #7975 ) ;
#8199 = ORIENTED_EDGE ( 'NONE', *, *, #8299, .F. ) ;
#8200 = CARTESIAN_POINT ( 'NONE',  ( 3.772916391609243192, 2.018966987828186177, -1.438836915049395593 ) ) ;
#8201 = ORIENTED_EDGE ( 'NONE', *, *, #3260, .T. ) ;
#8202 = CARTESIAN_POINT ( 'NONE',  ( -2.974999999999999645, 3.107142857142856762, 0.4824998678227593318 ) ) ;
#8203 = DIRECTION ( 'NONE',  ( 0.000000000000000000, 0.000000000000000000, 1.000000000000000000 ) ) ;
#8204 = VECTOR ( 'NONE', #3242, 1000.000000000000000 ) ;
#8205 = CARTESIAN_POINT ( 'NONE',  ( -3.074999999999999734, -1.418690076762947653E-16, 0.4000000000004247380 ) ) ;
#8206 = LINE ( 'NONE', #1854, #5114 ) ;
#8207 = AXIS2_PLACEMENT_3D ( 'NONE', #246, #4320, #3086 ) ;
#8208 = ORIENTED_EDGE ( 'NONE', *, *, #7160, .F. ) ;
#8209 =( NAMED_UNIT ( * ) PLANE_ANGLE_UNIT ( ) SI_UNIT ( $, .RADIAN. ) );
#8210 = EDGE_LOOP ( 'NONE', ( #4653, #1857, #2292, #2254 ) ) ;
#8211 = ADVANCED_FACE ( 'NONE', ( #1527 ), #6393, .F. ) ;
#8212 = DIRECTION ( 'NONE',  ( -0.000000000000000000, 1.000000000000000000, 2.437924253196860008E-16 ) ) ;
#8213 = FACE_OUTER_BOUND ( 'NONE', #1865, .T. ) ;
#8214 = CIRCLE ( 'NONE', #4384, 0.8000000000000000444 ) ;
#8215 = ORIENTED_EDGE ( 'NONE', *, *, #8935, .F. ) ;
#8216 = CARTESIAN_POINT ( 'NONE',  ( 2.225000000000000089, 1.899999999999999689, 1.133352670977950737E-13 ) ) ;
#8217 = DIRECTION ( 'NONE',  ( 0.000000000000000000, 0.000000000000000000, -1.000000000000000000 ) ) ;
#8218 = DIRECTION ( 'NONE',  ( 1.000000000000000000, 2.079455439887337354E-16, -1.618521655923771054E-13 ) ) ;
#8219 = B_SPLINE_CURVE_WITH_KNOTS ( 'NONE', 3,
 ( #70, #4827, #6366, #6329 ),
 .UNSPECIFIED., .F., .F.,
 ( 4, 4 ),
 ( 0.000000000000000000, 0.0002734104305172199365 ),
 .UNSPECIFIED. ) ;
#8220 = ORIENTED_EDGE ( 'NONE', *, *, #5702, .F. ) ;
#8221 = STYLED_ITEM ( 'NONE', ( #2223 ), #6810 ) ;
#8222 = LINE ( 'NONE', #1057, #7471 ) ;
#8223 = LINE ( 'NONE', #8140, #8812 ) ;
#8224 = ADVANCED_FACE ( 'NONE', ( #8882 ), #8062, .T. ) ;
#8225 = DIRECTION ( 'NONE',  ( -1.000000000000000000, -4.613626265895765162E-17, 1.619075244254214076E-13 ) ) ;
#8226 = VERTEX_POINT ( 'NONE', #5900 ) ;
#8227 = CARTESIAN_POINT ( 'NONE',  ( 3.275000000000000355, 0.4516044443118980012, -1.164278760968653792 ) ) ;
#8228 = CIRCLE ( 'NONE', #1075, 0.3150000000000001688 ) ;
#8229 = FACE_OUTER_BOUND ( 'NONE', #5075, .T. ) ;
#8230 = EDGE_LOOP ( 'NONE', ( #4854, #1556, #6735, #6949 ) ) ;
#8231 = EDGE_LOOP ( 'NONE', ( #6398, #1708, #5483, #7404 ) ) ;
#8232 = CARTESIAN_POINT ( 'NONE',  ( -1.804999999999986837, 0.1249999999999999167, 0.7500000000000000000 ) ) ;
#8233 = AXIS2_PLACEMENT_3D ( 'NONE', #3740, #6470, #1060 ) ;
#8234 = EDGE_CURVE ( 'NONE', #7311, #2745, #8768, .T. ) ;
#8235 = VECTOR ( 'NONE', #1602, 1000.000000000000114 ) ;
#8236 = DIRECTION ( 'NONE',  ( -1.000000000000000000, -0.000000000000000000, -0.000000000000000000 ) ) ;
#8237 = EDGE_CURVE ( 'NONE', #1083, #3261, #2178, .T. ) ;
#8238 = LINE ( 'NONE', #7547, #6454 ) ;
#8239 = ORIENTED_EDGE ( 'NONE', *, *, #1538, .T. ) ;
#8240 = AXIS2_PLACEMENT_3D ( 'NONE', #8619, #2543, #5440 ) ;
#8241 = DIRECTION ( 'NONE',  ( 0.000000000000000000, 0.000000000000000000, 1.000000000000000000 ) ) ;
#8242 = CARTESIAN_POINT ( 'NONE',  ( 3.225000000000000089, 2.312310562561766591, 0.8000000000000002665 ) ) ;
#8243 = CIRCLE ( 'NONE', #6915, 1.399766955455214790 ) ;
#8244 = FACE_OUTER_BOUND ( 'NONE', #7872, .T. ) ;
#8245 = ORIENTED_EDGE ( 'NONE', *, *, #2238, .F. ) ;
#8246 = VERTEX_POINT ( 'NONE', #411 ) ;
#8247 = VECTOR ( 'NONE', #1260, 1000.000000000000000 ) ;
#8248 = PLANE ( 'NONE',  #3132 ) ;
#8249 = CARTESIAN_POINT ( 'NONE',  ( -2.961181863128820702, 3.192224151796511755, 0.1640079833984840474 ) ) ;
#8250 = DIRECTION ( 'NONE',  ( 0.000000000000000000, 0.000000000000000000, 1.000000000000000000 ) ) ;
#8251 = EDGE_CURVE ( 'NONE', #3932, #5878, #2529, .T. ) ;
#8252 = VECTOR ( 'NONE', #486, 1000.000000000000227 ) ;
#8253 = CARTESIAN_POINT ( 'NONE',  ( 3.125000000000000000, 1.201787997811427422, -0.7499999999999351630 ) ) ;
#8254 = CYLINDRICAL_SURFACE ( 'NONE', #4976, 0.1500000000000003830 ) ;
#8255 = ORIENTED_EDGE ( 'NONE', *, *, #8858, .T. ) ;
#8256 = CARTESIAN_POINT ( 'NONE',  ( 3.974994382114231506, 1.276219477659066959, -1.253614889613837047 ) ) ;
#8257 = DIRECTION ( 'NONE',  ( 0.000000000000000000, 0.000000000000000000, 1.000000000000000000 ) ) ;
#8258 = EDGE_CURVE ( 'NONE', #5922, #2986, #8436, .T. ) ;
#8259 = ORIENTED_EDGE ( 'NONE', *, *, #4638, .T. ) ;
#8260 = AXIS2_PLACEMENT_3D ( 'NONE', #6763, #3985, #543 ) ;
#8261 = EDGE_CURVE ( 'NONE', #4931, #3654, #1167, .T. ) ;
#8262 = DIRECTION ( 'NONE',  ( 0.000000000000000000, -0.9461585652950790237, -0.3237035207080047328 ) ) ;
#8263 = DIRECTION ( 'NONE',  ( 0.000000000000000000, 0.000000000000000000, -1.000000000000000000 ) ) ;
#8264 = DIRECTION ( 'NONE',  ( -1.000000000000000000, -4.613626265895770092E-17, 0.000000000000000000 ) ) ;
#8265 = ORIENTED_EDGE ( 'NONE', *, *, #7267, .F. ) ;
#8266 = CIRCLE ( 'NONE', #2277, 0.07000000000000018707 ) ;
#8267 = CARTESIAN_POINT ( 'NONE',  ( 2.924999999999999822, 0.7749999999999999112, 1.683745824048273443 ) ) ;
#8268 = FACE_OUTER_BOUND ( 'NONE', #3711, .T. ) ;
#8269 = LINE ( 'NONE', #8179, #2393 ) ;
#8270 = LINE ( 'NONE', #7582, #6440 ) ;
#8271 = ORIENTED_EDGE ( 'NONE', *, *, #7170, .T. ) ;
#8272 = EDGE_CURVE ( 'NONE', #2303, #6342, #4528, .T. ) ;
#8273 = VECTOR ( 'NONE', #1223, 1000.000000000000000 ) ;
#8274 = DIRECTION ( 'NONE',  ( 2.141633920959021099E-15, 5.354084802397552946E-15, 1.000000000000000000 ) ) ;
#8275 = CARTESIAN_POINT ( 'NONE',  ( 3.675000000000000266, 2.312310562561765703, -0.7499999999999993339 ) ) ;
#8276 = EDGE_LOOP ( 'NONE', ( #5802, #7797, #8677, #4144 ) ) ;
#8277 = EDGE_LOOP ( 'NONE', ( #1507, #8656, #3045, #2425 ) ) ;
#8278 = ORIENTED_EDGE ( 'NONE', *, *, #5542, .F. ) ;
#8279 = CARTESIAN_POINT ( 'NONE',  ( -2.974999999999999645, 1.899999999999999911, 0.000000000000000000 ) ) ;
#8280 = LINE ( 'NONE', #4119, #8673 ) ;
#8281 = FACE_OUTER_BOUND ( 'NONE', #8446, .T. ) ;
#8282 = VERTEX_POINT ( 'NONE', #6040 ) ;
#8283 = CARTESIAN_POINT ( 'NONE',  ( 3.675000000000000266, 2.300000000000000711, -0.7499999999999988898 ) ) ;
#8284 = CYLINDRICAL_SURFACE ( 'NONE', #6332, 0.2500000000000002220 ) ;
#8285 = EDGE_CURVE ( 'NONE', #4711, #2073, #3358, .T. ) ;
#8286 = CARTESIAN_POINT ( 'NONE',  ( 3.624999999999999112, 2.349999999999999201, 1.269460070705390686 ) ) ;
#8287 = EDGE_CURVE ( 'NONE', #8671, #6053, #2328, .T. ) ;
#8288 = ADVANCED_FACE ( 'NONE', ( #456 ), #6629, .T. ) ;
#8289 = ORIENTED_EDGE ( 'NONE', *, *, #3951, .F. ) ;
#8290 = ORIENTED_EDGE ( 'NONE', *, *, #2996, .F. ) ;
#8291 = VECTOR ( 'NONE', #1684, 1000.000000000000000 ) ;
#8292 = ORIENTED_EDGE ( 'NONE', *, *, #5216, .F. ) ;
#8293 = CARTESIAN_POINT ( 'NONE',  ( 3.772916391609243192, 2.135249750088582754, -1.240916967422945438 ) ) ;
#8294 = DIRECTION ( 'NONE',  ( 1.604619215278538989E-13, 0.000000000000000000, 1.000000000000000000 ) ) ;
#8295 = CARTESIAN_POINT ( 'NONE',  ( 2.225000000000302069, 3.404330127020342101, 2.109999999999175646 ) ) ;
#8296 = LINE ( 'NONE', #1355, #172 ) ;
#8297 = EDGE_CURVE ( 'NONE', #4036, #4701, #2578, .T. ) ;
#8298 = CARTESIAN_POINT ( 'NONE',  ( 1.024999999999999911, 1.187852254442145483, -2.081548843649777325 ) ) ;
#8299 = EDGE_CURVE ( 'NONE', #6895, #2657, #3851, .T. ) ;
#8300 = ADVANCED_FACE ( 'NONE', ( #1214 ), #5941, .T. ) ;
#8301 = ORIENTED_EDGE ( 'NONE', *, *, #4065, .T. ) ;
#8302 = ORIENTED_EDGE ( 'NONE', *, *, #8001, .F. ) ;
#8303 = CARTESIAN_POINT ( 'NONE',  ( 3.275000000000000355, 1.899999999999999911, 0.000000000000000000 ) ) ;
#8304 = CARTESIAN_POINT ( 'NONE',  ( 3.275000000000000355, 3.099999999999999645, 1.214048674522871796 ) ) ;
#8305 = EDGE_LOOP ( 'NONE', ( #5513, #6953, #4670, #4743 ) ) ;
#8306 = LINE ( 'NONE', #7530, #8606 ) ;
#8307 = PLANE ( 'NONE',  #8921 ) ;
#8308 = CARTESIAN_POINT ( 'NONE',  ( 1.024999999999979261, 0.2713000247044193847, -1.577731406315467044 ) ) ;
#8309 = EDGE_LOOP ( 'NONE', ( #1891, #2882, #1982, #2304, #6840, #693, #2435 ) ) ;
#8310 = ADVANCED_FACE ( 'NONE', ( #5264 ), #6573, .T. ) ;
#8311 = ORIENTED_EDGE ( 'NONE', *, *, #4613, .F. ) ;
#8312 = CARTESIAN_POINT ( 'NONE',  ( 3.225000000000000089, 1.899999999999999911, 0.000000000000000000 ) ) ;
#8313 = DIRECTION ( 'NONE',  ( 0.000000000000000000, 0.000000000000000000, 1.000000000000000000 ) ) ;
#8314 = CARTESIAN_POINT ( 'NONE',  ( 3.800671528346136085, 1.679595545828326930, 1.367492820086532612 ) ) ;
#8315 = AXIS2_PLACEMENT_3D ( 'NONE', #5158, #7125, #2884 ) ;
#8316 = AXIS2_PLACEMENT_3D ( 'NONE', #974, #8005, #2282 ) ;
#8317 = CARTESIAN_POINT ( 'NONE',  ( 2.225000000000323830, 0.9500000000000000666, 2.000173887065596734 ) ) ;
#8318 = PLANE ( 'NONE',  #2190 ) ;
#8319 = AXIS2_PLACEMENT_3D ( 'NONE', #5758, #3065, #3116 ) ;
#8320 = EDGE_LOOP ( 'NONE', ( #7151, #6318, #3591, #2818 ) ) ;
#8321 = DIRECTION ( 'NONE',  ( 1.000000000000000000, 4.613626265895765162E-17, -1.619075244254214076E-13 ) ) ;
#8322 = B_SPLINE_CURVE_WITH_KNOTS ( 'NONE', 3,
 ( #5959, #518, #8168, #7480 ),
 .UNSPECIFIED., .F., .F.,
 ( 4, 4 ),
 ( 1.001230034697944328E-17, 2.792681645788697891E-05 ),
 .UNSPECIFIED. ) ;
#8323 = ADVANCED_FACE ( 'NONE', ( #3988 ), #5356, .T. ) ;
#8324 = DIRECTION ( 'NONE',  ( 3.445345076184176425E-15, 1.000000000000000000, -0.000000000000000000 ) ) ;
#8325 = AXIS2_PLACEMENT_3D ( 'NONE', #6373, #2955, #8537 ) ;
#8326 = DIRECTION ( 'NONE',  ( 1.622287695126456588E-13, 0.000000000000000000, 1.000000000000000000 ) ) ;
#8327 = VERTEX_POINT ( 'NONE', #3304 ) ;
#8328 = AXIS2_PLACEMENT_3D ( 'NONE', #7487, #8218, #3238 ) ;
#8329 = PRESENTATION_LAYER_ASSIGNMENT (  '', '', ( #3064 ) ) ;
#8330 = FACE_OUTER_BOUND ( 'NONE', #8379, .T. ) ;
#8331 = DIRECTION ( 'NONE',  ( 0.000000000000000000, -1.000000000000000000, -6.154138045727242725E-13 ) ) ;
#8332 = ORIENTED_EDGE ( 'NONE', *, *, #8030, .F. ) ;
#8333 = ORIENTED_EDGE ( 'NONE', *, *, #479, .F. ) ;
#8334 = PRESENTATION_STYLE_ASSIGNMENT (( #7089 ) ) ;
#8335 = AXIS2_PLACEMENT_3D ( 'NONE', #1449, #1494, #8444 ) ;
#8336 = CIRCLE ( 'NONE', #1611, 0.07499999999999998335 ) ;
#8337 = ORIENTED_EDGE ( 'NONE', *, *, #5052, .F. ) ;
#8338 = CARTESIAN_POINT ( 'NONE',  ( -2.957842963926422097, 3.199999337032650271, 0.08248577009855252717 ) ) ;
#8339 = DIRECTION ( 'NONE',  ( 1.000000000000000000, 0.000000000000000000, 0.000000000000000000 ) ) ;
#8340 = EDGE_CURVE ( 'NONE', #633, #9005, #4707, .T. ) ;
#8341 = CARTESIAN_POINT ( 'NONE',  ( 3.724999999999999201, 1.599999999999999867, 1.255324857972438091 ) ) ;
#8342 = AXIS2_PLACEMENT_3D ( 'NONE', #2809, #3490, #2762 ) ;
#8343 = DIRECTION ( 'NONE',  ( -1.000000000000000000, 0.000000000000000000, 0.000000000000000000 ) ) ;
#8344 = ORIENTED_EDGE ( 'NONE', *, *, #5451, .F. ) ;
#8345 = ORIENTED_EDGE ( 'NONE', *, *, #4464, .T. ) ;
#8346 = VECTOR ( 'NONE', #3149, 1000.000000000000000 ) ;
#8347 = CARTESIAN_POINT ( 'NONE',  ( -2.875000000000356160, 3.248445554339142394, -2.200000000000000178 ) ) ;
#8348 = CYLINDRICAL_SURFACE ( 'NONE', #6886, 1.000000000000029754 ) ;
#8349 = DIRECTION ( 'NONE',  ( 0.000000000000000000, 0.000000000000000000, -1.000000000000000000 ) ) ;
#8350 = EDGE_CURVE ( 'NONE', #5524, #1387, #90, .T. ) ;
#8351 = ORIENTED_EDGE ( 'NONE', *, *, #4355, .F. ) ;
#8352 = B_SPLINE_CURVE_WITH_KNOTS ( 'NONE', 3,
 ( #534, #7451, #402, #3154 ),
 .UNSPECIFIED., .F., .F.,
 ( 4, 4 ),
 ( 1.084202172485504314E-19, 7.177429867708426631E-05 ),
 .UNSPECIFIED. ) ;
#8353 = CARTESIAN_POINT ( 'NONE',  ( 3.275000000000000355, 3.399999999999999911, 0.8149999999999357758 ) ) ;
#8354 = CARTESIAN_POINT ( 'NONE',  ( 3.941511161385402584, 0.9093037649546530377, -1.254487745477174121 ) ) ;
#8355 = DIRECTION ( 'NONE',  ( 0.000000000000000000, -1.000000000000000000, 0.000000000000000000 ) ) ;
#8356 = EDGE_LOOP ( 'NONE', ( #1181, #4688, #3372, #1258 ) ) ;
#8357 = ORIENTED_EDGE ( 'NONE', *, *, #4715, .F. ) ;
#8358 = CIRCLE ( 'NONE', #787, 0.2000000000000000944 ) ;
#8359 = DIRECTION ( 'NONE',  ( 4.613626265895765162E-17, -1.000000000000000000, 0.000000000000000000 ) ) ;
#8360 =( BOUNDED_CURVE ( )  B_SPLINE_CURVE ( 3, ( #8304, #2033, #1445, #6965 ),
 .UNSPECIFIED., .F., .T. ) 
 B_SPLINE_CURVE_WITH_KNOTS ( ( 4, 4 ),
 ( 5.501585242055419656, 7.064785372303752808 ),
 .UNSPECIFIED. ) 
 CURVE ( )  GEOMETRIC_REPRESENTATION_ITEM ( )  RATIONAL_B_SPLINE_CURVE ( ( 1.000000000000000000, 0.8065248903853482476, 0.8065248903853482476, 1.000000000000000000 ) ) 
 REPRESENTATION_ITEM ( '' )  );
#8361 = DIRECTION ( 'NONE',  ( -1.533653254897021905E-13, -0.3237035207080040666, -0.9461585652950793568 ) ) ;
#8362 = FACE_OUTER_BOUND ( 'NONE', #1905, .T. ) ;
#8363 = EDGE_CURVE ( 'NONE', #1387, #7031, #6708, .T. ) ;
#8364 = ADVANCED_FACE ( 'NONE', ( #7644, #2844, #4758, #8244, #2665 ), #4896, .T. ) ;
#8365 = LINE ( 'NONE', #157, #2952 ) ;
#8366 = DIRECTION ( 'NONE',  ( -1.000000000000000000, -0.000000000000000000, -0.000000000000000000 ) ) ;
#8367 = CARTESIAN_POINT ( 'NONE',  ( -2.875000000000324629, 3.021990892406452023, -2.007769019921744391 ) ) ;
#8368 = VECTOR ( 'NONE', #8953, 1000.000000000000000 ) ;
#8369 = VERTEX_POINT ( 'NONE', #5490 ) ;
#8370 = CARTESIAN_POINT ( 'NONE',  ( 3.739370139709939256, 2.928280675789592280, 1.451552697008589909 ) ) ;
#8371 = LINE ( 'NONE', #1384, #1960 ) ;
#8372 = DIRECTION ( 'NONE',  ( 0.000000000000000000, 0.000000000000000000, -1.000000000000000000 ) ) ;
#8373 = AXIS2_PLACEMENT_3D ( 'NONE', #8846, #8887, #589 ) ;
#8374 = ORIENTED_EDGE ( 'NONE', *, *, #3707, .F. ) ;
#8375 = DIRECTION ( 'NONE',  ( -1.000000000000000000, -0.000000000000000000, -0.000000000000000000 ) ) ;
#8376 = EDGE_CURVE ( 'NONE', #4931, #8411, #3391, .T. ) ;
#8377 = CARTESIAN_POINT ( 'NONE',  ( 3.125000000000000000, 0.000000000000000000, 0.000000000000000000 ) ) ;
#8378 = EDGE_LOOP ( 'NONE', ( #4081, #4062, #8163, #8916 ) ) ;
#8379 = EDGE_LOOP ( 'NONE', ( #7834, #6698, #4453, #4212 ) ) ;
#8380 = AXIS2_PLACEMENT_3D ( 'NONE', #4846, #8072, #6119 ) ;
#8381 = AXIS2_PLACEMENT_3D ( 'NONE', #7263, #2326, #3161 ) ;
#8382 = VERTEX_POINT ( 'NONE', #5531 ) ;
#8383 = LINE ( 'NONE', #5025, #3051 ) ;
#8384 = ORIENTED_EDGE ( 'NONE', *, *, #4582, .T. ) ;
#8385 = CARTESIAN_POINT ( 'NONE',  ( -3.424999999999793321, -1.580166996069204022E-16, -0.6000000000004247491 ) ) ;
#8386 = DIRECTION ( 'NONE',  ( 0.000000000000000000, 0.9461585652950789127, -0.3237035207080050103 ) ) ;
#8387 = AXIS2_PLACEMENT_3D ( 'NONE', #6559, #1731, #2416 ) ;
#8388 = DIRECTION ( 'NONE',  ( -0.9924325091389670783, -0.08682659386424773640, -0.08682659386424780579 ) ) ;
#8389 = CARTESIAN_POINT ( 'NONE',  ( 2.224999999999674571, 3.021990892406452467, -2.007769019922569953 ) ) ;
#8390 = ORIENTED_EDGE ( 'NONE', *, *, #5518, .T. ) ;
#8391 = SURFACE_STYLE_USAGE ( .BOTH. , #5588 ) ;
#8392 = VECTOR ( 'NONE', #6597, 1000.000000000000000 ) ;
#8393 = ORIENTED_EDGE ( 'NONE', *, *, #4604, .F. ) ;
#8394 = CARTESIAN_POINT ( 'NONE',  ( 1.524999999999999911, 0.1800000000000000766, 0.4000000000004246270 ) ) ;
#8395 = CARTESIAN_POINT ( 'NONE',  ( -2.875000000000000000, 3.245302970351218619, -0.3496033084427890292 ) ) ;
#8396 = VERTEX_POINT ( 'NONE', #7552 ) ;
#8397 = DIRECTION ( 'NONE',  ( 0.000000000000000000, -0.000000000000000000, -1.000000000000000000 ) ) ;
#8398 = CARTESIAN_POINT ( 'NONE',  ( 3.747217728566114125, 1.772145706543585497, 1.447598143017833294 ) ) ;
#8399 = EDGE_CURVE ( 'NONE', #7776, #1083, #7690, .T. ) ;
#8400 = DIRECTION ( 'NONE',  ( -1.000000000000000000, 0.000000000000000000, 0.000000000000000000 ) ) ;
#8401 = EDGE_CURVE ( 'NONE', #2034, #105, #6274, .T. ) ;
#8402 = ORIENTED_EDGE ( 'NONE', *, *, #7122, .F. ) ;
#8403 = CARTESIAN_POINT ( 'NONE',  ( 3.275000000000000355, 0.4516044443118981122, 1.164278760968653792 ) ) ;
#8404 = CARTESIAN_POINT ( 'NONE',  ( -2.874999999999999556, 1.899999999999999467, 9.390636416674440884E-13 ) ) ;
#8405 =( LENGTH_UNIT ( ) NAMED_UNIT ( * ) SI_UNIT ( .MILLI., .METRE. ) );
#8406 = DIRECTION ( 'NONE',  ( -0.9063077870366514910, 0.000000000000000000, 0.4226182617406963327 ) ) ;
#8407 = CARTESIAN_POINT ( 'NONE',  ( -3.424999999999793321, -1.580166996069204022E-16, -1.100000000000424194 ) ) ;
#8408 = AXIS2_PLACEMENT_3D ( 'NONE', #812, #3589, #5674 ) ;
#8409 = ADVANCED_FACE ( 'NONE', ( #1389 ), #1430, .F. ) ;
#8410 =( BOUNDED_SURFACE ( )  B_SPLINE_SURFACE ( 3, 2, ( 
 ( #1884, #549, #8885 ),
 ( #2619, #3349, #765 ),
 ( #4855, #7695, #3440 ),
 ( #2242, #7651, #136 ),
 ( #2803, #2847, #1519 ),
 ( #2067, #6309, #6955 ) ),
 .UNSPECIFIED., .F., .F., .T. ) 
 B_SPLINE_SURFACE_WITH_KNOTS ( ( 4, 2, 4 ),
 ( 3, 3 ),
 ( 3.141592653589793116, 3.883357585687374769, 4.625122517784956422 ),
 ( 0.000000000000000000, 1.000000000000000000 ),
 .UNSPECIFIED. ) 
 GEOMETRIC_REPRESENTATION_ITEM ( )  RATIONAL_B_SPLINE_SURFACE ( (
 ( 1.000000000000000000, 0.7372773368101241953, 1.000000000000000000),
 ( 1.000000000000000000, 0.7373167490942774682, 1.000000000000000000),
 ( 1.000000000000000000, 0.7344611233347416723, 1.000000000000000000),
 ( 1.000000000000000000, 0.7244822983925717219, 1.000000000000000000),
 ( 1.000000000000000000, 0.7173738231503606899, 1.000000000000000000),
 ( 1.000000000000000000, 0.7097873355780229820, 1.000000000000000000) ) ) 
 REPRESENTATION_ITEM ( '' )  SURFACE ( )  );
#8411 = VERTEX_POINT ( 'NONE', #4031 ) ;
#8412 = ORIENTED_EDGE ( 'NONE', *, *, #4596, .T. ) ;
#8413 = DIRECTION ( 'NONE',  ( 0.000000000000000000, 0.000000000000000000, 1.000000000000000000 ) ) ;
#8414 = CARTESIAN_POINT ( 'NONE',  ( 3.125000000000000000, 0.2500000000000000000, -2.000000000000000000 ) ) ;
#8415 = DIRECTION ( 'NONE',  ( 1.000000000000000000, 0.000000000000000000, 0.000000000000000000 ) ) ;
#8416 = VERTEX_POINT ( 'NONE', #632 ) ;
#8417 = CARTESIAN_POINT ( 'NONE',  ( -2.874999999999999556, 0.1799999999999998823, 0.2000000000004247824 ) ) ;
#8418 = ADVANCED_FACE ( 'NONE', ( #5619 ), #6951, .F. ) ;
#8419 = CARTESIAN_POINT ( 'NONE',  ( -2.874999999999999556, -1.326417551445032214E-16, 1.300000000000425482 ) ) ;
#8420 = ORIENTED_EDGE ( 'NONE', *, *, #4091, .T. ) ;
#8421 = VERTEX_POINT ( 'NONE', #2146 ) ;
#8422 = EDGE_CURVE ( 'NONE', #264, #1259, #597, .T. ) ;
#8423 = EDGE_LOOP ( 'NONE', ( #1727, #1820, #4804, #87, #1442, #4246, #1142, #5686, #1567, #6654, #810, #1558, #4631, #4126, #7599, #2637, #7379, #7994, #6306, #814, #4803, #6126, #2633, #3945 ) ) ;
#8424 = EDGE_CURVE ( 'NONE', #6060, #4749, #7453, .T. ) ;
#8425 = CARTESIAN_POINT ( 'NONE',  ( -2.875000000000336620, 1.187852254442085753, -2.081548843649125402 ) ) ;
#8426 = DIRECTION ( 'NONE',  ( -0.9961946980917455452, 0.000000000000000000, -0.08715574274765836016 ) ) ;
#8427 = LINE ( 'NONE', #2975, #7417 ) ;
#8428 = CARTESIAN_POINT ( 'NONE',  ( 3.349999999999998312, 2.670000000000056328, -1.372499999999934994 ) ) ;
#8429 = FACE_OUTER_BOUND ( 'NONE', #634, .T. ) ;
#8430 = VERTEX_POINT ( 'NONE', #4851 ) ;
#8431 = EDGE_CURVE ( 'NONE', #6296, #688, #5575, .T. ) ;
#8432 = ORIENTED_EDGE ( 'NONE', *, *, #7342, .T. ) ;
#8433 = CARTESIAN_POINT ( 'NONE',  ( 3.675000000000000266, 2.200000000000000622, 2.053198723942716519 ) ) ;
#8434 = CARTESIAN_POINT ( 'NONE',  ( 3.275000000000000355, 0.7692519213489305008, 0.7857212390312815486 ) ) ;
#8435 = DIRECTION ( 'NONE',  ( 4.613626265895765162E-17, -1.000000000000000000, 0.000000000000000000 ) ) ;
#8436 =( BOUNDED_CURVE ( )  B_SPLINE_CURVE ( 3, ( #2433, #6674, #1795, #3258 ),
 .UNSPECIFIED., .F., .T. ) 
 B_SPLINE_CURVE_WITH_KNOTS ( ( 4, 4 ),
 ( 4.799655442984406051, 6.283185307179586232 ),
 .UNSPECIFIED. ) 
 CURVE ( )  GEOMETRIC_REPRESENTATION_ITEM ( )  RATIONAL_B_SPLINE_CURVE ( ( 1.000000000000000000, 0.8248515578734159082, 0.8248515578734159082, 1.000000000000000000 ) ) 
 REPRESENTATION_ITEM ( '' )  );
#8437 = EDGE_CURVE ( 'NONE', #6060, #6193, #6350, .T. ) ;
#8438 = FACE_OUTER_BOUND ( 'NONE', #3482, .T. ) ;
#8439 = VERTEX_POINT ( 'NONE', #5964 ) ;
#8440 = AXIS2_PLACEMENT_3D ( 'NONE', #2703, #2613, #4702 ) ;
#8441 = AXIS2_PLACEMENT_3D ( 'NONE', #3311, #8888, #8203 ) ;
#8442 = CARTESIAN_POINT ( 'NONE',  ( 3.528907036823433430, 2.177786012688490036, -1.315261024159002368 ) ) ;
#8443 = CARTESIAN_POINT ( 'NONE',  ( 3.824582974381684153, 0.7816990404628769706, -1.251564919531611197 ) ) ;
#8444 = DIRECTION ( 'NONE',  ( 1.000000000000000000, 0.000000000000000000, -0.000000000000000000 ) ) ;
#8445 = ORIENTED_EDGE ( 'NONE', *, *, #3471, .F. ) ;
#8446 = EDGE_LOOP ( 'NONE', ( #354, #1030, #6028, #7682 ) ) ;
#8447 = DIRECTION ( 'NONE',  ( -1.000000000000000000, -4.613626265895765162E-17, 1.619075244254214076E-13 ) ) ;
#8448 = CARTESIAN_POINT ( 'NONE',  ( 3.972162274434780205, 1.955254350816159059, 1.222307968833314940 ) ) ;
#8449 = EDGE_CURVE ( 'NONE', #5164, #3644, #1472, .T. ) ;
#8450 = DIRECTION ( 'NONE',  ( 0.000000000000000000, 0.000000000000000000, -1.000000000000000000 ) ) ;
#8451 = CARTESIAN_POINT ( 'NONE',  ( 3.974999999999999201, 1.895225393711199136, 1.255324857430461405 ) ) ;
#8452 = DIRECTION ( 'NONE',  ( 1.000000000000000000, 0.000000000000000000, 0.000000000000000000 ) ) ;
#8453 = EDGE_LOOP ( 'NONE', ( #6220, #2712, #2042, #7126 ) ) ;
#8454 = AXIS2_PLACEMENT_3D ( 'NONE', #7907, #2280, #4376 ) ;
#8455 = ORIENTED_EDGE ( 'NONE', *, *, #2184, .F. ) ;
#8456 = CARTESIAN_POINT ( 'NONE',  ( -1.804999999999986837, -8.327595409941794645E-17, 0.7500000000000000000 ) ) ;
#8457 = LINE ( 'NONE', #1425, #7655 ) ;
#8458 = STYLED_ITEM ( 'NONE', ( #5064 ), #3790 ) ;
#8459 = CARTESIAN_POINT ( 'NONE',  ( 3.275000000000000355, 0.7000000000000005107, -1.214048674522871796 ) ) ;
#8460 = ADVANCED_FACE ( 'NONE', ( #8684 ), #8583, .F. ) ;
#8461 = ADVANCED_FACE ( 'NONE', ( #4408 ), #5146, .F. ) ;
#8462 = EDGE_LOOP ( 'NONE', ( #3743, #637, #2193, #4200 ) ) ;
#8463 = DIRECTION ( 'NONE',  ( -1.000000000000000000, -4.613626265895763929E-17, -6.195440985635106757E-16 ) ) ;
#8464 = AXIS2_PLACEMENT_3D ( 'NONE', #2380, #4428, #3020 ) ;
#8465 = ORIENTED_EDGE ( 'NONE', *, *, #3115, .F. ) ;
#8466 = DIRECTION ( 'NONE',  ( -1.000000000000000000, -6.776263578034402713E-17, -0.000000000000000000 ) ) ;
#8467 = CIRCLE ( 'NONE', #7361, 0.2000000000000000944 ) ;
#8468 = CARTESIAN_POINT ( 'NONE',  ( 1.024999999999999911, 0.2130333909769859813, 1.748039948067321214 ) ) ;
#8469 = DIRECTION ( 'NONE',  ( 0.000000000000000000, 0.000000000000000000, 1.000000000000000000 ) ) ;
#8470 = VECTOR ( 'NONE', #5093, 1000.000000000000000 ) ;
#8471 = CARTESIAN_POINT ( 'NONE',  ( 3.275000000000512834, 0.1799999999999995215, -0.4000000000000417111 ) ) ;
#8472 = EDGE_CURVE ( 'NONE', #6331, #3109, #5909, .T. ) ;
#8473 = AXIS2_PLACEMENT_3D ( 'NONE', #3334, #3466, #8957 ) ;
#8474 = CARTESIAN_POINT ( 'NONE',  ( -2.874999999999643396, 3.248445554339142394, 2.200000000000000178 ) ) ;
#8475 = EDGE_LOOP ( 'NONE', ( #1339, #5891, #6773, #4814 ) ) ;
#8476 = AXIS2_PLACEMENT_3D ( 'NONE', #8669, #5816, #7150 ) ;
#8477 = AXIS2_PLACEMENT_3D ( 'NONE', #5521, #4839, #8452 ) ;
#8478 = CARTESIAN_POINT ( 'NONE',  ( 3.655504509961678750, 3.066710168957865967, 1.253814209305440519 ) ) ;
#8479 = CARTESIAN_POINT ( 'NONE',  ( -2.874999999999765077, -3.252606517456513302E-16, 1.449999999999999956 ) ) ;
#8480 = CARTESIAN_POINT ( 'NONE',  ( 3.025000000000512834, 1.395621945433705452E-16, -0.4000000000000417666 ) ) ;
#8481 = DIRECTION ( 'NONE',  ( 0.000000000000000000, -1.000000000000000000, 0.000000000000000000 ) ) ;
#8482 = AXIS2_PLACEMENT_3D ( 'NONE', #7896, #1680, #6549 ) ;
#8483 = CARTESIAN_POINT ( 'NONE',  ( 3.675000000000000266, 3.399999999999999911, -1.433745095893967036 ) ) ;
#8484 = DIRECTION ( 'NONE',  ( 0.000000000000000000, -0.4999999999999943934, -0.8660254037844418162 ) ) ;
#8485 = CARTESIAN_POINT ( 'NONE',  ( 0.000000000000000000, 0.2500000000000000000, -0.9000000000000002442 ) ) ;
#8486 = EDGE_CURVE ( 'NONE', #6861, #8814, #390, .T. ) ;
#8487 = ORIENTED_EDGE ( 'NONE', *, *, #2248, .T. ) ;
#8488 = AXIS2_PLACEMENT_3D ( 'NONE', #3314, #2544, #2447 ) ;
#8489 = ORIENTED_EDGE ( 'NONE', *, *, #2751, .T. ) ;
#8490 = CARTESIAN_POINT ( 'NONE',  ( 3.945053189350091305, 1.828856413826791760, 1.214517269909497710 ) ) ;
#8491 = SURFACE_SIDE_STYLE ('',( #6372 ) ) ;
#8492 = CARTESIAN_POINT ( 'NONE',  ( 3.655504509961680526, 1.633289831042133766, 1.247338505565005695 ) ) ;
#8493 = CARTESIAN_POINT ( 'NONE',  ( 1.524999999999999911, 0.1800000000000000766, 0.9000000000000425437 ) ) ;
#8494 = ORIENTED_EDGE ( 'NONE', *, *, #5330, .T. ) ;
#8495 = VECTOR ( 'NONE', #1140, 1000.000000000000000 ) ;
#8496 = ADVANCED_FACE ( 'NONE', ( #6653 ), #5875, .T. ) ;
#8497 = CARTESIAN_POINT ( 'NONE',  ( 3.734183172238214610, 0.7466886530937094646, -1.243949153199897184 ) ) ;
#8498 = DIRECTION ( 'NONE',  ( -0.4226182617406947228, 0.9063077870366522681, 0.000000000000000000 ) ) ;
#8499 = DIRECTION ( 'NONE',  ( 0.000000000000000000, 0.000000000000000000, -1.000000000000000000 ) ) ;
#8500 = CARTESIAN_POINT ( 'NONE',  ( 2.225000000000285194, 2.885400696809102161, 1.763344965321712587 ) ) ;
#8501 = VERTEX_POINT ( 'NONE', #7898 ) ;
#8502 = ORIENTED_EDGE ( 'NONE', *, *, #4476, .T. ) ;
#8503 = CARTESIAN_POINT ( 'NONE',  ( -3.624999999999793943, 0.1799999999999998268, -0.9000000000004242384 ) ) ;
#8504 = ORIENTED_EDGE ( 'NONE', *, *, #5367, .F. ) ;
#8505 = ADVANCED_FACE ( 'NONE', ( #960 ), #4053, .T. ) ;
#8506 = EDGE_CURVE ( 'NONE', #7138, #3044, #2643, .T. ) ;
#8507 = FACE_OUTER_BOUND ( 'NONE', #4710, .T. ) ;
#8508 = AXIS2_PLACEMENT_3D ( 'NONE', #7969, #2439, #278 ) ;
#8509 = DIRECTION ( 'NONE',  ( 0.000000000000000000, 0.000000000000000000, 1.000000000000000000 ) ) ;
#8510 = DIRECTION ( 'NONE',  ( 0.000000000000000000, 0.000000000000000000, 1.000000000000000000 ) ) ;
#8511 = CARTESIAN_POINT ( 'NONE',  ( 2.924999999999999822, 3.399999999999999911, 1.360376786041278985 ) ) ;
#8512 = AXIS2_PLACEMENT_3D ( 'NONE', #5678, #3077, #8566 ) ;
#8513 = VECTOR ( 'NONE', #8426, 1000.000000000000000 ) ;
#8514 = CYLINDRICAL_SURFACE ( 'NONE', #1892, 0.2000000000000000944 ) ;
#8515 = EDGE_LOOP ( 'NONE', ( #4945, #5818 ) ) ;
#8516 = EDGE_CURVE ( 'NONE', #2480, #5867, #1604, .T. ) ;
#8517 = LINE ( 'NONE', #1401, #4090 ) ;
#8518 = CARTESIAN_POINT ( 'NONE',  ( 3.655504509961679638, 1.633289831042133766, 1.247338505565005695 ) ) ;
#8519 = ORIENTED_EDGE ( 'NONE', *, *, #7680, .F. ) ;
#8520 = CARTESIAN_POINT ( 'NONE',  ( 3.697601750778154006, 3.060429211570515395, 1.248390800232766384 ) ) ;
#8521 = CARTESIAN_POINT ( 'NONE',  ( 3.275000000000000355, 1.722915632151069465, 1.669545873791308477 ) ) ;
#8522 = AXIS2_PLACEMENT_3D ( 'NONE', #3052, #346, #7995 ) ;
#8523 = AXIS2_PLACEMENT_3D ( 'NONE', #8640, #1686, #3738 ) ;
#8524 = LINE ( 'NONE', #2257, #249 ) ;
#8525 = LINE ( 'NONE', #1037, #2576 ) ;
#8526 = CYLINDRICAL_SURFACE ( 'NONE', #2537, 0.2750000000000002998 ) ;
#8527 = CARTESIAN_POINT ( 'NONE',  ( 1.024999999999999911, 0.3150000000000000022, -1.450000000000631228 ) ) ;
#8528 = VECTOR ( 'NONE', #210, 1000.000000000000000 ) ;
#8529 = CARTESIAN_POINT ( 'NONE',  ( 3.125000000000000000, 1.070000000000038476, 1.277499999999935465 ) ) ;
#8530 = AXIS2_PLACEMENT_3D ( 'NONE', #2910, #4109, #6934 ) ;
#8531 = VERTEX_POINT ( 'NONE', #2688 ) ;
#8532 = EDGE_CURVE ( 'NONE', #3332, #2788, #2599, .T. ) ;
#8533 = DIRECTION ( 'NONE',  ( 4.336808689942016158E-15, 1.000000000000000000, 0.000000000000000000 ) ) ;
#8534 = CARTESIAN_POINT ( 'NONE',  ( 3.800671528346414529, 3.020404454172481046, 1.367492820085929983 ) ) ;
#8535 = DIRECTION ( 'NONE',  ( 0.000000000000000000, 0.000000000000000000, -1.000000000000000000 ) ) ;
#8536 = AXIS2_PLACEMENT_3D ( 'NONE', #3544, #3498, #6279 ) ;
#8537 = DIRECTION ( 'NONE',  ( 0.08715574274765873486, 0.000000000000000000, -0.9961946980917455452 ) ) ;
#8538 = DIRECTION ( 'NONE',  ( 0.000000000000000000, -1.000000000000000000, 0.000000000000000000 ) ) ;
#8539 = VERTEX_POINT ( 'NONE', #8946 ) ;
#8540 = ORIENTED_EDGE ( 'NONE', *, *, #1937, .F. ) ;
#8541 = PLANE ( 'NONE',  #1929 ) ;
#8542 = DIRECTION ( 'NONE',  ( 1.604619215278538989E-13, 0.000000000000000000, 1.000000000000000000 ) ) ;
#8543 = DIRECTION ( 'NONE',  ( 0.9924325091389671893, 0.08682659386424806947, 0.08682659386424815273 ) ) ;
#8544 = EDGE_CURVE ( 'NONE', #5944, #6895, #6148, .T. ) ;
#8545 = DIRECTION ( 'NONE',  ( 1.000000000000000000, 0.000000000000000000, -0.000000000000000000 ) ) ;
#8546 = ORIENTED_EDGE ( 'NONE', *, *, #992, .T. ) ;
#8547 = LINE ( 'NONE', #1640, #2765 ) ;
#8548 = ORIENTED_EDGE ( 'NONE', *, *, #3235, .T. ) ;
#8549 = EDGE_LOOP ( 'NONE', ( #7921, #7323, #6726, #572 ) ) ;
#8550 = LINE ( 'NONE', #1018, #6696 ) ;
#8551 = VECTOR ( 'NONE', #2541, 1000.000000000000000 ) ;
#8552 = DIRECTION ( 'NONE',  ( 0.000000000000000000, 0.000000000000000000, 1.000000000000000000 ) ) ;
#8553 = CARTESIAN_POINT ( 'NONE',  ( 3.125000000000000000, 0.2500000000000000000, 0.000000000000000000 ) ) ;
#8554 = B_SPLINE_CURVE_WITH_KNOTS ( 'NONE', 3,
 ( #8613, #2341, #5723, #8521 ),
 .UNSPECIFIED., .F., .F.,
 ( 4, 4 ),
 ( 0.000000000000000000, 0.0002736785125943521279 ),
 .UNSPECIFIED. ) ;
#8555 = EDGE_CURVE ( 'NONE', #7589, #2670, #1952, .T. ) ;
#8556 = LINE ( 'NONE', #2246, #6112 ) ;
#8557 = ADVANCED_FACE ( 'NONE', ( #4101 ), #3642, .F. ) ;
#8558 = DIRECTION ( 'NONE',  ( 0.000000000000000000, -0.9461585652950790237, 0.3237035207080051213 ) ) ;
#8559 = ORIENTED_EDGE ( 'NONE', *, *, #8955, .F. ) ;
#8560 = ORIENTED_EDGE ( 'NONE', *, *, #238, .F. ) ;
#8561 = DIRECTION ( 'NONE',  ( 0.000000000000000000, 0.000000000000000000, -1.000000000000000000 ) ) ;
#8562 = CARTESIAN_POINT ( 'NONE',  ( -2.874999999999999112, 0.3993529285586579491, 1.125337190951019917 ) ) ;
#8563 = ORIENTED_EDGE ( 'NONE', *, *, #2981, .F. ) ;
#8564 = DIRECTION ( 'NONE',  ( 0.000000000000000000, -1.365923996831991784E-15, 1.000000000000000000 ) ) ;
#8565 = CARTESIAN_POINT ( 'NONE',  ( 3.974192846805071788, 1.124184262601057194, -1.233556677583682148 ) ) ;
#8566 = DIRECTION ( 'NONE',  ( 0.000000000000000000, 0.000000000000000000, -1.000000000000000000 ) ) ;
#8567 = CARTESIAN_POINT ( 'NONE',  ( 3.765302509449985013, 0.8770444454405245116, -1.440678698559526794 ) ) ;
#8568 = ADVANCED_FACE ( 'NONE', ( #3413 ), #5470, .T. ) ;
#8569 = EDGE_CURVE ( 'NONE', #7694, #5128, #4368, .T. ) ;
#8570 = EDGE_CURVE ( 'NONE', #1421, #2208, #8091, .T. ) ;
#8571 = DIRECTION ( 'NONE',  ( 1.000000000000000000, -0.000000000000000000, -0.000000000000000000 ) ) ;
#8572 = CARTESIAN_POINT ( 'NONE',  ( -2.674999999999999378, 1.899999999999999911, 0.000000000000000000 ) ) ;
#8573 = ORIENTED_EDGE ( 'NONE', *, *, #3849, .F. ) ;
#8574 = ORIENTED_EDGE ( 'NONE', *, *, #7962, .F. ) ;
#8575 = CARTESIAN_POINT ( 'NONE',  ( 2.924999999999999822, 3.199999999999999734, 0.8000000000000000444 ) ) ;
#8576 = VECTOR ( 'NONE', #7545, 1000.000000000000000 ) ;
#8577 = DIRECTION ( 'NONE',  ( -1.000000000000000000, 7.007341241113741833E-14, 4.045690351860517490E-14 ) ) ;
#8578 = TOROIDAL_SURFACE ( 'NONE', #1152, 1.000000000000000000, 0.1000000000000000056 ) ;
#8579 = CARTESIAN_POINT ( 'NONE',  ( 2.224999999999674571, 3.021990892406452467, -2.007769019922569953 ) ) ;
#8580 = CARTESIAN_POINT ( 'NONE',  ( 3.676964918290422268, 1.635167373485536091, 1.000167373485471689 ) ) ;
#8581 = DIRECTION ( 'NONE',  ( 1.000000000000000000, -0.000000000000000000, -0.000000000000000000 ) ) ;
#8582 = EDGE_CURVE ( 'NONE', #3893, #6017, #1903, .T. ) ;
#8583 = PLANE ( 'NONE',  #2630 ) ;
#8584 = EDGE_LOOP ( 'NONE', ( #6875, #6497, #1656, #2461 ) ) ;
#8585 = ORIENTED_EDGE ( 'NONE', *, *, #7244, .T. ) ;
#8586 = CARTESIAN_POINT ( 'NONE',  ( 3.675000000000000266, 1.600000000000000755, 1.897345511577197108 ) ) ;
#8587 = FACE_OUTER_BOUND ( 'NONE', #8016, .T. ) ;
#8588 = CARTESIAN_POINT ( 'NONE',  ( -2.875000000000234035, -2.168404344971008868E-16, -1.449999999999999956 ) ) ;
#8589 = ORIENTED_EDGE ( 'NONE', *, *, #3554, .F. ) ;
#8590 = DIRECTION ( 'NONE',  ( -1.000000000000000000, -4.613626265895765162E-17, -0.000000000000000000 ) ) ;
#8591 = ORIENTED_EDGE ( 'NONE', *, *, #4770, .T. ) ;
#8592 = CARTESIAN_POINT ( 'NONE',  ( 2.924999999999999822, 3.199999999999999734, 0.8000000000000000444 ) ) ;
#8593 = CARTESIAN_POINT ( 'NONE',  ( 3.163833238488162003, 2.317346022758990820, 0.8208885135637442598 ) ) ;
#8594 = ORIENTED_EDGE ( 'NONE', *, *, #4958, .F. ) ;
#8595 = VERTEX_POINT ( 'NONE', #606 ) ;
#8596 = ADVANCED_FACE ( 'NONE', ( #1824 ), #4780, .T. ) ;
#8597 = ORIENTED_EDGE ( 'NONE', *, *, #1222, .F. ) ;
#8598 = ORIENTED_EDGE ( 'NONE', *, *, #3877, .F. ) ;
#8599 = DIRECTION ( 'NONE',  ( 0.000000000000000000, -0.1305261922198301394, 0.9914448613738395810 ) ) ;
#8600 = CARTESIAN_POINT ( 'NONE',  ( -3.424999999999793321, 0.1799999999999998546, 1.100000000000424194 ) ) ;
#8601 = CARTESIAN_POINT ( 'NONE',  ( 0.000000000000000000, 3.799999999999999822, -0.8000000000000000444 ) ) ;
#8602 = VECTOR ( 'NONE', #8792, 1000.000000000000000 ) ;
#8603 = LINE ( 'NONE', #7133, #7587 ) ;
#8604 = DIRECTION ( 'NONE',  ( 8.099371738820811693E-14, -0.8660254037844418162, 0.4999999999999943934 ) ) ;
#8605 = EDGE_LOOP ( 'NONE', ( #4723, #8548, #2434, #23 ) ) ;
#8606 = VECTOR ( 'NONE', #4099, 1000.000000000000000 ) ;
#8607 = VERTEX_POINT ( 'NONE', #1863 ) ;
#8608 = DIRECTION ( 'NONE',  ( 1.000000000000000000, 0.000000000000000000, 0.000000000000000000 ) ) ;
#8609 = ORIENTED_EDGE ( 'NONE', *, *, #651, .T. ) ;
#8610 = EDGE_CURVE ( 'NONE', #5980, #2064, #8820, .T. ) ;
#8611 = ORIENTED_EDGE ( 'NONE', *, *, #8399, .T. ) ;
#8612 = CARTESIAN_POINT ( 'NONE',  ( 2.224999999999689226, 2.973208679693148504, -1.920474714708575670 ) ) ;
#8613 = CARTESIAN_POINT ( 'NONE',  ( 3.275000000000000355, 1.599999999999999645, 1.436668947343170410 ) ) ;
#8614 = CARTESIAN_POINT ( 'NONE',  ( -7.875000000000000000, 1.899999999999999911, 0.000000000000000000 ) ) ;
#8615 = CIRCLE ( 'NONE', #3362, 2.024999999999999911 ) ;
#8616 = LINE ( 'NONE', #5228, #4904 ) ;
#8617 = VECTOR ( 'NONE', #3942, 1000.000000000000227 ) ;
#8618 = VECTOR ( 'NONE', #1963, 1000.000000000000000 ) ;
#8619 = CARTESIAN_POINT ( 'NONE',  ( -5.735000000000000320, 1.899999999999999911, 0.000000000000000000 ) ) ;
#8620 = CARTESIAN_POINT ( 'NONE',  ( 3.565601798606695905, 2.174575637021608276, -1.466955438269146317 ) ) ;
#8621 = DIRECTION ( 'NONE',  ( 1.000000000000000000, -0.000000000000000000, -0.000000000000000000 ) ) ;
#8622 = ORIENTED_EDGE ( 'NONE', *, *, #6537, .F. ) ;
#8623 = ORIENTED_EDGE ( 'NONE', *, *, #8258, .T. ) ;
#8624 = ADVANCED_FACE ( 'NONE', ( #4687 ), #1279, .F. ) ;
#8625 = CARTESIAN_POINT ( 'NONE',  ( -2.957841651973871944, 3.200002785295595231, -0.08243760027062492501 ) ) ;
#8626 =( GEOMETRIC_REPRESENTATION_CONTEXT ( 3 ) GLOBAL_UNCERTAINTY_ASSIGNED_CONTEXT ( ( #2456 ) ) GLOBAL_UNIT_ASSIGNED_CONTEXT ( ( #513, #3181, #8809 ) ) REPRESENTATION_CONTEXT ( 'NONE', 'WORKASPACE' ) );
#8627 = AXIS2_PLACEMENT_3D ( 'NONE', #2506, #604, #1278 ) ;
#8628 = CARTESIAN_POINT ( 'NONE',  ( 2.924999999999999822, 1.899999999999999911, 0.000000000000000000 ) ) ;
#8629 = DIRECTION ( 'NONE',  ( -1.000000000000000000, -4.613626265895765162E-17, 1.619075244254214076E-13 ) ) ;
#8630 = CIRCLE ( 'NONE', #4678, 0.2750000000000002998 ) ;
#8631 = DIRECTION ( 'NONE',  ( 0.000000000000000000, 0.000000000000000000, 1.000000000000000000 ) ) ;
#8632 = CYLINDRICAL_SURFACE ( 'NONE', #7308, 0.3500000000000000333 ) ;
#8633 = CARTESIAN_POINT ( 'NONE',  ( 3.147523376874675538, 2.320919870462642809, -0.8358446139566111377 ) ) ;
#8634 = VECTOR ( 'NONE', #4387, 1000.000000000000000 ) ;
#8635 = ORIENTED_EDGE ( 'NONE', *, *, #1643, .T. ) ;
#8636 = ORIENTED_EDGE ( 'NONE', *, *, #3483, .F. ) ;
#8637 = EDGE_CURVE ( 'NONE', #4731, #2480, #1996, .T. ) ;
#8638 = CARTESIAN_POINT ( 'NONE',  ( 2.224999999999690559, 1.246118888169526873, -1.911240301896836691 ) ) ;
#8639 = CARTESIAN_POINT ( 'NONE',  ( 3.773947465488304509, 3.034717880615008578, 1.245585735897075663 ) ) ;
#8640 = CARTESIAN_POINT ( 'NONE',  ( 2.225000000000324718, 3.021990892406452467, 2.007769019920918829 ) ) ;
#8641 = PLANE ( 'NONE',  #1641 ) ;
#8642 = EDGE_LOOP ( 'NONE', ( #3717, #2877, #4115, #7431, #8609, #6107 ) ) ;
#8643 = CARTESIAN_POINT ( 'NONE',  ( 3.125000000000000000, 2.510553028000122033, 0.8149999999999358868 ) ) ;
#8644 = CARTESIAN_POINT ( 'NONE',  ( -2.875000000000000000, 1.899999999999999911, 1.824999999999999734 ) ) ;
#8645 = ORIENTED_EDGE ( 'NONE', *, *, #710, .F. ) ;
#8646 = PLANE ( 'NONE',  #2167 ) ;
#8647 = DIRECTION ( 'NONE',  ( 0.000000000000000000, 0.000000000000000000, -1.000000000000000000 ) ) ;
#8648 = CARTESIAN_POINT ( 'NONE',  ( 3.275000000000000355, 0.7692519213489305008, 0.7857212390312815486 ) ) ;
#8649 = AXIS2_PLACEMENT_3D ( 'NONE', #559, #7981, #6009 ) ;
#8650 = EDGE_CURVE ( 'NONE', #4163, #7041, #3650, .T. ) ;
#8651 = FACE_OUTER_BOUND ( 'NONE', #2068, .T. ) ;
#8652 = CIRCLE ( 'NONE', #3564, 0.2500000000000000000 ) ;
#8653 = CARTESIAN_POINT ( 'NONE',  ( 3.773947465488304509, 3.034717880615008578, 1.245585735897075663 ) ) ;
#8654 = AXIS2_PLACEMENT_3D ( 'NONE', #1831, #1959, #6154 ) ;
#8655 = CARTESIAN_POINT ( 'NONE',  ( 0.009595037822621789100, -0.07500000000000001110, -0.7499999999999997780 ) ) ;
#8656 = ORIENTED_EDGE ( 'NONE', *, *, #4768, .T. ) ;
#8657 = ORIENTED_EDGE ( 'NONE', *, *, #5493, .F. ) ;
#8658 = DIRECTION ( 'NONE',  ( -1.000000000000000000, -4.613626265895765162E-17, 1.619075244254214076E-13 ) ) ;
#8659 = CARTESIAN_POINT ( 'NONE',  ( 3.974931375685631263, 1.669536957756128981, -1.248858165635447603 ) ) ;
#8660 = DIRECTION ( 'NONE',  ( 0.8968556368849971427, 0.07846470104676067647, -0.4353082324942278980 ) ) ;
#8661 = ORIENTED_EDGE ( 'NONE', *, *, #6786, .F. ) ;
#8662 = B_SPLINE_CURVE_WITH_KNOTS ( 'NONE', 3,
 ( #5896, #2283, #8006, #1019 ),
 .UNSPECIFIED., .F., .F.,
 ( 4, 4 ),
 ( 4.344257796027837257E-05, 0.0004003609752852862287 ),
 .UNSPECIFIED. ) ;
#8663 = EDGE_CURVE ( 'NONE', #2123, #2749, #1237, .T. ) ;
#8664 = VECTOR ( 'NONE', #3218, 1000.000000000000000 ) ;
#8665 = PLANE ( 'NONE',  #6206 ) ;
#8666 = DIRECTION ( 'NONE',  ( 9.035018104045869462E-17, -1.000000000000000000, 0.000000000000000000 ) ) ;
#8667 = CARTESIAN_POINT ( 'NONE',  ( 3.275000000000000355, 1.265261816192204902, 0.7727272727272159747 ) ) ;
#8668 = ORIENTED_EDGE ( 'NONE', *, *, #2261, .F. ) ;
#8669 = CARTESIAN_POINT ( 'NONE',  ( 3.633715574274765103, 2.817661494434928748, 1.253814209305440741 ) ) ;
#8670 = VECTOR ( 'NONE', #5681, 1000.000000000000000 ) ;
#8671 = VERTEX_POINT ( 'NONE', #3326 ) ;
#8672 = VERTEX_POINT ( 'NONE', #6099 ) ;
#8673 = VECTOR ( 'NONE', #670, 1000.000000000000114 ) ;
#8674 = CARTESIAN_POINT ( 'NONE',  ( 3.974999305145336059, 2.512650198509996269, 1.254630436786884129 ) ) ;
#8675 = B_SPLINE_CURVE_WITH_KNOTS ( 'NONE', 3,
 ( #5639, #8442, #4954, #7061 ),
 .UNSPECIFIED., .F., .F.,
 ( 4, 4 ),
 ( 0.000000000000000000, 0.0004234710735987033832 ),
 .UNSPECIFIED. ) ;
#8676 = DIRECTION ( 'NONE',  ( -1.000000000000000000, 0.000000000000000000, 0.000000000000000000 ) ) ;
#8677 = ORIENTED_EDGE ( 'NONE', *, *, #1105, .T. ) ;
#8678 = FACE_OUTER_BOUND ( 'NONE', #7299, .T. ) ;
#8679 = EDGE_CURVE ( 'NONE', #6193, #6464, #2217, .T. ) ;
#8680 = DIRECTION ( 'NONE',  ( 0.000000000000000000, -7.653191805780036403E-16, 1.000000000000000000 ) ) ;
#8681 = AXIS2_PLACEMENT_3D ( 'NONE', #752, #8324, #7080 ) ;
#8682 = PLANE ( 'NONE',  #8482 ) ;
#8683 = EDGE_CURVE ( 'NONE', #199, #6971, #8219, .T. ) ;
#8684 = FACE_OUTER_BOUND ( 'NONE', #4176, .T. ) ;
#8685 = ORIENTED_EDGE ( 'NONE', *, *, #3113, .T. ) ;
#8686 = ORIENTED_EDGE ( 'NONE', *, *, #6791, .T. ) ;
#8687 = DIRECTION ( 'NONE',  ( 3.497426362856462163E-15, 1.000000000000000000, -8.743565907141156639E-17 ) ) ;
#8688 = CARTESIAN_POINT ( 'NONE',  ( 3.973012182502877021, 1.975064279492388275, 1.223831243442083938 ) ) ;
#8689 = CYLINDRICAL_SURFACE ( 'NONE', #7205, 1.799999999999776445 ) ;
#8690 = FACE_OUTER_BOUND ( 'NONE', #8475, .T. ) ;
#8691 = EDGE_LOOP ( 'NONE', ( #4656, #6983 ) ) ;
#8692 = CARTESIAN_POINT ( 'NONE',  ( 2.225000000000337153, 1.187852254442064437, 2.081548843648364233 ) ) ;
#8693 = CARTESIAN_POINT ( 'NONE',  ( 3.862283002801585763, 2.085825309859739463, -1.347632669782953485 ) ) ;
#8694 = EDGE_CURVE ( 'NONE', #3473, #7501, #2925, .T. ) ;
#8695 = EDGE_LOOP ( 'NONE', ( #7454, #7239, #567 ) ) ;
#8696 = CARTESIAN_POINT ( 'NONE',  ( 2.225000000000356248, 3.248445554339142838, 2.199999999999174616 ) ) ;
#8697 = DIRECTION ( 'NONE',  ( -1.000000000000000000, 0.000000000000000000, 0.000000000000000000 ) ) ;
#8698 = DIRECTION ( 'NONE',  ( 9.035018104045869462E-17, -1.000000000000000000, 0.000000000000000000 ) ) ;
#8699 = VECTOR ( 'NONE', #322, 1000.000000000000000 ) ;
#8700 = CARTESIAN_POINT ( 'NONE',  ( 1.824999999999999734, 0.1499999999999999389, -2.000000000000000000 ) ) ;
#8701 = DIRECTION ( 'NONE',  ( 1.000000000000000000, 0.000000000000000000, 0.000000000000000000 ) ) ;
#8702 = EDGE_CURVE ( 'NONE', #1435, #8874, #115, .T. ) ;
#8703 = ORIENTED_EDGE ( 'NONE', *, *, #5810, .T. ) ;
#8704 = ADVANCED_FACE ( 'NONE', ( #2039 ), #2822, .F. ) ;
#8705 = VECTOR ( 'NONE', #4000, 1000.000000000000000 ) ;
#8706 = ORIENTED_EDGE ( 'NONE', *, *, #6829, .F. ) ;
#8707 = CARTESIAN_POINT ( 'NONE',  ( 3.275000000000000355, 0.8458563656608286685, -0.7499999999999352740 ) ) ;
#8708 = EDGE_LOOP ( 'NONE', ( #1739, #678, #8834, #8169 ) ) ;
#8709 = EDGE_LOOP ( 'NONE', ( #2426, #8956, #8800, #1877, #208, #7393, #3995 ) ) ;
#8710 = DIRECTION ( 'NONE',  ( -1.000000000000000000, 0.000000000000000000, 0.000000000000000000 ) ) ;
#8711 = LINE ( 'NONE', #6001, #5504 ) ;
#8712 = LINE ( 'NONE', #3128, #1652 ) ;
#8713 = ORIENTED_EDGE ( 'NONE', *, *, #920, .T. ) ;
#8714 = AXIS2_PLACEMENT_3D ( 'NONE', #8161, #1889, #3909 ) ;
#8715 = DIRECTION ( 'NONE',  ( 1.000000000000000000, 4.613626265895768243E-17, 0.000000000000000000 ) ) ;
#8716 = DIRECTION ( 'NONE',  ( -0.8795987315729334455, -0.4101636246358802973, -0.2409810624112264932 ) ) ;
#8717 = DIRECTION ( 'NONE',  ( 0.000000000000000000, 0.000000000000000000, -1.000000000000000000 ) ) ;
#8718 = ADVANCED_FACE ( 'NONE', ( #2864 ), #5683, .F. ) ;
#8719 = ORIENTED_EDGE ( 'NONE', *, *, #3708, .T. ) ;
#8720 = FACE_OUTER_BOUND ( 'NONE', #245, .T. ) ;
#8721 = ADVANCED_FACE ( 'NONE', ( #2083 ), #5642, .F. ) ;
#8722 = CARTESIAN_POINT ( 'NONE',  ( -2.674999999999999378, 1.899999999999999911, 0.000000000000000000 ) ) ;
#8723 = CARTESIAN_POINT ( 'NONE',  ( -3.474999999999999645, 1.899999999999999911, 0.000000000000000000 ) ) ;
#8724 = ORIENTED_EDGE ( 'NONE', *, *, #5760, .T. ) ;
#8725 =( GEOMETRIC_REPRESENTATION_CONTEXT ( 3 ) GLOBAL_UNCERTAINTY_ASSIGNED_CONTEXT ( ( #19 ) ) GLOBAL_UNIT_ASSIGNED_CONTEXT ( ( #6046, #4484, #5362 ) ) REPRESENTATION_CONTEXT ( 'NONE', 'WORKASPACE' ) );
#8726 = LINE ( 'NONE', #6695, #4812 ) ;
#8727 = FACE_OUTER_BOUND ( 'NONE', #3649, .T. ) ;
#8728 = CARTESIAN_POINT ( 'NONE',  ( 3.676964918290422712, 3.064832626514462532, 1.000167373485471911 ) ) ;
#8729 = EDGE_LOOP ( 'NONE', ( #1139, #5838, #1849, #142 ) ) ;
#8730 = DIRECTION ( 'NONE',  ( 0.000000000000000000, 0.000000000000000000, -1.000000000000000000 ) ) ;
#8731 = DIRECTION ( 'NONE',  ( 1.000000000000000000, 0.000000000000000000, 0.000000000000000000 ) ) ;
#8732 = LINE ( 'NONE', #3009, #2549 ) ;
#8733 = FACE_OUTER_BOUND ( 'NONE', #2714, .T. ) ;
#8734 = ORIENTED_EDGE ( 'NONE', *, *, #6536, .F. ) ;
#8735 = DIRECTION ( 'NONE',  ( 1.000000000000000000, 0.000000000000000000, -2.168404344971012812E-15 ) ) ;
#8736 = CARTESIAN_POINT ( 'NONE',  ( 3.877637474871401313, 1.973675240860702784, -1.386097155119717872 ) ) ;
#8737 = ORIENTED_EDGE ( 'NONE', *, *, #4567, .T. ) ;
#8738 = SURFACE_STYLE_FILL_AREA ( #4423 ) ;
#8739 = LINE ( 'NONE', #3017, #5455 ) ;
#8740 = LINE ( 'NONE', #5215, #7226 ) ;
#8741 = ADVANCED_FACE ( 'NONE', ( #3632 ), #4873, .T. ) ;
#8742 = CARTESIAN_POINT ( 'NONE',  ( 3.125000000000000000, 1.899999999999999911, 2.000000000000000000 ) ) ;
#8743 = CARTESIAN_POINT ( 'NONE',  ( 3.624999999999999112, 1.818042024625755593, -1.600000000000000755 ) ) ;
#8744 = ORIENTED_EDGE ( 'NONE', *, *, #807, .F. ) ;
#8745 = FACE_OUTER_BOUND ( 'NONE', #5684, .T. ) ;
#8746 = ORIENTED_EDGE ( 'NONE', *, *, #5028, .T. ) ;
#8747 = ORIENTED_EDGE ( 'NONE', *, *, #2827, .T. ) ;
#8748 = DIRECTION ( 'NONE',  ( 0.000000000000000000, 1.000000000000000000, 0.000000000000000000 ) ) ;
#8749 = CARTESIAN_POINT ( 'NONE',  ( 3.974192846804742274, 1.775815737398404259, -1.233556677580162075 ) ) ;
#8750 = ADVANCED_FACE ( 'NONE', ( #4190 ), #2733, .T. ) ;
#8751 = AXIS2_PLACEMENT_3D ( 'NONE', #4254, #1471, #6216 ) ;
#8752 = DIRECTION ( 'NONE',  ( 0.000000000000000000, 0.000000000000000000, -1.000000000000000000 ) ) ;
#8753 = AXIS2_PLACEMENT_3D ( 'NONE', #681, #6221, #6431 ) ;
#8754 = ORIENTED_EDGE ( 'NONE', *, *, #7342, .F. ) ;
#8755 = ADVANCED_FACE ( 'NONE', ( #4275 ), #1541, .T. ) ;
#8756 = LINE ( 'NONE', #4538, #8551 ) ;
#8757 = DIRECTION ( 'NONE',  ( 0.000000000000000000, 0.000000000000000000, -1.000000000000000000 ) ) ;
#8758 = DIRECTION ( 'NONE',  ( 1.410953178252797262E-13, -0.4999999999999937828, 0.8660254037844422603 ) ) ;
#8759 = VECTOR ( 'NONE', #845, 1000.000000000000000 ) ;
#8760 = VERTEX_POINT ( 'NONE', #7019 ) ;
#8761 = FILL_AREA_STYLE_COLOUR ( '', #1477 ) ;
#8762 = VERTEX_POINT ( 'NONE', #697 ) ;
#8763 = ORIENTED_EDGE ( 'NONE', *, *, #7397, .F. ) ;
#8764 = CARTESIAN_POINT ( 'NONE',  ( 3.586044187466009170, 1.763388679160977635, 1.528816652529876752 ) ) ;
#8765 = AXIS2_PLACEMENT_3D ( 'NONE', #1548, #7112, #3639 ) ;
#8766 = PLANE ( 'NONE',  #813 ) ;
#8767 = EDGE_LOOP ( 'NONE', ( #1117, #5266, #5978, #5522, #6065, #2338 ) ) ;
#8768 = CIRCLE ( 'NONE', #5546, 2.075000000000000178 ) ;
#8769 = ADVANCED_FACE ( 'NONE', ( #7103 ), #1368, .F. ) ;
#8770 = CARTESIAN_POINT ( 'NONE',  ( 3.675000000000000266, 1.899999999999999911, 0.000000000000000000 ) ) ;
#8771 = DIRECTION ( 'NONE',  ( 0.000000000000000000, -1.000000000000000000, 1.734723475976807094E-15 ) ) ;
#8772 = CARTESIAN_POINT ( 'NONE',  ( 3.125000000000000000, 2.335663913811652392, -0.8990157391204322002 ) ) ;
#8773 = VERTEX_POINT ( 'NONE', #8308 ) ;
#8774 = VECTOR ( 'NONE', #4641, 1000.000000000000000 ) ;
#8775 = AXIS2_PLACEMENT_3D ( 'NONE', #5963, #2686, #8263 ) ;
#8776 = CARTESIAN_POINT ( 'NONE',  ( 2.224999999999674571, 3.021990892406452467, -2.007769019922569953 ) ) ;
#8777 = LINE ( 'NONE', #4740, #7640 ) ;
#8778 = CARTESIAN_POINT ( 'NONE',  ( 2.224999999999643485, 3.248445554339142838, -2.200000000000825739 ) ) ;
#8779 = CARTESIAN_POINT ( 'NONE',  ( 3.125000000000000000, 3.399999999999999911, 1.433745095893967036 ) ) ;
#8780 = ORIENTED_EDGE ( 'NONE', *, *, #2211, .T. ) ;
#8781 = AXIS2_PLACEMENT_3D ( 'NONE', #1578, #7102, #242 ) ;
#8782 = CARTESIAN_POINT ( 'NONE',  ( 3.965140506008887566, 1.022028547950972532, -1.267052698056264637 ) ) ;
#8783 = CARTESIAN_POINT ( 'NONE',  ( 3.214037826785892893, 2.312310562561766591, 0.8000000000000000444 ) ) ;
#8784 = ORIENTED_EDGE ( 'NONE', *, *, #5263, .F. ) ;
#8785 = EDGE_CURVE ( 'NONE', #6711, #648, #784, .T. ) ;
#8786 = ORIENTED_EDGE ( 'NONE', *, *, #8637, .T. ) ;
#8787 = ORIENTED_EDGE ( 'NONE', *, *, #8993, .F. ) ;
#8788 = DIRECTION ( 'NONE',  ( 0.000000000000000000, 0.000000000000000000, 1.000000000000000000 ) ) ;
#8789 = DIRECTION ( 'NONE',  ( -1.000000000000000000, -0.000000000000000000, -0.000000000000000000 ) ) ;
#8790 = FACE_OUTER_BOUND ( 'NONE', #5222, .T. ) ;
#8791 = AXIS2_PLACEMENT_3D ( 'NONE', #2691, #4831, #4879 ) ;
#8792 = DIRECTION ( 'NONE',  ( 0.000000000000000000, -0.000000000000000000, -1.000000000000000000 ) ) ;
#8793 = EDGE_CURVE ( 'NONE', #7522, #6428, #5839, .T. ) ;
#8794 = DIRECTION ( 'NONE',  ( 0.000000000000000000, 0.000000000000000000, 1.000000000000000000 ) ) ;
#8795 = EDGE_CURVE ( 'NONE', #1623, #5998, #2645, .T. ) ;
#8796 = ORIENTED_EDGE ( 'NONE', *, *, #419, .F. ) ;
#8797 = TOROIDAL_SURFACE ( 'NONE', #4847, 0.1999999999999999001, 0.1499999999999999944 ) ;
#8798 = CARTESIAN_POINT ( 'NONE',  ( 3.750616035036991036, 2.027669729060689541, -1.445885627488018521 ) ) ;
#8799 = ORIENTED_EDGE ( 'NONE', *, *, #6911, .T. ) ;
#8800 = ORIENTED_EDGE ( 'NONE', *, *, #2185, .T. ) ;
#8801 = CARTESIAN_POINT ( 'NONE',  ( 3.275000000000000355, 2.455048207272839011, 0.8318181818181231701 ) ) ;
#8802 = CARTESIAN_POINT ( 'NONE',  ( -2.782882867355576106, 3.376287219226751457, 1.351274929583733631 ) ) ;
#8803 = DIRECTION ( 'NONE',  ( 1.000000000000000000, -0.000000000000000000, -0.000000000000000000 ) ) ;
#8804 = DIRECTION ( 'NONE',  ( 0.000000000000000000, 0.000000000000000000, 1.000000000000000000 ) ) ;
#8805 = VECTOR ( 'NONE', #4156, 1000.000000000000000 ) ;
#8806 = CARTESIAN_POINT ( 'NONE',  ( 1.925000000000000044, 0.2500000000000000000, -0.9000000000000002442 ) ) ;
#8807 = EDGE_CURVE ( 'NONE', #367, #5112, #7671, .T. ) ;
#8808 = ORIENTED_EDGE ( 'NONE', *, *, #5652, .T. ) ;
#8809 =( NAMED_UNIT ( * ) SI_UNIT ( $, .STERADIAN. ) SOLID_ANGLE_UNIT ( ) );
#8810 = ORIENTED_EDGE ( 'NONE', *, *, #786, .F. ) ;
#8811 = CARTESIAN_POINT ( 'NONE',  ( -1.619595037822595174, 0.1249999999999998890, -0.7499999999999995559 ) ) ;
#8812 = VECTOR ( 'NONE', #4017, 1000.000000000000000 ) ;
#8813 = DIRECTION ( 'NONE',  ( 0.000000000000000000, -1.000000000000000000, 0.000000000000000000 ) ) ;
#8814 = VERTEX_POINT ( 'NONE', #4916 ) ;
#8815 = EDGE_CURVE ( 'NONE', #6218, #3275, #6540, .T. ) ;
#8816 = AXIS2_PLACEMENT_3D ( 'NONE', #5597, #5043, #8397 ) ;
#8817 = CARTESIAN_POINT ( 'NONE',  ( -2.875000000000000000, 1.899999999999999911, 0.000000000000000000 ) ) ;
#8818 = DIRECTION ( 'NONE',  ( -1.532051254914897259E-13, 0.3237035207080047328, -0.9461585652950791347 ) ) ;
#8819 = CIRCLE ( 'NONE', #8380, 0.2500000000000000000 ) ;
#8820 = LINE ( 'NONE', #523, #612 ) ;
#8821 = AXIS2_PLACEMENT_3D ( 'NONE', #2974, #5756, #2069 ) ;
#8822 = ORIENTED_EDGE ( 'NONE', *, *, #7331, .T. ) ;
#8823 = VERTEX_POINT ( 'NONE', #3765 ) ;
#8824 = DIRECTION ( 'NONE',  ( -1.807003620808556116E-16, -8.336839367531105629E-33, 1.000000000000000000 ) ) ;
#8825 = DIRECTION ( 'NONE',  ( 0.000000000000000000, 0.000000000000000000, -1.000000000000000000 ) ) ;
#8826 = CARTESIAN_POINT ( 'NONE',  ( 3.739370139709939256, 2.028280675789593701, -1.451552697008590354 ) ) ;
#8827 = CARTESIAN_POINT ( 'NONE',  ( 3.275000000000000355, 1.070000000000038476, 1.277499999999935465 ) ) ;
#8828 = CIRCLE ( 'NONE', #3414, 2.075000000000000178 ) ;
#8829 = VERTEX_POINT ( 'NONE', #285 ) ;
#8830 = CARTESIAN_POINT ( 'NONE',  ( -2.875000000000282885, 0.2130333909769783762, -1.748039948067950045 ) ) ;
#8831 = CARTESIAN_POINT ( 'NONE',  ( 3.971903135266040330, 1.054054760152391301, -1.223922426933287122 ) ) ;
#8832 = VECTOR ( 'NONE', #2109, 1000.000000000000000 ) ;
#8833 = ORIENTED_EDGE ( 'NONE', *, *, #6159, .T. ) ;
#8834 = ORIENTED_EDGE ( 'NONE', *, *, #1844, .T. ) ;
#8835 = AXIS2_PLACEMENT_3D ( 'NONE', #8628, #8676, #7813 ) ;
#8836 = LINE ( 'NONE', #5485, #3468 ) ;
#8837 = EDGE_CURVE ( 'NONE', #5788, #3539, #3365, .T. ) ;
#8838 = FACE_OUTER_BOUND ( 'NONE', #7011, .T. ) ;
#8839 = CARTESIAN_POINT ( 'NONE',  ( 1.525000000000000355, 0.1800000000000000766, -0.9000000000000423217 ) ) ;
#8840 = LINE ( 'NONE', #1926, #5815 ) ;
#8841 = DIRECTION ( 'NONE',  ( 5.245368790571169548E-14, -0.9461585652950790237, 0.3237035207080049548 ) ) ;
#8842 = ORIENTED_EDGE ( 'NONE', *, *, #7988, .T. ) ;
#8843 = ORIENTED_EDGE ( 'NONE', *, *, #5482, .T. ) ;
#8844 = DIRECTION ( 'NONE',  ( 0.000000000000000000, 0.000000000000000000, 1.000000000000000000 ) ) ;
#8845 = EDGE_LOOP ( 'NONE', ( #4216, #4771, #4791, #8119 ) ) ;
#8846 = CARTESIAN_POINT ( 'NONE',  ( 3.675000000000000266, 1.899999999999999689, 2.075000000000000178 ) ) ;
#8847 = CARTESIAN_POINT ( 'NONE',  ( -2.729894411392600251, 3.400000000000000355, 1.360376786041279207 ) ) ;
#8848 = EDGE_CURVE ( 'NONE', #3542, #8501, #906, .T. ) ;
#8849 = CARTESIAN_POINT ( 'NONE',  ( 1.024999999999999911, 4.728966922543158228E-17, 0.9000000000000424327 ) ) ;
#8850 = DIRECTION ( 'NONE',  ( 0.000000000000000000, 0.000000000000000000, -1.000000000000000000 ) ) ;
#8851 = ORIENTED_EDGE ( 'NONE', *, *, #7182, .T. ) ;
#8852 = APPLICATION_PROTOCOL_DEFINITION ( 'draft international standard', 'automotive_design', 1998, #7281 ) ;
#8853 = ORIENTED_EDGE ( 'NONE', *, *, #2792, .F. ) ;
#8854 = ORIENTED_EDGE ( 'NONE', *, *, #4228, .F. ) ;
#8855 = CARTESIAN_POINT ( 'NONE',  ( 3.275000000000000355, 2.670000000000056328, -1.147499999999933795 ) ) ;
#8856 = DIRECTION ( 'NONE',  ( 1.000000000000000000, -0.000000000000000000, -0.000000000000000000 ) ) ;
#8857 = CIRCLE ( 'NONE', #6069, 1.300000000000000044 ) ;
#8858 = EDGE_CURVE ( 'NONE', #2788, #3044, #4442, .T. ) ;
#8859 = ADVANCED_FACE ( 'NONE', ( #3678 ), #2262, .T. ) ;
#8860 = ORIENTED_EDGE ( 'NONE', *, *, #6594, .F. ) ;
#8861 = CARTESIAN_POINT ( 'NONE',  ( 2.669999999999988827, 3.199999999999999734, 0.8000000000000000444 ) ) ;
#8862 = CARTESIAN_POINT ( 'NONE',  ( 3.746788935686913735, 1.981957975374244896, 1.006276183449501538 ) ) ;
#8863 = DIRECTION ( 'NONE',  ( -1.000000000000000000, 0.000000000000000000, 0.000000000000000000 ) ) ;
#8864 = ORIENTED_EDGE ( 'NONE', *, *, #4478, .T. ) ;
#8865 = ORIENTED_EDGE ( 'NONE', *, *, #8935, .T. ) ;
#8866 = CARTESIAN_POINT ( 'NONE',  ( 3.277663711335768060, 1.743824191254975231, 1.679545526866350169 ) ) ;
#8867 = DIRECTION ( 'NONE',  ( 0.000000000000000000, 0.000000000000000000, -1.000000000000000000 ) ) ;
#8868 = CARTESIAN_POINT ( 'NONE',  ( 3.772916391609243192, 0.8810330121718139562, -1.438836915049394705 ) ) ;
#8869 = CARTESIAN_POINT ( 'NONE',  ( 3.974999999999999201, 1.604518058508086487, -1.255324857972438091 ) ) ;
#8870 = VERTEX_POINT ( 'NONE', #5730 ) ;
#8871 = EDGE_CURVE ( 'NONE', #4514, #1687, #7015, .T. ) ;
#8872 = CARTESIAN_POINT ( 'NONE',  ( 3.956146413604310741, 0.9547801448712261996, -1.264846529534311204 ) ) ;
#8873 = CARTESIAN_POINT ( 'NONE',  ( 3.947020533730019043, 0.9337209659615973711, -1.233825257796934638 ) ) ;
#8874 = VERTEX_POINT ( 'NONE', #327 ) ;
#8875 = VERTEX_POINT ( 'NONE', #2302 ) ;
#8876 = CARTESIAN_POINT ( 'NONE',  ( -7.875000000000000000, 1.764989227386809967, 0.8898157625477363109 ) ) ;
#8877 = DIRECTION ( 'NONE',  ( 0.000000000000000000, 0.000000000000000000, -1.000000000000000000 ) ) ;
#8878 = AXIS2_PLACEMENT_3D ( 'NONE', #5351, #1251, #4569 ) ;
#8879 = VECTOR ( 'NONE', #639, 1000.000000000000000 ) ;
#8880 = CARTESIAN_POINT ( 'NONE',  ( 3.739370139709939256, 0.8717193242104069872, -1.451552697008589687 ) ) ;
#8881 = EDGE_CURVE ( 'NONE', #716, #1904, #2401, .T. ) ;
#8882 = FACE_OUTER_BOUND ( 'NONE', #8029, .T. ) ;
#8883 = ORIENTED_EDGE ( 'NONE', *, *, #6786, .T. ) ;
#8884 = ORIENTED_EDGE ( 'NONE', *, *, #2264, .F. ) ;
#8885 = CARTESIAN_POINT ( 'NONE',  ( 3.746788935686913735, 1.818042024625756703, -1.006276183449501538 ) ) ;
#8886 = ORIENTED_EDGE ( 'NONE', *, *, #8858, .F. ) ;
#8887 = DIRECTION ( 'NONE',  ( 0.000000000000000000, 0.000000000000000000, -1.000000000000000000 ) ) ;
#8888 = DIRECTION ( 'NONE',  ( -1.000000000000000000, -0.000000000000000000, 0.000000000000000000 ) ) ;
#8889 = DIRECTION ( 'NONE',  ( 0.000000000000000000, -1.000000000000000000, -7.228014483236700746E-17 ) ) ;
#8890 = CARTESIAN_POINT ( 'NONE',  ( 3.675000000000000266, 0.1749999999999999889, -2.075000000000000178 ) ) ;
#8891 = ORIENTED_EDGE ( 'NONE', *, *, #8516, .F. ) ;
#8892 = DIRECTION ( 'NONE',  ( 0.000000000000000000, 0.000000000000000000, -1.000000000000000000 ) ) ;
#8893 = EDGE_CURVE ( 'NONE', #2040, #1201, #1336, .T. ) ;
#8894 = ORIENTED_EDGE ( 'NONE', *, *, #3537, .F. ) ;
#8895 = DIRECTION ( 'NONE',  ( 4.613626265895765162E-17, -1.000000000000000000, 0.000000000000000000 ) ) ;
#8896 = DIRECTION ( 'NONE',  ( 0.000000000000000000, 0.000000000000000000, -1.000000000000000000 ) ) ;
#8897 = VERTEX_POINT ( 'NONE', #6451 ) ;
#8898 = VECTOR ( 'NONE', #4979, 1000.000000000000000 ) ;
#8899 = CARTESIAN_POINT ( 'NONE',  ( 3.275000000000000355, 0.4516044443118980012, -1.164278760968653792 ) ) ;
#8900 = LINE ( 'NONE', #2642, #6563 ) ;
#8901 = DIRECTION ( 'NONE',  ( 7.806255641895611730E-14, -0.8660254037844411501, 0.4999999999999957256 ) ) ;
#8902 = ADVANCED_FACE ( 'NONE', ( #1767 ), #6590, .T. ) ;
#8903 = VERTEX_POINT ( 'NONE', #2350 ) ;
#8904 = DIRECTION ( 'NONE',  ( -1.000000000000000000, -4.613626265895764546E-17, -1.807003620808556116E-16 ) ) ;
#8905 = CARTESIAN_POINT ( 'NONE',  ( 3.719964362133801217, 1.638929337359751104, 1.387635900700573410 ) ) ;
#8906 = VECTOR ( 'NONE', #6743, 1000.000000000000000 ) ;
#8907 = CARTESIAN_POINT ( 'NONE',  ( -2.874999999999999556, 0.1799999999999998823, 1.300000000000425482 ) ) ;
#8908 =( LENGTH_UNIT ( ) NAMED_UNIT ( * ) SI_UNIT ( .MILLI., .METRE. ) );
#8909 = ORIENTED_EDGE ( 'NONE', *, *, #4120, .T. ) ;
#8910 = AXIS2_PLACEMENT_3D ( 'NONE', #6340, #4324, #2873 ) ;
#8911 = CARTESIAN_POINT ( 'NONE',  ( 3.277663711335769836, 2.349999999999999201, 1.817607913701525968 ) ) ;
#8912 = DIRECTION ( 'NONE',  ( 1.000000000000000000, 0.000000000000000000, 0.000000000000000000 ) ) ;
#8913 = PRESENTATION_LAYER_ASSIGNMENT (  '', '', ( #3795 ) ) ;
#8914 = EDGE_LOOP ( 'NONE', ( #3655, #3348, #2813, #7476 ) ) ;
#8915 = AXIS2_PLACEMENT_3D ( 'NONE', #4611, #8912, #3978 ) ;
#8916 = ORIENTED_EDGE ( 'NONE', *, *, #6022, .T. ) ;
#8917 = EDGE_CURVE ( 'NONE', #2670, #6262, #7603, .T. ) ;
#8918 = ORIENTED_EDGE ( 'NONE', *, *, #626, .F. ) ;
#8919 = DIRECTION ( 'NONE',  ( 1.000000000000000000, -0.000000000000000000, -0.000000000000000000 ) ) ;
#8920 = CARTESIAN_POINT ( 'NONE',  ( 2.924999999999999822, 0.2500000000000000000, 1.173935688187389248 ) ) ;
#8921 = AXIS2_PLACEMENT_3D ( 'NONE', #5511, #4274, #8484 ) ;
#8922 = CARTESIAN_POINT ( 'NONE',  ( -5.585000000000000853, 1.899999999999999911, 0.1999999999999999001 ) ) ;
#8923 = VERTEX_POINT ( 'NONE', #3083 ) ;
#8924 = DIRECTION ( 'NONE',  ( -1.000000000000000000, -4.613626265895765162E-17, 1.619075244254214076E-13 ) ) ;
#8925 = DIRECTION ( 'NONE',  ( -1.000000000000000000, -4.613626265895764546E-17, 1.619075244254214328E-13 ) ) ;
#8926 = ORIENTED_EDGE ( 'NONE', *, *, #4943, .T. ) ;
#8927 = VERTEX_POINT ( 'NONE', #4543 ) ;
#8928 = AXIS2_PLACEMENT_3D ( 'NONE', #6356, #7871, #5717 ) ;
#8929 = EDGE_CURVE ( 'NONE', #876, #2212, #5083, .T. ) ;
#8930 = CARTESIAN_POINT ( 'NONE',  ( 3.739370139709939256, 2.028280675789593257, -1.451552697008590576 ) ) ;
#8931 = ORIENTED_EDGE ( 'NONE', *, *, #775, .F. ) ;
#8932 = DIRECTION ( 'NONE',  ( 5.219536637890756552E-14, 0.9461585652950790237, 0.3237035207080046773 ) ) ;
#8933 = CARTESIAN_POINT ( 'NONE',  ( 2.225000000000000089, 1.899999999999999689, 1.133352670977950989E-13 ) ) ;
#8934 = VECTOR ( 'NONE', #2170, 1000.000000000000000 ) ;
#8935 = EDGE_CURVE ( 'NONE', #8875, #3866, #7846, .T. ) ;
#8936 = DIRECTION ( 'NONE',  ( 4.613626265895765162E-17, -1.000000000000000000, 0.000000000000000000 ) ) ;
#8937 = DIRECTION ( 'NONE',  ( -3.497426362856462163E-15, -1.000000000000000000, 8.743565907141156639E-17 ) ) ;
#8938 = AXIS2_PLACEMENT_3D ( 'NONE', #4006, #3915, #472 ) ;
#8939 = EDGE_LOOP ( 'NONE', ( #8540, #3280, #8980, #2133 ) ) ;
#8940 = CARTESIAN_POINT ( 'NONE',  ( 3.974997746167169055, 1.283285499247318828, -1.254263297168826119 ) ) ;
#8941 = EDGE_CURVE ( 'NONE', #5957, #6017, #6562, .T. ) ;
#8942 = FACE_OUTER_BOUND ( 'NONE', #1882, .T. ) ;
#8943 = VERTEX_POINT ( 'NONE', #993 ) ;
#8944 = CARTESIAN_POINT ( 'NONE',  ( 2.225000000000337153, 1.187852254442085975, 2.081548843648299396 ) ) ;
#8945 = CARTESIAN_POINT ( 'NONE',  ( 3.024999999999999911, 0.2499999999999999445, -1.200000000000000178 ) ) ;
#8946 = CARTESIAN_POINT ( 'NONE',  ( 3.125000000000000000, 2.162249880839104854, 0.9649999999999354650 ) ) ;
#8947 = ORIENTED_EDGE ( 'NONE', *, *, #5320, .T. ) ;
#8948 = VECTOR ( 'NONE', #3670, 1000.000000000000000 ) ;
#8949 = LINE ( 'NONE', #4057, #8934 ) ;
#8950 = DIRECTION ( 'NONE',  ( 1.000000000000000000, 0.000000000000000000, 0.000000000000000000 ) ) ;
#8951 = DIRECTION ( 'NONE',  ( 0.000000000000000000, 0.000000000000000000, 1.000000000000000000 ) ) ;
#8952 = EDGE_CURVE ( 'NONE', #2488, #8421, #2638, .T. ) ;
#8953 = DIRECTION ( 'NONE',  ( -1.000000000000000000, -0.000000000000000000, -0.000000000000000000 ) ) ;
#8954 = ADVANCED_FACE ( 'NONE', ( #8720 ), #2449, .T. ) ;
#8955 = EDGE_CURVE ( 'NONE', #1687, #6383, #1089, .T. ) ;
#8956 = ORIENTED_EDGE ( 'NONE', *, *, #3891, .T. ) ;
#8957 = DIRECTION ( 'NONE',  ( 1.000000000000000000, 0.000000000000000000, 0.000000000000000000 ) ) ;
#8958 = VECTOR ( 'NONE', #2428, 1000.000000000000000 ) ;
#8959 = CARTESIAN_POINT ( 'NONE',  ( 2.424999999999999822, 2.200000000000000178, -1.824999999999999734 ) ) ;
#8960 = ORIENTED_EDGE ( 'NONE', *, *, #8683, .F. ) ;
#8961 = VECTOR ( 'NONE', #5489, 1000.000000000000000 ) ;
#8962 = ORIENTED_EDGE ( 'NONE', *, *, #5507, .F. ) ;
#8963 = CARTESIAN_POINT ( 'NONE',  ( 3.275000000000000355, 2.850951325477062870, 0.9649999999999355760 ) ) ;
#8964 = CIRCLE ( 'NONE', #6611, 0.2750000000000002998 ) ;
#8965 = AXIS2_PLACEMENT_3D ( 'NONE', #7129, #7790, #885 ) ;
#8966 = CARTESIAN_POINT ( 'NONE',  ( 3.425000000000000266, 2.670000000000056328, -1.372499999999934994 ) ) ;
#8967 = CARTESIAN_POINT ( 'NONE',  ( 3.275000000000000355, 2.977084367849367919, 1.669545873791088653 ) ) ;
#8968 = EDGE_CURVE ( 'NONE', #2040, #2470, #4592, .T. ) ;
#8969 = EDGE_CURVE ( 'NONE', #4482, #3472, #1227, .T. ) ;
#8970 = ORIENTED_EDGE ( 'NONE', *, *, #1282, .F. ) ;
#8971 = AXIS2_PLACEMENT_3D ( 'NONE', #5863, #8666, #3864 ) ;
#8972 = DIRECTION ( 'NONE',  ( 1.618418152019836092E-13, 0.000000000000000000, 1.000000000000000000 ) ) ;
#8973 = DIRECTION ( 'NONE',  ( 0.000000000000000000, -1.734723475976807094E-15, -1.000000000000000000 ) ) ;
#8974 = VECTOR ( 'NONE', #797, 1000.000000000000114 ) ;
#8975 = CARTESIAN_POINT ( 'NONE',  ( 3.125257593149248780, 1.466452666645345460, 0.8898025973573313596 ) ) ;
#8976 = ORIENTED_EDGE ( 'NONE', *, *, #5930, .T. ) ;
#8977 = ORIENTED_EDGE ( 'NONE', *, *, #7222, .T. ) ;
#8978 = VERTEX_POINT ( 'NONE', #6139 ) ;
#8979 = CARTESIAN_POINT ( 'NONE',  ( 3.734183172238216386, 2.153311346906290336, -1.243949153199903179 ) ) ;
#8980 = ORIENTED_EDGE ( 'NONE', *, *, #8272, .T. ) ;
#8981 = LINE ( 'NONE', #5498, #5147 ) ;
#8982 = CARTESIAN_POINT ( 'NONE',  ( 3.667261826174069039, 1.908672803329420020, -1.240916967422945882 ) ) ;
#8983 = AXIS2_PLACEMENT_3D ( 'NONE', #1818, #4598, #6011 ) ;
#8984 = CARTESIAN_POINT ( 'NONE',  ( -2.875000000000279332, 3.021990892406452023, -1.727769019921744142 ) ) ;
#8985 = EDGE_CURVE ( 'NONE', #265, #2702, #482, .T. ) ;
#8986 = DIRECTION ( 'NONE',  ( 0.9961946980917455452, 0.08715574274765836016, 0.000000000000000000 ) ) ;
#8987 = ORIENTED_EDGE ( 'NONE', *, *, #7070, .F. ) ;
#8988 = LINE ( 'NONE', #3497, #4396 ) ;
#8989 = CARTESIAN_POINT ( 'NONE',  ( 2.224999999999643485, 3.248445554339142838, -2.200000000000825739 ) ) ;
#8990 = VERTEX_POINT ( 'NONE', #8164 ) ;
#8991 = CARTESIAN_POINT ( 'NONE',  ( 3.275000000000000355, 2.162249880839104854, -0.9649999999999353539 ) ) ;
#8992 = CARTESIAN_POINT ( 'NONE',  ( -3.875000000000000000, 2.164841554041476712, 1.628606444556866428 ) ) ;
#8993 = EDGE_CURVE ( 'NONE', #6342, #5388, #6734, .T. ) ;
#8994 = ORIENTED_EDGE ( 'NONE', *, *, #4770, .F. ) ;
#8995 = ORIENTED_EDGE ( 'NONE', *, *, #5578, .T. ) ;
#8996 = CARTESIAN_POINT ( 'NONE',  ( 1.524999999999973710, 0.9499999999999704237, -2.000173887067221656 ) ) ;
#8997 =( BOUNDED_SURFACE ( )  B_SPLINE_SURFACE ( 3, 2, ( 
 ( #7835, #3667, #231 ),
 ( #1568, #6276, #7799 ),
 ( #6962, #6319, #5673 ),
 ( #8478, #2074, #7662 ) ),
 .UNSPECIFIED., .F., .F., .T. ) 
 B_SPLINE_SURFACE_WITH_KNOTS ( ( 4, 4 ),
 ( 3, 3 ),
 ( -2.188733135705112076E-18, 3.704708399398515397E-05 ),
 ( 0.000000000000000000, 1.000000000000000000 ),
 .UNSPECIFIED. ) 
 GEOMETRIC_REPRESENTATION_ITEM ( )  RATIONAL_B_SPLINE_SURFACE ( (
 ( 1.000000000000000000, 0.8883828308395773643, 1.000000000000000000),
 ( 1.000000000000000000, 0.8822439801183860064, 1.000000000000000000),
 ( 1.000000000000000000, 0.8725388237179915185, 1.000000000000000000),
 ( 1.000000000000000000, 0.8595424877200069647, 1.000000000000000000) ) ) 
 REPRESENTATION_ITEM ( '' )  SURFACE ( )  );
#8998 = DIRECTION ( 'NONE',  ( 0.000000000000000000, 0.000000000000000000, 1.000000000000000000 ) ) ;
#8999 = LINE ( 'NONE', #4239, #539 ) ;
#9000 = FACE_OUTER_BOUND ( 'NONE', #7254, .T. ) ;
#9001 = DIRECTION ( 'NONE',  ( 1.000000000000000000, 4.613626265895768243E-17, 0.000000000000000000 ) ) ;
#9002 = DIRECTION ( 'NONE',  ( 1.000000000000000000, 0.000000000000000000, 0.000000000000000000 ) ) ;
#9003 = AXIS2_PLACEMENT_3D ( 'NONE', #8109, #1839, #4616 ) ;
#9004 = EDGE_CURVE ( 'NONE', #412, #6425, #7747, .T. ) ;
#9005 = VERTEX_POINT ( 'NONE', #4003 ) ;
#9006 = ORIENTED_EDGE ( 'NONE', *, *, #7388, .F. ) ;
#9007 = DIRECTION ( 'NONE',  ( -1.000000000000000000, -0.000000000000000000, -0.000000000000000000 ) ) ;
#9008 = DIRECTION ( 'NONE',  ( -1.000000000000000000, -0.000000000000000000, -0.000000000000000000 ) ) ;
#9009 = CARTESIAN_POINT ( 'NONE',  ( 1.824999999999999734, 0.1499999999999999389, -2.000000000000000000 ) ) ;
ENDSEC;
END-ISO-10303-21;
