ISO-10303-21;
HEADER;
/* Generated by software containing ST-Developer
 * from STEP Tools, Inc. (www.steptools.com) 
 */
/* OPTION: using custom renumber hook */

FILE_DESCRIPTION(
/* description */ ('STEP AP242',
'CAx-IF Rec.Pracs.---Representation and Presentation of Product Manufa
cturing Information (PMI)---4.0---2014-10-13',
'CAx-IF Rec.Pracs.---3D Tessellated Geometry---0.4---2014-09-14','2;1'),

/* implementation_level */ '2;1');

FILE_NAME(
/* name */ 'MTSW-102-07-L-S-240',
/* time_stamp */ '2026-07-03T14:49:24+02:00',
/* author */ ('License CC BY-ND 4.0'),
/* organization */ ('CADENAS'),
/* preprocessor_version */ 'ST-DEVELOPER v20',
/* originating_system */ 'PARTsolutions',
/* authorisation */ '  ');

FILE_SCHEMA (('AP242_MANAGED_MODEL_BASED_3D_ENGINEERING_MIM_LF { 1 0 10303 442 1 1 4 }'));
ENDSEC;

DATA;
#10=DRAUGHTING_PRE_DEFINED_COLOUR('yellow');
#11=CONTEXT_DEPENDENT_SHAPE_REPRESENTATION(#15,#2621);
#12=CONTEXT_DEPENDENT_SHAPE_REPRESENTATION(#16,#2623);
#13=NEXT_ASSEMBLY_USAGE_OCCURRENCE('NAUO1','MTSW-102-07-L-S-240_body',
'MTSW-102-07-L-S-240_body',#2624,#2625,'');
#14=NEXT_ASSEMBLY_USAGE_OCCURRENCE('NAUO2','MTSW-102-07-S-240',
'MTSW-102-07-S-240',#2624,#2626,'');
#15=(
REPRESENTATION_RELATIONSHIP(' ',' ',#1660,#1659)
REPRESENTATION_RELATIONSHIP_WITH_TRANSFORMATION(#17)
SHAPE_REPRESENTATION_RELATIONSHIP()
);
#16=(
REPRESENTATION_RELATIONSHIP(' ',' ',#1661,#1659)
REPRESENTATION_RELATIONSHIP_WITH_TRANSFORMATION(#18)
SHAPE_REPRESENTATION_RELATIONSHIP()
);
#17=ITEM_DEFINED_TRANSFORMATION(' ',' ',#1662,#1723);
#18=ITEM_DEFINED_TRANSFORMATION(' ',' ',#1662,#1750);
#19=SHAPE_REPRESENTATION_RELATIONSHIP('','',#1660,#21);
#20=SHAPE_REPRESENTATION_RELATIONSHIP('','',#1661,#22);
#21=ADVANCED_BREP_SHAPE_REPRESENTATION('',(#1654),#2608);
#22=ADVANCED_BREP_SHAPE_REPRESENTATION('',(#1655),#2609);
#23=ORIENTED_EDGE('',*,*,#467,.F.);
#24=ORIENTED_EDGE('',*,*,#468,.T.);
#25=ORIENTED_EDGE('',*,*,#469,.T.);
#26=ORIENTED_EDGE('',*,*,#470,.T.);
#27=ORIENTED_EDGE('',*,*,#471,.T.);
#28=ORIENTED_EDGE('',*,*,#472,.T.);
#29=ORIENTED_EDGE('',*,*,#473,.T.);
#30=ORIENTED_EDGE('',*,*,#474,.T.);
#31=ORIENTED_EDGE('',*,*,#475,.F.);
#32=ORIENTED_EDGE('',*,*,#476,.T.);
#33=ORIENTED_EDGE('',*,*,#477,.T.);
#34=ORIENTED_EDGE('',*,*,#470,.F.);
#35=ORIENTED_EDGE('',*,*,#478,.T.);
#36=ORIENTED_EDGE('',*,*,#479,.T.);
#37=ORIENTED_EDGE('',*,*,#480,.T.);
#38=ORIENTED_EDGE('',*,*,#481,.T.);
#39=ORIENTED_EDGE('',*,*,#482,.T.);
#40=ORIENTED_EDGE('',*,*,#483,.T.);
#41=ORIENTED_EDGE('',*,*,#484,.T.);
#42=ORIENTED_EDGE('',*,*,#485,.F.);
#43=ORIENTED_EDGE('',*,*,#486,.F.);
#44=ORIENTED_EDGE('',*,*,#487,.T.);
#45=ORIENTED_EDGE('',*,*,#488,.T.);
#46=ORIENTED_EDGE('',*,*,#485,.T.);
#47=ORIENTED_EDGE('',*,*,#489,.T.);
#48=ORIENTED_EDGE('',*,*,#490,.T.);
#49=ORIENTED_EDGE('',*,*,#491,.F.);
#50=ORIENTED_EDGE('',*,*,#492,.T.);
#51=ORIENTED_EDGE('',*,*,#493,.F.);
#52=ORIENTED_EDGE('',*,*,#494,.F.);
#53=ORIENTED_EDGE('',*,*,#495,.T.);
#54=ORIENTED_EDGE('',*,*,#496,.F.);
#55=ORIENTED_EDGE('',*,*,#497,.F.);
#56=ORIENTED_EDGE('',*,*,#498,.T.);
#57=ORIENTED_EDGE('',*,*,#499,.F.);
#58=ORIENTED_EDGE('',*,*,#500,.F.);
#59=ORIENTED_EDGE('',*,*,#501,.F.);
#60=ORIENTED_EDGE('',*,*,#502,.T.);
#61=ORIENTED_EDGE('',*,*,#503,.F.);
#62=ORIENTED_EDGE('',*,*,#504,.T.);
#63=ORIENTED_EDGE('',*,*,#505,.F.);
#64=ORIENTED_EDGE('',*,*,#506,.T.);
#65=ORIENTED_EDGE('',*,*,#507,.F.);
#66=ORIENTED_EDGE('',*,*,#508,.F.);
#67=ORIENTED_EDGE('',*,*,#509,.F.);
#68=ORIENTED_EDGE('',*,*,#510,.T.);
#69=ORIENTED_EDGE('',*,*,#511,.F.);
#70=ORIENTED_EDGE('',*,*,#512,.F.);
#71=ORIENTED_EDGE('',*,*,#513,.F.);
#72=ORIENTED_EDGE('',*,*,#514,.F.);
#73=ORIENTED_EDGE('',*,*,#515,.T.);
#74=ORIENTED_EDGE('',*,*,#516,.F.);
#75=ORIENTED_EDGE('',*,*,#517,.T.);
#76=ORIENTED_EDGE('',*,*,#518,.F.);
#77=ORIENTED_EDGE('',*,*,#519,.F.);
#78=ORIENTED_EDGE('',*,*,#520,.F.);
#79=ORIENTED_EDGE('',*,*,#521,.T.);
#80=ORIENTED_EDGE('',*,*,#522,.F.);
#81=ORIENTED_EDGE('',*,*,#523,.F.);
#82=ORIENTED_EDGE('',*,*,#524,.F.);
#83=ORIENTED_EDGE('',*,*,#525,.F.);
#84=ORIENTED_EDGE('',*,*,#526,.F.);
#85=ORIENTED_EDGE('',*,*,#527,.F.);
#86=ORIENTED_EDGE('',*,*,#528,.T.);
#87=ORIENTED_EDGE('',*,*,#529,.F.);
#88=ORIENTED_EDGE('',*,*,#530,.F.);
#89=ORIENTED_EDGE('',*,*,#531,.T.);
#90=ORIENTED_EDGE('',*,*,#532,.F.);
#91=ORIENTED_EDGE('',*,*,#533,.F.);
#92=ORIENTED_EDGE('',*,*,#534,.F.);
#93=ORIENTED_EDGE('',*,*,#535,.T.);
#94=ORIENTED_EDGE('',*,*,#536,.F.);
#95=ORIENTED_EDGE('',*,*,#537,.F.);
#96=ORIENTED_EDGE('',*,*,#538,.F.);
#97=ORIENTED_EDGE('',*,*,#510,.F.);
#98=ORIENTED_EDGE('',*,*,#539,.T.);
#99=ORIENTED_EDGE('',*,*,#540,.F.);
#100=ORIENTED_EDGE('',*,*,#541,.T.);
#101=ORIENTED_EDGE('',*,*,#531,.F.);
#102=ORIENTED_EDGE('',*,*,#542,.F.);
#103=ORIENTED_EDGE('',*,*,#543,.F.);
#104=ORIENTED_EDGE('',*,*,#544,.F.);
#105=ORIENTED_EDGE('',*,*,#506,.F.);
#106=ORIENTED_EDGE('',*,*,#545,.F.);
#107=ORIENTED_EDGE('',*,*,#546,.F.);
#108=ORIENTED_EDGE('',*,*,#547,.F.);
#109=ORIENTED_EDGE('',*,*,#535,.F.);
#110=ORIENTED_EDGE('',*,*,#548,.F.);
#111=ORIENTED_EDGE('',*,*,#549,.F.);
#112=ORIENTED_EDGE('',*,*,#550,.F.);
#113=ORIENTED_EDGE('',*,*,#498,.F.);
#114=ORIENTED_EDGE('',*,*,#551,.F.);
#115=ORIENTED_EDGE('',*,*,#552,.F.);
#116=ORIENTED_EDGE('',*,*,#553,.F.);
#117=ORIENTED_EDGE('',*,*,#521,.F.);
#118=ORIENTED_EDGE('',*,*,#554,.F.);
#119=ORIENTED_EDGE('',*,*,#555,.F.);
#120=ORIENTED_EDGE('',*,*,#556,.F.);
#121=ORIENTED_EDGE('',*,*,#502,.F.);
#122=ORIENTED_EDGE('',*,*,#557,.T.);
#123=ORIENTED_EDGE('',*,*,#558,.F.);
#124=ORIENTED_EDGE('',*,*,#559,.T.);
#125=ORIENTED_EDGE('',*,*,#517,.F.);
#126=ORIENTED_EDGE('',*,*,#560,.F.);
#127=ORIENTED_EDGE('',*,*,#556,.T.);
#128=ORIENTED_EDGE('',*,*,#561,.T.);
#129=ORIENTED_EDGE('',*,*,#480,.F.);
#130=ORIENTED_EDGE('',*,*,#503,.T.);
#131=ORIENTED_EDGE('',*,*,#482,.F.);
#132=ORIENTED_EDGE('',*,*,#562,.T.);
#133=ORIENTED_EDGE('',*,*,#560,.T.);
#134=ORIENTED_EDGE('',*,*,#516,.T.);
#135=ORIENTED_EDGE('',*,*,#486,.T.);
#136=ORIENTED_EDGE('',*,*,#563,.T.);
#137=ORIENTED_EDGE('',*,*,#545,.T.);
#138=ORIENTED_EDGE('',*,*,#505,.T.);
#139=ORIENTED_EDGE('',*,*,#547,.T.);
#140=ORIENTED_EDGE('',*,*,#564,.T.);
#141=ORIENTED_EDGE('',*,*,#491,.T.);
#142=ORIENTED_EDGE('',*,*,#536,.T.);
#143=ORIENTED_EDGE('',*,*,#565,.T.);
#144=ORIENTED_EDGE('',*,*,#566,.T.);
#145=ORIENTED_EDGE('',*,*,#551,.T.);
#146=ORIENTED_EDGE('',*,*,#497,.T.);
#147=ORIENTED_EDGE('',*,*,#553,.T.);
#148=ORIENTED_EDGE('',*,*,#567,.T.);
#149=ORIENTED_EDGE('',*,*,#568,.T.);
#150=ORIENTED_EDGE('',*,*,#522,.T.);
#151=ORIENTED_EDGE('',*,*,#538,.T.);
#152=ORIENTED_EDGE('',*,*,#569,.T.);
#153=ORIENTED_EDGE('',*,*,#570,.F.);
#154=ORIENTED_EDGE('',*,*,#511,.T.);
#155=ORIENTED_EDGE('',*,*,#571,.F.);
#156=ORIENTED_EDGE('',*,*,#572,.T.);
#157=ORIENTED_EDGE('',*,*,#542,.T.);
#158=ORIENTED_EDGE('',*,*,#530,.T.);
#159=ORIENTED_EDGE('',*,*,#573,.T.);
#160=ORIENTED_EDGE('',*,*,#574,.T.);
#161=ORIENTED_EDGE('',*,*,#557,.F.);
#162=ORIENTED_EDGE('',*,*,#501,.T.);
#163=ORIENTED_EDGE('',*,*,#559,.F.);
#164=ORIENTED_EDGE('',*,*,#575,.T.);
#165=ORIENTED_EDGE('',*,*,#576,.T.);
#166=ORIENTED_EDGE('',*,*,#518,.T.);
#167=ORIENTED_EDGE('',*,*,#550,.T.);
#168=ORIENTED_EDGE('',*,*,#577,.T.);
#169=ORIENTED_EDGE('',*,*,#578,.F.);
#170=ORIENTED_EDGE('',*,*,#499,.T.);
#171=ORIENTED_EDGE('',*,*,#579,.F.);
#172=ORIENTED_EDGE('',*,*,#580,.T.);
#173=ORIENTED_EDGE('',*,*,#554,.T.);
#174=ORIENTED_EDGE('',*,*,#520,.T.);
#175=ORIENTED_EDGE('',*,*,#581,.T.);
#176=ORIENTED_EDGE('',*,*,#582,.T.);
#177=ORIENTED_EDGE('',*,*,#539,.F.);
#178=ORIENTED_EDGE('',*,*,#509,.T.);
#179=ORIENTED_EDGE('',*,*,#541,.F.);
#180=ORIENTED_EDGE('',*,*,#583,.T.);
#181=ORIENTED_EDGE('',*,*,#584,.T.);
#182=ORIENTED_EDGE('',*,*,#532,.T.);
#183=ORIENTED_EDGE('',*,*,#544,.T.);
#184=ORIENTED_EDGE('',*,*,#585,.T.);
#185=ORIENTED_EDGE('',*,*,#586,.F.);
#186=ORIENTED_EDGE('',*,*,#507,.T.);
#187=ORIENTED_EDGE('',*,*,#587,.F.);
#188=ORIENTED_EDGE('',*,*,#588,.T.);
#189=ORIENTED_EDGE('',*,*,#548,.T.);
#190=ORIENTED_EDGE('',*,*,#534,.T.);
#191=ORIENTED_EDGE('',*,*,#589,.T.);
#192=ORIENTED_EDGE('',*,*,#590,.T.);
#193=ORIENTED_EDGE('',*,*,#591,.F.);
#194=ORIENTED_EDGE('',*,*,#592,.T.);
#195=ORIENTED_EDGE('',*,*,#591,.T.);
#196=ORIENTED_EDGE('',*,*,#593,.T.);
#197=ORIENTED_EDGE('',*,*,#594,.F.);
#198=ORIENTED_EDGE('',*,*,#595,.T.);
#199=ORIENTED_EDGE('',*,*,#594,.T.);
#200=ORIENTED_EDGE('',*,*,#596,.T.);
#201=ORIENTED_EDGE('',*,*,#597,.F.);
#202=ORIENTED_EDGE('',*,*,#598,.T.);
#203=ORIENTED_EDGE('',*,*,#599,.T.);
#204=ORIENTED_EDGE('',*,*,#600,.T.);
#205=ORIENTED_EDGE('',*,*,#601,.F.);
#206=ORIENTED_EDGE('',*,*,#602,.T.);
#207=ORIENTED_EDGE('',*,*,#601,.T.);
#208=ORIENTED_EDGE('',*,*,#603,.T.);
#209=ORIENTED_EDGE('',*,*,#604,.F.);
#210=ORIENTED_EDGE('',*,*,#605,.T.);
#211=ORIENTED_EDGE('',*,*,#604,.T.);
#212=ORIENTED_EDGE('',*,*,#606,.T.);
#213=ORIENTED_EDGE('',*,*,#607,.F.);
#214=ORIENTED_EDGE('',*,*,#608,.T.);
#215=ORIENTED_EDGE('',*,*,#597,.T.);
#216=ORIENTED_EDGE('',*,*,#609,.T.);
#217=ORIENTED_EDGE('',*,*,#589,.F.);
#218=ORIENTED_EDGE('',*,*,#610,.T.);
#219=ORIENTED_EDGE('',*,*,#607,.T.);
#220=ORIENTED_EDGE('',*,*,#611,.T.);
#221=ORIENTED_EDGE('',*,*,#599,.F.);
#222=ORIENTED_EDGE('',*,*,#612,.T.);
#223=ORIENTED_EDGE('',*,*,#613,.F.);
#224=ORIENTED_EDGE('',*,*,#528,.F.);
#225=ORIENTED_EDGE('',*,*,#614,.F.);
#226=ORIENTED_EDGE('',*,*,#513,.T.);
#227=ORIENTED_EDGE('',*,*,#615,.F.);
#228=ORIENTED_EDGE('',*,*,#495,.F.);
#229=ORIENTED_EDGE('',*,*,#616,.F.);
#230=ORIENTED_EDGE('',*,*,#524,.T.);
#231=ORIENTED_EDGE('',*,*,#602,.F.);
#232=ORIENTED_EDGE('',*,*,#605,.F.);
#233=ORIENTED_EDGE('',*,*,#608,.F.);
#234=ORIENTED_EDGE('',*,*,#612,.F.);
#235=ORIENTED_EDGE('',*,*,#494,.T.);
#236=ORIENTED_EDGE('',*,*,#467,.T.);
#237=ORIENTED_EDGE('',*,*,#525,.T.);
#238=ORIENTED_EDGE('',*,*,#616,.T.);
#239=ORIENTED_EDGE('',*,*,#592,.F.);
#240=ORIENTED_EDGE('',*,*,#595,.F.);
#241=ORIENTED_EDGE('',*,*,#598,.F.);
#242=ORIENTED_EDGE('',*,*,#610,.F.);
#243=ORIENTED_EDGE('',*,*,#527,.T.);
#244=ORIENTED_EDGE('',*,*,#475,.T.);
#245=ORIENTED_EDGE('',*,*,#514,.T.);
#246=ORIENTED_EDGE('',*,*,#614,.T.);
#247=ORIENTED_EDGE('',*,*,#568,.F.);
#248=ORIENTED_EDGE('',*,*,#617,.F.);
#249=ORIENTED_EDGE('',*,*,#579,.T.);
#250=ORIENTED_EDGE('',*,*,#519,.T.);
#251=ORIENTED_EDGE('',*,*,#576,.F.);
#252=ORIENTED_EDGE('',*,*,#618,.F.);
#253=ORIENTED_EDGE('',*,*,#481,.F.);
#254=ORIENTED_EDGE('',*,*,#619,.T.);
#255=ORIENTED_EDGE('',*,*,#573,.F.);
#256=ORIENTED_EDGE('',*,*,#500,.T.);
#257=ORIENTED_EDGE('',*,*,#578,.T.);
#258=ORIENTED_EDGE('',*,*,#620,.T.);
#259=ORIENTED_EDGE('',*,*,#565,.F.);
#260=ORIENTED_EDGE('',*,*,#496,.T.);
#261=ORIENTED_EDGE('',*,*,#615,.T.);
#262=ORIENTED_EDGE('',*,*,#523,.T.);
#263=ORIENTED_EDGE('',*,*,#611,.F.);
#264=ORIENTED_EDGE('',*,*,#606,.F.);
#265=ORIENTED_EDGE('',*,*,#603,.F.);
#266=ORIENTED_EDGE('',*,*,#600,.F.);
#267=ORIENTED_EDGE('',*,*,#613,.T.);
#268=ORIENTED_EDGE('',*,*,#512,.T.);
#269=ORIENTED_EDGE('',*,*,#570,.T.);
#270=ORIENTED_EDGE('',*,*,#621,.T.);
#271=ORIENTED_EDGE('',*,*,#581,.F.);
#272=ORIENTED_EDGE('',*,*,#508,.T.);
#273=ORIENTED_EDGE('',*,*,#586,.T.);
#274=ORIENTED_EDGE('',*,*,#622,.T.);
#275=ORIENTED_EDGE('',*,*,#492,.F.);
#276=ORIENTED_EDGE('',*,*,#623,.F.);
#277=ORIENTED_EDGE('',*,*,#587,.T.);
#278=ORIENTED_EDGE('',*,*,#533,.T.);
#279=ORIENTED_EDGE('',*,*,#584,.F.);
#280=ORIENTED_EDGE('',*,*,#624,.F.);
#281=ORIENTED_EDGE('',*,*,#571,.T.);
#282=ORIENTED_EDGE('',*,*,#529,.T.);
#283=ORIENTED_EDGE('',*,*,#609,.F.);
#284=ORIENTED_EDGE('',*,*,#596,.F.);
#285=ORIENTED_EDGE('',*,*,#593,.F.);
#286=ORIENTED_EDGE('',*,*,#590,.F.);
#287=ORIENTED_EDGE('',*,*,#546,.T.);
#288=ORIENTED_EDGE('',*,*,#588,.F.);
#289=ORIENTED_EDGE('',*,*,#623,.T.);
#290=ORIENTED_EDGE('',*,*,#564,.F.);
#291=ORIENTED_EDGE('',*,*,#622,.F.);
#292=ORIENTED_EDGE('',*,*,#585,.F.);
#293=ORIENTED_EDGE('',*,*,#543,.T.);
#294=ORIENTED_EDGE('',*,*,#563,.F.);
#295=ORIENTED_EDGE('',*,*,#624,.T.);
#296=ORIENTED_EDGE('',*,*,#583,.F.);
#297=ORIENTED_EDGE('',*,*,#540,.T.);
#298=ORIENTED_EDGE('',*,*,#572,.F.);
#299=ORIENTED_EDGE('',*,*,#537,.T.);
#300=ORIENTED_EDGE('',*,*,#582,.F.);
#301=ORIENTED_EDGE('',*,*,#621,.F.);
#302=ORIENTED_EDGE('',*,*,#569,.F.);
#303=ORIENTED_EDGE('',*,*,#552,.T.);
#304=ORIENTED_EDGE('',*,*,#580,.F.);
#305=ORIENTED_EDGE('',*,*,#617,.T.);
#306=ORIENTED_EDGE('',*,*,#567,.F.);
#307=ORIENTED_EDGE('',*,*,#620,.F.);
#308=ORIENTED_EDGE('',*,*,#577,.F.);
#309=ORIENTED_EDGE('',*,*,#549,.T.);
#310=ORIENTED_EDGE('',*,*,#566,.F.);
#311=ORIENTED_EDGE('',*,*,#555,.T.);
#312=ORIENTED_EDGE('',*,*,#574,.F.);
#313=ORIENTED_EDGE('',*,*,#619,.F.);
#314=ORIENTED_EDGE('',*,*,#561,.F.);
#315=ORIENTED_EDGE('',*,*,#618,.T.);
#316=ORIENTED_EDGE('',*,*,#575,.F.);
#317=ORIENTED_EDGE('',*,*,#558,.T.);
#318=ORIENTED_EDGE('',*,*,#562,.F.);
#319=ORIENTED_EDGE('',*,*,#625,.T.);
#320=ORIENTED_EDGE('',*,*,#483,.F.);
#321=ORIENTED_EDGE('',*,*,#515,.F.);
#322=ORIENTED_EDGE('',*,*,#472,.F.);
#323=ORIENTED_EDGE('',*,*,#477,.F.);
#324=ORIENTED_EDGE('',*,*,#626,.T.);
#325=ORIENTED_EDGE('',*,*,#489,.F.);
#326=ORIENTED_EDGE('',*,*,#484,.F.);
#327=ORIENTED_EDGE('',*,*,#625,.F.);
#328=ORIENTED_EDGE('',*,*,#471,.F.);
#329=ORIENTED_EDGE('',*,*,#526,.T.);
#330=ORIENTED_EDGE('',*,*,#490,.F.);
#331=ORIENTED_EDGE('',*,*,#626,.F.);
#332=ORIENTED_EDGE('',*,*,#476,.F.);
#333=ORIENTED_EDGE('',*,*,#493,.T.);
#334=ORIENTED_EDGE('',*,*,#479,.F.);
#335=ORIENTED_EDGE('',*,*,#627,.F.);
#336=ORIENTED_EDGE('',*,*,#468,.F.);
#337=ORIENTED_EDGE('',*,*,#628,.T.);
#338=ORIENTED_EDGE('',*,*,#487,.F.);
#339=ORIENTED_EDGE('',*,*,#504,.F.);
#340=ORIENTED_EDGE('',*,*,#474,.F.);
#341=ORIENTED_EDGE('',*,*,#627,.T.);
#342=ORIENTED_EDGE('',*,*,#478,.F.);
#343=ORIENTED_EDGE('',*,*,#488,.F.);
#344=ORIENTED_EDGE('',*,*,#628,.F.);
#345=ORIENTED_EDGE('',*,*,#473,.F.);
#346=ORIENTED_EDGE('',*,*,#469,.F.);
#347=ORIENTED_EDGE('',*,*,#629,.F.);
#348=ORIENTED_EDGE('',*,*,#630,.F.);
#349=ORIENTED_EDGE('',*,*,#631,.T.);
#350=ORIENTED_EDGE('',*,*,#632,.T.);
#351=ORIENTED_EDGE('',*,*,#633,.F.);
#352=ORIENTED_EDGE('',*,*,#634,.T.);
#353=ORIENTED_EDGE('',*,*,#635,.F.);
#354=ORIENTED_EDGE('',*,*,#636,.F.);
#355=ORIENTED_EDGE('',*,*,#637,.F.);
#356=ORIENTED_EDGE('',*,*,#632,.F.);
#357=ORIENTED_EDGE('',*,*,#638,.F.);
#358=ORIENTED_EDGE('',*,*,#639,.F.);
#359=ORIENTED_EDGE('',*,*,#640,.F.);
#360=ORIENTED_EDGE('',*,*,#641,.F.);
#361=ORIENTED_EDGE('',*,*,#642,.F.);
#362=ORIENTED_EDGE('',*,*,#634,.F.);
#363=ORIENTED_EDGE('',*,*,#630,.T.);
#364=ORIENTED_EDGE('',*,*,#643,.T.);
#365=ORIENTED_EDGE('',*,*,#644,.T.);
#366=ORIENTED_EDGE('',*,*,#645,.T.);
#367=ORIENTED_EDGE('',*,*,#646,.T.);
#368=ORIENTED_EDGE('',*,*,#647,.T.);
#369=ORIENTED_EDGE('',*,*,#636,.T.);
#370=ORIENTED_EDGE('',*,*,#648,.T.);
#371=ORIENTED_EDGE('',*,*,#649,.T.);
#372=ORIENTED_EDGE('',*,*,#650,.T.);
#373=ORIENTED_EDGE('',*,*,#651,.T.);
#374=ORIENTED_EDGE('',*,*,#652,.T.);
#375=ORIENTED_EDGE('',*,*,#653,.T.);
#376=ORIENTED_EDGE('',*,*,#654,.T.);
#377=ORIENTED_EDGE('',*,*,#655,.T.);
#378=ORIENTED_EDGE('',*,*,#656,.T.);
#379=ORIENTED_EDGE('',*,*,#657,.F.);
#380=ORIENTED_EDGE('',*,*,#658,.F.);
#381=ORIENTED_EDGE('',*,*,#659,.F.);
#382=ORIENTED_EDGE('',*,*,#660,.F.);
#383=ORIENTED_EDGE('',*,*,#661,.F.);
#384=ORIENTED_EDGE('',*,*,#662,.F.);
#385=ORIENTED_EDGE('',*,*,#663,.F.);
#386=ORIENTED_EDGE('',*,*,#664,.F.);
#387=ORIENTED_EDGE('',*,*,#665,.F.);
#388=ORIENTED_EDGE('',*,*,#660,.T.);
#389=ORIENTED_EDGE('',*,*,#666,.F.);
#390=ORIENTED_EDGE('',*,*,#651,.F.);
#391=ORIENTED_EDGE('',*,*,#667,.F.);
#392=ORIENTED_EDGE('',*,*,#653,.F.);
#393=ORIENTED_EDGE('',*,*,#668,.T.);
#394=ORIENTED_EDGE('',*,*,#662,.T.);
#395=ORIENTED_EDGE('',*,*,#669,.F.);
#396=ORIENTED_EDGE('',*,*,#652,.F.);
#397=ORIENTED_EDGE('',*,*,#666,.T.);
#398=ORIENTED_EDGE('',*,*,#659,.T.);
#399=ORIENTED_EDGE('',*,*,#670,.F.);
#400=ORIENTED_EDGE('',*,*,#663,.T.);
#401=ORIENTED_EDGE('',*,*,#668,.F.);
#402=ORIENTED_EDGE('',*,*,#656,.F.);
#403=ORIENTED_EDGE('',*,*,#671,.F.);
#404=ORIENTED_EDGE('',*,*,#649,.F.);
#405=ORIENTED_EDGE('',*,*,#669,.T.);
#406=ORIENTED_EDGE('',*,*,#658,.T.);
#407=ORIENTED_EDGE('',*,*,#655,.F.);
#408=ORIENTED_EDGE('',*,*,#672,.T.);
#409=ORIENTED_EDGE('',*,*,#664,.T.);
#410=ORIENTED_EDGE('',*,*,#670,.T.);
#411=ORIENTED_EDGE('',*,*,#673,.T.);
#412=ORIENTED_EDGE('',*,*,#674,.T.);
#413=ORIENTED_EDGE('',*,*,#675,.F.);
#414=ORIENTED_EDGE('',*,*,#676,.F.);
#415=ORIENTED_EDGE('',*,*,#677,.T.);
#416=ORIENTED_EDGE('',*,*,#678,.F.);
#417=ORIENTED_EDGE('',*,*,#679,.F.);
#418=ORIENTED_EDGE('',*,*,#675,.T.);
#419=ORIENTED_EDGE('',*,*,#644,.F.);
#420=ORIENTED_EDGE('',*,*,#680,.T.);
#421=ORIENTED_EDGE('',*,*,#639,.T.);
#422=ORIENTED_EDGE('',*,*,#681,.T.);
#423=ORIENTED_EDGE('',*,*,#641,.T.);
#424=ORIENTED_EDGE('',*,*,#682,.F.);
#425=ORIENTED_EDGE('',*,*,#646,.F.);
#426=ORIENTED_EDGE('',*,*,#683,.T.);
#427=ORIENTED_EDGE('',*,*,#684,.T.);
#428=ORIENTED_EDGE('',*,*,#685,.F.);
#429=ORIENTED_EDGE('',*,*,#686,.F.);
#430=ORIENTED_EDGE('',*,*,#678,.T.);
#431=ORIENTED_EDGE('',*,*,#687,.T.);
#432=ORIENTED_EDGE('',*,*,#673,.F.);
#433=ORIENTED_EDGE('',*,*,#688,.F.);
#434=ORIENTED_EDGE('',*,*,#685,.T.);
#435=ORIENTED_EDGE('',*,*,#676,.T.);
#436=ORIENTED_EDGE('',*,*,#679,.T.);
#437=ORIENTED_EDGE('',*,*,#686,.T.);
#438=ORIENTED_EDGE('',*,*,#688,.T.);
#439=ORIENTED_EDGE('',*,*,#674,.F.);
#440=ORIENTED_EDGE('',*,*,#687,.F.);
#441=ORIENTED_EDGE('',*,*,#684,.F.);
#442=ORIENTED_EDGE('',*,*,#677,.F.);
#443=ORIENTED_EDGE('',*,*,#683,.F.);
#444=ORIENTED_EDGE('',*,*,#648,.F.);
#445=ORIENTED_EDGE('',*,*,#635,.T.);
#446=ORIENTED_EDGE('',*,*,#642,.T.);
#447=ORIENTED_EDGE('',*,*,#681,.F.);
#448=ORIENTED_EDGE('',*,*,#638,.T.);
#449=ORIENTED_EDGE('',*,*,#631,.F.);
#450=ORIENTED_EDGE('',*,*,#645,.F.);
#451=ORIENTED_EDGE('',*,*,#671,.T.);
#452=ORIENTED_EDGE('',*,*,#657,.T.);
#453=ORIENTED_EDGE('',*,*,#665,.T.);
#454=ORIENTED_EDGE('',*,*,#650,.F.);
#455=ORIENTED_EDGE('',*,*,#667,.T.);
#456=ORIENTED_EDGE('',*,*,#661,.T.);
#457=ORIENTED_EDGE('',*,*,#672,.F.);
#458=ORIENTED_EDGE('',*,*,#654,.F.);
#459=ORIENTED_EDGE('',*,*,#637,.T.);
#460=ORIENTED_EDGE('',*,*,#680,.F.);
#461=ORIENTED_EDGE('',*,*,#643,.F.);
#462=ORIENTED_EDGE('',*,*,#629,.T.);
#463=ORIENTED_EDGE('',*,*,#640,.T.);
#464=ORIENTED_EDGE('',*,*,#633,.T.);
#465=ORIENTED_EDGE('',*,*,#647,.F.);
#466=ORIENTED_EDGE('',*,*,#682,.T.);
#467=EDGE_CURVE('',#689,#690,#833,.T.);
#468=EDGE_CURVE('',#689,#691,#834,.T.);
#469=EDGE_CURVE('',#691,#692,#835,.T.);
#470=EDGE_CURVE('',#692,#693,#836,.T.);
#471=EDGE_CURVE('',#693,#694,#837,.T.);
#472=EDGE_CURVE('',#694,#690,#838,.T.);
#473=EDGE_CURVE('',#692,#695,#839,.T.);
#474=EDGE_CURVE('',#695,#696,#840,.T.);
#475=EDGE_CURVE('',#697,#696,#841,.T.);
#476=EDGE_CURVE('',#697,#698,#842,.T.);
#477=EDGE_CURVE('',#698,#693,#843,.T.);
#478=EDGE_CURVE('',#699,#700,#844,.T.);
#479=EDGE_CURVE('',#700,#701,#845,.T.);
#480=EDGE_CURVE('',#701,#702,#846,.T.);
#481=EDGE_CURVE('',#702,#703,#847,.T.);
#482=EDGE_CURVE('',#703,#704,#848,.T.);
#483=EDGE_CURVE('',#704,#705,#849,.T.);
#484=EDGE_CURVE('',#705,#706,#850,.T.);
#485=EDGE_CURVE('',#699,#706,#851,.T.);
#486=EDGE_CURVE('',#707,#708,#852,.T.);
#487=EDGE_CURVE('',#707,#709,#853,.T.);
#488=EDGE_CURVE('',#709,#699,#854,.T.);
#489=EDGE_CURVE('',#706,#710,#855,.T.);
#490=EDGE_CURVE('',#710,#711,#856,.T.);
#491=EDGE_CURVE('',#712,#711,#857,.T.);
#492=EDGE_CURVE('',#712,#708,#858,.T.);
#493=EDGE_CURVE('',#689,#701,#859,.T.);
#494=EDGE_CURVE('',#713,#689,#860,.T.);
#495=EDGE_CURVE('',#713,#714,#861,.T.);
#496=EDGE_CURVE('',#715,#714,#862,.T.);
#497=EDGE_CURVE('',#716,#715,#863,.T.);
#498=EDGE_CURVE('',#716,#717,#864,.T.);
#499=EDGE_CURVE('',#718,#717,#865,.T.);
#500=EDGE_CURVE('',#719,#718,#866,.T.);
#501=EDGE_CURVE('',#720,#719,#867,.T.);
#502=EDGE_CURVE('',#720,#721,#868,.T.);
#503=EDGE_CURVE('',#701,#721,#869,.T.);
#504=EDGE_CURVE('',#696,#707,#870,.T.);
#505=EDGE_CURVE('',#722,#707,#871,.T.);
#506=EDGE_CURVE('',#722,#723,#872,.T.);
#507=EDGE_CURVE('',#724,#723,#873,.T.);
#508=EDGE_CURVE('',#725,#724,#874,.T.);
#509=EDGE_CURVE('',#726,#725,#875,.T.);
#510=EDGE_CURVE('',#726,#727,#876,.T.);
#511=EDGE_CURVE('',#728,#727,#877,.T.);
#512=EDGE_CURVE('',#729,#728,#878,.T.);
#513=EDGE_CURVE('',#730,#729,#879,.T.);
#514=EDGE_CURVE('',#696,#730,#880,.T.);
#515=EDGE_CURVE('',#690,#704,#881,.T.);
#516=EDGE_CURVE('',#731,#704,#882,.T.);
#517=EDGE_CURVE('',#731,#732,#883,.T.);
#518=EDGE_CURVE('',#733,#732,#884,.T.);
#519=EDGE_CURVE('',#734,#733,#885,.T.);
#520=EDGE_CURVE('',#735,#734,#886,.T.);
#521=EDGE_CURVE('',#735,#736,#887,.T.);
#522=EDGE_CURVE('',#737,#736,#888,.T.);
#523=EDGE_CURVE('',#738,#737,#889,.T.);
#524=EDGE_CURVE('',#739,#738,#890,.T.);
#525=EDGE_CURVE('',#690,#739,#891,.T.);
#526=EDGE_CURVE('',#697,#711,#892,.T.);
#527=EDGE_CURVE('',#740,#697,#893,.T.);
#528=EDGE_CURVE('',#740,#741,#894,.T.);
#529=EDGE_CURVE('',#742,#741,#895,.T.);
#530=EDGE_CURVE('',#743,#742,#896,.T.);
#531=EDGE_CURVE('',#743,#744,#897,.T.);
#532=EDGE_CURVE('',#745,#744,#898,.T.);
#533=EDGE_CURVE('',#746,#745,#899,.T.);
#534=EDGE_CURVE('',#747,#746,#900,.T.);
#535=EDGE_CURVE('',#747,#748,#901,.T.);
#536=EDGE_CURVE('',#711,#748,#902,.T.);
#537=EDGE_CURVE('',#749,#750,#903,.T.);
#538=EDGE_CURVE('',#727,#749,#904,.T.);
#539=EDGE_CURVE('',#726,#750,#905,.T.);
#540=EDGE_CURVE('',#751,#752,#906,.T.);
#541=EDGE_CURVE('',#751,#744,#907,.T.);
#542=EDGE_CURVE('',#752,#743,#908,.T.);
#543=EDGE_CURVE('',#753,#754,#909,.T.);
#544=EDGE_CURVE('',#723,#753,#910,.T.);
#545=EDGE_CURVE('',#754,#722,#911,.T.);
#546=EDGE_CURVE('',#755,#756,#912,.T.);
#547=EDGE_CURVE('',#748,#755,#913,.T.);
#548=EDGE_CURVE('',#756,#747,#914,.T.);
#549=EDGE_CURVE('',#757,#758,#915,.T.);
#550=EDGE_CURVE('',#717,#757,#916,.T.);
#551=EDGE_CURVE('',#758,#716,#917,.T.);
#552=EDGE_CURVE('',#759,#760,#918,.T.);
#553=EDGE_CURVE('',#736,#759,#919,.T.);
#554=EDGE_CURVE('',#760,#735,#920,.T.);
#555=EDGE_CURVE('',#761,#762,#921,.T.);
#556=EDGE_CURVE('',#721,#761,#922,.T.);
#557=EDGE_CURVE('',#720,#762,#923,.T.);
#558=EDGE_CURVE('',#763,#764,#924,.T.);
#559=EDGE_CURVE('',#763,#732,#925,.T.);
#560=EDGE_CURVE('',#764,#731,#926,.T.);
#561=EDGE_CURVE('',#761,#702,#927,.T.);
#562=EDGE_CURVE('',#703,#764,#928,.T.);
#563=EDGE_CURVE('',#708,#754,#929,.T.);
#564=EDGE_CURVE('',#755,#712,#930,.T.);
#565=EDGE_CURVE('',#715,#765,#931,.T.);
#566=EDGE_CURVE('',#765,#758,#932,.T.);
#567=EDGE_CURVE('',#759,#766,#933,.T.);
#568=EDGE_CURVE('',#766,#737,#934,.T.);
#569=EDGE_CURVE('',#749,#767,#935,.T.);
#570=EDGE_CURVE('',#728,#767,#936,.T.);
#571=EDGE_CURVE('',#768,#742,#937,.T.);
#572=EDGE_CURVE('',#768,#752,#938,.T.);
#573=EDGE_CURVE('',#719,#769,#939,.T.);
#574=EDGE_CURVE('',#769,#762,#940,.T.);
#575=EDGE_CURVE('',#763,#770,#941,.T.);
#576=EDGE_CURVE('',#770,#733,#942,.T.);
#577=EDGE_CURVE('',#757,#771,#943,.T.);
#578=EDGE_CURVE('',#718,#771,#944,.T.);
#579=EDGE_CURVE('',#772,#734,#945,.T.);
#580=EDGE_CURVE('',#772,#760,#946,.T.);
#581=EDGE_CURVE('',#725,#773,#947,.T.);
#582=EDGE_CURVE('',#773,#750,#948,.T.);
#583=EDGE_CURVE('',#751,#774,#949,.T.);
#584=EDGE_CURVE('',#774,#745,#950,.T.);
#585=EDGE_CURVE('',#753,#775,#951,.T.);
#586=EDGE_CURVE('',#724,#775,#952,.T.);
#587=EDGE_CURVE('',#776,#746,#953,.T.);
#588=EDGE_CURVE('',#776,#756,#954,.T.);
#589=EDGE_CURVE('',#777,#778,#955,.T.);
#590=EDGE_CURVE('',#778,#779,#956,.T.);
#591=EDGE_CURVE('',#780,#779,#957,.T.);
#592=EDGE_CURVE('',#780,#777,#958,.T.);
#593=EDGE_CURVE('',#779,#781,#959,.T.);
#594=EDGE_CURVE('',#782,#781,#960,.T.);
#595=EDGE_CURVE('',#782,#780,#961,.T.);
#596=EDGE_CURVE('',#781,#783,#962,.T.);
#597=EDGE_CURVE('',#784,#783,#963,.T.);
#598=EDGE_CURVE('',#784,#782,#964,.T.);
#599=EDGE_CURVE('',#785,#786,#965,.T.);
#600=EDGE_CURVE('',#786,#787,#966,.T.);
#601=EDGE_CURVE('',#788,#787,#967,.T.);
#602=EDGE_CURVE('',#788,#785,#968,.T.);
#603=EDGE_CURVE('',#787,#789,#969,.T.);
#604=EDGE_CURVE('',#790,#789,#970,.T.);
#605=EDGE_CURVE('',#790,#788,#971,.T.);
#606=EDGE_CURVE('',#789,#791,#972,.T.);
#607=EDGE_CURVE('',#792,#791,#973,.T.);
#608=EDGE_CURVE('',#792,#790,#974,.T.);
#609=EDGE_CURVE('',#783,#778,#975,.T.);
#610=EDGE_CURVE('',#777,#784,#976,.T.);
#611=EDGE_CURVE('',#791,#786,#977,.T.);
#612=EDGE_CURVE('',#785,#792,#978,.T.);
#613=EDGE_CURVE('',#741,#729,#979,.T.);
#614=EDGE_CURVE('',#730,#740,#980,.T.);
#615=EDGE_CURVE('',#714,#738,#981,.T.);
#616=EDGE_CURVE('',#739,#713,#982,.T.);
#617=EDGE_CURVE('',#772,#766,#983,.T.);
#618=EDGE_CURVE('',#703,#770,#984,.T.);
#619=EDGE_CURVE('',#702,#769,#985,.T.);
#620=EDGE_CURVE('',#771,#765,#986,.T.);
#621=EDGE_CURVE('',#767,#773,#987,.T.);
#622=EDGE_CURVE('',#775,#708,#988,.T.);
#623=EDGE_CURVE('',#776,#712,#989,.T.);
#624=EDGE_CURVE('',#768,#774,#990,.T.);
#625=EDGE_CURVE('',#694,#705,#991,.T.);
#626=EDGE_CURVE('',#698,#710,#992,.T.);
#627=EDGE_CURVE('',#691,#700,#993,.T.);
#628=EDGE_CURVE('',#695,#709,#994,.T.);
#629=EDGE_CURVE('',#793,#794,#995,.T.);
#630=EDGE_CURVE('',#795,#793,#996,.T.);
#631=EDGE_CURVE('',#795,#796,#997,.T.);
#632=EDGE_CURVE('',#796,#794,#998,.T.);
#633=EDGE_CURVE('',#797,#798,#999,.T.);
#634=EDGE_CURVE('',#797,#799,#1000,.T.);
#635=EDGE_CURVE('',#800,#799,#1001,.T.);
#636=EDGE_CURVE('',#798,#800,#1002,.T.);
#637=EDGE_CURVE('',#794,#801,#1003,.T.);
#638=EDGE_CURVE('',#802,#796,#1004,.T.);
#639=EDGE_CURVE('',#801,#802,#1005,.T.);
#640=EDGE_CURVE('',#803,#797,#1006,.T.);
#641=EDGE_CURVE('',#804,#803,#1007,.T.);
#642=EDGE_CURVE('',#799,#804,#1008,.T.);
#643=EDGE_CURVE('',#793,#805,#1009,.T.);
#644=EDGE_CURVE('',#805,#806,#1010,.T.);
#645=EDGE_CURVE('',#806,#795,#1011,.T.);
#646=EDGE_CURVE('',#807,#808,#1012,.T.);
#647=EDGE_CURVE('',#808,#798,#1013,.T.);
#648=EDGE_CURVE('',#800,#807,#1014,.T.);
#649=EDGE_CURVE('',#809,#810,#1015,.T.);
#650=EDGE_CURVE('',#810,#811,#1016,.T.);
#651=EDGE_CURVE('',#811,#812,#1017,.T.);
#652=EDGE_CURVE('',#812,#809,#1018,.T.);
#653=EDGE_CURVE('',#813,#814,#1019,.T.);
#654=EDGE_CURVE('',#814,#815,#1020,.T.);
#655=EDGE_CURVE('',#815,#816,#1021,.T.);
#656=EDGE_CURVE('',#816,#813,#1022,.T.);
#657=EDGE_CURVE('',#817,#818,#1023,.T.);
#658=EDGE_CURVE('',#819,#817,#1024,.T.);
#659=EDGE_CURVE('',#820,#819,#1025,.T.);
#660=EDGE_CURVE('',#818,#820,#1026,.T.);
#661=EDGE_CURVE('',#821,#822,#1027,.T.);
#662=EDGE_CURVE('',#823,#821,#1028,.T.);
#663=EDGE_CURVE('',#824,#823,#1029,.T.);
#664=EDGE_CURVE('',#822,#824,#1030,.T.);
#665=EDGE_CURVE('',#818,#811,#1031,.T.);
#666=EDGE_CURVE('',#812,#820,#1032,.T.);
#667=EDGE_CURVE('',#814,#821,#1033,.T.);
#668=EDGE_CURVE('',#813,#823,#1034,.T.);
#669=EDGE_CURVE('',#809,#819,#1035,.T.);
#670=EDGE_CURVE('',#824,#816,#1036,.T.);
#671=EDGE_CURVE('',#810,#817,#1037,.T.);
#672=EDGE_CURVE('',#815,#822,#1038,.T.);
#673=EDGE_CURVE('',#825,#826,#1039,.T.);
#674=EDGE_CURVE('',#826,#827,#1040,.T.);
#675=EDGE_CURVE('',#828,#827,#1041,.T.);
#676=EDGE_CURVE('',#825,#828,#1042,.T.);
#677=EDGE_CURVE('',#827,#829,#1043,.T.);
#678=EDGE_CURVE('',#830,#829,#1044,.T.);
#679=EDGE_CURVE('',#828,#830,#1045,.T.);
#680=EDGE_CURVE('',#805,#801,#1046,.T.);
#681=EDGE_CURVE('',#802,#806,#1047,.T.);
#682=EDGE_CURVE('',#808,#803,#1048,.T.);
#683=EDGE_CURVE('',#807,#804,#1049,.T.);
#684=EDGE_CURVE('',#829,#831,#1050,.T.);
#685=EDGE_CURVE('',#832,#831,#1051,.T.);
#686=EDGE_CURVE('',#830,#832,#1052,.T.);
#687=EDGE_CURVE('',#831,#826,#1053,.T.);
#688=EDGE_CURVE('',#832,#825,#1054,.T.);
#689=VERTEX_POINT('',#2154);
#690=VERTEX_POINT('',#2155);
#691=VERTEX_POINT('',#2157);
#692=VERTEX_POINT('',#2159);
#693=VERTEX_POINT('',#2161);
#694=VERTEX_POINT('',#2163);
#695=VERTEX_POINT('',#2167);
#696=VERTEX_POINT('',#2169);
#697=VERTEX_POINT('',#2171);
#698=VERTEX_POINT('',#2173);
#699=VERTEX_POINT('',#2177);
#700=VERTEX_POINT('',#2178);
#701=VERTEX_POINT('',#2180);
#702=VERTEX_POINT('',#2182);
#703=VERTEX_POINT('',#2184);
#704=VERTEX_POINT('',#2186);
#705=VERTEX_POINT('',#2188);
#706=VERTEX_POINT('',#2190);
#707=VERTEX_POINT('',#2194);
#708=VERTEX_POINT('',#2195);
#709=VERTEX_POINT('',#2197);
#710=VERTEX_POINT('',#2200);
#711=VERTEX_POINT('',#2202);
#712=VERTEX_POINT('',#2204);
#713=VERTEX_POINT('',#2209);
#714=VERTEX_POINT('',#2211);
#715=VERTEX_POINT('',#2213);
#716=VERTEX_POINT('',#2215);
#717=VERTEX_POINT('',#2217);
#718=VERTEX_POINT('',#2219);
#719=VERTEX_POINT('',#2221);
#720=VERTEX_POINT('',#2223);
#721=VERTEX_POINT('',#2225);
#722=VERTEX_POINT('',#2230);
#723=VERTEX_POINT('',#2232);
#724=VERTEX_POINT('',#2234);
#725=VERTEX_POINT('',#2236);
#726=VERTEX_POINT('',#2238);
#727=VERTEX_POINT('',#2240);
#728=VERTEX_POINT('',#2242);
#729=VERTEX_POINT('',#2244);
#730=VERTEX_POINT('',#2246);
#731=VERTEX_POINT('',#2251);
#732=VERTEX_POINT('',#2253);
#733=VERTEX_POINT('',#2255);
#734=VERTEX_POINT('',#2257);
#735=VERTEX_POINT('',#2259);
#736=VERTEX_POINT('',#2261);
#737=VERTEX_POINT('',#2263);
#738=VERTEX_POINT('',#2265);
#739=VERTEX_POINT('',#2267);
#740=VERTEX_POINT('',#2272);
#741=VERTEX_POINT('',#2274);
#742=VERTEX_POINT('',#2276);
#743=VERTEX_POINT('',#2278);
#744=VERTEX_POINT('',#2280);
#745=VERTEX_POINT('',#2282);
#746=VERTEX_POINT('',#2284);
#747=VERTEX_POINT('',#2286);
#748=VERTEX_POINT('',#2288);
#749=VERTEX_POINT('',#2292);
#750=VERTEX_POINT('',#2293);
#751=VERTEX_POINT('',#2298);
#752=VERTEX_POINT('',#2299);
#753=VERTEX_POINT('',#2304);
#754=VERTEX_POINT('',#2305);
#755=VERTEX_POINT('',#2310);
#756=VERTEX_POINT('',#2311);
#757=VERTEX_POINT('',#2316);
#758=VERTEX_POINT('',#2317);
#759=VERTEX_POINT('',#2322);
#760=VERTEX_POINT('',#2323);
#761=VERTEX_POINT('',#2328);
#762=VERTEX_POINT('',#2329);
#763=VERTEX_POINT('',#2334);
#764=VERTEX_POINT('',#2335);
#765=VERTEX_POINT('',#2348);
#766=VERTEX_POINT('',#2352);
#767=VERTEX_POINT('',#2356);
#768=VERTEX_POINT('',#2360);
#769=VERTEX_POINT('',#2364);
#770=VERTEX_POINT('',#2368);
#771=VERTEX_POINT('',#2372);
#772=VERTEX_POINT('',#2376);
#773=VERTEX_POINT('',#2380);
#774=VERTEX_POINT('',#2384);
#775=VERTEX_POINT('',#2388);
#776=VERTEX_POINT('',#2392);
#777=VERTEX_POINT('',#2396);
#778=VERTEX_POINT('',#2397);
#779=VERTEX_POINT('',#2399);
#780=VERTEX_POINT('',#2401);
#781=VERTEX_POINT('',#2405);
#782=VERTEX_POINT('',#2407);
#783=VERTEX_POINT('',#2411);
#784=VERTEX_POINT('',#2413);
#785=VERTEX_POINT('',#2417);
#786=VERTEX_POINT('',#2418);
#787=VERTEX_POINT('',#2420);
#788=VERTEX_POINT('',#2422);
#789=VERTEX_POINT('',#2426);
#790=VERTEX_POINT('',#2428);
#791=VERTEX_POINT('',#2432);
#792=VERTEX_POINT('',#2434);
#793=VERTEX_POINT('',#2481);
#794=VERTEX_POINT('',#2482);
#795=VERTEX_POINT('',#2484);
#796=VERTEX_POINT('',#2486);
#797=VERTEX_POINT('',#2490);
#798=VERTEX_POINT('',#2491);
#799=VERTEX_POINT('',#2493);
#800=VERTEX_POINT('',#2495);
#801=VERTEX_POINT('',#2499);
#802=VERTEX_POINT('',#2501);
#803=VERTEX_POINT('',#2505);
#804=VERTEX_POINT('',#2507);
#805=VERTEX_POINT('',#2511);
#806=VERTEX_POINT('',#2513);
#807=VERTEX_POINT('',#2517);
#808=VERTEX_POINT('',#2518);
#809=VERTEX_POINT('',#2523);
#810=VERTEX_POINT('',#2524);
#811=VERTEX_POINT('',#2526);
#812=VERTEX_POINT('',#2528);
#813=VERTEX_POINT('',#2532);
#814=VERTEX_POINT('',#2533);
#815=VERTEX_POINT('',#2535);
#816=VERTEX_POINT('',#2537);
#817=VERTEX_POINT('',#2541);
#818=VERTEX_POINT('',#2542);
#819=VERTEX_POINT('',#2544);
#820=VERTEX_POINT('',#2546);
#821=VERTEX_POINT('',#2550);
#822=VERTEX_POINT('',#2551);
#823=VERTEX_POINT('',#2553);
#824=VERTEX_POINT('',#2555);
#825=VERTEX_POINT('',#2571);
#826=VERTEX_POINT('',#2572);
#827=VERTEX_POINT('',#2574);
#828=VERTEX_POINT('',#2576);
#829=VERTEX_POINT('',#2580);
#830=VERTEX_POINT('',#2582);
#831=VERTEX_POINT('',#2590);
#832=VERTEX_POINT('',#2592);
#833=LINE('',#2153,#1055);
#834=LINE('',#2156,#1056);
#835=LINE('',#2158,#1057);
#836=LINE('',#2160,#1058);
#837=LINE('',#2162,#1059);
#838=LINE('',#2164,#1060);
#839=LINE('',#2166,#1061);
#840=LINE('',#2168,#1062);
#841=LINE('',#2170,#1063);
#842=LINE('',#2172,#1064);
#843=LINE('',#2174,#1065);
#844=LINE('',#2176,#1066);
#845=LINE('',#2179,#1067);
#846=LINE('',#2181,#1068);
#847=LINE('',#2183,#1069);
#848=LINE('',#2185,#1070);
#849=LINE('',#2187,#1071);
#850=LINE('',#2189,#1072);
#851=LINE('',#2191,#1073);
#852=LINE('',#2193,#1074);
#853=LINE('',#2196,#1075);
#854=LINE('',#2198,#1076);
#855=LINE('',#2199,#1077);
#856=LINE('',#2201,#1078);
#857=LINE('',#2203,#1079);
#858=LINE('',#2205,#1080);
#859=LINE('',#2207,#1081);
#860=LINE('',#2208,#1082);
#861=LINE('',#2210,#1083);
#862=LINE('',#2212,#1084);
#863=LINE('',#2214,#1085);
#864=LINE('',#2216,#1086);
#865=LINE('',#2218,#1087);
#866=LINE('',#2220,#1088);
#867=LINE('',#2222,#1089);
#868=LINE('',#2224,#1090);
#869=LINE('',#2226,#1091);
#870=LINE('',#2228,#1092);
#871=LINE('',#2229,#1093);
#872=LINE('',#2231,#1094);
#873=LINE('',#2233,#1095);
#874=LINE('',#2235,#1096);
#875=LINE('',#2237,#1097);
#876=LINE('',#2239,#1098);
#877=LINE('',#2241,#1099);
#878=LINE('',#2243,#1100);
#879=LINE('',#2245,#1101);
#880=LINE('',#2247,#1102);
#881=LINE('',#2249,#1103);
#882=LINE('',#2250,#1104);
#883=LINE('',#2252,#1105);
#884=LINE('',#2254,#1106);
#885=LINE('',#2256,#1107);
#886=LINE('',#2258,#1108);
#887=LINE('',#2260,#1109);
#888=LINE('',#2262,#1110);
#889=LINE('',#2264,#1111);
#890=LINE('',#2266,#1112);
#891=LINE('',#2268,#1113);
#892=LINE('',#2270,#1114);
#893=LINE('',#2271,#1115);
#894=LINE('',#2273,#1116);
#895=LINE('',#2275,#1117);
#896=LINE('',#2277,#1118);
#897=LINE('',#2279,#1119);
#898=LINE('',#2281,#1120);
#899=LINE('',#2283,#1121);
#900=LINE('',#2285,#1122);
#901=LINE('',#2287,#1123);
#902=LINE('',#2289,#1124);
#903=LINE('',#2291,#1125);
#904=LINE('',#2294,#1126);
#905=LINE('',#2295,#1127);
#906=LINE('',#2297,#1128);
#907=LINE('',#2300,#1129);
#908=LINE('',#2301,#1130);
#909=LINE('',#2303,#1131);
#910=LINE('',#2306,#1132);
#911=LINE('',#2307,#1133);
#912=LINE('',#2309,#1134);
#913=LINE('',#2312,#1135);
#914=LINE('',#2313,#1136);
#915=LINE('',#2315,#1137);
#916=LINE('',#2318,#1138);
#917=LINE('',#2319,#1139);
#918=LINE('',#2321,#1140);
#919=LINE('',#2324,#1141);
#920=LINE('',#2325,#1142);
#921=LINE('',#2327,#1143);
#922=LINE('',#2330,#1144);
#923=LINE('',#2331,#1145);
#924=LINE('',#2333,#1146);
#925=LINE('',#2336,#1147);
#926=LINE('',#2337,#1148);
#927=LINE('',#2339,#1149);
#928=LINE('',#2341,#1150);
#929=LINE('',#2343,#1151);
#930=LINE('',#2345,#1152);
#931=LINE('',#2347,#1153);
#932=LINE('',#2349,#1154);
#933=LINE('',#2351,#1155);
#934=LINE('',#2353,#1156);
#935=LINE('',#2355,#1157);
#936=LINE('',#2357,#1158);
#937=LINE('',#2359,#1159);
#938=LINE('',#2361,#1160);
#939=LINE('',#2363,#1161);
#940=LINE('',#2365,#1162);
#941=LINE('',#2367,#1163);
#942=LINE('',#2369,#1164);
#943=LINE('',#2371,#1165);
#944=LINE('',#2373,#1166);
#945=LINE('',#2375,#1167);
#946=LINE('',#2377,#1168);
#947=LINE('',#2379,#1169);
#948=LINE('',#2381,#1170);
#949=LINE('',#2383,#1171);
#950=LINE('',#2385,#1172);
#951=LINE('',#2387,#1173);
#952=LINE('',#2389,#1174);
#953=LINE('',#2391,#1175);
#954=LINE('',#2393,#1176);
#955=LINE('',#2395,#1177);
#956=LINE('',#2398,#1178);
#957=LINE('',#2400,#1179);
#958=LINE('',#2402,#1180);
#959=LINE('',#2404,#1181);
#960=LINE('',#2406,#1182);
#961=LINE('',#2408,#1183);
#962=LINE('',#2410,#1184);
#963=LINE('',#2412,#1185);
#964=LINE('',#2414,#1186);
#965=LINE('',#2416,#1187);
#966=LINE('',#2419,#1188);
#967=LINE('',#2421,#1189);
#968=LINE('',#2423,#1190);
#969=LINE('',#2425,#1191);
#970=LINE('',#2427,#1192);
#971=LINE('',#2429,#1193);
#972=LINE('',#2431,#1194);
#973=LINE('',#2433,#1195);
#974=LINE('',#2435,#1196);
#975=LINE('',#2437,#1197);
#976=LINE('',#2438,#1198);
#977=LINE('',#2440,#1199);
#978=LINE('',#2441,#1200);
#979=LINE('',#2443,#1201);
#980=LINE('',#2444,#1202);
#981=LINE('',#2446,#1203);
#982=LINE('',#2447,#1204);
#983=LINE('',#2451,#1205);
#984=LINE('',#2452,#1206);
#985=LINE('',#2453,#1207);
#986=LINE('',#2454,#1208);
#987=LINE('',#2456,#1209);
#988=LINE('',#2457,#1210);
#989=LINE('',#2458,#1211);
#990=LINE('',#2459,#1212);
#991=LINE('',#2469,#1213);
#992=LINE('',#2471,#1214);
#993=LINE('',#2474,#1215);
#994=LINE('',#2476,#1216);
#995=LINE('',#2480,#1217);
#996=LINE('',#2483,#1218);
#997=LINE('',#2485,#1219);
#998=LINE('',#2487,#1220);
#999=LINE('',#2489,#1221);
#1000=LINE('',#2492,#1222);
#1001=LINE('',#2494,#1223);
#1002=LINE('',#2496,#1224);
#1003=LINE('',#2498,#1225);
#1004=LINE('',#2500,#1226);
#1005=LINE('',#2502,#1227);
#1006=LINE('',#2504,#1228);
#1007=LINE('',#2506,#1229);
#1008=LINE('',#2508,#1230);
#1009=LINE('',#2510,#1231);
#1010=LINE('',#2512,#1232);
#1011=LINE('',#2514,#1233);
#1012=LINE('',#2516,#1234);
#1013=LINE('',#2519,#1235);
#1014=LINE('',#2520,#1236);
#1015=LINE('',#2522,#1237);
#1016=LINE('',#2525,#1238);
#1017=LINE('',#2527,#1239);
#1018=LINE('',#2529,#1240);
#1019=LINE('',#2531,#1241);
#1020=LINE('',#2534,#1242);
#1021=LINE('',#2536,#1243);
#1022=LINE('',#2538,#1244);
#1023=LINE('',#2540,#1245);
#1024=LINE('',#2543,#1246);
#1025=LINE('',#2545,#1247);
#1026=LINE('',#2547,#1248);
#1027=LINE('',#2549,#1249);
#1028=LINE('',#2552,#1250);
#1029=LINE('',#2554,#1251);
#1030=LINE('',#2556,#1252);
#1031=LINE('',#2558,#1253);
#1032=LINE('',#2559,#1254);
#1033=LINE('',#2561,#1255);
#1034=LINE('',#2562,#1256);
#1035=LINE('',#2564,#1257);
#1036=LINE('',#2566,#1258);
#1037=LINE('',#2568,#1259);
#1038=LINE('',#2569,#1260);
#1039=LINE('',#2570,#1261);
#1040=LINE('',#2573,#1262);
#1041=LINE('',#2575,#1263);
#1042=LINE('',#2577,#1264);
#1043=LINE('',#2579,#1265);
#1044=LINE('',#2581,#1266);
#1045=LINE('',#2583,#1267);
#1046=LINE('',#2585,#1268);
#1047=LINE('',#2586,#1269);
#1048=LINE('',#2587,#1270);
#1049=LINE('',#2588,#1271);
#1050=LINE('',#2589,#1272);
#1051=LINE('',#2591,#1273);
#1052=LINE('',#2593,#1274);
#1053=LINE('',#2595,#1275);
#1054=LINE('',#2596,#1276);
#1055=VECTOR('',#1755,39.3700787401575);
#1056=VECTOR('',#1756,39.3700787401575);
#1057=VECTOR('',#1757,39.3700787401575);
#1058=VECTOR('',#1758,39.3700787401575);
#1059=VECTOR('',#1759,39.3700787401575);
#1060=VECTOR('',#1760,39.3700787401575);
#1061=VECTOR('',#1763,39.3700787401575);
#1062=VECTOR('',#1764,39.3700787401575);
#1063=VECTOR('',#1765,39.3700787401575);
#1064=VECTOR('',#1766,39.3700787401575);
#1065=VECTOR('',#1767,39.3700787401575);
#1066=VECTOR('',#1770,39.3700787401575);
#1067=VECTOR('',#1771,39.3700787401575);
#1068=VECTOR('',#1772,39.3700787401575);
#1069=VECTOR('',#1773,39.3700787401575);
#1070=VECTOR('',#1774,39.3700787401575);
#1071=VECTOR('',#1775,39.3700787401575);
#1072=VECTOR('',#1776,39.3700787401575);
#1073=VECTOR('',#1777,39.3700787401575);
#1074=VECTOR('',#1780,39.3700787401575);
#1075=VECTOR('',#1781,39.3700787401575);
#1076=VECTOR('',#1782,39.3700787401575);
#1077=VECTOR('',#1783,39.3700787401575);
#1078=VECTOR('',#1784,39.3700787401575);
#1079=VECTOR('',#1785,39.3700787401575);
#1080=VECTOR('',#1786,39.3700787401575);
#1081=VECTOR('',#1789,39.3700787401575);
#1082=VECTOR('',#1790,39.3700787401575);
#1083=VECTOR('',#1791,39.3700787401575);
#1084=VECTOR('',#1792,39.3700787401575);
#1085=VECTOR('',#1793,39.3700787401575);
#1086=VECTOR('',#1794,39.3700787401575);
#1087=VECTOR('',#1795,39.3700787401575);
#1088=VECTOR('',#1796,39.3700787401575);
#1089=VECTOR('',#1797,39.3700787401575);
#1090=VECTOR('',#1798,39.3700787401575);
#1091=VECTOR('',#1799,39.3700787401575);
#1092=VECTOR('',#1802,39.3700787401575);
#1093=VECTOR('',#1803,39.3700787401575);
#1094=VECTOR('',#1804,39.3700787401575);
#1095=VECTOR('',#1805,39.3700787401575);
#1096=VECTOR('',#1806,39.3700787401575);
#1097=VECTOR('',#1807,39.3700787401575);
#1098=VECTOR('',#1808,39.3700787401575);
#1099=VECTOR('',#1809,39.3700787401575);
#1100=VECTOR('',#1810,39.3700787401575);
#1101=VECTOR('',#1811,39.3700787401575);
#1102=VECTOR('',#1812,39.3700787401575);
#1103=VECTOR('',#1815,39.3700787401575);
#1104=VECTOR('',#1816,39.3700787401575);
#1105=VECTOR('',#1817,39.3700787401575);
#1106=VECTOR('',#1818,39.3700787401575);
#1107=VECTOR('',#1819,39.3700787401575);
#1108=VECTOR('',#1820,39.3700787401575);
#1109=VECTOR('',#1821,39.3700787401575);
#1110=VECTOR('',#1822,39.3700787401575);
#1111=VECTOR('',#1823,39.3700787401575);
#1112=VECTOR('',#1824,39.3700787401575);
#1113=VECTOR('',#1825,39.3700787401575);
#1114=VECTOR('',#1828,39.3700787401575);
#1115=VECTOR('',#1829,39.3700787401575);
#1116=VECTOR('',#1830,39.3700787401575);
#1117=VECTOR('',#1831,39.3700787401575);
#1118=VECTOR('',#1832,39.3700787401575);
#1119=VECTOR('',#1833,39.3700787401575);
#1120=VECTOR('',#1834,39.3700787401575);
#1121=VECTOR('',#1835,39.3700787401575);
#1122=VECTOR('',#1836,39.3700787401575);
#1123=VECTOR('',#1837,39.3700787401575);
#1124=VECTOR('',#1838,39.3700787401575);
#1125=VECTOR('',#1841,39.3700787401575);
#1126=VECTOR('',#1842,39.3700787401575);
#1127=VECTOR('',#1843,39.3700787401575);
#1128=VECTOR('',#1846,39.3700787401575);
#1129=VECTOR('',#1847,39.3700787401575);
#1130=VECTOR('',#1848,39.3700787401575);
#1131=VECTOR('',#1851,39.3700787401575);
#1132=VECTOR('',#1852,39.3700787401575);
#1133=VECTOR('',#1853,39.3700787401575);
#1134=VECTOR('',#1856,39.3700787401575);
#1135=VECTOR('',#1857,39.3700787401575);
#1136=VECTOR('',#1858,39.3700787401575);
#1137=VECTOR('',#1861,39.3700787401575);
#1138=VECTOR('',#1862,39.3700787401575);
#1139=VECTOR('',#1863,39.3700787401575);
#1140=VECTOR('',#1866,39.3700787401575);
#1141=VECTOR('',#1867,39.3700787401575);
#1142=VECTOR('',#1868,39.3700787401575);
#1143=VECTOR('',#1871,39.3700787401575);
#1144=VECTOR('',#1872,39.3700787401575);
#1145=VECTOR('',#1873,39.3700787401575);
#1146=VECTOR('',#1876,39.3700787401575);
#1147=VECTOR('',#1877,39.3700787401575);
#1148=VECTOR('',#1878,39.3700787401575);
#1149=VECTOR('',#1881,39.3700787401575);
#1150=VECTOR('',#1884,39.3700787401575);
#1151=VECTOR('',#1887,39.3700787401575);
#1152=VECTOR('',#1890,39.3700787401575);
#1153=VECTOR('',#1893,39.3700787401575);
#1154=VECTOR('',#1894,39.3700787401575);
#1155=VECTOR('',#1897,39.3700787401575);
#1156=VECTOR('',#1898,39.3700787401575);
#1157=VECTOR('',#1901,39.3700787401575);
#1158=VECTOR('',#1902,39.3700787401575);
#1159=VECTOR('',#1905,39.3700787401575);
#1160=VECTOR('',#1906,39.3700787401575);
#1161=VECTOR('',#1909,39.3700787401575);
#1162=VECTOR('',#1910,39.3700787401575);
#1163=VECTOR('',#1913,39.3700787401575);
#1164=VECTOR('',#1914,39.3700787401575);
#1165=VECTOR('',#1917,39.3700787401575);
#1166=VECTOR('',#1918,39.3700787401575);
#1167=VECTOR('',#1921,39.3700787401575);
#1168=VECTOR('',#1922,39.3700787401575);
#1169=VECTOR('',#1925,39.3700787401575);
#1170=VECTOR('',#1926,39.3700787401575);
#1171=VECTOR('',#1929,39.3700787401575);
#1172=VECTOR('',#1930,39.3700787401575);
#1173=VECTOR('',#1933,39.3700787401575);
#1174=VECTOR('',#1934,39.3700787401575);
#1175=VECTOR('',#1937,39.3700787401575);
#1176=VECTOR('',#1938,39.3700787401575);
#1177=VECTOR('',#1941,39.3700787401575);
#1178=VECTOR('',#1942,39.3700787401575);
#1179=VECTOR('',#1943,39.3700787401575);
#1180=VECTOR('',#1944,39.3700787401575);
#1181=VECTOR('',#1947,39.3700787401575);
#1182=VECTOR('',#1948,39.3700787401575);
#1183=VECTOR('',#1949,39.3700787401575);
#1184=VECTOR('',#1952,39.3700787401575);
#1185=VECTOR('',#1953,39.3700787401575);
#1186=VECTOR('',#1954,39.3700787401575);
#1187=VECTOR('',#1957,39.3700787401575);
#1188=VECTOR('',#1958,39.3700787401575);
#1189=VECTOR('',#1959,39.3700787401575);
#1190=VECTOR('',#1960,39.3700787401575);
#1191=VECTOR('',#1963,39.3700787401575);
#1192=VECTOR('',#1964,39.3700787401575);
#1193=VECTOR('',#1965,39.3700787401575);
#1194=VECTOR('',#1968,39.3700787401575);
#1195=VECTOR('',#1969,39.3700787401575);
#1196=VECTOR('',#1970,39.3700787401575);
#1197=VECTOR('',#1973,39.3700787401575);
#1198=VECTOR('',#1974,39.3700787401575);
#1199=VECTOR('',#1977,39.3700787401575);
#1200=VECTOR('',#1978,39.3700787401575);
#1201=VECTOR('',#1981,39.3700787401575);
#1202=VECTOR('',#1982,39.3700787401575);
#1203=VECTOR('',#1985,39.3700787401575);
#1204=VECTOR('',#1986,39.3700787401575);
#1205=VECTOR('',#1993,39.3700787401575);
#1206=VECTOR('',#1994,39.3700787401575);
#1207=VECTOR('',#1995,39.3700787401575);
#1208=VECTOR('',#1996,39.3700787401575);
#1209=VECTOR('',#1999,39.3700787401575);
#1210=VECTOR('',#2000,39.3700787401575);
#1211=VECTOR('',#2001,39.3700787401575);
#1212=VECTOR('',#2002,39.3700787401575);
#1213=VECTOR('',#2021,39.3700787401575);
#1214=VECTOR('',#2024,39.3700787401575);
#1215=VECTOR('',#2029,39.3700787401575);
#1216=VECTOR('',#2032,39.3700787401575);
#1217=VECTOR('',#2039,39.3700787401575);
#1218=VECTOR('',#2040,39.3700787401575);
#1219=VECTOR('',#2041,39.3700787401575);
#1220=VECTOR('',#2042,39.3700787401575);
#1221=VECTOR('',#2045,39.3700787401575);
#1222=VECTOR('',#2046,39.3700787401575);
#1223=VECTOR('',#2047,39.3700787401575);
#1224=VECTOR('',#2048,39.3700787401575);
#1225=VECTOR('',#2051,39.3700787401575);
#1226=VECTOR('',#2052,39.3700787401575);
#1227=VECTOR('',#2053,39.3700787401575);
#1228=VECTOR('',#2056,39.3700787401575);
#1229=VECTOR('',#2057,39.3700787401575);
#1230=VECTOR('',#2058,39.3700787401575);
#1231=VECTOR('',#2061,39.3700787401575);
#1232=VECTOR('',#2062,39.3700787401575);
#1233=VECTOR('',#2063,39.3700787401575);
#1234=VECTOR('',#2066,39.3700787401575);
#1235=VECTOR('',#2067,39.3700787401575);
#1236=VECTOR('',#2068,39.3700787401575);
#1237=VECTOR('',#2071,39.3700787401575);
#1238=VECTOR('',#2072,39.3700787401575);
#1239=VECTOR('',#2073,39.3700787401575);
#1240=VECTOR('',#2074,39.3700787401575);
#1241=VECTOR('',#2077,39.3700787401575);
#1242=VECTOR('',#2078,39.3700787401575);
#1243=VECTOR('',#2079,39.3700787401575);
#1244=VECTOR('',#2080,39.3700787401575);
#1245=VECTOR('',#2083,39.3700787401575);
#1246=VECTOR('',#2084,39.3700787401575);
#1247=VECTOR('',#2085,39.3700787401575);
#1248=VECTOR('',#2086,39.3700787401575);
#1249=VECTOR('',#2089,39.3700787401575);
#1250=VECTOR('',#2090,39.3700787401575);
#1251=VECTOR('',#2091,39.3700787401575);
#1252=VECTOR('',#2092,39.3700787401575);
#1253=VECTOR('',#2095,39.3700787401575);
#1254=VECTOR('',#2096,39.3700787401575);
#1255=VECTOR('',#2099,39.3700787401575);
#1256=VECTOR('',#2100,39.3700787401575);
#1257=VECTOR('',#2103,39.3700787401575);
#1258=VECTOR('',#2106,39.3700787401575);
#1259=VECTOR('',#2109,39.3700787401575);
#1260=VECTOR('',#2110,39.3700787401575);
#1261=VECTOR('',#2111,39.3700787401575);
#1262=VECTOR('',#2112,39.3700787401575);
#1263=VECTOR('',#2113,39.3700787401575);
#1264=VECTOR('',#2114,39.3700787401575);
#1265=VECTOR('',#2117,39.3700787401575);
#1266=VECTOR('',#2118,39.3700787401575);
#1267=VECTOR('',#2119,39.3700787401575);
#1268=VECTOR('',#2122,39.3700787401575);
#1269=VECTOR('',#2123,39.3700787401575);
#1270=VECTOR('',#2124,39.3700787401575);
#1271=VECTOR('',#2125,39.3700787401575);
#1272=VECTOR('',#2126,39.3700787401575);
#1273=VECTOR('',#2127,39.3700787401575);
#1274=VECTOR('',#2128,39.3700787401575);
#1275=VECTOR('',#2131,39.3700787401575);
#1276=VECTOR('',#2132,39.3700787401575);
#1277=EDGE_LOOP('',(#23,#24,#25,#26,#27,#28));
#1278=EDGE_LOOP('',(#29,#30,#31,#32,#33,#34));
#1279=EDGE_LOOP('',(#35,#36,#37,#38,#39,#40,#41,#42));
#1280=EDGE_LOOP('',(#43,#44,#45,#46,#47,#48,#49,#50));
#1281=EDGE_LOOP('',(#51,#52,#53,#54,#55,#56,#57,#58,#59,#60,#61));
#1282=EDGE_LOOP('',(#62,#63,#64,#65,#66,#67,#68,#69,#70,#71,#72));
#1283=EDGE_LOOP('',(#73,#74,#75,#76,#77,#78,#79,#80,#81,#82,#83));
#1284=EDGE_LOOP('',(#84,#85,#86,#87,#88,#89,#90,#91,#92,#93,#94));
#1285=EDGE_LOOP('',(#95,#96,#97,#98));
#1286=EDGE_LOOP('',(#99,#100,#101,#102));
#1287=EDGE_LOOP('',(#103,#104,#105,#106));
#1288=EDGE_LOOP('',(#107,#108,#109,#110));
#1289=EDGE_LOOP('',(#111,#112,#113,#114));
#1290=EDGE_LOOP('',(#115,#116,#117,#118));
#1291=EDGE_LOOP('',(#119,#120,#121,#122));
#1292=EDGE_LOOP('',(#123,#124,#125,#126));
#1293=EDGE_LOOP('',(#127,#128,#129,#130));
#1294=EDGE_LOOP('',(#131,#132,#133,#134));
#1295=EDGE_LOOP('',(#135,#136,#137,#138));
#1296=EDGE_LOOP('',(#139,#140,#141,#142));
#1297=EDGE_LOOP('',(#143,#144,#145,#146));
#1298=EDGE_LOOP('',(#147,#148,#149,#150));
#1299=EDGE_LOOP('',(#151,#152,#153,#154));
#1300=EDGE_LOOP('',(#155,#156,#157,#158));
#1301=EDGE_LOOP('',(#159,#160,#161,#162));
#1302=EDGE_LOOP('',(#163,#164,#165,#166));
#1303=EDGE_LOOP('',(#167,#168,#169,#170));
#1304=EDGE_LOOP('',(#171,#172,#173,#174));
#1305=EDGE_LOOP('',(#175,#176,#177,#178));
#1306=EDGE_LOOP('',(#179,#180,#181,#182));
#1307=EDGE_LOOP('',(#183,#184,#185,#186));
#1308=EDGE_LOOP('',(#187,#188,#189,#190));
#1309=EDGE_LOOP('',(#191,#192,#193,#194));
#1310=EDGE_LOOP('',(#195,#196,#197,#198));
#1311=EDGE_LOOP('',(#199,#200,#201,#202));
#1312=EDGE_LOOP('',(#203,#204,#205,#206));
#1313=EDGE_LOOP('',(#207,#208,#209,#210));
#1314=EDGE_LOOP('',(#211,#212,#213,#214));
#1315=EDGE_LOOP('',(#215,#216,#217,#218));
#1316=EDGE_LOOP('',(#219,#220,#221,#222));
#1317=EDGE_LOOP('',(#223,#224,#225,#226));
#1318=EDGE_LOOP('',(#227,#228,#229,#230));
#1319=EDGE_LOOP('',(#231,#232,#233,#234));
#1320=EDGE_LOOP('',(#235,#236,#237,#238));
#1321=EDGE_LOOP('',(#239,#240,#241,#242));
#1322=EDGE_LOOP('',(#243,#244,#245,#246));
#1323=EDGE_LOOP('',(#247,#248,#249,#250,#251,#252,#253,#254,#255,#256,#257,
#258,#259,#260,#261,#262));
#1324=EDGE_LOOP('',(#263,#264,#265,#266));
#1325=EDGE_LOOP('',(#267,#268,#269,#270,#271,#272,#273,#274,#275,#276,#277,
#278,#279,#280,#281,#282));
#1326=EDGE_LOOP('',(#283,#284,#285,#286));
#1327=EDGE_LOOP('',(#287,#288,#289,#290));
#1328=EDGE_LOOP('',(#291,#292,#293,#294));
#1329=EDGE_LOOP('',(#295,#296,#297,#298));
#1330=EDGE_LOOP('',(#299,#300,#301,#302));
#1331=EDGE_LOOP('',(#303,#304,#305,#306));
#1332=EDGE_LOOP('',(#307,#308,#309,#310));
#1333=EDGE_LOOP('',(#311,#312,#313,#314));
#1334=EDGE_LOOP('',(#315,#316,#317,#318));
#1335=EDGE_LOOP('',(#319,#320,#321,#322));
#1336=EDGE_LOOP('',(#323,#324,#325,#326,#327,#328));
#1337=EDGE_LOOP('',(#329,#330,#331,#332));
#1338=EDGE_LOOP('',(#333,#334,#335,#336));
#1339=EDGE_LOOP('',(#337,#338,#339,#340));
#1340=EDGE_LOOP('',(#341,#342,#343,#344,#345,#346));
#1341=EDGE_LOOP('',(#347,#348,#349,#350));
#1342=EDGE_LOOP('',(#351,#352,#353,#354));
#1343=EDGE_LOOP('',(#355,#356,#357,#358));
#1344=EDGE_LOOP('',(#359,#360,#361,#362));
#1345=EDGE_LOOP('',(#363,#364,#365,#366));
#1346=EDGE_LOOP('',(#367,#368,#369,#370));
#1347=EDGE_LOOP('',(#371,#372,#373,#374));
#1348=EDGE_LOOP('',(#375,#376,#377,#378));
#1349=EDGE_LOOP('',(#379,#380,#381,#382));
#1350=EDGE_LOOP('',(#383,#384,#385,#386));
#1351=EDGE_LOOP('',(#387,#388,#389,#390));
#1352=EDGE_LOOP('',(#391,#392,#393,#394));
#1353=EDGE_LOOP('',(#395,#396,#397,#398));
#1354=EDGE_LOOP('',(#399,#400,#401,#402));
#1355=EDGE_LOOP('',(#403,#404,#405,#406));
#1356=EDGE_LOOP('',(#407,#408,#409,#410));
#1357=EDGE_LOOP('',(#411,#412,#413,#414));
#1358=EDGE_LOOP('',(#415,#416,#417,#418));
#1359=EDGE_LOOP('',(#419,#420,#421,#422));
#1360=EDGE_LOOP('',(#423,#424,#425,#426));
#1361=EDGE_LOOP('',(#427,#428,#429,#430));
#1362=EDGE_LOOP('',(#431,#432,#433,#434));
#1363=EDGE_LOOP('',(#435,#436,#437,#438));
#1364=EDGE_LOOP('',(#439,#440,#441,#442));
#1365=EDGE_LOOP('',(#443,#444,#445,#446));
#1366=EDGE_LOOP('',(#447,#448,#449,#450));
#1367=EDGE_LOOP('',(#451,#452,#453,#454));
#1368=EDGE_LOOP('',(#455,#456,#457,#458));
#1369=EDGE_LOOP('',(#459,#460,#461,#462));
#1370=EDGE_LOOP('',(#463,#464,#465,#466));
#1371=FACE_BOUND('',#1277,.T.);
#1372=FACE_BOUND('',#1278,.T.);
#1373=FACE_BOUND('',#1279,.T.);
#1374=FACE_BOUND('',#1280,.T.);
#1375=FACE_BOUND('',#1281,.T.);
#1376=FACE_BOUND('',#1282,.T.);
#1377=FACE_BOUND('',#1283,.T.);
#1378=FACE_BOUND('',#1284,.T.);
#1379=FACE_BOUND('',#1285,.T.);
#1380=FACE_BOUND('',#1286,.T.);
#1381=FACE_BOUND('',#1287,.T.);
#1382=FACE_BOUND('',#1288,.T.);
#1383=FACE_BOUND('',#1289,.T.);
#1384=FACE_BOUND('',#1290,.T.);
#1385=FACE_BOUND('',#1291,.T.);
#1386=FACE_BOUND('',#1292,.T.);
#1387=FACE_BOUND('',#1293,.T.);
#1388=FACE_BOUND('',#1294,.T.);
#1389=FACE_BOUND('',#1295,.T.);
#1390=FACE_BOUND('',#1296,.T.);
#1391=FACE_BOUND('',#1297,.T.);
#1392=FACE_BOUND('',#1298,.T.);
#1393=FACE_BOUND('',#1299,.T.);
#1394=FACE_BOUND('',#1300,.T.);
#1395=FACE_BOUND('',#1301,.T.);
#1396=FACE_BOUND('',#1302,.T.);
#1397=FACE_BOUND('',#1303,.T.);
#1398=FACE_BOUND('',#1304,.T.);
#1399=FACE_BOUND('',#1305,.T.);
#1400=FACE_BOUND('',#1306,.T.);
#1401=FACE_BOUND('',#1307,.T.);
#1402=FACE_BOUND('',#1308,.T.);
#1403=FACE_BOUND('',#1309,.T.);
#1404=FACE_BOUND('',#1310,.T.);
#1405=FACE_BOUND('',#1311,.T.);
#1406=FACE_BOUND('',#1312,.T.);
#1407=FACE_BOUND('',#1313,.T.);
#1408=FACE_BOUND('',#1314,.T.);
#1409=FACE_BOUND('',#1315,.T.);
#1410=FACE_BOUND('',#1316,.T.);
#1411=FACE_BOUND('',#1317,.T.);
#1412=FACE_BOUND('',#1318,.T.);
#1413=FACE_BOUND('',#1319,.T.);
#1414=FACE_BOUND('',#1320,.T.);
#1415=FACE_BOUND('',#1321,.T.);
#1416=FACE_BOUND('',#1322,.T.);
#1417=FACE_BOUND('',#1323,.T.);
#1418=FACE_BOUND('',#1324,.T.);
#1419=FACE_BOUND('',#1325,.T.);
#1420=FACE_BOUND('',#1326,.T.);
#1421=FACE_BOUND('',#1327,.T.);
#1422=FACE_BOUND('',#1328,.T.);
#1423=FACE_BOUND('',#1329,.T.);
#1424=FACE_BOUND('',#1330,.T.);
#1425=FACE_BOUND('',#1331,.T.);
#1426=FACE_BOUND('',#1332,.T.);
#1427=FACE_BOUND('',#1333,.T.);
#1428=FACE_BOUND('',#1334,.T.);
#1429=FACE_BOUND('',#1335,.T.);
#1430=FACE_BOUND('',#1336,.T.);
#1431=FACE_BOUND('',#1337,.T.);
#1432=FACE_BOUND('',#1338,.T.);
#1433=FACE_BOUND('',#1339,.T.);
#1434=FACE_BOUND('',#1340,.T.);
#1435=FACE_BOUND('',#1341,.T.);
#1436=FACE_BOUND('',#1342,.T.);
#1437=FACE_BOUND('',#1343,.T.);
#1438=FACE_BOUND('',#1344,.T.);
#1439=FACE_BOUND('',#1345,.T.);
#1440=FACE_BOUND('',#1346,.T.);
#1441=FACE_BOUND('',#1347,.T.);
#1442=FACE_BOUND('',#1348,.T.);
#1443=FACE_BOUND('',#1349,.T.);
#1444=FACE_BOUND('',#1350,.T.);
#1445=FACE_BOUND('',#1351,.T.);
#1446=FACE_BOUND('',#1352,.T.);
#1447=FACE_BOUND('',#1353,.T.);
#1448=FACE_BOUND('',#1354,.T.);
#1449=FACE_BOUND('',#1355,.T.);
#1450=FACE_BOUND('',#1356,.T.);
#1451=FACE_BOUND('',#1357,.T.);
#1452=FACE_BOUND('',#1358,.T.);
#1453=FACE_BOUND('',#1359,.T.);
#1454=FACE_BOUND('',#1360,.T.);
#1455=FACE_BOUND('',#1361,.T.);
#1456=FACE_BOUND('',#1362,.T.);
#1457=FACE_BOUND('',#1363,.T.);
#1458=FACE_BOUND('',#1364,.T.);
#1459=FACE_BOUND('',#1365,.T.);
#1460=FACE_BOUND('',#1366,.T.);
#1461=FACE_BOUND('',#1367,.T.);
#1462=FACE_BOUND('',#1368,.T.);
#1463=FACE_BOUND('',#1369,.T.);
#1464=FACE_BOUND('',#1370,.T.);
#1465=PLANE('',#1663);
#1466=PLANE('',#1664);
#1467=PLANE('',#1665);
#1468=PLANE('',#1666);
#1469=PLANE('',#1667);
#1470=PLANE('',#1668);
#1471=PLANE('',#1669);
#1472=PLANE('',#1670);
#1473=PLANE('',#1671);
#1474=PLANE('',#1672);
#1475=PLANE('',#1673);
#1476=PLANE('',#1674);
#1477=PLANE('',#1675);
#1478=PLANE('',#1676);
#1479=PLANE('',#1677);
#1480=PLANE('',#1678);
#1481=PLANE('',#1679);
#1482=PLANE('',#1680);
#1483=PLANE('',#1681);
#1484=PLANE('',#1682);
#1485=PLANE('',#1683);
#1486=PLANE('',#1684);
#1487=PLANE('',#1685);
#1488=PLANE('',#1686);
#1489=PLANE('',#1687);
#1490=PLANE('',#1688);
#1491=PLANE('',#1689);
#1492=PLANE('',#1690);
#1493=PLANE('',#1691);
#1494=PLANE('',#1692);
#1495=PLANE('',#1693);
#1496=PLANE('',#1694);
#1497=PLANE('',#1695);
#1498=PLANE('',#1696);
#1499=PLANE('',#1697);
#1500=PLANE('',#1698);
#1501=PLANE('',#1699);
#1502=PLANE('',#1700);
#1503=PLANE('',#1701);
#1504=PLANE('',#1702);
#1505=PLANE('',#1703);
#1506=PLANE('',#1704);
#1507=PLANE('',#1705);
#1508=PLANE('',#1706);
#1509=PLANE('',#1707);
#1510=PLANE('',#1708);
#1511=PLANE('',#1709);
#1512=PLANE('',#1710);
#1513=PLANE('',#1711);
#1514=PLANE('',#1712);
#1515=PLANE('',#1713);
#1516=PLANE('',#1714);
#1517=PLANE('',#1715);
#1518=PLANE('',#1716);
#1519=PLANE('',#1717);
#1520=PLANE('',#1718);
#1521=PLANE('',#1719);
#1522=PLANE('',#1720);
#1523=PLANE('',#1721);
#1524=PLANE('',#1722);
#1525=PLANE('',#1724);
#1526=PLANE('',#1725);
#1527=PLANE('',#1726);
#1528=PLANE('',#1727);
#1529=PLANE('',#1728);
#1530=PLANE('',#1729);
#1531=PLANE('',#1730);
#1532=PLANE('',#1731);
#1533=PLANE('',#1732);
#1534=PLANE('',#1733);
#1535=PLANE('',#1734);
#1536=PLANE('',#1735);
#1537=PLANE('',#1736);
#1538=PLANE('',#1737);
#1539=PLANE('',#1738);
#1540=PLANE('',#1739);
#1541=PLANE('',#1740);
#1542=PLANE('',#1741);
#1543=PLANE('',#1742);
#1544=PLANE('',#1743);
#1545=PLANE('',#1744);
#1546=PLANE('',#1745);
#1547=PLANE('',#1746);
#1548=PLANE('',#1747);
#1549=PLANE('',#1748);
#1550=PLANE('',#1749);
#1551=ADVANCED_FACE('',(#1371),#1465,.T.);
#1552=ADVANCED_FACE('',(#1372),#1466,.T.);
#1553=ADVANCED_FACE('',(#1373),#1467,.T.);
#1554=ADVANCED_FACE('',(#1374),#1468,.T.);
#1555=ADVANCED_FACE('',(#1375),#1469,.F.);
#1556=ADVANCED_FACE('',(#1376),#1470,.F.);
#1557=ADVANCED_FACE('',(#1377),#1471,.F.);
#1558=ADVANCED_FACE('',(#1378),#1472,.F.);
#1559=ADVANCED_FACE('',(#1379),#1473,.F.);
#1560=ADVANCED_FACE('',(#1380),#1474,.F.);
#1561=ADVANCED_FACE('',(#1381),#1475,.F.);
#1562=ADVANCED_FACE('',(#1382),#1476,.F.);
#1563=ADVANCED_FACE('',(#1383),#1477,.F.);
#1564=ADVANCED_FACE('',(#1384),#1478,.F.);
#1565=ADVANCED_FACE('',(#1385),#1479,.F.);
#1566=ADVANCED_FACE('',(#1386),#1480,.F.);
#1567=ADVANCED_FACE('',(#1387),#1481,.T.);
#1568=ADVANCED_FACE('',(#1388),#1482,.T.);
#1569=ADVANCED_FACE('',(#1389),#1483,.T.);
#1570=ADVANCED_FACE('',(#1390),#1484,.T.);
#1571=ADVANCED_FACE('',(#1391),#1485,.T.);
#1572=ADVANCED_FACE('',(#1392),#1486,.T.);
#1573=ADVANCED_FACE('',(#1393),#1487,.T.);
#1574=ADVANCED_FACE('',(#1394),#1488,.T.);
#1575=ADVANCED_FACE('',(#1395),#1489,.T.);
#1576=ADVANCED_FACE('',(#1396),#1490,.T.);
#1577=ADVANCED_FACE('',(#1397),#1491,.T.);
#1578=ADVANCED_FACE('',(#1398),#1492,.T.);
#1579=ADVANCED_FACE('',(#1399),#1493,.T.);
#1580=ADVANCED_FACE('',(#1400),#1494,.T.);
#1581=ADVANCED_FACE('',(#1401),#1495,.T.);
#1582=ADVANCED_FACE('',(#1402),#1496,.T.);
#1583=ADVANCED_FACE('',(#1403),#1497,.T.);
#1584=ADVANCED_FACE('',(#1404),#1498,.T.);
#1585=ADVANCED_FACE('',(#1405),#1499,.T.);
#1586=ADVANCED_FACE('',(#1406),#1500,.T.);
#1587=ADVANCED_FACE('',(#1407),#1501,.T.);
#1588=ADVANCED_FACE('',(#1408),#1502,.T.);
#1589=ADVANCED_FACE('',(#1409),#1503,.T.);
#1590=ADVANCED_FACE('',(#1410),#1504,.T.);
#1591=ADVANCED_FACE('',(#1411),#1505,.F.);
#1592=ADVANCED_FACE('',(#1412),#1506,.F.);
#1593=ADVANCED_FACE('',(#1413,#1414),#1507,.T.);
#1594=ADVANCED_FACE('',(#1415,#1416),#1508,.T.);
#1595=ADVANCED_FACE('',(#1417,#1418),#1509,.T.);
#1596=ADVANCED_FACE('',(#1419,#1420),#1510,.T.);
#1597=ADVANCED_FACE('',(#1421),#1511,.T.);
#1598=ADVANCED_FACE('',(#1422),#1512,.T.);
#1599=ADVANCED_FACE('',(#1423),#1513,.T.);
#1600=ADVANCED_FACE('',(#1424),#1514,.T.);
#1601=ADVANCED_FACE('',(#1425),#1515,.T.);
#1602=ADVANCED_FACE('',(#1426),#1516,.T.);
#1603=ADVANCED_FACE('',(#1427),#1517,.T.);
#1604=ADVANCED_FACE('',(#1428),#1518,.T.);
#1605=ADVANCED_FACE('',(#1429),#1519,.T.);
#1606=ADVANCED_FACE('',(#1430),#1520,.T.);
#1607=ADVANCED_FACE('',(#1431),#1521,.T.);
#1608=ADVANCED_FACE('',(#1432),#1522,.T.);
#1609=ADVANCED_FACE('',(#1433),#1523,.T.);
#1610=ADVANCED_FACE('',(#1434),#1524,.T.);
#1611=ADVANCED_FACE('',(#1435),#1525,.F.);
#1612=ADVANCED_FACE('',(#1436),#1526,.F.);
#1613=ADVANCED_FACE('',(#1437),#1527,.F.);
#1614=ADVANCED_FACE('',(#1438),#1528,.F.);
#1615=ADVANCED_FACE('',(#1439),#1529,.T.);
#1616=ADVANCED_FACE('',(#1440),#1530,.T.);
#1617=ADVANCED_FACE('',(#1441),#1531,.T.);
#1618=ADVANCED_FACE('',(#1442),#1532,.T.);
#1619=ADVANCED_FACE('',(#1443),#1533,.F.);
#1620=ADVANCED_FACE('',(#1444),#1534,.F.);
#1621=ADVANCED_FACE('',(#1445),#1535,.F.);
#1622=ADVANCED_FACE('',(#1446),#1536,.F.);
#1623=ADVANCED_FACE('',(#1447),#1537,.F.);
#1624=ADVANCED_FACE('',(#1448),#1538,.F.);
#1625=ADVANCED_FACE('',(#1449,#1450,#1451),#1539,.F.);
#1626=ADVANCED_FACE('',(#1452),#1540,.F.);
#1627=ADVANCED_FACE('',(#1453,#1454,#1455),#1541,.F.);
#1628=ADVANCED_FACE('',(#1456),#1542,.F.);
#1629=ADVANCED_FACE('',(#1457),#1543,.T.);
#1630=ADVANCED_FACE('',(#1458),#1544,.F.);
#1631=ADVANCED_FACE('',(#1459),#1545,.F.);
#1632=ADVANCED_FACE('',(#1460),#1546,.F.);
#1633=ADVANCED_FACE('',(#1461),#1547,.T.);
#1634=ADVANCED_FACE('',(#1462),#1548,.T.);
#1635=ADVANCED_FACE('',(#1463),#1549,.T.);
#1636=ADVANCED_FACE('',(#1464),#1550,.T.);
#1637=CLOSED_SHELL('',(#1551,#1552,#1553,#1554,#1555,#1556,#1557,#1558,
#1559,#1560,#1561,#1562,#1563,#1564,#1565,#1566,#1567,#1568,#1569,#1570,
#1571,#1572,#1573,#1574,#1575,#1576,#1577,#1578,#1579,#1580,#1581,#1582,
#1583,#1584,#1585,#1586,#1587,#1588,#1589,#1590,#1591,#1592,#1593,#1594,
#1595,#1596,#1597,#1598,#1599,#1600,#1601,#1602,#1603,#1604,#1605,#1606,
#1607,#1608,#1609,#1610));
#1638=CLOSED_SHELL('',(#1611,#1612,#1613,#1614,#1615,#1616,#1617,#1618,
#1619,#1620,#1621,#1622,#1623,#1624,#1625,#1626,#1627,#1628,#1629,#1630,
#1631,#1632,#1633,#1634,#1635,#1636));
#1639=STYLED_ITEM('',(#1641),#1654);
#1640=STYLED_ITEM('',(#1642),#1655);
#1641=PRESENTATION_STYLE_ASSIGNMENT((#1643));
#1642=PRESENTATION_STYLE_ASSIGNMENT((#1644));
#1643=SURFACE_STYLE_USAGE(.BOTH.,#1645);
#1644=SURFACE_STYLE_USAGE(.BOTH.,#1646);
#1645=SURFACE_SIDE_STYLE('',(#1647));
#1646=SURFACE_SIDE_STYLE('',(#1648));
#1647=SURFACE_STYLE_FILL_AREA(#1649);
#1648=SURFACE_STYLE_FILL_AREA(#1650);
#1649=FILL_AREA_STYLE('',(#1651));
#1650=FILL_AREA_STYLE('',(#1652));
#1651=FILL_AREA_STYLE_COLOUR('',#1653);
#1652=FILL_AREA_STYLE_COLOUR('',#10);
#1653=COLOUR_RGB('',0.5,0.5,0.5);
#1654=MANIFOLD_SOLID_BREP('MTSW-102-07-L-S-240_body',#1637);
#1655=MANIFOLD_SOLID_BREP('MTSW-102-07-S-240',#1638);
#1656=SHAPE_DEFINITION_REPRESENTATION(#2619,#1659);
#1657=SHAPE_DEFINITION_REPRESENTATION(#2620,#1660);
#1658=SHAPE_DEFINITION_REPRESENTATION(#2622,#1661);
#1659=SHAPE_REPRESENTATION('MTSW-102-07-L-S-240',(#1662,#1723,#1750),#2607);
#1660=SHAPE_REPRESENTATION('MTSW-102-07-L-S-240_body',(#1662),#2608);
#1661=SHAPE_REPRESENTATION('MTSW-102-07-S-240',(#1662),#2609);
#1662=AXIS2_PLACEMENT_3D('',#2151,#1751,#1752);
#1663=AXIS2_PLACEMENT_3D('',#2152,#1753,#1754);
#1664=AXIS2_PLACEMENT_3D('',#2165,#1761,#1762);
#1665=AXIS2_PLACEMENT_3D('',#2175,#1768,#1769);
#1666=AXIS2_PLACEMENT_3D('',#2192,#1778,#1779);
#1667=AXIS2_PLACEMENT_3D('',#2206,#1787,#1788);
#1668=AXIS2_PLACEMENT_3D('',#2227,#1800,#1801);
#1669=AXIS2_PLACEMENT_3D('',#2248,#1813,#1814);
#1670=AXIS2_PLACEMENT_3D('',#2269,#1826,#1827);
#1671=AXIS2_PLACEMENT_3D('',#2290,#1839,#1840);
#1672=AXIS2_PLACEMENT_3D('',#2296,#1844,#1845);
#1673=AXIS2_PLACEMENT_3D('',#2302,#1849,#1850);
#1674=AXIS2_PLACEMENT_3D('',#2308,#1854,#1855);
#1675=AXIS2_PLACEMENT_3D('',#2314,#1859,#1860);
#1676=AXIS2_PLACEMENT_3D('',#2320,#1864,#1865);
#1677=AXIS2_PLACEMENT_3D('',#2326,#1869,#1870);
#1678=AXIS2_PLACEMENT_3D('',#2332,#1874,#1875);
#1679=AXIS2_PLACEMENT_3D('',#2338,#1879,#1880);
#1680=AXIS2_PLACEMENT_3D('',#2340,#1882,#1883);
#1681=AXIS2_PLACEMENT_3D('',#2342,#1885,#1886);
#1682=AXIS2_PLACEMENT_3D('',#2344,#1888,#1889);
#1683=AXIS2_PLACEMENT_3D('',#2346,#1891,#1892);
#1684=AXIS2_PLACEMENT_3D('',#2350,#1895,#1896);
#1685=AXIS2_PLACEMENT_3D('',#2354,#1899,#1900);
#1686=AXIS2_PLACEMENT_3D('',#2358,#1903,#1904);
#1687=AXIS2_PLACEMENT_3D('',#2362,#1907,#1908);
#1688=AXIS2_PLACEMENT_3D('',#2366,#1911,#1912);
#1689=AXIS2_PLACEMENT_3D('',#2370,#1915,#1916);
#1690=AXIS2_PLACEMENT_3D('',#2374,#1919,#1920);
#1691=AXIS2_PLACEMENT_3D('',#2378,#1923,#1924);
#1692=AXIS2_PLACEMENT_3D('',#2382,#1927,#1928);
#1693=AXIS2_PLACEMENT_3D('',#2386,#1931,#1932);
#1694=AXIS2_PLACEMENT_3D('',#2390,#1935,#1936);
#1695=AXIS2_PLACEMENT_3D('',#2394,#1939,#1940);
#1696=AXIS2_PLACEMENT_3D('',#2403,#1945,#1946);
#1697=AXIS2_PLACEMENT_3D('',#2409,#1950,#1951);
#1698=AXIS2_PLACEMENT_3D('',#2415,#1955,#1956);
#1699=AXIS2_PLACEMENT_3D('',#2424,#1961,#1962);
#1700=AXIS2_PLACEMENT_3D('',#2430,#1966,#1967);
#1701=AXIS2_PLACEMENT_3D('',#2436,#1971,#1972);
#1702=AXIS2_PLACEMENT_3D('',#2439,#1975,#1976);
#1703=AXIS2_PLACEMENT_3D('',#2442,#1979,#1980);
#1704=AXIS2_PLACEMENT_3D('',#2445,#1983,#1984);
#1705=AXIS2_PLACEMENT_3D('',#2448,#1987,#1988);
#1706=AXIS2_PLACEMENT_3D('',#2449,#1989,#1990);
#1707=AXIS2_PLACEMENT_3D('',#2450,#1991,#1992);
#1708=AXIS2_PLACEMENT_3D('',#2455,#1997,#1998);
#1709=AXIS2_PLACEMENT_3D('',#2460,#2003,#2004);
#1710=AXIS2_PLACEMENT_3D('',#2461,#2005,#2006);
#1711=AXIS2_PLACEMENT_3D('',#2462,#2007,#2008);
#1712=AXIS2_PLACEMENT_3D('',#2463,#2009,#2010);
#1713=AXIS2_PLACEMENT_3D('',#2464,#2011,#2012);
#1714=AXIS2_PLACEMENT_3D('',#2465,#2013,#2014);
#1715=AXIS2_PLACEMENT_3D('',#2466,#2015,#2016);
#1716=AXIS2_PLACEMENT_3D('',#2467,#2017,#2018);
#1717=AXIS2_PLACEMENT_3D('',#2468,#2019,#2020);
#1718=AXIS2_PLACEMENT_3D('',#2470,#2022,#2023);
#1719=AXIS2_PLACEMENT_3D('',#2472,#2025,#2026);
#1720=AXIS2_PLACEMENT_3D('',#2473,#2027,#2028);
#1721=AXIS2_PLACEMENT_3D('',#2475,#2030,#2031);
#1722=AXIS2_PLACEMENT_3D('',#2477,#2033,#2034);
#1723=AXIS2_PLACEMENT_3D('',#2478,#2035,#2036);
#1724=AXIS2_PLACEMENT_3D('',#2479,#2037,#2038);
#1725=AXIS2_PLACEMENT_3D('',#2488,#2043,#2044);
#1726=AXIS2_PLACEMENT_3D('',#2497,#2049,#2050);
#1727=AXIS2_PLACEMENT_3D('',#2503,#2054,#2055);
#1728=AXIS2_PLACEMENT_3D('',#2509,#2059,#2060);
#1729=AXIS2_PLACEMENT_3D('',#2515,#2064,#2065);
#1730=AXIS2_PLACEMENT_3D('',#2521,#2069,#2070);
#1731=AXIS2_PLACEMENT_3D('',#2530,#2075,#2076);
#1732=AXIS2_PLACEMENT_3D('',#2539,#2081,#2082);
#1733=AXIS2_PLACEMENT_3D('',#2548,#2087,#2088);
#1734=AXIS2_PLACEMENT_3D('',#2557,#2093,#2094);
#1735=AXIS2_PLACEMENT_3D('',#2560,#2097,#2098);
#1736=AXIS2_PLACEMENT_3D('',#2563,#2101,#2102);
#1737=AXIS2_PLACEMENT_3D('',#2565,#2104,#2105);
#1738=AXIS2_PLACEMENT_3D('',#2567,#2107,#2108);
#1739=AXIS2_PLACEMENT_3D('',#2578,#2115,#2116);
#1740=AXIS2_PLACEMENT_3D('',#2584,#2120,#2121);
#1741=AXIS2_PLACEMENT_3D('',#2594,#2129,#2130);
#1742=AXIS2_PLACEMENT_3D('',#2597,#2133,#2134);
#1743=AXIS2_PLACEMENT_3D('',#2598,#2135,#2136);
#1744=AXIS2_PLACEMENT_3D('',#2599,#2137,#2138);
#1745=AXIS2_PLACEMENT_3D('',#2600,#2139,#2140);
#1746=AXIS2_PLACEMENT_3D('',#2601,#2141,#2142);
#1747=AXIS2_PLACEMENT_3D('',#2602,#2143,#2144);
#1748=AXIS2_PLACEMENT_3D('',#2603,#2145,#2146);
#1749=AXIS2_PLACEMENT_3D('',#2604,#2147,#2148);
#1750=AXIS2_PLACEMENT_3D('',#2605,#2149,#2150);
#1751=DIRECTION('',(0.,0.,1.));
#1752=DIRECTION('',(1.,0.,0.));
#1753=DIRECTION('',(0.707106781186547,0.707106781186548,0.));
#1754=DIRECTION('',(-0.707106781186548,0.707106781186547,0.));
#1755=DIRECTION('',(0.,0.,-1.));
#1756=DIRECTION('',(0.401488399504225,-0.401488399504225,-0.823173207853044));
#1757=DIRECTION('',(0.707106781186548,-0.707106781186547,0.));
#1758=DIRECTION('',(0.,0.,-1.));
#1759=DIRECTION('',(-0.707106781186548,0.707106781186547,0.));
#1760=DIRECTION('',(-0.401488399504228,0.401488399504228,-0.823173207853042));
#1761=DIRECTION('',(-0.707106781186547,0.707106781186548,0.));
#1762=DIRECTION('',(-0.707106781186548,-0.707106781186547,0.));
#1763=DIRECTION('',(0.707106781186548,0.707106781186547,0.));
#1764=DIRECTION('',(0.401488399504237,0.401488399504237,0.823173207853032));
#1765=DIRECTION('',(0.,0.,1.));
#1766=DIRECTION('',(-0.401488399504228,-0.401488399504228,0.823173207853042));
#1767=DIRECTION('',(-0.707106781186548,-0.707106781186547,0.));
#1768=DIRECTION('',(0.707106781186547,-0.707106781186548,0.));
#1769=DIRECTION('',(0.707106781186548,0.707106781186547,0.));
#1770=DIRECTION('',(-0.707106781186548,-0.707106781186547,0.));
#1771=DIRECTION('',(-0.401488399504225,-0.401488399504224,0.823173207853045));
#1772=DIRECTION('',(0.,0.,-1.));
#1773=DIRECTION('',(0.,0.,-1.));
#1774=DIRECTION('',(0.,0.,-1.));
#1775=DIRECTION('',(0.401488399504228,0.401488399504227,0.823173207853042));
#1776=DIRECTION('',(0.707106781186548,0.707106781186547,0.));
#1777=DIRECTION('',(0.,0.,-1.));
#1778=DIRECTION('',(-0.707106781186547,-0.707106781186548,0.));
#1779=DIRECTION('',(0.707106781186548,-0.707106781186547,0.));
#1780=DIRECTION('',(0.,0.,-1.));
#1781=DIRECTION('',(-0.401488399504238,0.401488399504237,-0.823173207853033));
#1782=DIRECTION('',(-0.707106781186548,0.707106781186547,0.));
#1783=DIRECTION('',(0.707106781186548,-0.707106781186547,0.));
#1784=DIRECTION('',(0.401488399504228,-0.401488399504227,-0.823173207853042));
#1785=DIRECTION('',(0.,0.,-1.));
#1786=DIRECTION('',(0.,0.,1.));
#1787=DIRECTION('',(0.,0.,-1.));
#1788=DIRECTION('',(-1.,0.,0.));
#1789=DIRECTION('',(0.,-1.,0.));
#1790=DIRECTION('',(1.,0.,0.));
#1791=DIRECTION('',(0.,-1.,0.));
#1792=DIRECTION('',(-1.,0.,0.));
#1793=DIRECTION('',(0.,1.,0.));
#1794=DIRECTION('',(1.,0.,0.));
#1795=DIRECTION('',(0.,-1.,0.));
#1796=DIRECTION('',(-1.,0.,0.));
#1797=DIRECTION('',(0.,1.,0.));
#1798=DIRECTION('',(1.,0.,0.));
#1799=DIRECTION('',(0.,-1.,0.));
#1800=DIRECTION('',(0.,0.,-1.));
#1801=DIRECTION('',(-1.,0.,0.));
#1802=DIRECTION('',(0.,-1.,0.));
#1803=DIRECTION('',(0.,1.,0.));
#1804=DIRECTION('',(1.,0.,0.));
#1805=DIRECTION('',(0.,-1.,0.));
#1806=DIRECTION('',(-1.,0.,0.));
#1807=DIRECTION('',(0.,1.,0.));
#1808=DIRECTION('',(1.,0.,0.));
#1809=DIRECTION('',(0.,-1.,0.));
#1810=DIRECTION('',(-1.,0.,0.));
#1811=DIRECTION('',(0.,-1.,0.));
#1812=DIRECTION('',(1.,0.,0.));
#1813=DIRECTION('',(0.,0.,1.));
#1814=DIRECTION('',(1.,0.,0.));
#1815=DIRECTION('',(0.,-1.,0.));
#1816=DIRECTION('',(0.,1.,0.));
#1817=DIRECTION('',(-1.,0.,0.));
#1818=DIRECTION('',(0.,-1.,0.));
#1819=DIRECTION('',(1.,0.,0.));
#1820=DIRECTION('',(0.,1.,0.));
#1821=DIRECTION('',(-1.,0.,0.));
#1822=DIRECTION('',(0.,-1.,0.));
#1823=DIRECTION('',(1.,0.,0.));
#1824=DIRECTION('',(0.,-1.,0.));
#1825=DIRECTION('',(-1.,0.,0.));
#1826=DIRECTION('',(0.,0.,1.));
#1827=DIRECTION('',(1.,0.,0.));
#1828=DIRECTION('',(0.,-1.,0.));
#1829=DIRECTION('',(-1.,0.,0.));
#1830=DIRECTION('',(0.,-1.,0.));
#1831=DIRECTION('',(1.,0.,0.));
#1832=DIRECTION('',(0.,1.,0.));
#1833=DIRECTION('',(-1.,0.,0.));
#1834=DIRECTION('',(0.,-1.,0.));
#1835=DIRECTION('',(1.,0.,0.));
#1836=DIRECTION('',(0.,1.,0.));
#1837=DIRECTION('',(-1.,0.,0.));
#1838=DIRECTION('',(0.,-1.,0.));
#1839=DIRECTION('',(0.,1.,0.));
#1840=DIRECTION('',(0.,0.,1.));
#1841=DIRECTION('',(-1.,0.,0.));
#1842=DIRECTION('',(0.,0.,-1.));
#1843=DIRECTION('',(0.,0.,-1.));
#1844=DIRECTION('',(0.,1.,0.));
#1845=DIRECTION('',(0.,0.,1.));
#1846=DIRECTION('',(1.,0.,0.));
#1847=DIRECTION('',(0.,0.,-1.));
#1848=DIRECTION('',(0.,0.,-1.));
#1849=DIRECTION('',(0.,1.,0.));
#1850=DIRECTION('',(0.,0.,1.));
#1851=DIRECTION('',(-1.,0.,0.));
#1852=DIRECTION('',(0.,0.,-1.));
#1853=DIRECTION('',(0.,0.,1.));
#1854=DIRECTION('',(0.,1.,0.));
#1855=DIRECTION('',(0.,0.,1.));
#1856=DIRECTION('',(1.,0.,0.));
#1857=DIRECTION('',(0.,0.,1.));
#1858=DIRECTION('',(0.,0.,-1.));
#1859=DIRECTION('',(0.,1.,0.));
#1860=DIRECTION('',(0.,0.,1.));
#1861=DIRECTION('',(-1.,0.,0.));
#1862=DIRECTION('',(0.,0.,-1.));
#1863=DIRECTION('',(0.,0.,1.));
#1864=DIRECTION('',(0.,1.,0.));
#1865=DIRECTION('',(0.,0.,1.));
#1866=DIRECTION('',(1.,0.,0.));
#1867=DIRECTION('',(0.,0.,1.));
#1868=DIRECTION('',(0.,0.,-1.));
#1869=DIRECTION('',(0.,1.,0.));
#1870=DIRECTION('',(0.,0.,1.));
#1871=DIRECTION('',(-1.,0.,0.));
#1872=DIRECTION('',(0.,0.,-1.));
#1873=DIRECTION('',(0.,0.,-1.));
#1874=DIRECTION('',(0.,1.,0.));
#1875=DIRECTION('',(0.,0.,1.));
#1876=DIRECTION('',(1.,0.,0.));
#1877=DIRECTION('',(0.,0.,-1.));
#1878=DIRECTION('',(0.,0.,-1.));
#1879=DIRECTION('',(1.,0.,0.));
#1880=DIRECTION('',(0.,0.,-1.));
#1881=DIRECTION('',(0.,1.,0.));
#1882=DIRECTION('',(1.,0.,0.));
#1883=DIRECTION('',(0.,0.,-1.));
#1884=DIRECTION('',(0.,-1.,0.));
#1885=DIRECTION('',(-1.,0.,0.));
#1886=DIRECTION('',(0.,0.,1.));
#1887=DIRECTION('',(0.,-1.,0.));
#1888=DIRECTION('',(-1.,0.,0.));
#1889=DIRECTION('',(0.,0.,1.));
#1890=DIRECTION('',(0.,1.,0.));
#1891=DIRECTION('',(-1.,0.,0.));
#1892=DIRECTION('',(0.,0.,1.));
#1893=DIRECTION('',(0.,0.,-1.));
#1894=DIRECTION('',(0.,-1.,0.));
#1895=DIRECTION('',(-1.,0.,0.));
#1896=DIRECTION('',(0.,0.,1.));
#1897=DIRECTION('',(0.,1.,0.));
#1898=DIRECTION('',(0.,0.,-1.));
#1899=DIRECTION('',(1.,0.,0.));
#1900=DIRECTION('',(0.,0.,-1.));
#1901=DIRECTION('',(0.,1.,0.));
#1902=DIRECTION('',(0.,0.,-1.));
#1903=DIRECTION('',(1.,0.,0.));
#1904=DIRECTION('',(0.,0.,-1.));
#1905=DIRECTION('',(0.,0.,-1.));
#1906=DIRECTION('',(0.,-1.,0.));
#1907=DIRECTION('',(-1.,0.,0.));
#1908=DIRECTION('',(0.,0.,1.));
#1909=DIRECTION('',(0.,0.,-1.));
#1910=DIRECTION('',(0.,-1.,0.));
#1911=DIRECTION('',(-1.,0.,0.));
#1912=DIRECTION('',(0.,0.,1.));
#1913=DIRECTION('',(0.,1.,0.));
#1914=DIRECTION('',(0.,0.,-1.));
#1915=DIRECTION('',(1.,0.,0.));
#1916=DIRECTION('',(0.,0.,-1.));
#1917=DIRECTION('',(0.,1.,0.));
#1918=DIRECTION('',(0.,0.,-1.));
#1919=DIRECTION('',(1.,0.,0.));
#1920=DIRECTION('',(0.,0.,-1.));
#1921=DIRECTION('',(0.,0.,-1.));
#1922=DIRECTION('',(0.,-1.,0.));
#1923=DIRECTION('',(-1.,0.,0.));
#1924=DIRECTION('',(0.,0.,1.));
#1925=DIRECTION('',(0.,0.,-1.));
#1926=DIRECTION('',(0.,-1.,0.));
#1927=DIRECTION('',(-1.,0.,0.));
#1928=DIRECTION('',(0.,0.,1.));
#1929=DIRECTION('',(0.,1.,0.));
#1930=DIRECTION('',(0.,0.,-1.));
#1931=DIRECTION('',(1.,0.,0.));
#1932=DIRECTION('',(0.,0.,-1.));
#1933=DIRECTION('',(0.,1.,0.));
#1934=DIRECTION('',(0.,0.,-1.));
#1935=DIRECTION('',(1.,0.,0.));
#1936=DIRECTION('',(0.,0.,-1.));
#1937=DIRECTION('',(0.,0.,-1.));
#1938=DIRECTION('',(0.,-1.,0.));
#1939=DIRECTION('',(0.,0.,1.));
#1940=DIRECTION('',(1.,0.,0.));
#1941=DIRECTION('',(0.,-1.,0.));
#1942=DIRECTION('',(1.,0.,0.));
#1943=DIRECTION('',(0.,-1.,0.));
#1944=DIRECTION('',(-1.,0.,0.));
#1945=DIRECTION('',(-1.,0.,0.));
#1946=DIRECTION('',(0.,0.,1.));
#1947=DIRECTION('',(0.,0.,1.));
#1948=DIRECTION('',(0.,-1.,0.));
#1949=DIRECTION('',(0.,0.,-1.));
#1950=DIRECTION('',(0.,0.,-1.));
#1951=DIRECTION('',(-1.,0.,0.));
#1952=DIRECTION('',(-1.,0.,0.));
#1953=DIRECTION('',(0.,-1.,0.));
#1954=DIRECTION('',(1.,0.,0.));
#1955=DIRECTION('',(0.,0.,1.));
#1956=DIRECTION('',(1.,0.,0.));
#1957=DIRECTION('',(0.,-1.,0.));
#1958=DIRECTION('',(1.,0.,0.));
#1959=DIRECTION('',(0.,-1.,0.));
#1960=DIRECTION('',(-1.,0.,0.));
#1961=DIRECTION('',(-1.,0.,0.));
#1962=DIRECTION('',(0.,0.,1.));
#1963=DIRECTION('',(0.,0.,1.));
#1964=DIRECTION('',(0.,-1.,0.));
#1965=DIRECTION('',(0.,0.,-1.));
#1966=DIRECTION('',(0.,0.,-1.));
#1967=DIRECTION('',(-1.,0.,0.));
#1968=DIRECTION('',(-1.,0.,0.));
#1969=DIRECTION('',(0.,-1.,0.));
#1970=DIRECTION('',(1.,0.,0.));
#1971=DIRECTION('',(1.,0.,0.));
#1972=DIRECTION('',(0.,0.,-1.));
#1973=DIRECTION('',(0.,0.,-1.));
#1974=DIRECTION('',(0.,0.,1.));
#1975=DIRECTION('',(1.,0.,0.));
#1976=DIRECTION('',(0.,0.,-1.));
#1977=DIRECTION('',(0.,0.,-1.));
#1978=DIRECTION('',(0.,0.,1.));
#1979=DIRECTION('',(-1.,0.,0.));
#1980=DIRECTION('',(0.,0.,1.));
#1981=DIRECTION('',(0.,0.,1.));
#1982=DIRECTION('',(0.,0.,-1.));
#1983=DIRECTION('',(1.,0.,0.));
#1984=DIRECTION('',(0.,0.,-1.));
#1985=DIRECTION('',(0.,0.,-1.));
#1986=DIRECTION('',(0.,0.,1.));
#1987=DIRECTION('',(0.,1.,0.));
#1988=DIRECTION('',(0.,0.,1.));
#1989=DIRECTION('',(0.,1.,0.));
#1990=DIRECTION('',(0.,0.,1.));
#1991=DIRECTION('',(0.,-1.,0.));
#1992=DIRECTION('',(0.,0.,-1.));
#1993=DIRECTION('',(-1.,0.,0.));
#1994=DIRECTION('',(-1.,0.,0.));
#1995=DIRECTION('',(-1.,0.,0.));
#1996=DIRECTION('',(-1.,0.,0.));
#1997=DIRECTION('',(0.,-1.,0.));
#1998=DIRECTION('',(0.,0.,-1.));
#1999=DIRECTION('',(-1.,0.,0.));
#2000=DIRECTION('',(-1.,0.,0.));
#2001=DIRECTION('',(-1.,0.,0.));
#2002=DIRECTION('',(-1.,0.,0.));
#2003=DIRECTION('',(0.,0.,1.));
#2004=DIRECTION('',(1.,0.,0.));
#2005=DIRECTION('',(0.,0.,-1.));
#2006=DIRECTION('',(-1.,0.,0.));
#2007=DIRECTION('',(0.,0.,1.));
#2008=DIRECTION('',(1.,0.,0.));
#2009=DIRECTION('',(0.,0.,-1.));
#2010=DIRECTION('',(-1.,0.,0.));
#2011=DIRECTION('',(0.,0.,1.));
#2012=DIRECTION('',(1.,0.,0.));
#2013=DIRECTION('',(0.,0.,-1.));
#2014=DIRECTION('',(-1.,0.,0.));
#2015=DIRECTION('',(0.,0.,-1.));
#2016=DIRECTION('',(-1.,0.,0.));
#2017=DIRECTION('',(0.,0.,1.));
#2018=DIRECTION('',(1.,0.,0.));
#2019=DIRECTION('',(0.898794046299167,0.,-0.438371146789077));
#2020=DIRECTION('',(-0.438371146789077,0.,-0.898794046299167));
#2021=DIRECTION('',(0.,-1.,0.));
#2022=DIRECTION('',(0.,0.,-1.));
#2023=DIRECTION('',(-1.,0.,0.));
#2024=DIRECTION('',(0.,-1.,0.));
#2025=DIRECTION('',(-0.898794046299167,0.,-0.438371146789077));
#2026=DIRECTION('',(-0.438371146789077,0.,0.898794046299167));
#2027=DIRECTION('',(0.898794046299169,0.,0.438371146789074));
#2028=DIRECTION('',(0.438371146789074,0.,-0.898794046299169));
#2029=DIRECTION('',(0.,-1.,0.));
#2030=DIRECTION('',(-0.898794046299161,0.,0.43837114678909));
#2031=DIRECTION('',(0.43837114678909,0.,0.898794046299161));
#2032=DIRECTION('',(0.,-1.,0.));
#2033=DIRECTION('',(0.,0.,1.));
#2034=DIRECTION('',(1.,0.,0.));
#2035=DIRECTION('',(0.,0.,1.));
#2036=DIRECTION('',(1.,0.,0.));
#2037=DIRECTION('',(0.,1.,0.));
#2038=DIRECTION('',(0.,0.,1.));
#2039=DIRECTION('',(0.,0.,-1.));
#2040=DIRECTION('',(1.,0.,0.));
#2041=DIRECTION('',(0.,0.,-1.));
#2042=DIRECTION('',(1.,0.,0.));
#2043=DIRECTION('',(0.,1.,0.));
#2044=DIRECTION('',(0.,0.,1.));
#2045=DIRECTION('',(0.,0.,1.));
#2046=DIRECTION('',(1.,0.,0.));
#2047=DIRECTION('',(0.,0.,-1.));
#2048=DIRECTION('',(1.,0.,0.));
#2049=DIRECTION('',(0.,0.,1.));
#2050=DIRECTION('',(1.,0.,0.));
#2051=DIRECTION('',(0.,1.,0.));
#2052=DIRECTION('',(0.,-1.,0.));
#2053=DIRECTION('',(-1.,0.,0.));
#2054=DIRECTION('',(0.,0.,1.));
#2055=DIRECTION('',(1.,0.,0.));
#2056=DIRECTION('',(0.,-1.,0.));
#2057=DIRECTION('',(-1.,0.,0.));
#2058=DIRECTION('',(0.,1.,0.));
#2059=DIRECTION('',(0.,0.,1.));
#2060=DIRECTION('',(1.,0.,0.));
#2061=DIRECTION('',(0.,1.,0.));
#2062=DIRECTION('',(-1.,0.,0.));
#2063=DIRECTION('',(0.,-1.,0.));
#2064=DIRECTION('',(0.,0.,1.));
#2065=DIRECTION('',(1.,0.,0.));
#2066=DIRECTION('',(-1.,0.,0.));
#2067=DIRECTION('',(0.,-1.,0.));
#2068=DIRECTION('',(0.,1.,0.));
#2069=DIRECTION('',(0.,0.,1.));
#2070=DIRECTION('',(1.,0.,0.));
#2071=DIRECTION('',(1.,0.,0.));
#2072=DIRECTION('',(0.,1.,0.));
#2073=DIRECTION('',(-1.,0.,0.));
#2074=DIRECTION('',(0.,-1.,0.));
#2075=DIRECTION('',(0.,0.,1.));
#2076=DIRECTION('',(1.,0.,0.));
#2077=DIRECTION('',(-1.,0.,0.));
#2078=DIRECTION('',(0.,-1.,0.));
#2079=DIRECTION('',(1.,0.,0.));
#2080=DIRECTION('',(0.,1.,0.));
#2081=DIRECTION('',(0.,0.,1.));
#2082=DIRECTION('',(1.,0.,0.));
#2083=DIRECTION('',(0.,1.,0.));
#2084=DIRECTION('',(1.,0.,0.));
#2085=DIRECTION('',(0.,-1.,0.));
#2086=DIRECTION('',(-1.,0.,0.));
#2087=DIRECTION('',(0.,0.,1.));
#2088=DIRECTION('',(1.,0.,0.));
#2089=DIRECTION('',(0.,-1.,0.));
#2090=DIRECTION('',(-1.,0.,0.));
#2091=DIRECTION('',(0.,1.,0.));
#2092=DIRECTION('',(1.,0.,0.));
#2093=DIRECTION('',(0.,-1.,0.));
#2094=DIRECTION('',(0.,0.,-1.));
#2095=DIRECTION('',(0.,0.,1.));
#2096=DIRECTION('',(0.,0.,-1.));
#2097=DIRECTION('',(0.,-1.,0.));
#2098=DIRECTION('',(0.,0.,-1.));
#2099=DIRECTION('',(0.,0.,-1.));
#2100=DIRECTION('',(0.,0.,-1.));
#2101=DIRECTION('',(1.,0.,0.));
#2102=DIRECTION('',(0.,0.,-1.));
#2103=DIRECTION('',(0.,0.,-1.));
#2104=DIRECTION('',(-1.,0.,0.));
#2105=DIRECTION('',(0.,0.,1.));
#2106=DIRECTION('',(0.,0.,1.));
#2107=DIRECTION('',(0.,-1.,0.));
#2108=DIRECTION('',(0.,0.,-1.));
#2109=DIRECTION('',(0.,0.,-1.));
#2110=DIRECTION('',(0.,0.,-1.));
#2111=DIRECTION('',(-1.,0.,0.));
#2112=DIRECTION('',(0.,0.,1.));
#2113=DIRECTION('',(-1.,0.,0.));
#2114=DIRECTION('',(0.,0.,1.));
#2115=DIRECTION('',(0.,0.,-1.));
#2116=DIRECTION('',(-1.,0.,0.));
#2117=DIRECTION('',(0.,-1.,0.));
#2118=DIRECTION('',(-1.,0.,0.));
#2119=DIRECTION('',(0.,-1.,0.));
#2120=DIRECTION('',(0.,1.,0.));
#2121=DIRECTION('',(0.,0.,1.));
#2122=DIRECTION('',(0.,0.,-1.));
#2123=DIRECTION('',(0.,0.,1.));
#2124=DIRECTION('',(0.,0.,-1.));
#2125=DIRECTION('',(0.,0.,-1.));
#2126=DIRECTION('',(0.,0.,-1.));
#2127=DIRECTION('',(-1.,0.,0.));
#2128=DIRECTION('',(0.,0.,-1.));
#2129=DIRECTION('',(0.,0.,1.));
#2130=DIRECTION('',(1.,0.,0.));
#2131=DIRECTION('',(0.,1.,0.));
#2132=DIRECTION('',(0.,1.,0.));
#2133=DIRECTION('',(1.,0.,0.));
#2134=DIRECTION('',(0.,0.,-1.));
#2135=DIRECTION('',(1.,0.,0.));
#2136=DIRECTION('',(0.,0.,-1.));
#2137=DIRECTION('',(-1.,0.,0.));
#2138=DIRECTION('',(0.,0.,1.));
#2139=DIRECTION('',(1.,0.,0.));
#2140=DIRECTION('',(0.,0.,-1.));
#2141=DIRECTION('',(1.,0.,0.));
#2142=DIRECTION('',(0.,0.,-1.));
#2143=DIRECTION('',(-1.,0.,0.));
#2144=DIRECTION('',(0.,0.,1.));
#2145=DIRECTION('',(1.,0.,0.));
#2146=DIRECTION('',(0.,0.,-1.));
#2147=DIRECTION('',(-1.,0.,0.));
#2148=DIRECTION('',(0.,0.,1.));
#2149=DIRECTION('',(0.,0.,1.));
#2150=DIRECTION('',(1.,0.,0.));
#2151=CARTESIAN_POINT('',(0.,0.,0.));
#2152=CARTESIAN_POINT('',(-0.01,0.1,0.2));
#2153=CARTESIAN_POINT('',(-0.01,0.1,0.));
#2154=CARTESIAN_POINT('',(-0.01,0.1,0.05));
#2155=CARTESIAN_POINT('',(-0.01,0.1,-0.05));
#2156=CARTESIAN_POINT('',(-0.0595741740603517,0.149574174060352,0.151642119519061));
#2157=CARTESIAN_POINT('',(-0.00512267411434145,0.0951226741143414,0.04));
#2158=CARTESIAN_POINT('',(-0.01,0.1,0.04));
#2159=CARTESIAN_POINT('',(0.,0.09,0.04));
#2160=CARTESIAN_POINT('',(0.,0.09,0.2));
#2161=CARTESIAN_POINT('',(0.,0.09,-0.04));
#2162=CARTESIAN_POINT('',(-0.01,0.1,-0.04));
#2163=CARTESIAN_POINT('',(-0.00512267411434138,0.0951226741143414,-0.04));
#2164=CARTESIAN_POINT('',(0.0726236234339197,0.0173763765660803,0.119403532531767));
#2165=CARTESIAN_POINT('',(0.,0.09,0.2));
#2166=CARTESIAN_POINT('',(0.,0.09,0.04));
#2167=CARTESIAN_POINT('',(0.00512267411434123,0.0951226741143412,0.04));
#2168=CARTESIAN_POINT('',(0.056350315361623,0.146350315361623,0.145032229644344));
#2169=CARTESIAN_POINT('',(0.01,0.1,0.05));
#2170=CARTESIAN_POINT('',(0.01,0.1,0.));
#2171=CARTESIAN_POINT('',(0.01,0.1,-0.05));
#2172=CARTESIAN_POINT('',(-0.075847482132649,0.014152517867351,0.12601342240648));
#2173=CARTESIAN_POINT('',(0.00512267411434138,0.0951226741143414,-0.04));
#2174=CARTESIAN_POINT('',(0.,0.09,-0.04));
#2175=CARTESIAN_POINT('',(0.,0.03,0.2));
#2176=CARTESIAN_POINT('',(0.,0.03,0.04));
#2177=CARTESIAN_POINT('',(2.13425624505021E-18,0.03,0.04));
#2178=CARTESIAN_POINT('',(-0.00512267411434145,0.0248773258856586,0.04));
#2179=CARTESIAN_POINT('',(-0.0563503153616224,-0.0263503153616223,0.145032229644347));
#2180=CARTESIAN_POINT('',(-0.01,0.02,0.05));
#2181=CARTESIAN_POINT('',(-0.01,0.02,0.2));
#2182=CARTESIAN_POINT('',(-0.01,0.02,0.033));
#2183=CARTESIAN_POINT('',(-0.01,0.02,0.2));
#2184=CARTESIAN_POINT('',(-0.01,0.02,-0.033));
#2185=CARTESIAN_POINT('',(-0.01,0.02,0.2));
#2186=CARTESIAN_POINT('',(-0.01,0.02,-0.05));
#2187=CARTESIAN_POINT('',(0.0758474821326491,0.105847482132649,0.126013422406481));
#2188=CARTESIAN_POINT('',(-0.00512267411434138,0.0248773258856587,-0.04));
#2189=CARTESIAN_POINT('',(0.,0.03,-0.04));
#2190=CARTESIAN_POINT('',(2.13425624505021E-18,0.03,-0.04));
#2191=CARTESIAN_POINT('',(0.,0.03,0.2));
#2192=CARTESIAN_POINT('',(0.01,0.02,0.2));
#2193=CARTESIAN_POINT('',(0.01,0.02,0.2));
#2194=CARTESIAN_POINT('',(0.01,0.02,0.05));
#2195=CARTESIAN_POINT('',(0.01,0.02,0.033));
#2196=CARTESIAN_POINT('',(0.0595741740603525,-0.0295741740603524,0.151642119519058));
#2197=CARTESIAN_POINT('',(0.00512267411434122,0.0248773258856588,0.04));
#2198=CARTESIAN_POINT('',(0.01,0.02,0.04));
#2199=CARTESIAN_POINT('',(0.01,0.02,-0.04));
#2200=CARTESIAN_POINT('',(0.00512267411434138,0.0248773258856586,-0.04));
#2201=CARTESIAN_POINT('',(-0.0726236234339198,0.10262362343392,0.119403532531767));
#2202=CARTESIAN_POINT('',(0.01,0.02,-0.05));
#2203=CARTESIAN_POINT('',(0.01,0.02,0.2));
#2204=CARTESIAN_POINT('',(0.01,0.02,-0.033));
#2205=CARTESIAN_POINT('',(0.01,0.02,0.2));
#2206=CARTESIAN_POINT('',(-0.1,0.1,0.05));
#2207=CARTESIAN_POINT('',(-0.01,0.1,0.05));
#2208=CARTESIAN_POINT('',(-0.1,0.1,0.05));
#2209=CARTESIAN_POINT('',(-0.1,0.1,0.05));
#2210=CARTESIAN_POINT('',(-0.1,0.1,0.05));
#2211=CARTESIAN_POINT('',(-0.1,0.02,0.05));
#2212=CARTESIAN_POINT('',(-0.1,0.02,0.05));
#2213=CARTESIAN_POINT('',(-0.0896,0.02,0.05));
#2214=CARTESIAN_POINT('',(-0.0896,0.1,0.05));
#2215=CARTESIAN_POINT('',(-0.0896,0.,0.05));
#2216=CARTESIAN_POINT('',(-0.1,0.,0.05));
#2217=CARTESIAN_POINT('',(-0.0726,0.,0.05));
#2218=CARTESIAN_POINT('',(-0.0726,0.1,0.05));
#2219=CARTESIAN_POINT('',(-0.0726,0.02,0.05));
#2220=CARTESIAN_POINT('',(-0.1,0.02,0.05));
#2221=CARTESIAN_POINT('',(-0.0274,0.02,0.05));
#2222=CARTESIAN_POINT('',(-0.0274,0.1,0.05));
#2223=CARTESIAN_POINT('',(-0.0274,0.,0.05));
#2224=CARTESIAN_POINT('',(-0.1,0.,0.05));
#2225=CARTESIAN_POINT('',(-0.01,0.,0.05));
#2226=CARTESIAN_POINT('',(-0.01,0.1,0.05));
#2227=CARTESIAN_POINT('',(-0.1,0.1,0.05));
#2228=CARTESIAN_POINT('',(0.01,0.1,0.05));
#2229=CARTESIAN_POINT('',(0.01,0.1,0.05));
#2230=CARTESIAN_POINT('',(0.01,0.,0.05));
#2231=CARTESIAN_POINT('',(-0.1,0.,0.05));
#2232=CARTESIAN_POINT('',(0.0274,0.,0.05));
#2233=CARTESIAN_POINT('',(0.0274,0.1,0.05));
#2234=CARTESIAN_POINT('',(0.0274,0.02,0.05));
#2235=CARTESIAN_POINT('',(-0.1,0.02,0.05));
#2236=CARTESIAN_POINT('',(0.0726,0.02,0.05));
#2237=CARTESIAN_POINT('',(0.0726,0.1,0.05));
#2238=CARTESIAN_POINT('',(0.0726,0.,0.05));
#2239=CARTESIAN_POINT('',(-0.1,0.,0.05));
#2240=CARTESIAN_POINT('',(0.0896,0.,0.05));
#2241=CARTESIAN_POINT('',(0.0896,0.1,0.05));
#2242=CARTESIAN_POINT('',(0.0896,0.02,0.05));
#2243=CARTESIAN_POINT('',(-0.1,0.02,0.05));
#2244=CARTESIAN_POINT('',(0.1,0.02,0.05));
#2245=CARTESIAN_POINT('',(0.1,0.1,0.05));
#2246=CARTESIAN_POINT('',(0.1,0.1,0.05));
#2247=CARTESIAN_POINT('',(-0.1,0.1,0.05));
#2248=CARTESIAN_POINT('',(0.1,0.1,-0.05));
#2249=CARTESIAN_POINT('',(-0.01,0.1,-0.05));
#2250=CARTESIAN_POINT('',(-0.01,0.1,-0.05));
#2251=CARTESIAN_POINT('',(-0.01,0.,-0.05));
#2252=CARTESIAN_POINT('',(0.1,0.,-0.05));
#2253=CARTESIAN_POINT('',(-0.0274,0.,-0.05));
#2254=CARTESIAN_POINT('',(-0.0274,0.1,-0.05));
#2255=CARTESIAN_POINT('',(-0.0274,0.02,-0.05));
#2256=CARTESIAN_POINT('',(0.1,0.02,-0.05));
#2257=CARTESIAN_POINT('',(-0.0726,0.02,-0.05));
#2258=CARTESIAN_POINT('',(-0.0726,0.1,-0.05));
#2259=CARTESIAN_POINT('',(-0.0726,0.,-0.05));
#2260=CARTESIAN_POINT('',(0.1,0.,-0.05));
#2261=CARTESIAN_POINT('',(-0.0896,0.,-0.05));
#2262=CARTESIAN_POINT('',(-0.0896,0.1,-0.05));
#2263=CARTESIAN_POINT('',(-0.0896,0.02,-0.05));
#2264=CARTESIAN_POINT('',(0.1,0.02,-0.05));
#2265=CARTESIAN_POINT('',(-0.1,0.02,-0.05));
#2266=CARTESIAN_POINT('',(-0.1,0.1,-0.05));
#2267=CARTESIAN_POINT('',(-0.1,0.1,-0.05));
#2268=CARTESIAN_POINT('',(0.1,0.1,-0.05));
#2269=CARTESIAN_POINT('',(0.1,0.1,-0.05));
#2270=CARTESIAN_POINT('',(0.01,0.1,-0.05));
#2271=CARTESIAN_POINT('',(0.1,0.1,-0.05));
#2272=CARTESIAN_POINT('',(0.1,0.1,-0.05));
#2273=CARTESIAN_POINT('',(0.1,0.1,-0.05));
#2274=CARTESIAN_POINT('',(0.1,0.02,-0.05));
#2275=CARTESIAN_POINT('',(0.1,0.02,-0.05));
#2276=CARTESIAN_POINT('',(0.0896,0.02,-0.05));
#2277=CARTESIAN_POINT('',(0.0896,0.1,-0.05));
#2278=CARTESIAN_POINT('',(0.0896,0.,-0.05));
#2279=CARTESIAN_POINT('',(0.1,0.,-0.05));
#2280=CARTESIAN_POINT('',(0.0726,0.,-0.05));
#2281=CARTESIAN_POINT('',(0.0726,0.1,-0.05));
#2282=CARTESIAN_POINT('',(0.0726,0.02,-0.05));
#2283=CARTESIAN_POINT('',(0.1,0.02,-0.05));
#2284=CARTESIAN_POINT('',(0.0274,0.02,-0.05));
#2285=CARTESIAN_POINT('',(0.0274,0.1,-0.05));
#2286=CARTESIAN_POINT('',(0.0274,0.,-0.05));
#2287=CARTESIAN_POINT('',(0.1,0.,-0.05));
#2288=CARTESIAN_POINT('',(0.01,0.,-0.05));
#2289=CARTESIAN_POINT('',(0.01,0.1,-0.05));
#2290=CARTESIAN_POINT('',(0.,0.,0.));
#2291=CARTESIAN_POINT('',(0.,0.,0.033));
#2292=CARTESIAN_POINT('',(0.0896,0.,0.033));
#2293=CARTESIAN_POINT('',(0.0726,0.,0.033));
#2294=CARTESIAN_POINT('',(0.0896,0.,0.));
#2295=CARTESIAN_POINT('',(0.0726,0.,0.1));
#2296=CARTESIAN_POINT('',(0.,0.,0.));
#2297=CARTESIAN_POINT('',(0.,0.,-0.033));
#2298=CARTESIAN_POINT('',(0.0726,0.,-0.033));
#2299=CARTESIAN_POINT('',(0.0896,0.,-0.033));
#2300=CARTESIAN_POINT('',(0.0726,0.,0.1));
#2301=CARTESIAN_POINT('',(0.0896,0.,0.));
#2302=CARTESIAN_POINT('',(0.,0.,0.));
#2303=CARTESIAN_POINT('',(0.,0.,0.033));
#2304=CARTESIAN_POINT('',(0.0274,0.,0.033));
#2305=CARTESIAN_POINT('',(0.01,0.,0.033));
#2306=CARTESIAN_POINT('',(0.0274,0.,0.1));
#2307=CARTESIAN_POINT('',(0.01,0.,0.));
#2308=CARTESIAN_POINT('',(0.,0.,0.));
#2309=CARTESIAN_POINT('',(0.,0.,-0.033));
#2310=CARTESIAN_POINT('',(0.01,0.,-0.033));
#2311=CARTESIAN_POINT('',(0.0274,0.,-0.033));
#2312=CARTESIAN_POINT('',(0.01,0.,0.));
#2313=CARTESIAN_POINT('',(0.0274,0.,0.1));
#2314=CARTESIAN_POINT('',(0.,0.,0.));
#2315=CARTESIAN_POINT('',(0.,0.,0.033));
#2316=CARTESIAN_POINT('',(-0.0726,0.,0.033));
#2317=CARTESIAN_POINT('',(-0.0896,0.,0.033));
#2318=CARTESIAN_POINT('',(-0.0726,0.,0.));
#2319=CARTESIAN_POINT('',(-0.0896,0.,0.));
#2320=CARTESIAN_POINT('',(0.,0.,0.));
#2321=CARTESIAN_POINT('',(0.,0.,-0.033));
#2322=CARTESIAN_POINT('',(-0.0896,0.,-0.033));
#2323=CARTESIAN_POINT('',(-0.0726,0.,-0.033));
#2324=CARTESIAN_POINT('',(-0.0896,0.,0.));
#2325=CARTESIAN_POINT('',(-0.0726,0.,0.));
#2326=CARTESIAN_POINT('',(0.,0.,0.));
#2327=CARTESIAN_POINT('',(0.,0.,0.033));
#2328=CARTESIAN_POINT('',(-0.01,0.,0.033));
#2329=CARTESIAN_POINT('',(-0.0274,0.,0.033));
#2330=CARTESIAN_POINT('',(-0.01,0.,0.));
#2331=CARTESIAN_POINT('',(-0.0274,0.,0.1));
#2332=CARTESIAN_POINT('',(0.,0.,0.));
#2333=CARTESIAN_POINT('',(0.,0.,-0.033));
#2334=CARTESIAN_POINT('',(-0.0274,0.,-0.033));
#2335=CARTESIAN_POINT('',(-0.01,0.,-0.033));
#2336=CARTESIAN_POINT('',(-0.0274,0.,0.1));
#2337=CARTESIAN_POINT('',(-0.01,0.,0.));
#2338=CARTESIAN_POINT('',(-0.01,0.02,0.2));
#2339=CARTESIAN_POINT('',(-0.01,0.02,0.033));
#2340=CARTESIAN_POINT('',(-0.01,0.02,0.2));
#2341=CARTESIAN_POINT('',(-0.01,0.02,-0.033));
#2342=CARTESIAN_POINT('',(0.01,-0.02,0.2));
#2343=CARTESIAN_POINT('',(0.01,-0.02,0.033));
#2344=CARTESIAN_POINT('',(0.01,-0.02,0.2));
#2345=CARTESIAN_POINT('',(0.01,-0.02,-0.033));
#2346=CARTESIAN_POINT('',(-0.0896,-0.01,0.1));
#2347=CARTESIAN_POINT('',(-0.0896,0.02,0.1));
#2348=CARTESIAN_POINT('',(-0.0896,0.02,0.033));
#2349=CARTESIAN_POINT('',(-0.0896,-0.01,0.033));
#2350=CARTESIAN_POINT('',(-0.0896,-0.01,0.1));
#2351=CARTESIAN_POINT('',(-0.0896,-0.01,-0.033));
#2352=CARTESIAN_POINT('',(-0.0896,0.02,-0.033));
#2353=CARTESIAN_POINT('',(-0.0896,0.02,0.1));
#2354=CARTESIAN_POINT('',(0.0896,0.02,0.1));
#2355=CARTESIAN_POINT('',(0.0896,0.02,0.033));
#2356=CARTESIAN_POINT('',(0.0896,0.02,0.033));
#2357=CARTESIAN_POINT('',(0.0896,0.02,0.1));
#2358=CARTESIAN_POINT('',(0.0896,0.02,0.1));
#2359=CARTESIAN_POINT('',(0.0896,0.02,0.1));
#2360=CARTESIAN_POINT('',(0.0896,0.02,-0.033));
#2361=CARTESIAN_POINT('',(0.0896,0.02,-0.033));
#2362=CARTESIAN_POINT('',(-0.0274,0.,0.1));
#2363=CARTESIAN_POINT('',(-0.0274,0.02,0.1));
#2364=CARTESIAN_POINT('',(-0.0274,0.02,0.033));
#2365=CARTESIAN_POINT('',(-0.0274,0.,0.033));
#2366=CARTESIAN_POINT('',(-0.0274,0.,0.1));
#2367=CARTESIAN_POINT('',(-0.0274,0.,-0.033));
#2368=CARTESIAN_POINT('',(-0.0274,0.02,-0.033));
#2369=CARTESIAN_POINT('',(-0.0274,0.02,0.1));
#2370=CARTESIAN_POINT('',(-0.0726,0.02,0.1));
#2371=CARTESIAN_POINT('',(-0.0726,0.02,0.033));
#2372=CARTESIAN_POINT('',(-0.0726,0.02,0.033));
#2373=CARTESIAN_POINT('',(-0.0726,0.02,0.1));
#2374=CARTESIAN_POINT('',(-0.0726,0.02,0.1));
#2375=CARTESIAN_POINT('',(-0.0726,0.02,0.1));
#2376=CARTESIAN_POINT('',(-0.0726,0.02,-0.033));
#2377=CARTESIAN_POINT('',(-0.0726,0.02,-0.033));
#2378=CARTESIAN_POINT('',(0.0726,0.,0.1));
#2379=CARTESIAN_POINT('',(0.0726,0.02,0.1));
#2380=CARTESIAN_POINT('',(0.0726,0.02,0.033));
#2381=CARTESIAN_POINT('',(0.0726,0.,0.033));
#2382=CARTESIAN_POINT('',(0.0726,0.,0.1));
#2383=CARTESIAN_POINT('',(0.0726,0.,-0.033));
#2384=CARTESIAN_POINT('',(0.0726,0.02,-0.033));
#2385=CARTESIAN_POINT('',(0.0726,0.02,0.1));
#2386=CARTESIAN_POINT('',(0.0274,0.02,0.1));
#2387=CARTESIAN_POINT('',(0.0274,0.02,0.033));
#2388=CARTESIAN_POINT('',(0.0274,0.02,0.033));
#2389=CARTESIAN_POINT('',(0.0274,0.02,0.1));
#2390=CARTESIAN_POINT('',(0.0274,0.02,0.1));
#2391=CARTESIAN_POINT('',(0.0274,0.02,0.1));
#2392=CARTESIAN_POINT('',(0.0274,0.02,-0.033));
#2393=CARTESIAN_POINT('',(0.0274,0.02,-0.033));
#2394=CARTESIAN_POINT('',(0.0625,0.1,-0.0125));
#2395=CARTESIAN_POINT('',(0.0375,0.1,-0.0125));
#2396=CARTESIAN_POINT('',(0.0375,0.1,-0.0125));
#2397=CARTESIAN_POINT('',(0.0375,0.02,-0.0125));
#2398=CARTESIAN_POINT('',(0.0625,0.02,-0.0125));
#2399=CARTESIAN_POINT('',(0.0625,0.02,-0.0125));
#2400=CARTESIAN_POINT('',(0.0625,0.1,-0.0125));
#2401=CARTESIAN_POINT('',(0.0625,0.1,-0.0125));
#2402=CARTESIAN_POINT('',(0.0625,0.1,-0.0125));
#2403=CARTESIAN_POINT('',(0.0625,0.1,0.0125));
#2404=CARTESIAN_POINT('',(0.0625,0.02,0.0125));
#2405=CARTESIAN_POINT('',(0.0625,0.02,0.0125));
#2406=CARTESIAN_POINT('',(0.0625,0.1,0.0125));
#2407=CARTESIAN_POINT('',(0.0625,0.1,0.0125));
#2408=CARTESIAN_POINT('',(0.0625,0.1,0.0125));
#2409=CARTESIAN_POINT('',(0.0375,0.1,0.0125));
#2410=CARTESIAN_POINT('',(0.0375,0.02,0.0125));
#2411=CARTESIAN_POINT('',(0.0375,0.02,0.0125));
#2412=CARTESIAN_POINT('',(0.0375,0.1,0.0125));
#2413=CARTESIAN_POINT('',(0.0375,0.1,0.0125));
#2414=CARTESIAN_POINT('',(0.0375,0.1,0.0125));
#2415=CARTESIAN_POINT('',(-0.0375,0.1,-0.0125));
#2416=CARTESIAN_POINT('',(-0.0625,0.1,-0.0125));
#2417=CARTESIAN_POINT('',(-0.0625,0.1,-0.0125));
#2418=CARTESIAN_POINT('',(-0.0625,0.02,-0.0125));
#2419=CARTESIAN_POINT('',(-0.0375,0.02,-0.0125));
#2420=CARTESIAN_POINT('',(-0.0375,0.02,-0.0125));
#2421=CARTESIAN_POINT('',(-0.0375,0.1,-0.0125));
#2422=CARTESIAN_POINT('',(-0.0375,0.1,-0.0125));
#2423=CARTESIAN_POINT('',(-0.0375,0.1,-0.0125));
#2424=CARTESIAN_POINT('',(-0.0375,0.1,0.0125));
#2425=CARTESIAN_POINT('',(-0.0375,0.02,0.0125));
#2426=CARTESIAN_POINT('',(-0.0375,0.02,0.0125));
#2427=CARTESIAN_POINT('',(-0.0375,0.1,0.0125));
#2428=CARTESIAN_POINT('',(-0.0375,0.1,0.0125));
#2429=CARTESIAN_POINT('',(-0.0375,0.1,0.0125));
#2430=CARTESIAN_POINT('',(-0.0625,0.1,0.0125));
#2431=CARTESIAN_POINT('',(-0.0625,0.02,0.0125));
#2432=CARTESIAN_POINT('',(-0.0625,0.02,0.0125));
#2433=CARTESIAN_POINT('',(-0.0625,0.1,0.0125));
#2434=CARTESIAN_POINT('',(-0.0625,0.1,0.0125));
#2435=CARTESIAN_POINT('',(-0.0625,0.1,0.0125));
#2436=CARTESIAN_POINT('',(0.0375,0.1,-0.0125));
#2437=CARTESIAN_POINT('',(0.0375,0.02,-0.0125));
#2438=CARTESIAN_POINT('',(0.0375,0.1,-0.0125));
#2439=CARTESIAN_POINT('',(-0.0625,0.1,-0.0125));
#2440=CARTESIAN_POINT('',(-0.0625,0.02,-0.0125));
#2441=CARTESIAN_POINT('',(-0.0625,0.1,-0.0125));
#2442=CARTESIAN_POINT('',(0.1,0.1,0.05));
#2443=CARTESIAN_POINT('',(0.1,0.02,0.05));
#2444=CARTESIAN_POINT('',(0.1,0.1,0.05));
#2445=CARTESIAN_POINT('',(-0.1,0.1,-0.05));
#2446=CARTESIAN_POINT('',(-0.1,0.02,-0.05));
#2447=CARTESIAN_POINT('',(-0.1,0.1,-0.05));
#2448=CARTESIAN_POINT('',(0.,0.1,0.));
#2449=CARTESIAN_POINT('',(0.,0.1,0.));
#2450=CARTESIAN_POINT('',(-0.0896,0.02,0.1));
#2451=CARTESIAN_POINT('',(0.2,0.02,-0.033));
#2452=CARTESIAN_POINT('',(0.2,0.02,-0.033));
#2453=CARTESIAN_POINT('',(0.2,0.02,0.033));
#2454=CARTESIAN_POINT('',(0.2,0.02,0.033));
#2455=CARTESIAN_POINT('',(0.1348,0.02,0.1));
#2456=CARTESIAN_POINT('',(0.2,0.02,0.033));
#2457=CARTESIAN_POINT('',(0.2,0.02,0.033));
#2458=CARTESIAN_POINT('',(0.2,0.02,-0.033));
#2459=CARTESIAN_POINT('',(0.2,0.02,-0.033));
#2460=CARTESIAN_POINT('',(0.2,-0.01,-0.033));
#2461=CARTESIAN_POINT('',(0.2,0.02,0.033));
#2462=CARTESIAN_POINT('',(0.2,-0.01,-0.033));
#2463=CARTESIAN_POINT('',(0.2,0.02,0.033));
#2464=CARTESIAN_POINT('',(0.2,-0.01,-0.033));
#2465=CARTESIAN_POINT('',(0.2,0.02,0.033));
#2466=CARTESIAN_POINT('',(0.2,0.02,0.033));
#2467=CARTESIAN_POINT('',(0.2,-0.01,-0.033));
#2468=CARTESIAN_POINT('',(-0.01,0.1,-0.05));
#2469=CARTESIAN_POINT('',(-0.00512267411434139,0.1,-0.04));
#2470=CARTESIAN_POINT('',(-0.00512267411434139,0.1,-0.04));
#2471=CARTESIAN_POINT('',(0.00512267411434139,0.1,-0.04));
#2472=CARTESIAN_POINT('',(0.00512267411434139,0.1,-0.04));
#2473=CARTESIAN_POINT('',(-0.00512267411434145,0.1,0.04));
#2474=CARTESIAN_POINT('',(-0.00512267411434145,0.1,0.04));
#2475=CARTESIAN_POINT('',(0.01,0.1,0.05));
#2476=CARTESIAN_POINT('',(0.00512267411434123,0.1,0.04));
#2477=CARTESIAN_POINT('',(0.00512267411434123,0.1,0.04));
#2478=CARTESIAN_POINT('',(0.,0.,0.));
#2479=CARTESIAN_POINT('',(-0.0625,0.,0.0125));
#2480=CARTESIAN_POINT('',(-0.0375,0.,0.0125));
#2481=CARTESIAN_POINT('',(-0.0375,0.,0.0125));
#2482=CARTESIAN_POINT('',(-0.0375,0.,-0.0125));
#2483=CARTESIAN_POINT('',(-0.0625,0.,0.0125));
#2484=CARTESIAN_POINT('',(-0.0625,0.,0.0125));
#2485=CARTESIAN_POINT('',(-0.0625,0.,0.0125));
#2486=CARTESIAN_POINT('',(-0.0625,0.,-0.0125));
#2487=CARTESIAN_POINT('',(-0.0625,0.,-0.0125));
#2488=CARTESIAN_POINT('',(-0.0625,0.,0.0125));
#2489=CARTESIAN_POINT('',(0.0375,0.,0.0125));
#2490=CARTESIAN_POINT('',(0.0375,0.,-0.0125));
#2491=CARTESIAN_POINT('',(0.0375,0.,0.0125));
#2492=CARTESIAN_POINT('',(-0.0625,0.,-0.0125));
#2493=CARTESIAN_POINT('',(0.0625,0.,-0.0125));
#2494=CARTESIAN_POINT('',(0.0625,0.,0.0125));
#2495=CARTESIAN_POINT('',(0.0625,0.,0.0125));
#2496=CARTESIAN_POINT('',(-0.0625,0.,0.0125));
#2497=CARTESIAN_POINT('',(0.,0.,-0.0125));
#2498=CARTESIAN_POINT('',(-0.0375,0.,-0.0125));
#2499=CARTESIAN_POINT('',(-0.0375,0.14,-0.0125));
#2500=CARTESIAN_POINT('',(-0.0625,0.43,-0.0125));
#2501=CARTESIAN_POINT('',(-0.0625,0.14,-0.0125));
#2502=CARTESIAN_POINT('',(0.,0.14,-0.0125));
#2503=CARTESIAN_POINT('',(0.,0.,-0.0125));
#2504=CARTESIAN_POINT('',(0.0375,0.,-0.0125));
#2505=CARTESIAN_POINT('',(0.0375,0.14,-0.0125));
#2506=CARTESIAN_POINT('',(0.,0.14,-0.0125));
#2507=CARTESIAN_POINT('',(0.0625,0.14,-0.0125));
#2508=CARTESIAN_POINT('',(0.0625,0.,-0.0125));
#2509=CARTESIAN_POINT('',(0.,0.,0.0125));
#2510=CARTESIAN_POINT('',(-0.0375,0.,0.0125));
#2511=CARTESIAN_POINT('',(-0.0375,0.14,0.0125));
#2512=CARTESIAN_POINT('',(0.,0.14,0.0125));
#2513=CARTESIAN_POINT('',(-0.0625,0.14,0.0125));
#2514=CARTESIAN_POINT('',(-0.0625,0.43,0.0125));
#2515=CARTESIAN_POINT('',(0.,0.,0.0125));
#2516=CARTESIAN_POINT('',(0.,0.14,0.0125));
#2517=CARTESIAN_POINT('',(0.0625,0.14,0.0125));
#2518=CARTESIAN_POINT('',(0.0375,0.14,0.0125));
#2519=CARTESIAN_POINT('',(0.0375,0.,0.0125));
#2520=CARTESIAN_POINT('',(0.0625,0.,0.0125));
#2521=CARTESIAN_POINT('',(0.,0.,0.0125));
#2522=CARTESIAN_POINT('',(0.,0.145,0.0125));
#2523=CARTESIAN_POINT('',(-0.0625,0.145,0.0125));
#2524=CARTESIAN_POINT('',(-0.0375,0.145,0.0125));
#2525=CARTESIAN_POINT('',(-0.0375,0.,0.0125));
#2526=CARTESIAN_POINT('',(-0.0375,0.43,0.0125));
#2527=CARTESIAN_POINT('',(0.0625,0.43,0.0125));
#2528=CARTESIAN_POINT('',(-0.0625,0.43,0.0125));
#2529=CARTESIAN_POINT('',(-0.0625,0.43,0.0125));
#2530=CARTESIAN_POINT('',(0.,0.,0.0125));
#2531=CARTESIAN_POINT('',(0.0625,0.43,0.0125));
#2532=CARTESIAN_POINT('',(0.0625,0.43,0.0125));
#2533=CARTESIAN_POINT('',(0.0375,0.43,0.0125));
#2534=CARTESIAN_POINT('',(0.0375,0.,0.0125));
#2535=CARTESIAN_POINT('',(0.0375,0.145,0.0125));
#2536=CARTESIAN_POINT('',(0.,0.145,0.0125));
#2537=CARTESIAN_POINT('',(0.0625,0.145,0.0125));
#2538=CARTESIAN_POINT('',(0.0625,0.,0.0125));
#2539=CARTESIAN_POINT('',(0.,0.,-0.0125));
#2540=CARTESIAN_POINT('',(-0.0375,0.,-0.0125));
#2541=CARTESIAN_POINT('',(-0.0375,0.145,-0.0125));
#2542=CARTESIAN_POINT('',(-0.0375,0.43,-0.0125));
#2543=CARTESIAN_POINT('',(0.,0.145,-0.0125));
#2544=CARTESIAN_POINT('',(-0.0625,0.145,-0.0125));
#2545=CARTESIAN_POINT('',(-0.0625,0.43,-0.0125));
#2546=CARTESIAN_POINT('',(-0.0625,0.43,-0.0125));
#2547=CARTESIAN_POINT('',(0.0625,0.43,-0.0125));
#2548=CARTESIAN_POINT('',(0.,0.,-0.0125));
#2549=CARTESIAN_POINT('',(0.0375,0.,-0.0125));
#2550=CARTESIAN_POINT('',(0.0375,0.43,-0.0125));
#2551=CARTESIAN_POINT('',(0.0375,0.145,-0.0125));
#2552=CARTESIAN_POINT('',(0.0625,0.43,-0.0125));
#2553=CARTESIAN_POINT('',(0.0625,0.43,-0.0125));
#2554=CARTESIAN_POINT('',(0.0625,0.,-0.0125));
#2555=CARTESIAN_POINT('',(0.0625,0.145,-0.0125));
#2556=CARTESIAN_POINT('',(0.,0.145,-0.0125));
#2557=CARTESIAN_POINT('',(0.0625,0.43,0.0125));
#2558=CARTESIAN_POINT('',(-0.0375,0.43,0.0125));
#2559=CARTESIAN_POINT('',(-0.0625,0.43,0.0125));
#2560=CARTESIAN_POINT('',(0.0625,0.43,0.0125));
#2561=CARTESIAN_POINT('',(0.0375,0.43,0.0125));
#2562=CARTESIAN_POINT('',(0.0625,0.43,0.0125));
#2563=CARTESIAN_POINT('',(-0.0625,0.43,0.0125));
#2564=CARTESIAN_POINT('',(-0.0625,0.145,0.0125));
#2565=CARTESIAN_POINT('',(0.0625,0.,0.0125));
#2566=CARTESIAN_POINT('',(0.0625,0.145,0.0125));
#2567=CARTESIAN_POINT('',(0.0675,0.145,-0.0175));
#2568=CARTESIAN_POINT('',(-0.0375,0.145,0.1));
#2569=CARTESIAN_POINT('',(0.0375,0.145,0.1));
#2570=CARTESIAN_POINT('',(0.0675,0.145,-0.0175));
#2571=CARTESIAN_POINT('',(0.0675,0.145,-0.0175));
#2572=CARTESIAN_POINT('',(-0.0675,0.145,-0.0175));
#2573=CARTESIAN_POINT('',(-0.0675,0.145,-0.0175));
#2574=CARTESIAN_POINT('',(-0.0675,0.145,0.0175));
#2575=CARTESIAN_POINT('',(0.0675,0.145,0.0175));
#2576=CARTESIAN_POINT('',(0.0675,0.145,0.0175));
#2577=CARTESIAN_POINT('',(0.0675,0.145,-0.0175));
#2578=CARTESIAN_POINT('',(0.0675,0.145,0.0175));
#2579=CARTESIAN_POINT('',(-0.0675,0.145,0.0175));
#2580=CARTESIAN_POINT('',(-0.0675,0.14,0.0175));
#2581=CARTESIAN_POINT('',(0.0675,0.14,0.0175));
#2582=CARTESIAN_POINT('',(0.0675,0.14,0.0175));
#2583=CARTESIAN_POINT('',(0.0675,0.145,0.0175));
#2584=CARTESIAN_POINT('',(0.0675,0.14,0.0175));
#2585=CARTESIAN_POINT('',(-0.0375,0.14,0.1));
#2586=CARTESIAN_POINT('',(-0.0625,0.14,0.0125));
#2587=CARTESIAN_POINT('',(0.0375,0.14,0.1));
#2588=CARTESIAN_POINT('',(0.0625,0.14,0.0125));
#2589=CARTESIAN_POINT('',(-0.0675,0.14,0.0175));
#2590=CARTESIAN_POINT('',(-0.0675,0.14,-0.0175));
#2591=CARTESIAN_POINT('',(0.0675,0.14,-0.0175));
#2592=CARTESIAN_POINT('',(0.0675,0.14,-0.0175));
#2593=CARTESIAN_POINT('',(0.0675,0.14,0.0175));
#2594=CARTESIAN_POINT('',(0.0675,0.14,-0.0175));
#2595=CARTESIAN_POINT('',(-0.0675,0.14,-0.0175));
#2596=CARTESIAN_POINT('',(0.0675,0.14,-0.0175));
#2597=CARTESIAN_POINT('',(0.0675,0.,0.));
#2598=CARTESIAN_POINT('',(-0.0675,0.,0.));
#2599=CARTESIAN_POINT('',(0.0625,0.,0.0125));
#2600=CARTESIAN_POINT('',(-0.0625,0.43,0.0125));
#2601=CARTESIAN_POINT('',(-0.0375,0.575,0.1));
#2602=CARTESIAN_POINT('',(0.0375,0.145,0.1));
#2603=CARTESIAN_POINT('',(-0.0375,0.14,0.1));
#2604=CARTESIAN_POINT('',(0.0375,-0.29,0.1));
#2605=CARTESIAN_POINT('',(0.,-0.09,0.));
#2606=MECHANICAL_DESIGN_GEOMETRIC_PRESENTATION_REPRESENTATION('',(#1639,
#1640),#2607);
#2607=(
GEOMETRIC_REPRESENTATION_CONTEXT(3)
GLOBAL_UNCERTAINTY_ASSIGNED_CONTEXT((#2610))
GLOBAL_UNIT_ASSIGNED_CONTEXT((#2615,#2614,#2613))
REPRESENTATION_CONTEXT('MTSW-102-07-L-S-240','TOP_LEVEL_ASSEMBLY_PART')
);
#2608=(
GEOMETRIC_REPRESENTATION_CONTEXT(3)
GLOBAL_UNCERTAINTY_ASSIGNED_CONTEXT((#2611))
GLOBAL_UNIT_ASSIGNED_CONTEXT((#2615,#2614,#2613))
REPRESENTATION_CONTEXT('MTSW-102-07-L-S-240_body','COMPONENT_PART')
);
#2609=(
GEOMETRIC_REPRESENTATION_CONTEXT(3)
GLOBAL_UNCERTAINTY_ASSIGNED_CONTEXT((#2612))
GLOBAL_UNIT_ASSIGNED_CONTEXT((#2615,#2614,#2613))
REPRESENTATION_CONTEXT('MTSW-102-07-S-240','COMPONENT_PART')
);
#2610=UNCERTAINTY_MEASURE_WITH_UNIT(LENGTH_MEASURE(3.93700787401575E-7),
#2615,'DISTANCE_ACCURACY_VALUE','Maximum Tolerance applied to model');
#2611=UNCERTAINTY_MEASURE_WITH_UNIT(LENGTH_MEASURE(3.93700787401575E-7),
#2615,'DISTANCE_ACCURACY_VALUE','Maximum Tolerance applied to model');
#2612=UNCERTAINTY_MEASURE_WITH_UNIT(LENGTH_MEASURE(3.93700787401575E-7),
#2615,'DISTANCE_ACCURACY_VALUE','Maximum Tolerance applied to model');
#2613=(
NAMED_UNIT(*)
SI_UNIT($,.STERADIAN.)
SOLID_ANGLE_UNIT()
);
#2614=(
NAMED_UNIT(*)
PLANE_ANGLE_UNIT()
SI_UNIT($,.RADIAN.)
);
#2615=(
CONVERSION_BASED_UNIT('INCH',#2617)
LENGTH_UNIT()
NAMED_UNIT(#2616)
);
#2616=DIMENSIONAL_EXPONENTS(1.,0.,0.,0.,0.,0.,0.);
#2617=LENGTH_MEASURE_WITH_UNIT(LENGTH_MEASURE(25.4),#2618);
#2618=(
LENGTH_UNIT()
NAMED_UNIT(*)
SI_UNIT(.MILLI.,.METRE.)
);
#2619=PRODUCT_DEFINITION_SHAPE('','',#2624);
#2620=PRODUCT_DEFINITION_SHAPE('','',#2625);
#2621=PRODUCT_DEFINITION_SHAPE(' ','NAUO PRDDFN',#13);
#2622=PRODUCT_DEFINITION_SHAPE('','',#2626);
#2623=PRODUCT_DEFINITION_SHAPE(' ','NAUO PRDDFN',#14);
#2624=PRODUCT_DEFINITION('','',#2630,#2627);
#2625=PRODUCT_DEFINITION('','',#2631,#2628);
#2626=PRODUCT_DEFINITION('','',#2632,#2629);
#2627=PRODUCT_DEFINITION_CONTEXT('',#2646,'design');
#2628=PRODUCT_DEFINITION_CONTEXT('',#2646,'design');
#2629=PRODUCT_DEFINITION_CONTEXT('',#2646,'design');
#2630=PRODUCT_DEFINITION_FORMATION_WITH_SPECIFIED_SOURCE('','',#2636,
 .NOT_KNOWN.);
#2631=PRODUCT_DEFINITION_FORMATION_WITH_SPECIFIED_SOURCE('','',#2637,
 .NOT_KNOWN.);
#2632=PRODUCT_DEFINITION_FORMATION_WITH_SPECIFIED_SOURCE('','',#2638,
 .NOT_KNOWN.);
#2633=PRODUCT_RELATED_PRODUCT_CATEGORY('','',(#2636));
#2634=PRODUCT_RELATED_PRODUCT_CATEGORY('','',(#2637));
#2635=PRODUCT_RELATED_PRODUCT_CATEGORY('','',(#2638));
#2636=PRODUCT('MTSW-102-07-L-S-240','MTSW-102-07-L-S-240',
'MTSW-102-07-L-S-240',(#2642));
#2637=PRODUCT('MTSW-102-07-L-S-240_body','MTSW-102-07-L-S-240_body',
'MTSW-102-07-L-S-240_body',(#2643));
#2638=PRODUCT('MTSW-102-07-S-240','MTSW-102-07-S-240',
'MTSW-102-07-S-240',(#2644));
#2639=PRODUCT_CATEGORY('','');
#2640=PRODUCT_CATEGORY('','');
#2641=PRODUCT_CATEGORY('','');
#2642=PRODUCT_CONTEXT('',#2646,'mechanical');
#2643=PRODUCT_CONTEXT('',#2646,'mechanical');
#2644=PRODUCT_CONTEXT('',#2646,'mechanical');
#2645=APPLICATION_PROTOCOL_DEFINITION('international standard',
'ap242_managed_model_based_3d_engineering',2011,#2646);
#2646=APPLICATION_CONTEXT('managed model based 3d engineering');
ENDSEC;
END-ISO-10303-21;
