ISO-10303-21;
HEADER;
/* Generated by software containing ST-Developer
 * from STEP Tools, Inc. (www.steptools.com) 
 */
/* OPTION: using custom renumber hook */

FILE_DESCRIPTION(
/* description */ ('STEP AP242',
'CAx-IF Rec.Pracs.---Representation and Presentation of Product Manufa
cturing Information (PMI)---4.0---2014-10-13',
'CAx-IF Rec.Pracs.---3D Tessellated Geometry---0.4---2014-09-14','2;1'),

/* implementation_level */ '2;1');

FILE_NAME(
/* name */ 'NANOT160BP',
/* time_stamp */ '2026-05-02T09:43:53+02:00',
/* author */ ('License CC BY-ND 4.0'),
/* organization */ ('CADENAS'),
/* preprocessor_version */ 'ST-DEVELOPER v20',
/* originating_system */ 'PARTsolutions',
/* authorisation */ '  ');

FILE_SCHEMA (('AP242_MANAGED_MODEL_BASED_3D_ENGINEERING_MIM_LF { 1 0 10303 442 1 1 4 }'));
ENDSEC;

DATA;
#10=CONTEXT_DEPENDENT_SHAPE_REPRESENTATION(#12,#6022);
#11=NEXT_ASSEMBLY_USAGE_OCCURRENCE('NAUO1','NANOT160BP_PART1',
'NANOT160BP_PART1',#6023,#6024,'');
#12=(
REPRESENTATION_RELATIONSHIP(' ',' ',#3462,#3461)
REPRESENTATION_RELATIONSHIP_WITH_TRANSFORMATION(#13)
SHAPE_REPRESENTATION_RELATIONSHIP()
);
#13=ITEM_DEFINED_TRANSFORMATION(' ',' ',#3463,#3814);
#14=SHAPE_REPRESENTATION_RELATIONSHIP('','',#3462,#15);
#15=ADVANCED_BREP_SHAPE_REPRESENTATION('',(#3458),#6014);
#16=ORIENTED_CLOSED_SHELL('',*,#3456,.F.);
#17=ORIENTED_CLOSED_SHELL('',*,#3457,.F.);
#18=VERTEX_LOOP('',#1920);
#19=CONICAL_SURFACE('',#3632,0.0602034,1.5141901979);
#20=TOROIDAL_SURFACE('',#3590,0.2037244,0.13);
#21=TOROIDAL_SURFACE('',#3619,0.6860211,0.2);
#22=TOROIDAL_SURFACE('',#3737,0.6419502,0.1);
#23=TOROIDAL_SURFACE('',#3801,0.175,0.1);
#24=B_SPLINE_CURVE_WITH_KNOTS('',3,(#5300,#5301,#5302,#5303),
 .UNSPECIFIED.,.F.,.F.,(4,4),(5.79037024454703E-15,8.03632656746463E-5),
 .UNSPECIFIED.);
#25=B_SPLINE_CURVE_WITH_KNOTS('',3,(#5586,#5587,#5588,#5589,#5590,#5591),
 .UNSPECIFIED.,.F.,.F.,(4,1,1,4),(0.,0.3333333333333,0.6666666666667,1.),
 .UNSPECIFIED.);
#26=B_SPLINE_CURVE_WITH_KNOTS('',3,(#5592,#5593,#5594,#5595,#5596,#5597),
 .UNSPECIFIED.,.F.,.F.,(4,1,1,4),(0.,0.3333333333333,0.6666666666667,1.),
 .UNSPECIFIED.);
#27=B_SPLINE_CURVE_WITH_KNOTS('',3,(#5639,#5640,#5641,#5642,#5643,#5644,
#5645),.UNSPECIFIED.,.F.,.F.,(4,1,1,1,4),(0.,0.25,0.5,0.75,1.),
 .UNSPECIFIED.);
#28=B_SPLINE_CURVE_WITH_KNOTS('',3,(#5646,#5647,#5648,#5649,#5650,#5651,
#5652),.UNSPECIFIED.,.F.,.F.,(4,1,1,1,4),(0.,0.25,0.5,0.75,1.),
 .UNSPECIFIED.);
#29=B_SPLINE_CURVE_WITH_KNOTS('',3,(#5691,#5692,#5693,#5694,#5695,#5696,
#5697),.UNSPECIFIED.,.F.,.F.,(4,1,1,1,4),(0.,0.25,0.5,0.75,1.),
 .UNSPECIFIED.);
#30=B_SPLINE_CURVE_WITH_KNOTS('',3,(#5702,#5703,#5704,#5705,#5706,#5707,
#5708),.UNSPECIFIED.,.F.,.F.,(4,1,1,1,4),(0.,0.25,0.5,0.75,1.),
 .UNSPECIFIED.);
#31=B_SPLINE_CURVE_WITH_KNOTS('',3,(#5752,#5753,#5754,#5755,#5756,#5757,
#5758),.UNSPECIFIED.,.F.,.F.,(4,1,1,1,4),(0.,0.25,0.5,0.75,1.),
 .UNSPECIFIED.);
#32=B_SPLINE_CURVE_WITH_KNOTS('',3,(#5759,#5760,#5761,#5762,#5763,#5764,
#5765),.UNSPECIFIED.,.F.,.F.,(4,1,1,1,4),(0.,0.25,0.5,0.75,1.),
 .UNSPECIFIED.);
#33=B_SPLINE_CURVE_WITH_KNOTS('',3,(#5829,#5830,#5831,#5832,#5833,#5834,
#5835),.UNSPECIFIED.,.F.,.F.,(4,1,1,1,4),(0.,0.25,0.5,0.75,1.),
 .UNSPECIFIED.);
#34=B_SPLINE_CURVE_WITH_KNOTS('',3,(#5839,#5840,#5841,#5842,#5843,#5844,
#5845),.UNSPECIFIED.,.F.,.F.,(4,1,1,1,4),(0.,0.25,0.5,0.75,1.),
 .UNSPECIFIED.);
#35=B_SPLINE_CURVE_WITH_KNOTS('',3,(#5882,#5883,#5884,#5885,#5886,#5887,
#5888),.UNSPECIFIED.,.F.,.F.,(4,1,1,1,4),(0.,0.25,0.5,0.75,1.),
 .UNSPECIFIED.);
#36=B_SPLINE_CURVE_WITH_KNOTS('',3,(#5891,#5892,#5893,#5894,#5895,#5896,
#5897),.UNSPECIFIED.,.F.,.F.,(4,1,1,1,4),(0.,0.25,0.5,0.75,1.),
 .UNSPECIFIED.);
#37=B_SPLINE_CURVE_WITH_KNOTS('',3,(#5898,#5899,#5900,#5901,#5902,#5903,
#5904),.UNSPECIFIED.,.F.,.F.,(4,1,1,1,4),(0.,0.25,0.5,0.75,1.),
 .UNSPECIFIED.);
#38=B_SPLINE_CURVE_WITH_KNOTS('',3,(#5905,#5906,#5907,#5908,#5909,#5910,
#5911),.UNSPECIFIED.,.F.,.F.,(4,1,1,1,4),(0.,0.25,0.5,0.75,1.),
 .UNSPECIFIED.);
#39=B_SPLINE_CURVE_WITH_KNOTS('',3,(#5922,#5923,#5924,#5925,#5926,#5927,
#5928),.UNSPECIFIED.,.F.,.F.,(4,1,1,1,4),(0.,0.25,0.5,0.75,1.),
 .UNSPECIFIED.);
#40=B_SPLINE_CURVE_WITH_KNOTS('',3,(#5967,#5968,#5969,#5970,#5971,#5972,
#5973),.UNSPECIFIED.,.F.,.F.,(4,1,1,1,4),(0.,0.25,0.5,0.75,1.),
 .UNSPECIFIED.);
#41=B_SPLINE_CURVE_WITH_KNOTS('',3,(#5982,#5983,#5984,#5985,#5986,#5987,
#5988),.UNSPECIFIED.,.F.,.F.,(4,1,1,1,4),(0.,0.25,0.5,0.75,1.),
 .UNSPECIFIED.);
#42=B_SPLINE_CURVE_WITH_KNOTS('',3,(#5989,#5990,#5991,#5992,#5993,#5994,
#5995),.UNSPECIFIED.,.F.,.F.,(4,1,1,1,4),(0.,0.25,0.5,0.75,1.),
 .UNSPECIFIED.);
#43=ELLIPSE('',#3573,2.00561711201336,0.15);
#44=ELLIPSE('',#3606,2.00561711201336,0.15);
#45=(
BOUNDED_SURFACE()
B_SPLINE_SURFACE(3,3,((#5158,#5159,#5160,#5161),(#5162,#5163,#5164,#5165),
(#5166,#5167,#5168,#5169),(#5170,#5171,#5172,#5173),(#5174,#5175,#5176,
#5177),(#5178,#5179,#5180,#5181),(#5182,#5183,#5184,#5185)),
 .TOROIDAL_SURF.,.F.,.F.,.F.)
B_SPLINE_SURFACE_WITH_KNOTS((4,3,4),(4,4),(0.,1.,2.),(0.,1.),
 .PIECEWISE_BEZIER_KNOTS.)
GEOMETRIC_REPRESENTATION_ITEM()
RATIONAL_B_SPLINE_SURFACE(((1.188742197139,1.186769577615,1.186769577615,
1.188742197139),(0.9387474195424,0.9371896457101,0.9371896457101,0.9387474195424),
(0.9387474195424,0.9371896457101,0.9371896457101,0.9387474195424),(1.188742197139,
1.186769577615,1.186769577615,1.188742197139),(0.9387474195424,0.9371896457101,
0.9371896457101,0.9387474195424),(0.9387474195424,0.9371896457101,0.9371896457101,
0.9387474195424),(1.188742197139,1.186769577615,1.186769577615,1.188742197139)))
REPRESENTATION_ITEM('')
SURFACE()
);
#46=(
BOUNDED_SURFACE()
B_SPLINE_SURFACE(3,3,((#5333,#5334,#5335,#5336),(#5337,#5338,#5339,#5340),
(#5341,#5342,#5343,#5344),(#5345,#5346,#5347,#5348),(#5349,#5350,#5351,
#5352),(#5353,#5354,#5355,#5356),(#5357,#5358,#5359,#5360)),
 .TOROIDAL_SURF.,.F.,.F.,.F.)
B_SPLINE_SURFACE_WITH_KNOTS((4,3,4),(4,4),(0.,1.,2.),(0.,1.),
 .PIECEWISE_BEZIER_KNOTS.)
GEOMETRIC_REPRESENTATION_ITEM()
RATIONAL_B_SPLINE_SURFACE(((1.188742197139,1.186769577615,1.186769577615,
1.188742197139),(0.9387474195424,0.9371896457101,0.9371896457101,0.9387474195424),
(0.9387474195424,0.9371896457101,0.9371896457101,0.9387474195424),(1.188742197139,
1.186769577615,1.186769577615,1.188742197139),(0.9387474195424,0.9371896457101,
0.9371896457101,0.9387474195424),(0.9387474195424,0.9371896457101,0.9371896457101,
0.9387474195424),(1.188742197139,1.186769577615,1.186769577615,1.188742197139)))
REPRESENTATION_ITEM('')
SURFACE()
);
#47=SPHERICAL_SURFACE('',#3521,1.0765625);
#48=SPHERICAL_SURFACE('',#3629,1.03025);
#49=SPHERICAL_SURFACE('',#3640,1.03025);
#50=SPHERICAL_SURFACE('',#3772,3.535);
#51=SPHERICAL_SURFACE('',#3800,3.535);
#52=CYLINDRICAL_SURFACE('',#3468,0.15);
#53=CYLINDRICAL_SURFACE('',#3483,0.05);
#54=CYLINDRICAL_SURFACE('',#3486,0.15);
#55=CYLINDRICAL_SURFACE('',#3492,0.15);
#56=CYLINDRICAL_SURFACE('',#3499,0.15);
#57=CYLINDRICAL_SURFACE('',#3525,0.15);
#58=CYLINDRICAL_SURFACE('',#3527,0.15);
#59=CYLINDRICAL_SURFACE('',#3545,0.05);
#60=CYLINDRICAL_SURFACE('',#3551,0.15);
#61=CYLINDRICAL_SURFACE('',#3564,0.15);
#62=CYLINDRICAL_SURFACE('',#3566,0.1);
#63=CYLINDRICAL_SURFACE('',#3571,0.06);
#64=CYLINDRICAL_SURFACE('',#3576,0.1);
#65=CYLINDRICAL_SURFACE('',#3578,0.05);
#66=CYLINDRICAL_SURFACE('',#3588,0.1);
#67=CYLINDRICAL_SURFACE('',#3592,0.15);
#68=CYLINDRICAL_SURFACE('',#3593,0.1);
#69=CYLINDRICAL_SURFACE('',#3595,0.1);
#70=CYLINDRICAL_SURFACE('',#3599,0.1);
#71=CYLINDRICAL_SURFACE('',#3601,0.05);
#72=CYLINDRICAL_SURFACE('',#3605,0.15);
#73=CYLINDRICAL_SURFACE('',#3611,0.1);
#74=CYLINDRICAL_SURFACE('',#3612,0.15);
#75=CYLINDRICAL_SURFACE('',#3620,0.1);
#76=CYLINDRICAL_SURFACE('',#3622,0.15);
#77=CYLINDRICAL_SURFACE('',#3624,0.1);
#78=CYLINDRICAL_SURFACE('',#3628,0.05);
#79=CYLINDRICAL_SURFACE('',#3634,0.06);
#80=CYLINDRICAL_SURFACE('',#3637,0.65);
#81=CYLINDRICAL_SURFACE('',#3653,0.75);
#82=CYLINDRICAL_SURFACE('',#3656,0.75);
#83=CYLINDRICAL_SURFACE('',#3682,0.1);
#84=CYLINDRICAL_SURFACE('',#3684,0.1);
#85=CYLINDRICAL_SURFACE('',#3687,0.12);
#86=CYLINDRICAL_SURFACE('',#3692,0.25);
#87=CYLINDRICAL_SURFACE('',#3696,0.1);
#88=CYLINDRICAL_SURFACE('',#3698,0.15);
#89=CYLINDRICAL_SURFACE('',#3704,0.15);
#90=CYLINDRICAL_SURFACE('',#3709,0.1);
#91=CYLINDRICAL_SURFACE('',#3712,0.15);
#92=CYLINDRICAL_SURFACE('',#3716,0.175);
#93=CYLINDRICAL_SURFACE('',#3721,0.775);
#94=CYLINDRICAL_SURFACE('',#3724,0.75);
#95=CYLINDRICAL_SURFACE('',#3727,0.05);
#96=CYLINDRICAL_SURFACE('',#3728,0.1);
#97=CYLINDRICAL_SURFACE('',#3741,0.15);
#98=CYLINDRICAL_SURFACE('',#3743,0.775);
#99=CYLINDRICAL_SURFACE('',#3746,0.775);
#100=CYLINDRICAL_SURFACE('',#3748,0.775);
#101=CYLINDRICAL_SURFACE('',#3749,0.15);
#102=CYLINDRICAL_SURFACE('',#3752,0.775);
#103=CYLINDRICAL_SURFACE('',#3756,0.05);
#104=CYLINDRICAL_SURFACE('',#3757,0.1);
#105=CYLINDRICAL_SURFACE('',#3761,0.275);
#106=CYLINDRICAL_SURFACE('',#3763,0.1);
#107=CYLINDRICAL_SURFACE('',#3770,0.65);
#108=CYLINDRICAL_SURFACE('',#3776,0.1);
#109=CYLINDRICAL_SURFACE('',#3778,0.1);
#110=CYLINDRICAL_SURFACE('',#3779,0.1);
#111=CYLINDRICAL_SURFACE('',#3780,0.05);
#112=CYLINDRICAL_SURFACE('',#3784,0.15);
#113=CYLINDRICAL_SURFACE('',#3787,0.75);
#114=CYLINDRICAL_SURFACE('',#3795,0.15);
#115=CYLINDRICAL_SURFACE('',#3796,0.775);
#116=CYLINDRICAL_SURFACE('',#3805,0.15);
#117=CYLINDRICAL_SURFACE('',#3807,0.05);
#118=CYLINDRICAL_SURFACE('',#3808,0.1);
#119=CYLINDRICAL_SURFACE('',#3813,0.1);
#120=CIRCLE('',#3466,0.05);
#121=CIRCLE('',#3469,0.15);
#122=CIRCLE('',#3470,0.15);
#123=CIRCLE('',#3475,0.06);
#124=CIRCLE('',#3480,0.15);
#125=CIRCLE('',#3482,0.15);
#126=CIRCLE('',#3484,0.05);
#127=CIRCLE('',#3485,0.05);
#128=CIRCLE('',#3487,0.15);
#129=CIRCLE('',#3488,0.15);
#130=CIRCLE('',#3490,0.15);
#131=CIRCLE('',#3491,0.1);
#132=CIRCLE('',#3493,0.15);
#133=CIRCLE('',#3494,0.15);
#134=CIRCLE('',#3495,0.15);
#135=CIRCLE('',#3496,0.15);
#136=CIRCLE('',#3500,0.15);
#137=CIRCLE('',#3501,0.15);
#138=CIRCLE('',#3505,0.05);
#139=CIRCLE('',#3508,0.06);
#140=CIRCLE('',#3509,0.05);
#141=CIRCLE('',#3510,0.05);
#142=CIRCLE('',#3511,0.05);
#143=CIRCLE('',#3512,0.1);
#144=CIRCLE('',#3513,0.1);
#145=CIRCLE('',#3514,0.1);
#146=CIRCLE('',#3515,0.1);
#147=CIRCLE('',#3516,0.1);
#148=CIRCLE('',#3517,0.15);
#149=CIRCLE('',#3518,0.15);
#150=CIRCLE('',#3519,0.1);
#151=CIRCLE('',#3520,0.1);
#152=CIRCLE('',#3522,0.5785417);
#153=CIRCLE('',#3523,0.386778);
#154=CIRCLE('',#3524,0.386778);
#155=CIRCLE('',#3526,0.15);
#156=CIRCLE('',#3528,0.15);
#157=CIRCLE('',#3529,0.15);
#158=CIRCLE('',#3531,0.15);
#159=CIRCLE('',#3534,0.15);
#160=CIRCLE('',#3538,0.15);
#161=CIRCLE('',#3541,1.);
#162=CIRCLE('',#3542,0.2661158);
#163=CIRCLE('',#3543,1.);
#164=CIRCLE('',#3546,0.05);
#165=CIRCLE('',#3548,0.15);
#166=CIRCLE('',#3552,0.15);
#167=CIRCLE('',#3553,0.15);
#168=CIRCLE('',#3555,0.1);
#169=CIRCLE('',#3556,0.1);
#170=CIRCLE('',#3557,0.15);
#171=CIRCLE('',#3558,0.15);
#172=CIRCLE('',#3559,0.1);
#173=CIRCLE('',#3560,0.1);
#174=CIRCLE('',#3561,0.15);
#175=CIRCLE('',#3562,0.15);
#176=CIRCLE('',#3567,0.1);
#177=CIRCLE('',#3568,0.1);
#178=CIRCLE('',#3570,0.2037244);
#179=CIRCLE('',#3577,0.1);
#180=CIRCLE('',#3580,0.05);
#181=CIRCLE('',#3586,0.6860211);
#182=CIRCLE('',#3587,0.15);
#183=CIRCLE('',#3591,0.2661158);
#184=CIRCLE('',#3596,0.1);
#185=CIRCLE('',#3598,0.15);
#186=CIRCLE('',#3603,0.1);
#187=CIRCLE('',#3607,0.15);
#188=CIRCLE('',#3630,0.1163879);
#189=CIRCLE('',#3631,0.1631487);
#190=CIRCLE('',#3635,0.06);
#191=CIRCLE('',#3636,0.06);
#192=CIRCLE('',#3638,0.65);
#193=CIRCLE('',#3639,0.65);
#194=CIRCLE('',#3641,0.585153);
#195=CIRCLE('',#3642,0.2202314);
#196=CIRCLE('',#3644,3.4935118);
#197=CIRCLE('',#3645,3.4935118);
#198=CIRCLE('',#3647,0.175);
#199=CIRCLE('',#3648,0.1);
#200=CIRCLE('',#3649,0.25);
#201=CIRCLE('',#3650,0.1);
#202=CIRCLE('',#3654,0.75);
#203=CIRCLE('',#3655,0.75);
#204=CIRCLE('',#3657,0.75);
#205=CIRCLE('',#3658,0.75);
#206=CIRCLE('',#3660,0.775);
#207=CIRCLE('',#3661,0.1);
#208=CIRCLE('',#3663,0.1);
#209=CIRCLE('',#3664,0.25);
#210=CIRCLE('',#3665,0.1);
#211=CIRCLE('',#3666,0.1);
#212=CIRCLE('',#3667,0.1);
#213=CIRCLE('',#3668,0.1);
#214=CIRCLE('',#3669,0.775);
#215=CIRCLE('',#3670,0.1);
#216=CIRCLE('',#3671,0.775);
#217=CIRCLE('',#3672,0.1);
#218=CIRCLE('',#3673,0.1);
#219=CIRCLE('',#3674,0.1);
#220=CIRCLE('',#3675,0.1);
#221=CIRCLE('',#3676,0.775);
#222=CIRCLE('',#3677,0.65);
#223=CIRCLE('',#3678,0.1);
#224=CIRCLE('',#3679,0.775);
#225=CIRCLE('',#3680,0.1);
#226=CIRCLE('',#3683,0.1);
#227=CIRCLE('',#3685,0.1);
#228=CIRCLE('',#3686,0.1);
#229=CIRCLE('',#3688,0.12);
#230=CIRCLE('',#3689,0.12);
#231=CIRCLE('',#3695,0.175);
#232=CIRCLE('',#3697,0.1);
#233=CIRCLE('',#3701,0.15);
#234=CIRCLE('',#3702,0.775);
#235=CIRCLE('',#3705,0.15);
#236=CIRCLE('',#3707,0.1);
#237=CIRCLE('',#3710,0.1);
#238=CIRCLE('',#3711,0.1);
#239=CIRCLE('',#3714,0.1681221);
#240=CIRCLE('',#3715,0.275);
#241=CIRCLE('',#3718,0.775);
#242=CIRCLE('',#3719,0.15);
#243=CIRCLE('',#3722,0.775);
#244=CIRCLE('',#3723,0.775);
#245=CIRCLE('',#3725,0.75);
#246=CIRCLE('',#3726,0.75);
#247=CIRCLE('',#3730,0.6419482);
#248=CIRCLE('',#3731,0.15);
#249=CIRCLE('',#3732,0.775);
#250=CIRCLE('',#3733,0.1);
#251=CIRCLE('',#3734,0.775);
#252=CIRCLE('',#3736,0.6419502);
#253=CIRCLE('',#3738,0.6419502);
#254=CIRCLE('',#3739,0.6419482);
#255=CIRCLE('',#3742,0.15);
#256=CIRCLE('',#3744,0.775);
#257=CIRCLE('',#3747,0.775);
#258=CIRCLE('',#3750,0.15);
#259=CIRCLE('',#3751,0.15);
#260=CIRCLE('',#3753,0.775);
#261=CIRCLE('',#3754,0.775);
#262=CIRCLE('',#3755,0.775);
#263=CIRCLE('',#3758,0.1);
#264=CIRCLE('',#3762,0.275);
#265=CIRCLE('',#3764,0.1);
#266=CIRCLE('',#3767,0.1);
#267=CIRCLE('',#3768,0.1);
#268=CIRCLE('',#3769,0.1);
#269=CIRCLE('',#3771,0.65);
#270=CIRCLE('',#3773,3.4935118);
#271=CIRCLE('',#3774,0.75);
#272=CIRCLE('',#3775,0.775);
#273=CIRCLE('',#3785,0.15);
#274=CIRCLE('',#3788,0.75);
#275=CIRCLE('',#3791,3.4935118);
#276=CIRCLE('',#3797,0.775);
#277=ORIENTED_EDGE('',*,*,#1259,.F.);
#278=ORIENTED_EDGE('',*,*,#1260,.F.);
#279=ORIENTED_EDGE('',*,*,#1261,.T.);
#280=ORIENTED_EDGE('',*,*,#1262,.F.);
#281=ORIENTED_EDGE('',*,*,#1263,.T.);
#282=ORIENTED_EDGE('',*,*,#1264,.F.);
#283=ORIENTED_EDGE('',*,*,#1265,.F.);
#284=ORIENTED_EDGE('',*,*,#1266,.T.);
#285=ORIENTED_EDGE('',*,*,#1267,.F.);
#286=ORIENTED_EDGE('',*,*,#1268,.F.);
#287=ORIENTED_EDGE('',*,*,#1269,.T.);
#288=ORIENTED_EDGE('',*,*,#1270,.T.);
#289=ORIENTED_EDGE('',*,*,#1271,.T.);
#290=ORIENTED_EDGE('',*,*,#1272,.T.);
#291=ORIENTED_EDGE('',*,*,#1273,.F.);
#292=ORIENTED_EDGE('',*,*,#1274,.T.);
#293=ORIENTED_EDGE('',*,*,#1275,.F.);
#294=ORIENTED_EDGE('',*,*,#1276,.F.);
#295=ORIENTED_EDGE('',*,*,#1277,.F.);
#296=ORIENTED_EDGE('',*,*,#1278,.T.);
#297=ORIENTED_EDGE('',*,*,#1279,.T.);
#298=ORIENTED_EDGE('',*,*,#1280,.F.);
#299=ORIENTED_EDGE('',*,*,#1270,.F.);
#300=ORIENTED_EDGE('',*,*,#1281,.F.);
#301=ORIENTED_EDGE('',*,*,#1282,.T.);
#302=ORIENTED_EDGE('',*,*,#1283,.F.);
#303=ORIENTED_EDGE('',*,*,#1284,.T.);
#304=ORIENTED_EDGE('',*,*,#1285,.F.);
#305=ORIENTED_EDGE('',*,*,#1286,.T.);
#306=ORIENTED_EDGE('',*,*,#1287,.F.);
#307=ORIENTED_EDGE('',*,*,#1288,.T.);
#308=ORIENTED_EDGE('',*,*,#1289,.F.);
#309=ORIENTED_EDGE('',*,*,#1290,.T.);
#310=ORIENTED_EDGE('',*,*,#1291,.F.);
#311=ORIENTED_EDGE('',*,*,#1292,.T.);
#312=ORIENTED_EDGE('',*,*,#1287,.T.);
#313=ORIENTED_EDGE('',*,*,#1293,.F.);
#314=ORIENTED_EDGE('',*,*,#1294,.F.);
#315=ORIENTED_EDGE('',*,*,#1295,.F.);
#316=ORIENTED_EDGE('',*,*,#1296,.T.);
#317=ORIENTED_EDGE('',*,*,#1297,.F.);
#318=ORIENTED_EDGE('',*,*,#1298,.F.);
#319=ORIENTED_EDGE('',*,*,#1299,.F.);
#320=ORIENTED_EDGE('',*,*,#1300,.T.);
#321=ORIENTED_EDGE('',*,*,#1301,.T.);
#322=ORIENTED_EDGE('',*,*,#1302,.T.);
#323=ORIENTED_EDGE('',*,*,#1303,.T.);
#324=ORIENTED_EDGE('',*,*,#1304,.T.);
#325=ORIENTED_EDGE('',*,*,#1305,.F.);
#326=ORIENTED_EDGE('',*,*,#1306,.F.);
#327=ORIENTED_EDGE('',*,*,#1307,.F.);
#328=ORIENTED_EDGE('',*,*,#1275,.T.);
#329=ORIENTED_EDGE('',*,*,#1308,.T.);
#330=ORIENTED_EDGE('',*,*,#1309,.F.);
#331=ORIENTED_EDGE('',*,*,#1310,.T.);
#332=ORIENTED_EDGE('',*,*,#1311,.T.);
#333=ORIENTED_EDGE('',*,*,#1298,.T.);
#334=ORIENTED_EDGE('',*,*,#1312,.F.);
#335=ORIENTED_EDGE('',*,*,#1313,.F.);
#336=ORIENTED_EDGE('',*,*,#1314,.T.);
#337=ORIENTED_EDGE('',*,*,#1315,.F.);
#338=ORIENTED_EDGE('',*,*,#1316,.T.);
#339=ORIENTED_EDGE('',*,*,#1267,.T.);
#340=ORIENTED_EDGE('',*,*,#1317,.F.);
#341=ORIENTED_EDGE('',*,*,#1318,.T.);
#342=ORIENTED_EDGE('',*,*,#1319,.F.);
#343=ORIENTED_EDGE('',*,*,#1320,.T.);
#344=ORIENTED_EDGE('',*,*,#1321,.T.);
#345=ORIENTED_EDGE('',*,*,#1322,.T.);
#346=ORIENTED_EDGE('',*,*,#1323,.T.);
#347=ORIENTED_EDGE('',*,*,#1321,.F.);
#348=ORIENTED_EDGE('',*,*,#1324,.T.);
#349=ORIENTED_EDGE('',*,*,#1325,.F.);
#350=ORIENTED_EDGE('',*,*,#1326,.F.);
#351=ORIENTED_EDGE('',*,*,#1327,.T.);
#352=ORIENTED_EDGE('',*,*,#1328,.F.);
#353=ORIENTED_EDGE('',*,*,#1329,.F.);
#354=ORIENTED_EDGE('',*,*,#1330,.F.);
#355=ORIENTED_EDGE('',*,*,#1331,.F.);
#356=ORIENTED_EDGE('',*,*,#1326,.T.);
#357=ORIENTED_EDGE('',*,*,#1332,.T.);
#358=ORIENTED_EDGE('',*,*,#1268,.T.);
#359=ORIENTED_EDGE('',*,*,#1333,.F.);
#360=ORIENTED_EDGE('',*,*,#1334,.F.);
#361=ORIENTED_EDGE('',*,*,#1335,.F.);
#362=ORIENTED_EDGE('',*,*,#1336,.T.);
#363=ORIENTED_EDGE('',*,*,#1337,.T.);
#364=ORIENTED_EDGE('',*,*,#1338,.T.);
#365=ORIENTED_EDGE('',*,*,#1339,.F.);
#366=ORIENTED_EDGE('',*,*,#1340,.F.);
#367=ORIENTED_EDGE('',*,*,#1341,.F.);
#368=ORIENTED_EDGE('',*,*,#1322,.F.);
#369=ORIENTED_EDGE('',*,*,#1342,.F.);
#370=ORIENTED_EDGE('',*,*,#1343,.F.);
#371=ORIENTED_EDGE('',*,*,#1344,.T.);
#372=ORIENTED_EDGE('',*,*,#1345,.F.);
#373=ORIENTED_EDGE('',*,*,#1346,.T.);
#374=ORIENTED_EDGE('',*,*,#1331,.T.);
#375=ORIENTED_EDGE('',*,*,#1347,.F.);
#376=ORIENTED_EDGE('',*,*,#1339,.T.);
#377=ORIENTED_EDGE('',*,*,#1327,.F.);
#378=ORIENTED_EDGE('',*,*,#1348,.F.);
#379=ORIENTED_EDGE('',*,*,#1308,.F.);
#380=ORIENTED_EDGE('',*,*,#1349,.F.);
#381=ORIENTED_EDGE('',*,*,#1350,.F.);
#382=ORIENTED_EDGE('',*,*,#1351,.F.);
#383=ORIENTED_EDGE('',*,*,#1352,.T.);
#384=ORIENTED_EDGE('',*,*,#1353,.T.);
#385=ORIENTED_EDGE('',*,*,#1354,.F.);
#386=ORIENTED_EDGE('',*,*,#1283,.T.);
#387=ORIENTED_EDGE('',*,*,#1355,.F.);
#388=ORIENTED_EDGE('',*,*,#1356,.T.);
#389=ORIENTED_EDGE('',*,*,#1357,.F.);
#390=ORIENTED_EDGE('',*,*,#1358,.T.);
#391=ORIENTED_EDGE('',*,*,#1359,.F.);
#392=ORIENTED_EDGE('',*,*,#1360,.T.);
#393=ORIENTED_EDGE('',*,*,#1361,.T.);
#394=ORIENTED_EDGE('',*,*,#1273,.T.);
#395=ORIENTED_EDGE('',*,*,#1362,.F.);
#396=ORIENTED_EDGE('',*,*,#1363,.F.);
#397=ORIENTED_EDGE('',*,*,#1364,.T.);
#398=ORIENTED_EDGE('',*,*,#1365,.T.);
#399=ORIENTED_EDGE('',*,*,#1366,.T.);
#400=ORIENTED_EDGE('',*,*,#1367,.T.);
#401=ORIENTED_EDGE('',*,*,#1368,.T.);
#402=ORIENTED_EDGE('',*,*,#1369,.F.);
#403=ORIENTED_EDGE('',*,*,#1260,.T.);
#404=ORIENTED_EDGE('',*,*,#1370,.F.);
#405=ORIENTED_EDGE('',*,*,#1371,.T.);
#406=ORIENTED_EDGE('',*,*,#1372,.F.);
#407=ORIENTED_EDGE('',*,*,#1290,.F.);
#408=ORIENTED_EDGE('',*,*,#1286,.F.);
#409=ORIENTED_EDGE('',*,*,#1373,.T.);
#410=ORIENTED_EDGE('',*,*,#1374,.F.);
#411=ORIENTED_EDGE('',*,*,#1375,.F.);
#412=ORIENTED_EDGE('',*,*,#1376,.T.);
#413=ORIENTED_EDGE('',*,*,#1328,.T.);
#414=ORIENTED_EDGE('',*,*,#1325,.T.);
#415=ORIENTED_EDGE('',*,*,#1377,.F.);
#416=ORIENTED_EDGE('',*,*,#1378,.F.);
#417=ORIENTED_EDGE('',*,*,#1379,.T.);
#418=ORIENTED_EDGE('',*,*,#1380,.F.);
#419=ORIENTED_EDGE('',*,*,#1370,.T.);
#420=ORIENTED_EDGE('',*,*,#1259,.T.);
#421=ORIENTED_EDGE('',*,*,#1381,.T.);
#422=ORIENTED_EDGE('',*,*,#1382,.F.);
#423=ORIENTED_EDGE('',*,*,#1383,.T.);
#424=ORIENTED_EDGE('',*,*,#1342,.T.);
#425=ORIENTED_EDGE('',*,*,#1384,.T.);
#426=ORIENTED_EDGE('',*,*,#1385,.F.);
#427=ORIENTED_EDGE('',*,*,#1386,.T.);
#428=ORIENTED_EDGE('',*,*,#1387,.T.);
#429=ORIENTED_EDGE('',*,*,#1388,.F.);
#430=ORIENTED_EDGE('',*,*,#1389,.F.);
#431=ORIENTED_EDGE('',*,*,#1390,.F.);
#432=ORIENTED_EDGE('',*,*,#1391,.F.);
#433=ORIENTED_EDGE('',*,*,#1392,.T.);
#434=ORIENTED_EDGE('',*,*,#1393,.F.);
#435=ORIENTED_EDGE('',*,*,#1394,.F.);
#436=ORIENTED_EDGE('',*,*,#1395,.T.);
#437=ORIENTED_EDGE('',*,*,#1390,.T.);
#438=ORIENTED_EDGE('',*,*,#1396,.F.);
#439=ORIENTED_EDGE('',*,*,#1397,.F.);
#440=ORIENTED_EDGE('',*,*,#1398,.T.);
#441=ORIENTED_EDGE('',*,*,#1399,.T.);
#442=ORIENTED_EDGE('',*,*,#1400,.T.);
#443=ORIENTED_EDGE('',*,*,#1401,.T.);
#444=ORIENTED_EDGE('',*,*,#1402,.F.);
#445=ORIENTED_EDGE('',*,*,#1382,.T.);
#446=ORIENTED_EDGE('',*,*,#1403,.F.);
#447=ORIENTED_EDGE('',*,*,#1404,.F.);
#448=ORIENTED_EDGE('',*,*,#1405,.F.);
#449=ORIENTED_EDGE('',*,*,#1340,.T.);
#450=ORIENTED_EDGE('',*,*,#1347,.T.);
#451=ORIENTED_EDGE('',*,*,#1330,.T.);
#452=ORIENTED_EDGE('',*,*,#1406,.T.);
#453=ORIENTED_EDGE('',*,*,#1407,.F.);
#454=ORIENTED_EDGE('',*,*,#1408,.F.);
#455=ORIENTED_EDGE('',*,*,#1409,.T.);
#456=ORIENTED_EDGE('',*,*,#1318,.F.);
#457=ORIENTED_EDGE('',*,*,#1396,.T.);
#458=ORIENTED_EDGE('',*,*,#1393,.T.);
#459=ORIENTED_EDGE('',*,*,#1410,.T.);
#460=ORIENTED_EDGE('',*,*,#1411,.T.);
#461=ORIENTED_EDGE('',*,*,#1352,.F.);
#462=ORIENTED_EDGE('',*,*,#1324,.F.);
#463=ORIENTED_EDGE('',*,*,#1320,.F.);
#464=ORIENTED_EDGE('',*,*,#1412,.F.);
#465=ORIENTED_EDGE('',*,*,#1413,.F.);
#466=ORIENTED_EDGE('',*,*,#1414,.F.);
#467=ORIENTED_EDGE('',*,*,#1415,.T.);
#468=ORIENTED_EDGE('',*,*,#1416,.T.);
#469=ORIENTED_EDGE('',*,*,#1417,.T.);
#470=ORIENTED_EDGE('',*,*,#1379,.F.);
#471=ORIENTED_EDGE('',*,*,#1418,.T.);
#472=ORIENTED_EDGE('',*,*,#1335,.T.);
#473=ORIENTED_EDGE('',*,*,#1419,.F.);
#474=ORIENTED_EDGE('',*,*,#1420,.F.);
#475=ORIENTED_EDGE('',*,*,#1351,.T.);
#476=ORIENTED_EDGE('',*,*,#1421,.F.);
#477=ORIENTED_EDGE('',*,*,#1422,.T.);
#478=ORIENTED_EDGE('',*,*,#1423,.F.);
#479=ORIENTED_EDGE('',*,*,#1303,.F.);
#480=ORIENTED_EDGE('',*,*,#1424,.T.);
#481=ORIENTED_EDGE('',*,*,#1291,.T.);
#482=ORIENTED_EDGE('',*,*,#1372,.T.);
#483=ORIENTED_EDGE('',*,*,#1425,.T.);
#484=ORIENTED_EDGE('',*,*,#1399,.F.);
#485=ORIENTED_EDGE('',*,*,#1426,.T.);
#486=ORIENTED_EDGE('',*,*,#1366,.F.);
#487=ORIENTED_EDGE('',*,*,#1427,.T.);
#488=ORIENTED_EDGE('',*,*,#1428,.T.);
#489=ORIENTED_EDGE('',*,*,#1429,.T.);
#490=ORIENTED_EDGE('',*,*,#1334,.T.);
#491=ORIENTED_EDGE('',*,*,#1430,.T.);
#492=ORIENTED_EDGE('',*,*,#1431,.T.);
#493=ORIENTED_EDGE('',*,*,#1432,.F.);
#494=ORIENTED_EDGE('',*,*,#1277,.T.);
#495=ORIENTED_EDGE('',*,*,#1433,.F.);
#496=ORIENTED_EDGE('',*,*,#1434,.T.);
#497=ORIENTED_EDGE('',*,*,#1435,.F.);
#498=ORIENTED_EDGE('',*,*,#1436,.T.);
#499=ORIENTED_EDGE('',*,*,#1437,.T.);
#500=ORIENTED_EDGE('',*,*,#1438,.F.);
#501=ORIENTED_EDGE('',*,*,#1439,.T.);
#502=ORIENTED_EDGE('',*,*,#1381,.F.);
#503=ORIENTED_EDGE('',*,*,#1262,.T.);
#504=ORIENTED_EDGE('',*,*,#1440,.T.);
#505=ORIENTED_EDGE('',*,*,#1441,.T.);
#506=ORIENTED_EDGE('',*,*,#1333,.T.);
#507=ORIENTED_EDGE('',*,*,#1271,.F.);
#508=ORIENTED_EDGE('',*,*,#1280,.T.);
#509=ORIENTED_EDGE('',*,*,#1442,.F.);
#510=ORIENTED_EDGE('',*,*,#1419,.T.);
#511=ORIENTED_EDGE('',*,*,#1338,.F.);
#512=ORIENTED_EDGE('',*,*,#1443,.T.);
#513=ORIENTED_EDGE('',*,*,#1430,.F.);
#514=ORIENTED_EDGE('',*,*,#1421,.T.);
#515=ORIENTED_EDGE('',*,*,#1261,.F.);
#516=ORIENTED_EDGE('',*,*,#1369,.T.);
#517=ORIENTED_EDGE('',*,*,#1444,.F.);
#518=ORIENTED_EDGE('',*,*,#1440,.F.);
#519=ORIENTED_EDGE('',*,*,#1445,.F.);
#520=ORIENTED_EDGE('',*,*,#1387,.F.);
#521=ORIENTED_EDGE('',*,*,#1446,.T.);
#522=ORIENTED_EDGE('',*,*,#1447,.T.);
#523=ORIENTED_EDGE('',*,*,#1391,.T.);
#524=ORIENTED_EDGE('',*,*,#1395,.F.);
#525=ORIENTED_EDGE('',*,*,#1448,.F.);
#526=ORIENTED_EDGE('',*,*,#1434,.F.);
#527=ORIENTED_EDGE('',*,*,#1449,.T.);
#528=ORIENTED_EDGE('',*,*,#1450,.F.);
#529=ORIENTED_EDGE('',*,*,#1451,.T.);
#530=ORIENTED_EDGE('',*,*,#1404,.T.);
#531=ORIENTED_EDGE('',*,*,#1452,.F.);
#532=ORIENTED_EDGE('',*,*,#1348,.T.);
#533=ORIENTED_EDGE('',*,*,#1285,.T.);
#534=ORIENTED_EDGE('',*,*,#1453,.T.);
#535=ORIENTED_EDGE('',*,*,#1389,.T.);
#536=ORIENTED_EDGE('',*,*,#1454,.T.);
#537=ORIENTED_EDGE('',*,*,#1455,.F.);
#538=ORIENTED_EDGE('',*,*,#1456,.F.);
#539=ORIENTED_EDGE('',*,*,#1457,.F.);
#540=ORIENTED_EDGE('',*,*,#1446,.F.);
#541=ORIENTED_EDGE('',*,*,#1386,.F.);
#542=ORIENTED_EDGE('',*,*,#1458,.F.);
#543=ORIENTED_EDGE('',*,*,#1400,.F.);
#544=ORIENTED_EDGE('',*,*,#1427,.F.);
#545=ORIENTED_EDGE('',*,*,#1365,.F.);
#546=ORIENTED_EDGE('',*,*,#1459,.T.);
#547=ORIENTED_EDGE('',*,*,#1282,.F.);
#548=ORIENTED_EDGE('',*,*,#1460,.T.);
#549=ORIENTED_EDGE('',*,*,#1461,.T.);
#550=ORIENTED_EDGE('',*,*,#1355,.T.);
#551=ORIENTED_EDGE('',*,*,#1349,.T.);
#552=ORIENTED_EDGE('',*,*,#1263,.F.);
#553=ORIENTED_EDGE('',*,*,#1357,.T.);
#554=ORIENTED_EDGE('',*,*,#1462,.T.);
#555=ORIENTED_EDGE('',*,*,#1463,.T.);
#556=ORIENTED_EDGE('',*,*,#1458,.T.);
#557=ORIENTED_EDGE('',*,*,#1385,.T.);
#558=ORIENTED_EDGE('',*,*,#1453,.F.);
#559=ORIENTED_EDGE('',*,*,#1464,.T.);
#560=ORIENTED_EDGE('',*,*,#1450,.T.);
#561=ORIENTED_EDGE('',*,*,#1465,.T.);
#562=ORIENTED_EDGE('',*,*,#1310,.F.);
#563=ORIENTED_EDGE('',*,*,#1466,.F.);
#564=ORIENTED_EDGE('',*,*,#1467,.F.);
#565=ORIENTED_EDGE('',*,*,#1468,.F.);
#566=ORIENTED_EDGE('',*,*,#1469,.F.);
#567=ORIENTED_EDGE('',*,*,#1462,.F.);
#568=ORIENTED_EDGE('',*,*,#1356,.F.);
#569=ORIENTED_EDGE('',*,*,#1461,.F.);
#570=ORIENTED_EDGE('',*,*,#1444,.T.);
#571=ORIENTED_EDGE('',*,*,#1368,.F.);
#572=ORIENTED_EDGE('',*,*,#1470,.T.);
#573=ORIENTED_EDGE('',*,*,#1401,.F.);
#574=ORIENTED_EDGE('',*,*,#1459,.F.);
#575=ORIENTED_EDGE('',*,*,#1364,.F.);
#576=ORIENTED_EDGE('',*,*,#1471,.T.);
#577=ORIENTED_EDGE('',*,*,#1441,.F.);
#578=ORIENTED_EDGE('',*,*,#1367,.F.);
#579=ORIENTED_EDGE('',*,*,#1426,.F.);
#580=ORIENTED_EDGE('',*,*,#1398,.F.);
#581=ORIENTED_EDGE('',*,*,#1470,.F.);
#582=ORIENTED_EDGE('',*,*,#1443,.F.);
#583=ORIENTED_EDGE('',*,*,#1337,.F.);
#584=ORIENTED_EDGE('',*,*,#1472,.T.);
#585=ORIENTED_EDGE('',*,*,#1428,.F.);
#586=ORIENTED_EDGE('',*,*,#1473,.F.);
#587=ORIENTED_EDGE('',*,*,#1472,.F.);
#588=ORIENTED_EDGE('',*,*,#1336,.F.);
#589=ORIENTED_EDGE('',*,*,#1418,.F.);
#590=ORIENTED_EDGE('',*,*,#1474,.F.);
#591=ORIENTED_EDGE('',*,*,#1278,.F.);
#592=ORIENTED_EDGE('',*,*,#1269,.F.);
#593=ORIENTED_EDGE('',*,*,#1332,.F.);
#594=ORIENTED_EDGE('',*,*,#1429,.F.);
#595=ORIENTED_EDGE('',*,*,#1475,.F.);
#596=ORIENTED_EDGE('',*,*,#1467,.T.);
#597=ORIENTED_EDGE('',*,*,#1359,.T.);
#598=ORIENTED_EDGE('',*,*,#1313,.T.);
#599=ORIENTED_EDGE('',*,*,#1476,.T.);
#600=ORIENTED_EDGE('',*,*,#1305,.T.);
#601=ORIENTED_EDGE('',*,*,#1477,.T.);
#602=ORIENTED_EDGE('',*,*,#1360,.F.);
#603=ORIENTED_EDGE('',*,*,#1466,.T.);
#604=ORIENTED_EDGE('',*,*,#1452,.T.);
#605=ORIENTED_EDGE('',*,*,#1416,.F.);
#606=ORIENTED_EDGE('',*,*,#1478,.F.);
#607=ORIENTED_EDGE('',*,*,#1279,.F.);
#608=ORIENTED_EDGE('',*,*,#1474,.T.);
#609=ORIENTED_EDGE('',*,*,#1420,.T.);
#610=ORIENTED_EDGE('',*,*,#1442,.T.);
#611=ORIENTED_EDGE('',*,*,#1471,.F.);
#612=ORIENTED_EDGE('',*,*,#1363,.T.);
#613=ORIENTED_EDGE('',*,*,#1479,.F.);
#614=ORIENTED_EDGE('',*,*,#1431,.F.);
#615=ORIENTED_EDGE('',*,*,#1296,.F.);
#616=ORIENTED_EDGE('',*,*,#1480,.F.);
#617=ORIENTED_EDGE('',*,*,#1481,.T.);
#618=ORIENTED_EDGE('',*,*,#1314,.F.);
#619=ORIENTED_EDGE('',*,*,#1323,.F.);
#620=ORIENTED_EDGE('',*,*,#1482,.T.);
#621=ORIENTED_EDGE('',*,*,#1483,.T.);
#622=ORIENTED_EDGE('',*,*,#1484,.T.);
#623=ORIENTED_EDGE('',*,*,#1412,.T.);
#624=ORIENTED_EDGE('',*,*,#1319,.T.);
#625=ORIENTED_EDGE('',*,*,#1409,.F.);
#626=ORIENTED_EDGE('',*,*,#1413,.T.);
#627=ORIENTED_EDGE('',*,*,#1484,.F.);
#628=ORIENTED_EDGE('',*,*,#1408,.T.);
#629=ORIENTED_EDGE('',*,*,#1485,.F.);
#630=ORIENTED_EDGE('',*,*,#1265,.T.);
#631=ORIENTED_EDGE('',*,*,#1486,.T.);
#632=ORIENTED_EDGE('',*,*,#1487,.F.);
#633=ORIENTED_EDGE('',*,*,#1480,.T.);
#634=ORIENTED_EDGE('',*,*,#1488,.F.);
#635=ORIENTED_EDGE('',*,*,#1489,.F.);
#636=ORIENTED_EDGE('',*,*,#1375,.T.);
#637=ORIENTED_EDGE('',*,*,#1490,.F.);
#638=ORIENTED_EDGE('',*,*,#1437,.F.);
#639=ORIENTED_EDGE('',*,*,#1481,.F.);
#640=ORIENTED_EDGE('',*,*,#1487,.T.);
#641=ORIENTED_EDGE('',*,*,#1491,.T.);
#642=ORIENTED_EDGE('',*,*,#1315,.T.);
#643=ORIENTED_EDGE('',*,*,#1350,.T.);
#644=ORIENTED_EDGE('',*,*,#1346,.F.);
#645=ORIENTED_EDGE('',*,*,#1417,.F.);
#646=ORIENTED_EDGE('',*,*,#1478,.T.);
#647=ORIENTED_EDGE('',*,*,#1415,.F.);
#648=ORIENTED_EDGE('',*,*,#1378,.T.);
#649=ORIENTED_EDGE('',*,*,#1492,.F.);
#650=ORIENTED_EDGE('',*,*,#1493,.T.);
#651=ORIENTED_EDGE('',*,*,#1410,.F.);
#652=ORIENTED_EDGE('',*,*,#1392,.F.);
#653=ORIENTED_EDGE('',*,*,#1447,.F.);
#654=ORIENTED_EDGE('',*,*,#1457,.T.);
#655=ORIENTED_EDGE('',*,*,#1463,.F.);
#656=ORIENTED_EDGE('',*,*,#1469,.T.);
#657=ORIENTED_EDGE('',*,*,#1460,.F.);
#658=ORIENTED_EDGE('',*,*,#1281,.T.);
#659=ORIENTED_EDGE('',*,*,#1477,.F.);
#660=ORIENTED_EDGE('',*,*,#1304,.F.);
#661=ORIENTED_EDGE('',*,*,#1274,.F.);
#662=ORIENTED_EDGE('',*,*,#1361,.F.);
#663=ORIENTED_EDGE('',*,*,#1448,.T.);
#664=ORIENTED_EDGE('',*,*,#1394,.T.);
#665=ORIENTED_EDGE('',*,*,#1494,.T.);
#666=ORIENTED_EDGE('',*,*,#1294,.T.);
#667=ORIENTED_EDGE('',*,*,#1495,.T.);
#668=ORIENTED_EDGE('',*,*,#1482,.F.);
#669=ORIENTED_EDGE('',*,*,#1341,.T.);
#670=ORIENTED_EDGE('',*,*,#1405,.T.);
#671=ORIENTED_EDGE('',*,*,#1496,.F.);
#672=ORIENTED_EDGE('',*,*,#1435,.T.);
#673=ORIENTED_EDGE('',*,*,#1301,.F.);
#674=ORIENTED_EDGE('',*,*,#1497,.F.);
#675=ORIENTED_EDGE('',*,*,#1498,.T.);
#676=ORIENTED_EDGE('',*,*,#1343,.T.);
#677=ORIENTED_EDGE('',*,*,#1383,.F.);
#678=ORIENTED_EDGE('',*,*,#1402,.T.);
#679=ORIENTED_EDGE('',*,*,#1451,.F.);
#680=ORIENTED_EDGE('',*,*,#1464,.F.);
#681=ORIENTED_EDGE('',*,*,#1456,.T.);
#682=ORIENTED_EDGE('',*,*,#1465,.F.);
#683=ORIENTED_EDGE('',*,*,#1449,.F.);
#684=ORIENTED_EDGE('',*,*,#1403,.T.);
#685=ORIENTED_EDGE('',*,*,#1384,.F.);
#686=ORIENTED_EDGE('',*,*,#1345,.T.);
#687=ORIENTED_EDGE('',*,*,#1499,.T.);
#688=ORIENTED_EDGE('',*,*,#1500,.F.);
#689=ORIENTED_EDGE('',*,*,#1299,.T.);
#690=ORIENTED_EDGE('',*,*,#1311,.F.);
#691=ORIENTED_EDGE('',*,*,#1501,.T.);
#692=ORIENTED_EDGE('',*,*,#1306,.T.);
#693=ORIENTED_EDGE('',*,*,#1476,.F.);
#694=ORIENTED_EDGE('',*,*,#1312,.T.);
#695=ORIENTED_EDGE('',*,*,#1502,.T.);
#696=ORIENTED_EDGE('',*,*,#1492,.T.);
#697=ORIENTED_EDGE('',*,*,#1284,.F.);
#698=ORIENTED_EDGE('',*,*,#1354,.T.);
#699=ORIENTED_EDGE('',*,*,#1266,.F.);
#700=ORIENTED_EDGE('',*,*,#1485,.T.);
#701=ORIENTED_EDGE('',*,*,#1407,.T.);
#702=ORIENTED_EDGE('',*,*,#1317,.T.);
#703=ORIENTED_EDGE('',*,*,#1455,.T.);
#704=ORIENTED_EDGE('',*,*,#1503,.T.);
#705=ORIENTED_EDGE('',*,*,#1422,.F.);
#706=ORIENTED_EDGE('',*,*,#1302,.F.);
#707=ORIENTED_EDGE('',*,*,#1309,.T.);
#708=ORIENTED_EDGE('',*,*,#1353,.F.);
#709=ORIENTED_EDGE('',*,*,#1411,.F.);
#710=ORIENTED_EDGE('',*,*,#1493,.F.);
#711=ORIENTED_EDGE('',*,*,#1502,.F.);
#712=ORIENTED_EDGE('',*,*,#1504,.F.);
#713=ORIENTED_EDGE('',*,*,#1497,.T.);
#714=ORIENTED_EDGE('',*,*,#1300,.F.);
#715=ORIENTED_EDGE('',*,*,#1500,.T.);
#716=ORIENTED_EDGE('',*,*,#1495,.F.);
#717=ORIENTED_EDGE('',*,*,#1293,.T.);
#718=ORIENTED_EDGE('',*,*,#1483,.F.);
#719=ORIENTED_EDGE('',*,*,#1288,.F.);
#720=ORIENTED_EDGE('',*,*,#1292,.F.);
#721=ORIENTED_EDGE('',*,*,#1424,.F.);
#722=ORIENTED_EDGE('',*,*,#1505,.F.);
#723=ORIENTED_EDGE('',*,*,#1377,.T.);
#724=ORIENTED_EDGE('',*,*,#1473,.T.);
#725=ORIENTED_EDGE('',*,*,#1490,.T.);
#726=ORIENTED_EDGE('',*,*,#1374,.T.);
#727=ORIENTED_EDGE('',*,*,#1506,.F.);
#728=ORIENTED_EDGE('',*,*,#1438,.T.);
#729=ORIENTED_EDGE('',*,*,#1496,.T.);
#730=ORIENTED_EDGE('',*,*,#1406,.F.);
#731=ORIENTED_EDGE('',*,*,#1329,.T.);
#732=ORIENTED_EDGE('',*,*,#1376,.F.);
#733=ORIENTED_EDGE('',*,*,#1489,.T.);
#734=ORIENTED_EDGE('',*,*,#1436,.F.);
#735=ORIENTED_EDGE('',*,*,#1276,.T.);
#736=ORIENTED_EDGE('',*,*,#1307,.T.);
#737=ORIENTED_EDGE('',*,*,#1501,.F.);
#738=ORIENTED_EDGE('',*,*,#1297,.T.);
#739=ORIENTED_EDGE('',*,*,#1423,.T.);
#740=ORIENTED_EDGE('',*,*,#1503,.F.);
#741=ORIENTED_EDGE('',*,*,#1454,.F.);
#742=ORIENTED_EDGE('',*,*,#1388,.T.);
#743=ORIENTED_EDGE('',*,*,#1445,.T.);
#744=ORIENTED_EDGE('',*,*,#1433,.T.);
#745=ORIENTED_EDGE('',*,*,#1344,.F.);
#746=ORIENTED_EDGE('',*,*,#1498,.F.);
#747=ORIENTED_EDGE('',*,*,#1504,.T.);
#748=ORIENTED_EDGE('',*,*,#1499,.F.);
#749=ORIENTED_EDGE('',*,*,#1479,.T.);
#750=ORIENTED_EDGE('',*,*,#1362,.T.);
#751=ORIENTED_EDGE('',*,*,#1272,.F.);
#752=ORIENTED_EDGE('',*,*,#1432,.T.);
#753=ORIENTED_EDGE('',*,*,#1295,.T.);
#754=ORIENTED_EDGE('',*,*,#1494,.F.);
#755=ORIENTED_EDGE('',*,*,#1397,.T.);
#756=ORIENTED_EDGE('',*,*,#1414,.T.);
#757=ORIENTED_EDGE('',*,*,#1488,.T.);
#758=ORIENTED_EDGE('',*,*,#1491,.F.);
#759=ORIENTED_EDGE('',*,*,#1486,.F.);
#760=ORIENTED_EDGE('',*,*,#1264,.T.);
#761=ORIENTED_EDGE('',*,*,#1316,.F.);
#762=ORIENTED_EDGE('',*,*,#1506,.T.);
#763=ORIENTED_EDGE('',*,*,#1373,.F.);
#764=ORIENTED_EDGE('',*,*,#1289,.T.);
#765=ORIENTED_EDGE('',*,*,#1505,.T.);
#766=ORIENTED_EDGE('',*,*,#1425,.F.);
#767=ORIENTED_EDGE('',*,*,#1371,.F.);
#768=ORIENTED_EDGE('',*,*,#1380,.T.);
#769=ORIENTED_EDGE('',*,*,#1439,.F.);
#770=ORIENTED_EDGE('',*,*,#1475,.T.);
#771=ORIENTED_EDGE('',*,*,#1358,.F.);
#772=ORIENTED_EDGE('',*,*,#1468,.T.);
#773=ORIENTED_EDGE('',*,*,#1507,.T.);
#774=ORIENTED_EDGE('',*,*,#1508,.F.);
#775=ORIENTED_EDGE('',*,*,#1507,.F.);
#776=ORIENTED_EDGE('',*,*,#1508,.T.);
#777=ORIENTED_EDGE('',*,*,#1509,.T.);
#778=ORIENTED_EDGE('',*,*,#1510,.F.);
#779=ORIENTED_EDGE('',*,*,#1511,.T.);
#780=ORIENTED_EDGE('',*,*,#1512,.F.);
#781=ORIENTED_EDGE('',*,*,#1513,.T.);
#782=ORIENTED_EDGE('',*,*,#1514,.T.);
#783=ORIENTED_EDGE('',*,*,#1515,.F.);
#784=ORIENTED_EDGE('',*,*,#1516,.T.);
#785=ORIENTED_EDGE('',*,*,#1517,.F.);
#786=ORIENTED_EDGE('',*,*,#1518,.T.);
#787=ORIENTED_EDGE('',*,*,#1519,.T.);
#788=ORIENTED_EDGE('',*,*,#1520,.T.);
#789=ORIENTED_EDGE('',*,*,#1521,.F.);
#790=ORIENTED_EDGE('',*,*,#1522,.F.);
#791=ORIENTED_EDGE('',*,*,#1523,.F.);
#792=ORIENTED_EDGE('',*,*,#1524,.F.);
#793=ORIENTED_EDGE('',*,*,#1525,.F.);
#794=ORIENTED_EDGE('',*,*,#1526,.F.);
#795=ORIENTED_EDGE('',*,*,#1527,.F.);
#796=ORIENTED_EDGE('',*,*,#1528,.F.);
#797=ORIENTED_EDGE('',*,*,#1529,.F.);
#798=ORIENTED_EDGE('',*,*,#1530,.T.);
#799=ORIENTED_EDGE('',*,*,#1531,.F.);
#800=ORIENTED_EDGE('',*,*,#1532,.F.);
#801=ORIENTED_EDGE('',*,*,#1533,.F.);
#802=ORIENTED_EDGE('',*,*,#1534,.F.);
#803=ORIENTED_EDGE('',*,*,#1535,.F.);
#804=ORIENTED_EDGE('',*,*,#1536,.T.);
#805=ORIENTED_EDGE('',*,*,#1537,.F.);
#806=ORIENTED_EDGE('',*,*,#1538,.F.);
#807=ORIENTED_EDGE('',*,*,#1539,.T.);
#808=ORIENTED_EDGE('',*,*,#1540,.T.);
#809=ORIENTED_EDGE('',*,*,#1541,.F.);
#810=ORIENTED_EDGE('',*,*,#1542,.F.);
#811=ORIENTED_EDGE('',*,*,#1543,.F.);
#812=ORIENTED_EDGE('',*,*,#1544,.T.);
#813=ORIENTED_EDGE('',*,*,#1545,.F.);
#814=ORIENTED_EDGE('',*,*,#1546,.T.);
#815=ORIENTED_EDGE('',*,*,#1547,.T.);
#816=ORIENTED_EDGE('',*,*,#1548,.T.);
#817=ORIENTED_EDGE('',*,*,#1549,.T.);
#818=ORIENTED_EDGE('',*,*,#1550,.T.);
#819=ORIENTED_EDGE('',*,*,#1551,.F.);
#820=ORIENTED_EDGE('',*,*,#1552,.F.);
#821=ORIENTED_EDGE('',*,*,#1553,.F.);
#822=ORIENTED_EDGE('',*,*,#1554,.F.);
#823=ORIENTED_EDGE('',*,*,#1555,.T.);
#824=ORIENTED_EDGE('',*,*,#1509,.F.);
#825=ORIENTED_EDGE('',*,*,#1556,.F.);
#826=ORIENTED_EDGE('',*,*,#1557,.T.);
#827=ORIENTED_EDGE('',*,*,#1558,.T.);
#828=ORIENTED_EDGE('',*,*,#1559,.T.);
#829=ORIENTED_EDGE('',*,*,#1560,.F.);
#830=ORIENTED_EDGE('',*,*,#1561,.F.);
#831=ORIENTED_EDGE('',*,*,#1562,.F.);
#832=ORIENTED_EDGE('',*,*,#1563,.T.);
#833=ORIENTED_EDGE('',*,*,#1564,.F.);
#834=ORIENTED_EDGE('',*,*,#1533,.T.);
#835=ORIENTED_EDGE('',*,*,#1565,.T.);
#836=ORIENTED_EDGE('',*,*,#1511,.F.);
#837=ORIENTED_EDGE('',*,*,#1566,.T.);
#838=ORIENTED_EDGE('',*,*,#1567,.F.);
#839=ORIENTED_EDGE('',*,*,#1568,.F.);
#840=ORIENTED_EDGE('',*,*,#1569,.F.);
#841=ORIENTED_EDGE('',*,*,#1570,.T.);
#842=ORIENTED_EDGE('',*,*,#1526,.T.);
#843=ORIENTED_EDGE('',*,*,#1571,.T.);
#844=ORIENTED_EDGE('',*,*,#1572,.F.);
#845=ORIENTED_EDGE('',*,*,#1573,.F.);
#846=ORIENTED_EDGE('',*,*,#1574,.F.);
#847=ORIENTED_EDGE('',*,*,#1575,.T.);
#848=ORIENTED_EDGE('',*,*,#1576,.F.);
#849=ORIENTED_EDGE('',*,*,#1577,.T.);
#850=ORIENTED_EDGE('',*,*,#1578,.T.);
#851=ORIENTED_EDGE('',*,*,#1579,.F.);
#852=ORIENTED_EDGE('',*,*,#1580,.T.);
#853=ORIENTED_EDGE('',*,*,#1581,.F.);
#854=ORIENTED_EDGE('',*,*,#1582,.F.);
#855=ORIENTED_EDGE('',*,*,#1566,.F.);
#856=ORIENTED_EDGE('',*,*,#1514,.F.);
#857=ORIENTED_EDGE('',*,*,#1583,.T.);
#858=ORIENTED_EDGE('',*,*,#1584,.T.);
#859=ORIENTED_EDGE('',*,*,#1585,.F.);
#860=ORIENTED_EDGE('',*,*,#1586,.T.);
#861=ORIENTED_EDGE('',*,*,#1573,.T.);
#862=ORIENTED_EDGE('',*,*,#1587,.F.);
#863=ORIENTED_EDGE('',*,*,#1588,.T.);
#864=ORIENTED_EDGE('',*,*,#1587,.T.);
#865=ORIENTED_EDGE('',*,*,#1572,.T.);
#866=ORIENTED_EDGE('',*,*,#1589,.T.);
#867=ORIENTED_EDGE('',*,*,#1590,.F.);
#868=ORIENTED_EDGE('',*,*,#1551,.T.);
#869=ORIENTED_EDGE('',*,*,#1591,.T.);
#870=ORIENTED_EDGE('',*,*,#1592,.F.);
#871=ORIENTED_EDGE('',*,*,#1522,.T.);
#872=ORIENTED_EDGE('',*,*,#1593,.T.);
#873=ORIENTED_EDGE('',*,*,#1594,.T.);
#874=ORIENTED_EDGE('',*,*,#1595,.F.);
#875=ORIENTED_EDGE('',*,*,#1571,.F.);
#876=ORIENTED_EDGE('',*,*,#1529,.T.);
#877=ORIENTED_EDGE('',*,*,#1596,.T.);
#878=ORIENTED_EDGE('',*,*,#1597,.F.);
#879=ORIENTED_EDGE('',*,*,#1598,.T.);
#880=ORIENTED_EDGE('',*,*,#1599,.F.);
#881=ORIENTED_EDGE('',*,*,#1600,.T.);
#882=ORIENTED_EDGE('',*,*,#1601,.T.);
#883=ORIENTED_EDGE('',*,*,#1602,.T.);
#884=ORIENTED_EDGE('',*,*,#1512,.T.);
#885=ORIENTED_EDGE('',*,*,#1565,.F.);
#886=ORIENTED_EDGE('',*,*,#1532,.T.);
#887=ORIENTED_EDGE('',*,*,#1603,.F.);
#888=ORIENTED_EDGE('',*,*,#1604,.T.);
#889=ORIENTED_EDGE('',*,*,#1605,.F.);
#890=ORIENTED_EDGE('',*,*,#1606,.T.);
#891=ORIENTED_EDGE('',*,*,#1554,.T.);
#892=ORIENTED_EDGE('',*,*,#1607,.F.);
#893=ORIENTED_EDGE('',*,*,#1524,.T.);
#894=ORIENTED_EDGE('',*,*,#1608,.F.);
#895=ORIENTED_EDGE('',*,*,#1550,.F.);
#896=ORIENTED_EDGE('',*,*,#1609,.T.);
#897=ORIENTED_EDGE('',*,*,#1591,.F.);
#898=ORIENTED_EDGE('',*,*,#1610,.F.);
#899=ORIENTED_EDGE('',*,*,#1611,.T.);
#900=ORIENTED_EDGE('',*,*,#1612,.T.);
#901=ORIENTED_EDGE('',*,*,#1568,.T.);
#902=ORIENTED_EDGE('',*,*,#1613,.F.);
#903=ORIENTED_EDGE('',*,*,#1614,.F.);
#904=ORIENTED_EDGE('',*,*,#1519,.F.);
#905=ORIENTED_EDGE('',*,*,#1615,.T.);
#906=ORIENTED_EDGE('',*,*,#1538,.T.);
#907=ORIENTED_EDGE('',*,*,#1616,.F.);
#908=ORIENTED_EDGE('',*,*,#1589,.F.);
#909=ORIENTED_EDGE('',*,*,#1595,.T.);
#910=ORIENTED_EDGE('',*,*,#1602,.F.);
#911=ORIENTED_EDGE('',*,*,#1617,.F.);
#912=ORIENTED_EDGE('',*,*,#1618,.F.);
#913=ORIENTED_EDGE('',*,*,#1583,.F.);
#914=ORIENTED_EDGE('',*,*,#1513,.F.);
#915=ORIENTED_EDGE('',*,*,#1596,.F.);
#916=ORIENTED_EDGE('',*,*,#1528,.T.);
#917=ORIENTED_EDGE('',*,*,#1619,.T.);
#918=ORIENTED_EDGE('',*,*,#1620,.F.);
#919=ORIENTED_EDGE('',*,*,#1621,.F.);
#920=ORIENTED_EDGE('',*,*,#1622,.F.);
#921=ORIENTED_EDGE('',*,*,#1617,.T.);
#922=ORIENTED_EDGE('',*,*,#1601,.F.);
#923=ORIENTED_EDGE('',*,*,#1623,.F.);
#924=ORIENTED_EDGE('',*,*,#1624,.F.);
#925=ORIENTED_EDGE('',*,*,#1625,.F.);
#926=ORIENTED_EDGE('',*,*,#1626,.T.);
#927=ORIENTED_EDGE('',*,*,#1627,.F.);
#928=ORIENTED_EDGE('',*,*,#1628,.T.);
#929=ORIENTED_EDGE('',*,*,#1629,.T.);
#930=ORIENTED_EDGE('',*,*,#1630,.F.);
#931=ORIENTED_EDGE('',*,*,#1631,.F.);
#932=ORIENTED_EDGE('',*,*,#1632,.T.);
#933=ORIENTED_EDGE('',*,*,#1556,.T.);
#934=ORIENTED_EDGE('',*,*,#1633,.T.);
#935=ORIENTED_EDGE('',*,*,#1634,.T.);
#936=ORIENTED_EDGE('',*,*,#1635,.T.);
#937=ORIENTED_EDGE('',*,*,#1636,.F.);
#938=ORIENTED_EDGE('',*,*,#1637,.F.);
#939=ORIENTED_EDGE('',*,*,#1638,.T.);
#940=ORIENTED_EDGE('',*,*,#1639,.F.);
#941=ORIENTED_EDGE('',*,*,#1610,.T.);
#942=ORIENTED_EDGE('',*,*,#1521,.T.);
#943=ORIENTED_EDGE('',*,*,#1640,.T.);
#944=ORIENTED_EDGE('',*,*,#1641,.F.);
#945=ORIENTED_EDGE('',*,*,#1642,.F.);
#946=ORIENTED_EDGE('',*,*,#1643,.T.);
#947=ORIENTED_EDGE('',*,*,#1644,.F.);
#948=ORIENTED_EDGE('',*,*,#1645,.F.);
#949=ORIENTED_EDGE('',*,*,#1548,.F.);
#950=ORIENTED_EDGE('',*,*,#1646,.T.);
#951=ORIENTED_EDGE('',*,*,#1643,.F.);
#952=ORIENTED_EDGE('',*,*,#1647,.T.);
#953=ORIENTED_EDGE('',*,*,#1648,.T.);
#954=ORIENTED_EDGE('',*,*,#1649,.T.);
#955=ORIENTED_EDGE('',*,*,#1650,.T.);
#956=ORIENTED_EDGE('',*,*,#1651,.T.);
#957=ORIENTED_EDGE('',*,*,#1652,.F.);
#958=ORIENTED_EDGE('',*,*,#1653,.F.);
#959=ORIENTED_EDGE('',*,*,#1654,.F.);
#960=ORIENTED_EDGE('',*,*,#1655,.F.);
#961=ORIENTED_EDGE('',*,*,#1648,.F.);
#962=ORIENTED_EDGE('',*,*,#1656,.T.);
#963=ORIENTED_EDGE('',*,*,#1654,.T.);
#964=ORIENTED_EDGE('',*,*,#1657,.T.);
#965=ORIENTED_EDGE('',*,*,#1553,.T.);
#966=ORIENTED_EDGE('',*,*,#1658,.F.);
#967=ORIENTED_EDGE('',*,*,#1593,.F.);
#968=ORIENTED_EDGE('',*,*,#1525,.T.);
#969=ORIENTED_EDGE('',*,*,#1607,.T.);
#970=ORIENTED_EDGE('',*,*,#1600,.F.);
#971=ORIENTED_EDGE('',*,*,#1659,.F.);
#972=ORIENTED_EDGE('',*,*,#1660,.F.);
#973=ORIENTED_EDGE('',*,*,#1661,.T.);
#974=ORIENTED_EDGE('',*,*,#1662,.F.);
#975=ORIENTED_EDGE('',*,*,#1585,.T.);
#976=ORIENTED_EDGE('',*,*,#1588,.F.);
#977=ORIENTED_EDGE('',*,*,#1663,.F.);
#978=ORIENTED_EDGE('',*,*,#1664,.T.);
#979=ORIENTED_EDGE('',*,*,#1611,.F.);
#980=ORIENTED_EDGE('',*,*,#1665,.F.);
#981=ORIENTED_EDGE('',*,*,#1621,.T.);
#982=ORIENTED_EDGE('',*,*,#1666,.T.);
#983=ORIENTED_EDGE('',*,*,#1599,.T.);
#984=ORIENTED_EDGE('',*,*,#1515,.T.);
#985=ORIENTED_EDGE('',*,*,#1667,.F.);
#986=ORIENTED_EDGE('',*,*,#1659,.T.);
#987=ORIENTED_EDGE('',*,*,#1666,.F.);
#988=ORIENTED_EDGE('',*,*,#1668,.T.);
#989=ORIENTED_EDGE('',*,*,#1667,.T.);
#990=ORIENTED_EDGE('',*,*,#1669,.T.);
#991=ORIENTED_EDGE('',*,*,#1670,.F.);
#992=ORIENTED_EDGE('',*,*,#1671,.F.);
#993=ORIENTED_EDGE('',*,*,#1645,.T.);
#994=ORIENTED_EDGE('',*,*,#1672,.F.);
#995=ORIENTED_EDGE('',*,*,#1673,.T.);
#996=ORIENTED_EDGE('',*,*,#1674,.T.);
#997=ORIENTED_EDGE('',*,*,#1581,.T.);
#998=ORIENTED_EDGE('',*,*,#1675,.T.);
#999=ORIENTED_EDGE('',*,*,#1543,.T.);
#1000=ORIENTED_EDGE('',*,*,#1676,.T.);
#1001=ORIENTED_EDGE('',*,*,#1640,.F.);
#1002=ORIENTED_EDGE('',*,*,#1671,.T.);
#1003=ORIENTED_EDGE('',*,*,#1575,.F.);
#1004=ORIENTED_EDGE('',*,*,#1677,.F.);
#1005=ORIENTED_EDGE('',*,*,#1678,.T.);
#1006=ORIENTED_EDGE('',*,*,#1679,.T.);
#1007=ORIENTED_EDGE('',*,*,#1662,.T.);
#1008=ORIENTED_EDGE('',*,*,#1680,.T.);
#1009=ORIENTED_EDGE('',*,*,#1681,.T.);
#1010=ORIENTED_EDGE('',*,*,#1677,.T.);
#1011=ORIENTED_EDGE('',*,*,#1574,.T.);
#1012=ORIENTED_EDGE('',*,*,#1586,.F.);
#1013=ORIENTED_EDGE('',*,*,#1665,.T.);
#1014=ORIENTED_EDGE('',*,*,#1613,.T.);
#1015=ORIENTED_EDGE('',*,*,#1567,.T.);
#1016=ORIENTED_EDGE('',*,*,#1584,.F.);
#1017=ORIENTED_EDGE('',*,*,#1618,.T.);
#1018=ORIENTED_EDGE('',*,*,#1622,.T.);
#1019=ORIENTED_EDGE('',*,*,#1682,.F.);
#1020=ORIENTED_EDGE('',*,*,#1606,.F.);
#1021=ORIENTED_EDGE('',*,*,#1683,.T.);
#1022=ORIENTED_EDGE('',*,*,#1684,.F.);
#1023=ORIENTED_EDGE('',*,*,#1685,.T.);
#1024=ORIENTED_EDGE('',*,*,#1684,.T.);
#1025=ORIENTED_EDGE('',*,*,#1686,.F.);
#1026=ORIENTED_EDGE('',*,*,#1687,.F.);
#1027=ORIENTED_EDGE('',*,*,#1688,.T.);
#1028=ORIENTED_EDGE('',*,*,#1689,.T.);
#1029=ORIENTED_EDGE('',*,*,#1562,.T.);
#1030=ORIENTED_EDGE('',*,*,#1690,.F.);
#1031=ORIENTED_EDGE('',*,*,#1540,.F.);
#1032=ORIENTED_EDGE('',*,*,#1691,.T.);
#1033=ORIENTED_EDGE('',*,*,#1692,.T.);
#1034=ORIENTED_EDGE('',*,*,#1693,.F.);
#1035=ORIENTED_EDGE('',*,*,#1664,.F.);
#1036=ORIENTED_EDGE('',*,*,#1694,.T.);
#1037=ORIENTED_EDGE('',*,*,#1695,.T.);
#1038=ORIENTED_EDGE('',*,*,#1569,.T.);
#1039=ORIENTED_EDGE('',*,*,#1612,.F.);
#1040=ORIENTED_EDGE('',*,*,#1696,.T.);
#1041=ORIENTED_EDGE('',*,*,#1629,.F.);
#1042=ORIENTED_EDGE('',*,*,#1697,.F.);
#1043=ORIENTED_EDGE('',*,*,#1604,.F.);
#1044=ORIENTED_EDGE('',*,*,#1698,.T.);
#1045=ORIENTED_EDGE('',*,*,#1578,.F.);
#1046=ORIENTED_EDGE('',*,*,#1699,.F.);
#1047=ORIENTED_EDGE('',*,*,#1546,.F.);
#1048=ORIENTED_EDGE('',*,*,#1639,.T.);
#1049=ORIENTED_EDGE('',*,*,#1700,.T.);
#1050=ORIENTED_EDGE('',*,*,#1530,.F.);
#1051=ORIENTED_EDGE('',*,*,#1564,.T.);
#1052=ORIENTED_EDGE('',*,*,#1701,.T.);
#1053=ORIENTED_EDGE('',*,*,#1702,.T.);
#1054=ORIENTED_EDGE('',*,*,#1676,.F.);
#1055=ORIENTED_EDGE('',*,*,#1542,.T.);
#1056=ORIENTED_EDGE('',*,*,#1703,.T.);
#1057=ORIENTED_EDGE('',*,*,#1641,.T.);
#1058=ORIENTED_EDGE('',*,*,#1704,.F.);
#1059=ORIENTED_EDGE('',*,*,#1630,.T.);
#1060=ORIENTED_EDGE('',*,*,#1705,.F.);
#1061=ORIENTED_EDGE('',*,*,#1673,.F.);
#1062=ORIENTED_EDGE('',*,*,#1670,.T.);
#1063=ORIENTED_EDGE('',*,*,#1706,.F.);
#1064=ORIENTED_EDGE('',*,*,#1668,.F.);
#1065=ORIENTED_EDGE('',*,*,#1598,.F.);
#1066=ORIENTED_EDGE('',*,*,#1682,.T.);
#1067=ORIENTED_EDGE('',*,*,#1685,.F.);
#1068=ORIENTED_EDGE('',*,*,#1707,.T.);
#1069=ORIENTED_EDGE('',*,*,#1708,.F.);
#1070=ORIENTED_EDGE('',*,*,#1576,.T.);
#1071=ORIENTED_EDGE('',*,*,#1679,.F.);
#1072=ORIENTED_EDGE('',*,*,#1709,.T.);
#1073=ORIENTED_EDGE('',*,*,#1710,.T.);
#1074=ORIENTED_EDGE('',*,*,#1711,.F.);
#1075=ORIENTED_EDGE('',*,*,#1634,.F.);
#1076=ORIENTED_EDGE('',*,*,#1712,.F.);
#1077=ORIENTED_EDGE('',*,*,#1713,.F.);
#1078=ORIENTED_EDGE('',*,*,#1714,.F.);
#1079=ORIENTED_EDGE('',*,*,#1691,.F.);
#1080=ORIENTED_EDGE('',*,*,#1539,.F.);
#1081=ORIENTED_EDGE('',*,*,#1615,.F.);
#1082=ORIENTED_EDGE('',*,*,#1518,.F.);
#1083=ORIENTED_EDGE('',*,*,#1715,.F.);
#1084=ORIENTED_EDGE('',*,*,#1655,.T.);
#1085=ORIENTED_EDGE('',*,*,#1656,.F.);
#1086=ORIENTED_EDGE('',*,*,#1651,.F.);
#1087=ORIENTED_EDGE('',*,*,#1716,.T.);
#1088=ORIENTED_EDGE('',*,*,#1535,.T.);
#1089=ORIENTED_EDGE('',*,*,#1717,.T.);
#1090=ORIENTED_EDGE('',*,*,#1638,.F.);
#1091=ORIENTED_EDGE('',*,*,#1555,.F.);
#1092=ORIENTED_EDGE('',*,*,#1608,.T.);
#1093=ORIENTED_EDGE('',*,*,#1523,.T.);
#1094=ORIENTED_EDGE('',*,*,#1592,.T.);
#1095=ORIENTED_EDGE('',*,*,#1609,.F.);
#1096=ORIENTED_EDGE('',*,*,#1718,.T.);
#1097=ORIENTED_EDGE('',*,*,#1719,.T.);
#1098=ORIENTED_EDGE('',*,*,#1695,.F.);
#1099=ORIENTED_EDGE('',*,*,#1707,.F.);
#1100=ORIENTED_EDGE('',*,*,#1690,.T.);
#1101=ORIENTED_EDGE('',*,*,#1561,.T.);
#1102=ORIENTED_EDGE('',*,*,#1720,.F.);
#1103=ORIENTED_EDGE('',*,*,#1708,.T.);
#1104=ORIENTED_EDGE('',*,*,#1720,.T.);
#1105=ORIENTED_EDGE('',*,*,#1560,.T.);
#1106=ORIENTED_EDGE('',*,*,#1624,.T.);
#1107=ORIENTED_EDGE('',*,*,#1721,.F.);
#1108=ORIENTED_EDGE('',*,*,#1536,.F.);
#1109=ORIENTED_EDGE('',*,*,#1716,.F.);
#1110=ORIENTED_EDGE('',*,*,#1650,.F.);
#1111=ORIENTED_EDGE('',*,*,#1722,.F.);
#1112=ORIENTED_EDGE('',*,*,#1719,.F.);
#1113=ORIENTED_EDGE('',*,*,#1723,.F.);
#1114=ORIENTED_EDGE('',*,*,#1619,.F.);
#1115=ORIENTED_EDGE('',*,*,#1527,.T.);
#1116=ORIENTED_EDGE('',*,*,#1570,.F.);
#1117=ORIENTED_EDGE('',*,*,#1724,.F.);
#1118=ORIENTED_EDGE('',*,*,#1725,.F.);
#1119=ORIENTED_EDGE('',*,*,#1726,.T.);
#1120=ORIENTED_EDGE('',*,*,#1727,.T.);
#1121=ORIENTED_EDGE('',*,*,#1557,.F.);
#1122=ORIENTED_EDGE('',*,*,#1704,.T.);
#1123=ORIENTED_EDGE('',*,*,#1721,.T.);
#1124=ORIENTED_EDGE('',*,*,#1623,.T.);
#1125=ORIENTED_EDGE('',*,*,#1728,.T.);
#1126=ORIENTED_EDGE('',*,*,#1729,.T.);
#1127=ORIENTED_EDGE('',*,*,#1725,.T.);
#1128=ORIENTED_EDGE('',*,*,#1730,.T.);
#1129=ORIENTED_EDGE('',*,*,#1631,.T.);
#1130=ORIENTED_EDGE('',*,*,#1661,.F.);
#1131=ORIENTED_EDGE('',*,*,#1731,.F.);
#1132=ORIENTED_EDGE('',*,*,#1732,.T.);
#1133=ORIENTED_EDGE('',*,*,#1680,.F.);
#1134=ORIENTED_EDGE('',*,*,#1549,.F.);
#1135=ORIENTED_EDGE('',*,*,#1647,.F.);
#1136=ORIENTED_EDGE('',*,*,#1642,.T.);
#1137=ORIENTED_EDGE('',*,*,#1703,.F.);
#1138=ORIENTED_EDGE('',*,*,#1637,.T.);
#1139=ORIENTED_EDGE('',*,*,#1733,.F.);
#1140=ORIENTED_EDGE('',*,*,#1734,.F.);
#1141=ORIENTED_EDGE('',*,*,#1712,.T.);
#1142=ORIENTED_EDGE('',*,*,#1558,.F.);
#1143=ORIENTED_EDGE('',*,*,#1727,.F.);
#1144=ORIENTED_EDGE('',*,*,#1735,.T.);
#1145=ORIENTED_EDGE('',*,*,#1736,.T.);
#1146=ORIENTED_EDGE('',*,*,#1635,.F.);
#1147=ORIENTED_EDGE('',*,*,#1711,.T.);
#1148=ORIENTED_EDGE('',*,*,#1737,.T.);
#1149=ORIENTED_EDGE('',*,*,#1738,.T.);
#1150=ORIENTED_EDGE('',*,*,#1625,.T.);
#1151=ORIENTED_EDGE('',*,*,#1559,.F.);
#1152=ORIENTED_EDGE('',*,*,#1736,.F.);
#1153=ORIENTED_EDGE('',*,*,#1739,.T.);
#1154=ORIENTED_EDGE('',*,*,#1728,.F.);
#1155=ORIENTED_EDGE('',*,*,#1660,.T.);
#1156=ORIENTED_EDGE('',*,*,#1669,.F.);
#1157=ORIENTED_EDGE('',*,*,#1706,.T.);
#1158=ORIENTED_EDGE('',*,*,#1672,.T.);
#1159=ORIENTED_EDGE('',*,*,#1644,.T.);
#1160=ORIENTED_EDGE('',*,*,#1646,.F.);
#1161=ORIENTED_EDGE('',*,*,#1547,.F.);
#1162=ORIENTED_EDGE('',*,*,#1699,.T.);
#1163=ORIENTED_EDGE('',*,*,#1577,.F.);
#1164=ORIENTED_EDGE('',*,*,#1710,.F.);
#1165=ORIENTED_EDGE('',*,*,#1740,.T.);
#1166=ORIENTED_EDGE('',*,*,#1731,.T.);
#1167=ORIENTED_EDGE('',*,*,#1552,.T.);
#1168=ORIENTED_EDGE('',*,*,#1594,.F.);
#1169=ORIENTED_EDGE('',*,*,#1658,.T.);
#1170=ORIENTED_EDGE('',*,*,#1715,.T.);
#1171=ORIENTED_EDGE('',*,*,#1517,.T.);
#1172=ORIENTED_EDGE('',*,*,#1741,.F.);
#1173=ORIENTED_EDGE('',*,*,#1652,.T.);
#1174=ORIENTED_EDGE('',*,*,#1692,.F.);
#1175=ORIENTED_EDGE('',*,*,#1714,.T.);
#1176=ORIENTED_EDGE('',*,*,#1742,.T.);
#1177=ORIENTED_EDGE('',*,*,#1743,.F.);
#1178=ORIENTED_EDGE('',*,*,#1686,.T.);
#1179=ORIENTED_EDGE('',*,*,#1683,.F.);
#1180=ORIENTED_EDGE('',*,*,#1605,.T.);
#1181=ORIENTED_EDGE('',*,*,#1697,.T.);
#1182=ORIENTED_EDGE('',*,*,#1628,.F.);
#1183=ORIENTED_EDGE('',*,*,#1744,.F.);
#1184=ORIENTED_EDGE('',*,*,#1681,.F.);
#1185=ORIENTED_EDGE('',*,*,#1732,.F.);
#1186=ORIENTED_EDGE('',*,*,#1740,.F.);
#1187=ORIENTED_EDGE('',*,*,#1709,.F.);
#1188=ORIENTED_EDGE('',*,*,#1678,.F.);
#1189=ORIENTED_EDGE('',*,*,#1636,.T.);
#1190=ORIENTED_EDGE('',*,*,#1738,.F.);
#1191=ORIENTED_EDGE('',*,*,#1745,.T.);
#1192=ORIENTED_EDGE('',*,*,#1537,.T.);
#1193=ORIENTED_EDGE('',*,*,#1722,.T.);
#1194=ORIENTED_EDGE('',*,*,#1649,.F.);
#1195=ORIENTED_EDGE('',*,*,#1657,.F.);
#1196=ORIENTED_EDGE('',*,*,#1653,.T.);
#1197=ORIENTED_EDGE('',*,*,#1741,.T.);
#1198=ORIENTED_EDGE('',*,*,#1520,.F.);
#1199=ORIENTED_EDGE('',*,*,#1614,.T.);
#1200=ORIENTED_EDGE('',*,*,#1541,.T.);
#1201=ORIENTED_EDGE('',*,*,#1693,.T.);
#1202=ORIENTED_EDGE('',*,*,#1743,.T.);
#1203=ORIENTED_EDGE('',*,*,#1746,.T.);
#1204=ORIENTED_EDGE('',*,*,#1733,.T.);
#1205=ORIENTED_EDGE('',*,*,#1700,.F.);
#1206=ORIENTED_EDGE('',*,*,#1516,.F.);
#1207=ORIENTED_EDGE('',*,*,#1510,.T.);
#1208=ORIENTED_EDGE('',*,*,#1730,.F.);
#1209=ORIENTED_EDGE('',*,*,#1724,.T.);
#1210=ORIENTED_EDGE('',*,*,#1632,.F.);
#1211=ORIENTED_EDGE('',*,*,#1663,.T.);
#1212=ORIENTED_EDGE('',*,*,#1590,.T.);
#1213=ORIENTED_EDGE('',*,*,#1616,.T.);
#1214=ORIENTED_EDGE('',*,*,#1597,.T.);
#1215=ORIENTED_EDGE('',*,*,#1620,.T.);
#1216=ORIENTED_EDGE('',*,*,#1723,.T.);
#1217=ORIENTED_EDGE('',*,*,#1718,.F.);
#1218=ORIENTED_EDGE('',*,*,#1694,.F.);
#1219=ORIENTED_EDGE('',*,*,#1745,.F.);
#1220=ORIENTED_EDGE('',*,*,#1737,.F.);
#1221=ORIENTED_EDGE('',*,*,#1717,.F.);
#1222=ORIENTED_EDGE('',*,*,#1534,.T.);
#1223=ORIENTED_EDGE('',*,*,#1739,.F.);
#1224=ORIENTED_EDGE('',*,*,#1735,.F.);
#1225=ORIENTED_EDGE('',*,*,#1726,.F.);
#1226=ORIENTED_EDGE('',*,*,#1729,.F.);
#1227=ORIENTED_EDGE('',*,*,#1742,.F.);
#1228=ORIENTED_EDGE('',*,*,#1713,.T.);
#1229=ORIENTED_EDGE('',*,*,#1734,.T.);
#1230=ORIENTED_EDGE('',*,*,#1746,.F.);
#1231=ORIENTED_EDGE('',*,*,#1747,.T.);
#1232=ORIENTED_EDGE('',*,*,#1579,.T.);
#1233=ORIENTED_EDGE('',*,*,#1698,.F.);
#1234=ORIENTED_EDGE('',*,*,#1545,.T.);
#1235=ORIENTED_EDGE('',*,*,#1747,.F.);
#1236=ORIENTED_EDGE('',*,*,#1544,.F.);
#1237=ORIENTED_EDGE('',*,*,#1675,.F.);
#1238=ORIENTED_EDGE('',*,*,#1580,.F.);
#1239=ORIENTED_EDGE('',*,*,#1701,.F.);
#1240=ORIENTED_EDGE('',*,*,#1563,.F.);
#1241=ORIENTED_EDGE('',*,*,#1689,.F.);
#1242=ORIENTED_EDGE('',*,*,#1748,.F.);
#1243=ORIENTED_EDGE('',*,*,#1687,.T.);
#1244=ORIENTED_EDGE('',*,*,#1744,.T.);
#1245=ORIENTED_EDGE('',*,*,#1627,.T.);
#1246=ORIENTED_EDGE('',*,*,#1749,.F.);
#1247=ORIENTED_EDGE('',*,*,#1749,.T.);
#1248=ORIENTED_EDGE('',*,*,#1626,.F.);
#1249=ORIENTED_EDGE('',*,*,#1696,.F.);
#1250=ORIENTED_EDGE('',*,*,#1603,.T.);
#1251=ORIENTED_EDGE('',*,*,#1531,.T.);
#1252=ORIENTED_EDGE('',*,*,#1702,.F.);
#1253=ORIENTED_EDGE('',*,*,#1748,.T.);
#1254=ORIENTED_EDGE('',*,*,#1688,.F.);
#1255=ORIENTED_EDGE('',*,*,#1705,.T.);
#1256=ORIENTED_EDGE('',*,*,#1633,.F.);
#1257=ORIENTED_EDGE('',*,*,#1582,.T.);
#1258=ORIENTED_EDGE('',*,*,#1674,.F.);
#1259=EDGE_CURVE('',#1750,#1751,#2082,.T.);
#1260=EDGE_CURVE('',#1752,#1750,#2083,.T.);
#1261=EDGE_CURVE('',#1752,#1753,#2084,.T.);
#1262=EDGE_CURVE('',#1751,#1753,#2085,.T.);
#1263=EDGE_CURVE('',#1754,#1754,#120,.T.);
#1264=EDGE_CURVE('',#1755,#1756,#2086,.T.);
#1265=EDGE_CURVE('',#1757,#1755,#2087,.T.);
#1266=EDGE_CURVE('',#1757,#1758,#2088,.T.);
#1267=EDGE_CURVE('',#1756,#1758,#2089,.T.);
#1268=EDGE_CURVE('',#1759,#1760,#2090,.T.);
#1269=EDGE_CURVE('',#1759,#1761,#121,.T.);
#1270=EDGE_CURVE('',#1761,#1762,#2091,.T.);
#1271=EDGE_CURVE('',#1762,#1760,#122,.T.);
#1272=EDGE_CURVE('',#1763,#1764,#2092,.T.);
#1273=EDGE_CURVE('',#1765,#1764,#2093,.T.);
#1274=EDGE_CURVE('',#1765,#1766,#2094,.T.);
#1275=EDGE_CURVE('',#1767,#1766,#2095,.T.);
#1276=EDGE_CURVE('',#1768,#1767,#2096,.T.);
#1277=EDGE_CURVE('',#1763,#1768,#2097,.T.);
#1278=EDGE_CURVE('',#1761,#1769,#2098,.T.);
#1279=EDGE_CURVE('',#1769,#1770,#2099,.T.);
#1280=EDGE_CURVE('',#1762,#1770,#2100,.T.);
#1281=EDGE_CURVE('',#1771,#1772,#2101,.T.);
#1282=EDGE_CURVE('',#1771,#1773,#2102,.T.);
#1283=EDGE_CURVE('',#1774,#1773,#2103,.T.);
#1284=EDGE_CURVE('',#1774,#1772,#2104,.T.);
#1285=EDGE_CURVE('',#1775,#1775,#123,.T.);
#1286=EDGE_CURVE('',#1776,#1777,#2105,.T.);
#1287=EDGE_CURVE('',#1778,#1777,#2106,.T.);
#1288=EDGE_CURVE('',#1778,#1779,#2107,.T.);
#1289=EDGE_CURVE('',#1776,#1779,#2108,.T.);
#1290=EDGE_CURVE('',#1777,#1780,#2109,.T.);
#1291=EDGE_CURVE('',#1781,#1780,#2110,.T.);
#1292=EDGE_CURVE('',#1781,#1778,#2111,.T.);
#1293=EDGE_CURVE('',#1782,#1783,#2112,.T.);
#1294=EDGE_CURVE('',#1784,#1782,#2113,.T.);
#1295=EDGE_CURVE('',#1785,#1784,#2114,.T.);
#1296=EDGE_CURVE('',#1785,#1783,#2115,.T.);
#1297=EDGE_CURVE('',#1786,#1787,#2116,.T.);
#1298=EDGE_CURVE('',#1788,#1786,#124,.T.);
#1299=EDGE_CURVE('',#1789,#1788,#2117,.T.);
#1300=EDGE_CURVE('',#1789,#1790,#2118,.T.);
#1301=EDGE_CURVE('',#1790,#1791,#2119,.T.);
#1302=EDGE_CURVE('',#1791,#1792,#2120,.T.);
#1303=EDGE_CURVE('',#1792,#1787,#2121,.T.);
#1304=EDGE_CURVE('',#1766,#1793,#2122,.T.);
#1305=EDGE_CURVE('',#1794,#1793,#2123,.T.);
#1306=EDGE_CURVE('',#1795,#1794,#2124,.T.);
#1307=EDGE_CURVE('',#1767,#1795,#125,.T.);
#1308=EDGE_CURVE('',#1796,#1796,#126,.T.);
#1309=EDGE_CURVE('',#1797,#1797,#127,.T.);
#1310=EDGE_CURVE('',#1798,#1799,#128,.T.);
#1311=EDGE_CURVE('',#1799,#1788,#2125,.T.);
#1312=EDGE_CURVE('',#1800,#1786,#129,.T.);
#1313=EDGE_CURVE('',#1798,#1800,#2126,.T.);
#1314=EDGE_CURVE('',#1801,#1802,#2127,.T.);
#1315=EDGE_CURVE('',#1803,#1802,#2128,.T.);
#1316=EDGE_CURVE('',#1803,#1756,#2129,.T.);
#1317=EDGE_CURVE('',#1804,#1758,#130,.T.);
#1318=EDGE_CURVE('',#1804,#1805,#2130,.T.);
#1319=EDGE_CURVE('',#1806,#1805,#131,.T.);
#1320=EDGE_CURVE('',#1806,#1807,#2131,.T.);
#1321=EDGE_CURVE('',#1807,#1801,#2132,.T.);
#1322=EDGE_CURVE('',#1808,#1809,#132,.T.);
#1323=EDGE_CURVE('',#1809,#1801,#133,.T.);
#1324=EDGE_CURVE('',#1807,#1810,#134,.T.);
#1325=EDGE_CURVE('',#1811,#1810,#2133,.T.);
#1326=EDGE_CURVE('',#1812,#1811,#135,.T.);
#1327=EDGE_CURVE('',#1812,#1808,#2134,.T.);
#1328=EDGE_CURVE('',#1813,#1811,#2135,.T.);
#1329=EDGE_CURVE('',#1814,#1813,#2136,.T.);
#1330=EDGE_CURVE('',#1815,#1814,#2137,.T.);
#1331=EDGE_CURVE('',#1812,#1815,#2138,.T.);
#1332=EDGE_CURVE('',#1816,#1759,#2139,.T.);
#1333=EDGE_CURVE('',#1817,#1760,#2140,.T.);
#1334=EDGE_CURVE('',#1816,#1817,#2141,.T.);
#1335=EDGE_CURVE('',#1818,#1819,#2142,.T.);
#1336=EDGE_CURVE('',#1818,#1820,#136,.T.);
#1337=EDGE_CURVE('',#1820,#1821,#2143,.T.);
#1338=EDGE_CURVE('',#1821,#1819,#137,.T.);
#1339=EDGE_CURVE('',#1822,#1808,#2144,.T.);
#1340=EDGE_CURVE('',#1823,#1822,#2145,.T.);
#1341=EDGE_CURVE('',#1809,#1823,#2146,.T.);
#1342=EDGE_CURVE('',#1824,#1825,#2147,.T.);
#1343=EDGE_CURVE('',#1826,#1824,#2148,.T.);
#1344=EDGE_CURVE('',#1826,#1827,#2149,.T.);
#1345=EDGE_CURVE('',#1825,#1827,#2150,.T.);
#1346=EDGE_CURVE('',#1828,#1828,#138,.T.);
#1347=EDGE_CURVE('',#1822,#1815,#2151,.T.);
#1348=EDGE_CURVE('',#1829,#1829,#139,.T.);
#1349=EDGE_CURVE('',#1830,#1830,#140,.T.);
#1350=EDGE_CURVE('',#1831,#1831,#141,.T.);
#1351=EDGE_CURVE('',#1832,#1832,#142,.T.);
#1352=EDGE_CURVE('',#1810,#1833,#2152,.T.);
#1353=EDGE_CURVE('',#1833,#1834,#2153,.T.);
#1354=EDGE_CURVE('',#1774,#1834,#143,.T.);
#1355=EDGE_CURVE('',#1835,#1773,#144,.T.);
#1356=EDGE_CURVE('',#1835,#1836,#2154,.T.);
#1357=EDGE_CURVE('',#1837,#1836,#2155,.T.);
#1358=EDGE_CURVE('',#1837,#1838,#2156,.T.);
#1359=EDGE_CURVE('',#1839,#1838,#145,.T.);
#1360=EDGE_CURVE('',#1839,#1840,#2157,.T.);
#1361=EDGE_CURVE('',#1840,#1765,#2158,.T.);
#1362=EDGE_CURVE('',#1841,#1764,#146,.T.);
#1363=EDGE_CURVE('',#1842,#1841,#147,.T.);
#1364=EDGE_CURVE('',#1842,#1843,#2159,.T.);
#1365=EDGE_CURVE('',#1843,#1844,#2160,.T.);
#1366=EDGE_CURVE('',#1844,#1845,#2161,.T.);
#1367=EDGE_CURVE('',#1845,#1846,#2162,.T.);
#1368=EDGE_CURVE('',#1846,#1847,#2163,.T.);
#1369=EDGE_CURVE('',#1752,#1847,#148,.T.);
#1370=EDGE_CURVE('',#1848,#1750,#149,.T.);
#1371=EDGE_CURVE('',#1848,#1849,#2164,.T.);
#1372=EDGE_CURVE('',#1780,#1849,#2165,.T.);
#1373=EDGE_CURVE('',#1776,#1850,#2166,.T.);
#1374=EDGE_CURVE('',#1851,#1850,#150,.T.);
#1375=EDGE_CURVE('',#1852,#1851,#151,.T.);
#1376=EDGE_CURVE('',#1852,#1813,#2167,.T.);
#1377=EDGE_CURVE('',#1853,#1853,#152,.T.);
#1378=EDGE_CURVE('',#1854,#1855,#153,.T.);
#1379=EDGE_CURVE('',#1854,#1855,#154,.T.);
#1380=EDGE_CURVE('',#1848,#1856,#2168,.T.);
#1381=EDGE_CURVE('',#1751,#1856,#155,.T.);
#1382=EDGE_CURVE('',#1857,#1858,#2169,.T.);
#1383=EDGE_CURVE('',#1857,#1824,#156,.T.);
#1384=EDGE_CURVE('',#1825,#1858,#157,.T.);
#1385=EDGE_CURVE('',#1859,#1860,#2170,.T.);
#1386=EDGE_CURVE('',#1859,#1861,#2171,.T.);
#1387=EDGE_CURVE('',#1861,#1862,#2172,.T.);
#1388=EDGE_CURVE('',#1863,#1862,#158,.T.);
#1389=EDGE_CURVE('',#1860,#1863,#2173,.T.);
#1390=EDGE_CURVE('',#1864,#1865,#2174,.T.);
#1391=EDGE_CURVE('',#1866,#1864,#2175,.T.);
#1392=EDGE_CURVE('',#1866,#1867,#2176,.T.);
#1393=EDGE_CURVE('',#1865,#1867,#2177,.T.);
#1394=EDGE_CURVE('',#1868,#1869,#159,.T.);
#1395=EDGE_CURVE('',#1868,#1864,#2178,.T.);
#1396=EDGE_CURVE('',#1870,#1865,#2179,.T.);
#1397=EDGE_CURVE('',#1869,#1870,#2180,.T.);
#1398=EDGE_CURVE('',#1871,#1872,#2181,.T.);
#1399=EDGE_CURVE('',#1872,#1873,#2182,.T.);
#1400=EDGE_CURVE('',#1873,#1874,#2183,.T.);
#1401=EDGE_CURVE('',#1874,#1871,#2184,.T.);
#1402=EDGE_CURVE('',#1857,#1875,#2185,.T.);
#1403=EDGE_CURVE('',#1876,#1858,#2186,.T.);
#1404=EDGE_CURVE('',#1875,#1876,#2187,.T.);
#1405=EDGE_CURVE('',#1823,#1877,#160,.T.);
#1406=EDGE_CURVE('',#1814,#1877,#2188,.T.);
#1407=EDGE_CURVE('',#1878,#1804,#2189,.T.);
#1408=EDGE_CURVE('',#1879,#1878,#2190,.T.);
#1409=EDGE_CURVE('',#1879,#1805,#2191,.T.);
#1410=EDGE_CURVE('',#1867,#1880,#2192,.T.);
#1411=EDGE_CURVE('',#1880,#1833,#2193,.T.);
#1412=EDGE_CURVE('',#1881,#1806,#2194,.T.);
#1413=EDGE_CURVE('',#1882,#1881,#2195,.T.);
#1414=EDGE_CURVE('',#1870,#1882,#2196,.T.);
#1415=EDGE_CURVE('',#1854,#1883,#161,.T.);
#1416=EDGE_CURVE('',#1883,#1884,#162,.T.);
#1417=EDGE_CURVE('',#1884,#1855,#163,.T.);
#1418=EDGE_CURVE('',#1885,#1818,#2197,.T.);
#1419=EDGE_CURVE('',#1886,#1819,#2198,.T.);
#1420=EDGE_CURVE('',#1885,#1886,#2199,.T.);
#1421=EDGE_CURVE('',#1887,#1887,#164,.T.);
#1422=EDGE_CURVE('',#1792,#1888,#2200,.T.);
#1423=EDGE_CURVE('',#1787,#1888,#165,.T.);
#1424=EDGE_CURVE('',#1889,#1781,#2201,.T.);
#1425=EDGE_CURVE('',#1849,#1889,#2202,.T.);
#1426=EDGE_CURVE('',#1872,#1845,#2203,.T.);
#1427=EDGE_CURVE('',#1844,#1873,#2204,.T.);
#1428=EDGE_CURVE('',#1890,#1891,#2205,.T.);
#1429=EDGE_CURVE('',#1891,#1816,#166,.T.);
#1430=EDGE_CURVE('',#1817,#1890,#167,.T.);
#1431=EDGE_CURVE('',#1892,#1893,#168,.T.);
#1432=EDGE_CURVE('',#1763,#1893,#169,.T.);
#1433=EDGE_CURVE('',#1894,#1768,#170,.T.);
#1434=EDGE_CURVE('',#1894,#1895,#2206,.T.);
#1435=EDGE_CURVE('',#1896,#1895,#171,.T.);
#1436=EDGE_CURVE('',#1896,#1897,#2207,.T.);
#1437=EDGE_CURVE('',#1897,#1898,#172,.T.);
#1438=EDGE_CURVE('',#1899,#1898,#173,.T.);
#1439=EDGE_CURVE('',#1899,#1856,#2208,.T.);
#1440=EDGE_CURVE('',#1753,#1900,#174,.T.);
#1441=EDGE_CURVE('',#1900,#1892,#2209,.T.);
#1442=EDGE_CURVE('',#1886,#1770,#175,.T.);
#1443=EDGE_CURVE('',#1821,#1890,#2210,.T.);
#1444=EDGE_CURVE('',#1900,#1847,#2211,.T.);
#1445=EDGE_CURVE('',#1862,#1894,#2212,.T.);
#1446=EDGE_CURVE('',#1861,#1901,#2213,.T.);
#1447=EDGE_CURVE('',#1901,#1866,#2214,.T.);
#1448=EDGE_CURVE('',#1895,#1868,#2215,.T.);
#1449=EDGE_CURVE('',#1876,#1902,#176,.T.);
#1450=EDGE_CURVE('',#1903,#1902,#2216,.T.);
#1451=EDGE_CURVE('',#1903,#1875,#177,.T.);
#1452=EDGE_CURVE('',#1904,#1904,#178,.T.);
#1453=EDGE_CURVE('',#1905,#1860,#2217,.T.);
#1454=EDGE_CURVE('',#1863,#1906,#43,.T.);
#1455=EDGE_CURVE('',#1791,#1906,#2218,.T.);
#1456=EDGE_CURVE('',#1905,#1791,#2219,.T.);
#1457=EDGE_CURVE('',#1901,#1907,#2220,.T.);
#1458=EDGE_CURVE('',#1907,#1859,#2221,.T.);
#1459=EDGE_CURVE('',#1843,#1874,#2222,.T.);
#1460=EDGE_CURVE('',#1771,#1908,#179,.T.);
#1461=EDGE_CURVE('',#1908,#1835,#2223,.T.);
#1462=EDGE_CURVE('',#1836,#1909,#2224,.T.);
#1463=EDGE_CURVE('',#1909,#1907,#2225,.T.);
#1464=EDGE_CURVE('',#1905,#1903,#2226,.T.);
#1465=EDGE_CURVE('',#1902,#1799,#2227,.T.);
#1466=EDGE_CURVE('',#1839,#1798,#2228,.T.);
#1467=EDGE_CURVE('',#1910,#1839,#2229,.T.);
#1468=EDGE_CURVE('',#1837,#1910,#180,.T.);
#1469=EDGE_CURVE('',#1909,#1908,#2230,.T.);
#1470=EDGE_CURVE('',#1846,#1871,#2231,.T.);
#1471=EDGE_CURVE('',#1842,#1892,#2232,.T.);
#1472=EDGE_CURVE('',#1820,#1891,#2233,.T.);
#1473=EDGE_CURVE('',#1911,#1911,#181,.T.);
#1474=EDGE_CURVE('',#1769,#1885,#182,.T.);
#1475=EDGE_CURVE('',#1910,#1838,#24,.T.);
#1476=EDGE_CURVE('',#1800,#1794,#2234,.T.);
#1477=EDGE_CURVE('',#1793,#1840,#2235,.T.);
#1478=EDGE_CURVE('',#1884,#1883,#183,.T.);
#1479=EDGE_CURVE('',#1893,#1841,#2236,.T.);
#1480=EDGE_CURVE('',#1912,#1785,#2237,.T.);
#1481=EDGE_CURVE('',#1912,#1802,#2238,.T.);
#1482=EDGE_CURVE('',#1809,#1913,#2239,.T.);
#1483=EDGE_CURVE('',#1913,#1783,#2240,.T.);
#1484=EDGE_CURVE('',#1879,#1881,#184,.T.);
#1485=EDGE_CURVE('',#1757,#1878,#185,.T.);
#1486=EDGE_CURVE('',#1755,#1914,#2241,.T.);
#1487=EDGE_CURVE('',#1912,#1914,#2242,.T.);
#1488=EDGE_CURVE('',#1882,#1785,#2243,.T.);
#1489=EDGE_CURVE('',#1852,#1897,#2244,.T.);
#1490=EDGE_CURVE('',#1898,#1851,#2245,.T.);
#1491=EDGE_CURVE('',#1914,#1803,#2246,.T.);
#1492=EDGE_CURVE('',#1915,#1772,#186,.T.);
#1493=EDGE_CURVE('',#1915,#1880,#2247,.T.);
#1494=EDGE_CURVE('',#1869,#1784,#44,.T.);
#1495=EDGE_CURVE('',#1782,#1913,#187,.T.);
#1496=EDGE_CURVE('',#1896,#1877,#2248,.T.);
#1497=EDGE_CURVE('',#1916,#1790,#2249,.T.);
#1498=EDGE_CURVE('',#1916,#1826,#2250,.T.);
#1499=EDGE_CURVE('',#1827,#1917,#2251,.T.);
#1500=EDGE_CURVE('',#1789,#1917,#2252,.T.);
#1501=EDGE_CURVE('',#1786,#1795,#2253,.T.);
#1502=EDGE_CURVE('',#1834,#1915,#2254,.T.);
#1503=EDGE_CURVE('',#1906,#1888,#2255,.T.);
#1504=EDGE_CURVE('',#1916,#1917,#2256,.T.);
#1505=EDGE_CURVE('',#1779,#1889,#2257,.T.);
#1506=EDGE_CURVE('',#1899,#1850,#2258,.T.);
#1507=EDGE_CURVE('',#1918,#1918,#188,.T.);
#1508=EDGE_CURVE('',#1919,#1919,#189,.T.);
#1509=EDGE_CURVE('',#1921,#1921,#190,.T.);
#1510=EDGE_CURVE('',#1922,#1922,#191,.T.);
#1511=EDGE_CURVE('',#1923,#1924,#192,.T.);
#1512=EDGE_CURVE('',#1925,#1924,#2259,.T.);
#1513=EDGE_CURVE('',#1925,#1926,#193,.T.);
#1514=EDGE_CURVE('',#1926,#1923,#2260,.T.);
#1515=EDGE_CURVE('',#1927,#1927,#194,.T.);
#1516=EDGE_CURVE('',#1928,#1928,#195,.T.);
#1517=EDGE_CURVE('',#1929,#1930,#2261,.T.);
#1518=EDGE_CURVE('',#1929,#1931,#196,.T.);
#1519=EDGE_CURVE('',#1931,#1932,#2262,.T.);
#1520=EDGE_CURVE('',#1932,#1930,#197,.T.);
#1521=EDGE_CURVE('',#1933,#1933,#198,.T.);
#1522=EDGE_CURVE('',#1934,#1935,#2263,.T.);
#1523=EDGE_CURVE('',#1936,#1934,#199,.T.);
#1524=EDGE_CURVE('',#1937,#1936,#200,.T.);
#1525=EDGE_CURVE('',#1935,#1937,#201,.T.);
#1526=EDGE_CURVE('',#1938,#1939,#2264,.T.);
#1527=EDGE_CURVE('',#1940,#1938,#2265,.T.);
#1528=EDGE_CURVE('',#1941,#1940,#2266,.T.);
#1529=EDGE_CURVE('',#1939,#1941,#2267,.T.);
#1530=EDGE_CURVE('',#1942,#1943,#2268,.T.);
#1531=EDGE_CURVE('',#1944,#1943,#2269,.T.);
#1532=EDGE_CURVE('',#1945,#1944,#2270,.T.);
#1533=EDGE_CURVE('',#1942,#1945,#2271,.T.);
#1534=EDGE_CURVE('',#1946,#1947,#2272,.T.);
#1535=EDGE_CURVE('',#1948,#1946,#202,.T.);
#1536=EDGE_CURVE('',#1948,#1949,#2273,.T.);
#1537=EDGE_CURVE('',#1947,#1949,#203,.T.);
#1538=EDGE_CURVE('',#1950,#1951,#2274,.T.);
#1539=EDGE_CURVE('',#1950,#1952,#204,.T.);
#1540=EDGE_CURVE('',#1952,#1953,#2275,.T.);
#1541=EDGE_CURVE('',#1951,#1953,#205,.T.);
#1542=EDGE_CURVE('',#1954,#1955,#2276,.T.);
#1543=EDGE_CURVE('',#1956,#1954,#206,.T.);
#1544=EDGE_CURVE('',#1956,#1957,#2277,.T.);
#1545=EDGE_CURVE('',#1958,#1957,#207,.T.);
#1546=EDGE_CURVE('',#1958,#1959,#2278,.T.);
#1547=EDGE_CURVE('',#1959,#1960,#2279,.T.);
#1548=EDGE_CURVE('',#1960,#1961,#2280,.T.);
#1549=EDGE_CURVE('',#1961,#1955,#2281,.T.);
#1550=EDGE_CURVE('',#1962,#1963,#2282,.T.);
#1551=EDGE_CURVE('',#1964,#1963,#2283,.T.);
#1552=EDGE_CURVE('',#1965,#1964,#2284,.T.);
#1553=EDGE_CURVE('',#1966,#1965,#208,.T.);
#1554=EDGE_CURVE('',#1967,#1966,#209,.T.);
#1555=EDGE_CURVE('',#1967,#1962,#210,.T.);
#1556=EDGE_CURVE('',#1968,#1969,#211,.T.);
#1557=EDGE_CURVE('',#1968,#1970,#2285,.T.);
#1558=EDGE_CURVE('',#1970,#1971,#2286,.T.);
#1559=EDGE_CURVE('',#1971,#1972,#2287,.T.);
#1560=EDGE_CURVE('',#1973,#1972,#212,.T.);
#1561=EDGE_CURVE('',#1974,#1973,#213,.T.);
#1562=EDGE_CURVE('',#1975,#1974,#214,.T.);
#1563=EDGE_CURVE('',#1975,#1976,#2288,.T.);
#1564=EDGE_CURVE('',#1942,#1976,#215,.T.);
#1565=EDGE_CURVE('',#1945,#1924,#2289,.T.);
#1566=EDGE_CURVE('',#1923,#1977,#2290,.T.);
#1567=EDGE_CURVE('',#1978,#1977,#216,.T.);
#1568=EDGE_CURVE('',#1979,#1978,#217,.T.);
#1569=EDGE_CURVE('',#1980,#1979,#218,.T.);
#1570=EDGE_CURVE('',#1980,#1938,#2291,.T.);
#1571=EDGE_CURVE('',#1939,#1981,#2292,.T.);
#1572=EDGE_CURVE('',#1982,#1981,#219,.T.);
#1573=EDGE_CURVE('',#1983,#1982,#220,.T.);
#1574=EDGE_CURVE('',#1984,#1983,#221,.T.);
#1575=EDGE_CURVE('',#1984,#1985,#2293,.T.);
#1576=EDGE_CURVE('',#1986,#1985,#222,.T.);
#1577=EDGE_CURVE('',#1986,#1987,#2294,.T.);
#1578=EDGE_CURVE('',#1987,#1988,#2295,.T.);
#1579=EDGE_CURVE('',#1989,#1988,#223,.T.);
#1580=EDGE_CURVE('',#1989,#1990,#2296,.T.);
#1581=EDGE_CURVE('',#1991,#1990,#224,.T.);
#1582=EDGE_CURVE('',#1969,#1991,#225,.T.);
#1583=EDGE_CURVE('',#1926,#1992,#2297,.T.);
#1584=EDGE_CURVE('',#1992,#1977,#2298,.T.);
#1585=EDGE_CURVE('',#1993,#1994,#226,.T.);
#1586=EDGE_CURVE('',#1993,#1983,#2299,.T.);
#1587=EDGE_CURVE('',#1994,#1982,#2300,.T.);
#1588=EDGE_CURVE('',#1995,#1994,#227,.T.);
#1589=EDGE_CURVE('',#1981,#1996,#228,.T.);
#1590=EDGE_CURVE('',#1995,#1996,#2301,.T.);
#1591=EDGE_CURVE('',#1963,#1997,#229,.T.);
#1592=EDGE_CURVE('',#1934,#1997,#25,.T.);
#1593=EDGE_CURVE('',#1935,#1998,#26,.T.);
#1594=EDGE_CURVE('',#1998,#1964,#230,.T.);
#1595=EDGE_CURVE('',#1981,#1999,#2302,.T.);
#1596=EDGE_CURVE('',#1941,#2000,#2303,.T.);
#1597=EDGE_CURVE('',#1999,#2000,#2304,.T.);
#1598=EDGE_CURVE('',#2001,#2002,#2305,.T.);
#1599=EDGE_CURVE('',#2003,#2002,#2306,.T.);
#1600=EDGE_CURVE('',#2003,#2004,#2307,.T.);
#1601=EDGE_CURVE('',#2004,#2005,#2308,.T.);
#1602=EDGE_CURVE('',#2005,#1925,#2309,.T.);
#1603=EDGE_CURVE('',#2006,#1944,#2310,.T.);
#1604=EDGE_CURVE('',#2006,#2007,#2311,.T.);
#1605=EDGE_CURVE('',#2008,#2007,#2312,.T.);
#1606=EDGE_CURVE('',#2008,#2001,#2313,.T.);
#1607=EDGE_CURVE('',#1937,#1966,#2314,.T.);
#1608=EDGE_CURVE('',#1967,#1936,#2315,.T.);
#1609=EDGE_CURVE('',#1962,#1997,#2316,.T.);
#1610=EDGE_CURVE('',#2009,#2009,#231,.T.);
#1611=EDGE_CURVE('',#2010,#2011,#232,.T.);
#1612=EDGE_CURVE('',#2011,#1979,#2317,.T.);
#1613=EDGE_CURVE('',#2010,#1978,#2318,.T.);
#1614=EDGE_CURVE('',#1932,#1951,#27,.T.);
#1615=EDGE_CURVE('',#1931,#1950,#28,.T.);
#1616=EDGE_CURVE('',#1996,#1999,#2319,.T.);
#1617=EDGE_CURVE('',#2012,#2005,#233,.T.);
#1618=EDGE_CURVE('',#1992,#2012,#234,.T.);
#1619=EDGE_CURVE('',#1940,#2013,#2320,.T.);
#1620=EDGE_CURVE('',#2000,#2013,#2321,.T.);
#1621=EDGE_CURVE('',#2014,#2004,#235,.T.);
#1622=EDGE_CURVE('',#2012,#2014,#2322,.T.);
#1623=EDGE_CURVE('',#2015,#2016,#2323,.T.);
#1624=EDGE_CURVE('',#1972,#2015,#236,.T.);
#1625=EDGE_CURVE('',#2016,#1972,#2324,.T.);
#1626=EDGE_CURVE('',#2017,#2018,#2325,.T.);
#1627=EDGE_CURVE('',#2019,#2018,#2326,.T.);
#1628=EDGE_CURVE('',#2019,#2020,#2327,.T.);
#1629=EDGE_CURVE('',#2020,#2017,#2328,.T.);
#1630=EDGE_CURVE('',#2021,#2022,#237,.T.);
#1631=EDGE_CURVE('',#2023,#2021,#2329,.T.);
#1632=EDGE_CURVE('',#2023,#1968,#238,.T.);
#1633=EDGE_CURVE('',#1969,#2022,#2330,.T.);
#1634=EDGE_CURVE('',#2024,#2025,#29,.T.);
#1635=EDGE_CURVE('',#2025,#2026,#2331,.T.);
#1636=EDGE_CURVE('',#2027,#2026,#30,.T.);
#1637=EDGE_CURVE('',#2024,#2027,#2332,.T.);
#1638=EDGE_CURVE('',#2028,#2028,#239,.T.);
#1639=EDGE_CURVE('',#2029,#2029,#240,.T.);
#1640=EDGE_CURVE('',#2030,#2031,#241,.T.);
#1641=EDGE_CURVE('',#2032,#2031,#2333,.T.);
#1642=EDGE_CURVE('',#2033,#2032,#2334,.T.);
#1643=EDGE_CURVE('',#2033,#2034,#2335,.T.);
#1644=EDGE_CURVE('',#2035,#2034,#2336,.T.);
#1645=EDGE_CURVE('',#2030,#2035,#242,.T.);
#1646=EDGE_CURVE('',#1960,#2034,#2337,.T.);
#1647=EDGE_CURVE('',#2033,#1961,#2338,.T.);
#1648=EDGE_CURVE('',#2036,#2037,#2339,.T.);
#1649=EDGE_CURVE('',#2037,#2038,#243,.T.);
#1650=EDGE_CURVE('',#2038,#2039,#2340,.T.);
#1651=EDGE_CURVE('',#2039,#2036,#244,.T.);
#1652=EDGE_CURVE('',#2040,#2041,#2341,.T.);
#1653=EDGE_CURVE('',#2042,#2040,#245,.T.);
#1654=EDGE_CURVE('',#2043,#2042,#2342,.T.);
#1655=EDGE_CURVE('',#2041,#2043,#246,.T.);
#1656=EDGE_CURVE('',#2036,#2043,#31,.T.);
#1657=EDGE_CURVE('',#2042,#2037,#32,.T.);
#1658=EDGE_CURVE('',#1998,#1965,#2343,.T.);
#1659=EDGE_CURVE('',#2044,#2003,#247,.T.);
#1660=EDGE_CURVE('',#2045,#2044,#2344,.T.);
#1661=EDGE_CURVE('',#2045,#2046,#248,.T.);
#1662=EDGE_CURVE('',#1993,#2046,#249,.T.);
#1663=EDGE_CURVE('',#2047,#1995,#2345,.T.);
#1664=EDGE_CURVE('',#2047,#2011,#250,.T.);
#1665=EDGE_CURVE('',#2014,#2010,#251,.T.);
#1666=EDGE_CURVE('',#2002,#2003,#252,.T.);
#1667=EDGE_CURVE('',#2044,#2048,#253,.T.);
#1668=EDGE_CURVE('',#2002,#2048,#254,.T.);
#1669=EDGE_CURVE('',#2048,#2044,#2346,.T.);
#1670=EDGE_CURVE('',#2049,#2050,#255,.T.);
#1671=EDGE_CURVE('',#2030,#2049,#2347,.T.);
#1672=EDGE_CURVE('',#2050,#2035,#2348,.T.);
#1673=EDGE_CURVE('',#2049,#2051,#256,.T.);
#1674=EDGE_CURVE('',#2051,#1991,#2349,.T.);
#1675=EDGE_CURVE('',#1990,#1956,#2350,.T.);
#1676=EDGE_CURVE('',#1954,#2031,#2351,.T.);
#1677=EDGE_CURVE('',#2052,#1984,#2352,.T.);
#1678=EDGE_CURVE('',#2052,#2053,#2353,.T.);
#1679=EDGE_CURVE('',#2053,#1985,#2354,.T.);
#1680=EDGE_CURVE('',#2046,#2054,#2355,.T.);
#1681=EDGE_CURVE('',#2054,#2052,#257,.T.);
#1682=EDGE_CURVE('',#2001,#2055,#258,.T.);
#1683=EDGE_CURVE('',#2008,#2056,#259,.T.);
#1684=EDGE_CURVE('',#2055,#2056,#2356,.T.);
#1685=EDGE_CURVE('',#2057,#2055,#260,.T.);
#1686=EDGE_CURVE('',#2058,#2056,#261,.T.);
#1687=EDGE_CURVE('',#2059,#2058,#2357,.T.);
#1688=EDGE_CURVE('',#2059,#2060,#262,.T.);
#1689=EDGE_CURVE('',#2060,#1975,#2358,.T.);
#1690=EDGE_CURVE('',#2057,#1974,#2359,.T.);
#1691=EDGE_CURVE('',#1952,#2061,#33,.T.);
#1692=EDGE_CURVE('',#2061,#2062,#2360,.T.);
#1693=EDGE_CURVE('',#1953,#2062,#34,.T.);
#1694=EDGE_CURVE('',#2047,#2063,#2361,.T.);
#1695=EDGE_CURVE('',#2063,#1980,#263,.T.);
#1696=EDGE_CURVE('',#2006,#2017,#2362,.T.);
#1697=EDGE_CURVE('',#2007,#2020,#2363,.T.);
#1698=EDGE_CURVE('',#1958,#1988,#2364,.T.);
#1699=EDGE_CURVE('',#1959,#1987,#2365,.T.);
#1700=EDGE_CURVE('',#2064,#2064,#264,.T.);
#1701=EDGE_CURVE('',#1976,#2065,#2366,.T.);
#1702=EDGE_CURVE('',#2065,#1943,#265,.T.);
#1703=EDGE_CURVE('',#1955,#2032,#2367,.T.);
#1704=EDGE_CURVE('',#2021,#2066,#2368,.T.);
#1705=EDGE_CURVE('',#2051,#2022,#266,.T.);
#1706=EDGE_CURVE('',#2048,#2050,#2369,.T.);
#1707=EDGE_CURVE('',#2057,#2067,#267,.T.);
#1708=EDGE_CURVE('',#2066,#2067,#268,.T.);
#1709=EDGE_CURVE('',#2053,#2068,#269,.T.);
#1710=EDGE_CURVE('',#2068,#1986,#2370,.T.);
#1711=EDGE_CURVE('',#2025,#2069,#270,.T.);
#1712=EDGE_CURVE('',#2070,#2024,#271,.T.);
#1713=EDGE_CURVE('',#2071,#2070,#35,.T.);
#1714=EDGE_CURVE('',#2061,#2071,#272,.T.);
#1715=EDGE_CURVE('',#2041,#1929,#36,.T.);
#1716=EDGE_CURVE('',#2039,#1948,#37,.T.);
#1717=EDGE_CURVE('',#1946,#2069,#38,.T.);
#1718=EDGE_CURVE('',#2063,#2072,#2371,.T.);
#1719=EDGE_CURVE('',#2072,#1980,#2372,.T.);
#1720=EDGE_CURVE('',#2067,#1973,#2373,.T.);
#1721=EDGE_CURVE('',#2066,#2015,#2374,.T.);
#1722=EDGE_CURVE('',#1949,#2038,#39,.T.);
#1723=EDGE_CURVE('',#2013,#2072,#2375,.T.);
#1724=EDGE_CURVE('',#2073,#1968,#2376,.T.);
#1725=EDGE_CURVE('',#2074,#2073,#2377,.T.);
#1726=EDGE_CURVE('',#2074,#2075,#2378,.T.);
#1727=EDGE_CURVE('',#2075,#1970,#2379,.T.);
#1728=EDGE_CURVE('',#2016,#2076,#2380,.T.);
#1729=EDGE_CURVE('',#2076,#2074,#2381,.T.);
#1730=EDGE_CURVE('',#2073,#2023,#2382,.T.);
#1731=EDGE_CURVE('',#2077,#2045,#2383,.T.);
#1732=EDGE_CURVE('',#2077,#2054,#273,.T.);
#1733=EDGE_CURVE('',#2078,#2027,#274,.T.);
#1734=EDGE_CURVE('',#2070,#2078,#2384,.T.);
#1735=EDGE_CURVE('',#2075,#2079,#2385,.T.);
#1736=EDGE_CURVE('',#2079,#1971,#2386,.T.);
#1737=EDGE_CURVE('',#2069,#2080,#2387,.T.);
#1738=EDGE_CURVE('',#2080,#2026,#275,.T.);
#1739=EDGE_CURVE('',#2079,#2076,#2388,.T.);
#1740=EDGE_CURVE('',#2068,#2077,#2389,.T.);
#1741=EDGE_CURVE('',#2040,#1930,#40,.T.);
#1742=EDGE_CURVE('',#2071,#2081,#2390,.T.);
#1743=EDGE_CURVE('',#2062,#2081,#276,.T.);
#1744=EDGE_CURVE('',#2058,#2019,#2391,.T.);
#1745=EDGE_CURVE('',#2080,#1947,#41,.T.);
#1746=EDGE_CURVE('',#2081,#2078,#42,.T.);
#1747=EDGE_CURVE('',#1957,#1989,#2392,.T.);
#1748=EDGE_CURVE('',#2065,#2060,#2393,.T.);
#1749=EDGE_CURVE('',#2059,#2018,#2394,.T.);
#1750=VERTEX_POINT('',#4835);
#1751=VERTEX_POINT('',#4836);
#1752=VERTEX_POINT('',#4838);
#1753=VERTEX_POINT('',#4840);
#1754=VERTEX_POINT('',#4844);
#1755=VERTEX_POINT('',#4847);
#1756=VERTEX_POINT('',#4848);
#1757=VERTEX_POINT('',#4850);
#1758=VERTEX_POINT('',#4852);
#1759=VERTEX_POINT('',#4856);
#1760=VERTEX_POINT('',#4857);
#1761=VERTEX_POINT('',#4859);
#1762=VERTEX_POINT('',#4861);
#1763=VERTEX_POINT('',#4865);
#1764=VERTEX_POINT('',#4866);
#1765=VERTEX_POINT('',#4868);
#1766=VERTEX_POINT('',#4870);
#1767=VERTEX_POINT('',#4872);
#1768=VERTEX_POINT('',#4874);
#1769=VERTEX_POINT('',#4878);
#1770=VERTEX_POINT('',#4880);
#1771=VERTEX_POINT('',#4884);
#1772=VERTEX_POINT('',#4885);
#1773=VERTEX_POINT('',#4887);
#1774=VERTEX_POINT('',#4889);
#1775=VERTEX_POINT('',#4893);
#1776=VERTEX_POINT('',#4896);
#1777=VERTEX_POINT('',#4897);
#1778=VERTEX_POINT('',#4899);
#1779=VERTEX_POINT('',#4901);
#1780=VERTEX_POINT('',#4905);
#1781=VERTEX_POINT('',#4907);
#1782=VERTEX_POINT('',#4911);
#1783=VERTEX_POINT('',#4912);
#1784=VERTEX_POINT('',#4914);
#1785=VERTEX_POINT('',#4916);
#1786=VERTEX_POINT('',#4920);
#1787=VERTEX_POINT('',#4921);
#1788=VERTEX_POINT('',#4923);
#1789=VERTEX_POINT('',#4925);
#1790=VERTEX_POINT('',#4927);
#1791=VERTEX_POINT('',#4929);
#1792=VERTEX_POINT('',#4931);
#1793=VERTEX_POINT('',#4935);
#1794=VERTEX_POINT('',#4937);
#1795=VERTEX_POINT('',#4939);
#1796=VERTEX_POINT('',#4943);
#1797=VERTEX_POINT('',#4945);
#1798=VERTEX_POINT('',#4948);
#1799=VERTEX_POINT('',#4949);
#1800=VERTEX_POINT('',#4952);
#1801=VERTEX_POINT('',#4956);
#1802=VERTEX_POINT('',#4957);
#1803=VERTEX_POINT('',#4959);
#1804=VERTEX_POINT('',#4962);
#1805=VERTEX_POINT('',#4964);
#1806=VERTEX_POINT('',#4966);
#1807=VERTEX_POINT('',#4968);
#1808=VERTEX_POINT('',#4972);
#1809=VERTEX_POINT('',#4973);
#1810=VERTEX_POINT('',#4976);
#1811=VERTEX_POINT('',#4978);
#1812=VERTEX_POINT('',#4980);
#1813=VERTEX_POINT('',#4984);
#1814=VERTEX_POINT('',#4986);
#1815=VERTEX_POINT('',#4988);
#1816=VERTEX_POINT('',#4992);
#1817=VERTEX_POINT('',#4994);
#1818=VERTEX_POINT('',#4998);
#1819=VERTEX_POINT('',#4999);
#1820=VERTEX_POINT('',#5001);
#1821=VERTEX_POINT('',#5003);
#1822=VERTEX_POINT('',#5007);
#1823=VERTEX_POINT('',#5009);
#1824=VERTEX_POINT('',#5013);
#1825=VERTEX_POINT('',#5014);
#1826=VERTEX_POINT('',#5016);
#1827=VERTEX_POINT('',#5018);
#1828=VERTEX_POINT('',#5022);
#1829=VERTEX_POINT('',#5027);
#1830=VERTEX_POINT('',#5029);
#1831=VERTEX_POINT('',#5031);
#1832=VERTEX_POINT('',#5033);
#1833=VERTEX_POINT('',#5035);
#1834=VERTEX_POINT('',#5037);
#1835=VERTEX_POINT('',#5040);
#1836=VERTEX_POINT('',#5042);
#1837=VERTEX_POINT('',#5044);
#1838=VERTEX_POINT('',#5046);
#1839=VERTEX_POINT('',#5048);
#1840=VERTEX_POINT('',#5050);
#1841=VERTEX_POINT('',#5053);
#1842=VERTEX_POINT('',#5055);
#1843=VERTEX_POINT('',#5057);
#1844=VERTEX_POINT('',#5059);
#1845=VERTEX_POINT('',#5061);
#1846=VERTEX_POINT('',#5063);
#1847=VERTEX_POINT('',#5065);
#1848=VERTEX_POINT('',#5068);
#1849=VERTEX_POINT('',#5070);
#1850=VERTEX_POINT('',#5073);
#1851=VERTEX_POINT('',#5075);
#1852=VERTEX_POINT('',#5077);
#1853=VERTEX_POINT('',#5081);
#1854=VERTEX_POINT('',#5083);
#1855=VERTEX_POINT('',#5084);
#1856=VERTEX_POINT('',#5088);
#1857=VERTEX_POINT('',#5092);
#1858=VERTEX_POINT('',#5093);
#1859=VERTEX_POINT('',#5098);
#1860=VERTEX_POINT('',#5099);
#1861=VERTEX_POINT('',#5101);
#1862=VERTEX_POINT('',#5103);
#1863=VERTEX_POINT('',#5105);
#1864=VERTEX_POINT('',#5109);
#1865=VERTEX_POINT('',#5110);
#1866=VERTEX_POINT('',#5112);
#1867=VERTEX_POINT('',#5114);
#1868=VERTEX_POINT('',#5118);
#1869=VERTEX_POINT('',#5119);
#1870=VERTEX_POINT('',#5122);
#1871=VERTEX_POINT('',#5126);
#1872=VERTEX_POINT('',#5127);
#1873=VERTEX_POINT('',#5129);
#1874=VERTEX_POINT('',#5131);
#1875=VERTEX_POINT('',#5135);
#1876=VERTEX_POINT('',#5137);
#1877=VERTEX_POINT('',#5141);
#1878=VERTEX_POINT('',#5145);
#1879=VERTEX_POINT('',#5147);
#1880=VERTEX_POINT('',#5151);
#1881=VERTEX_POINT('',#5154);
#1882=VERTEX_POINT('',#5156);
#1883=VERTEX_POINT('',#5187);
#1884=VERTEX_POINT('',#5189);
#1885=VERTEX_POINT('',#5193);
#1886=VERTEX_POINT('',#5195);
#1887=VERTEX_POINT('',#5199);
#1888=VERTEX_POINT('',#5202);
#1889=VERTEX_POINT('',#5206);
#1890=VERTEX_POINT('',#5213);
#1891=VERTEX_POINT('',#5214);
#1892=VERTEX_POINT('',#5219);
#1893=VERTEX_POINT('',#5220);
#1894=VERTEX_POINT('',#5223);
#1895=VERTEX_POINT('',#5225);
#1896=VERTEX_POINT('',#5227);
#1897=VERTEX_POINT('',#5229);
#1898=VERTEX_POINT('',#5231);
#1899=VERTEX_POINT('',#5233);
#1900=VERTEX_POINT('',#5236);
#1901=VERTEX_POINT('',#5246);
#1902=VERTEX_POINT('',#5251);
#1903=VERTEX_POINT('',#5253);
#1904=VERTEX_POINT('',#5257);
#1905=VERTEX_POINT('',#5261);
#1906=VERTEX_POINT('',#5263);
#1907=VERTEX_POINT('',#5268);
#1908=VERTEX_POINT('',#5274);
#1909=VERTEX_POINT('',#5279);
#1910=VERTEX_POINT('',#5285);
#1911=VERTEX_POINT('',#5297);
#1912=VERTEX_POINT('',#5314);
#1913=VERTEX_POINT('',#5317);
#1914=VERTEX_POINT('',#5324);
#1915=VERTEX_POINT('',#5363);
#1916=VERTEX_POINT('',#5372);
#1917=VERTEX_POINT('',#5376);
#1918=VERTEX_POINT('',#5405);
#1919=VERTEX_POINT('',#5407);
#1920=VERTEX_POINT('',#5409);
#1921=VERTEX_POINT('',#5413);
#1922=VERTEX_POINT('',#5415);
#1923=VERTEX_POINT('',#5418);
#1924=VERTEX_POINT('',#5419);
#1925=VERTEX_POINT('',#5421);
#1926=VERTEX_POINT('',#5423);
#1927=VERTEX_POINT('',#5427);
#1928=VERTEX_POINT('',#5429);
#1929=VERTEX_POINT('',#5432);
#1930=VERTEX_POINT('',#5433);
#1931=VERTEX_POINT('',#5435);
#1932=VERTEX_POINT('',#5437);
#1933=VERTEX_POINT('',#5441);
#1934=VERTEX_POINT('',#5443);
#1935=VERTEX_POINT('',#5444);
#1936=VERTEX_POINT('',#5446);
#1937=VERTEX_POINT('',#5448);
#1938=VERTEX_POINT('',#5452);
#1939=VERTEX_POINT('',#5453);
#1940=VERTEX_POINT('',#5455);
#1941=VERTEX_POINT('',#5457);
#1942=VERTEX_POINT('',#5461);
#1943=VERTEX_POINT('',#5462);
#1944=VERTEX_POINT('',#5464);
#1945=VERTEX_POINT('',#5466);
#1946=VERTEX_POINT('',#5470);
#1947=VERTEX_POINT('',#5471);
#1948=VERTEX_POINT('',#5473);
#1949=VERTEX_POINT('',#5475);
#1950=VERTEX_POINT('',#5479);
#1951=VERTEX_POINT('',#5480);
#1952=VERTEX_POINT('',#5482);
#1953=VERTEX_POINT('',#5484);
#1954=VERTEX_POINT('',#5488);
#1955=VERTEX_POINT('',#5489);
#1956=VERTEX_POINT('',#5491);
#1957=VERTEX_POINT('',#5493);
#1958=VERTEX_POINT('',#5495);
#1959=VERTEX_POINT('',#5497);
#1960=VERTEX_POINT('',#5499);
#1961=VERTEX_POINT('',#5501);
#1962=VERTEX_POINT('',#5505);
#1963=VERTEX_POINT('',#5506);
#1964=VERTEX_POINT('',#5508);
#1965=VERTEX_POINT('',#5510);
#1966=VERTEX_POINT('',#5512);
#1967=VERTEX_POINT('',#5514);
#1968=VERTEX_POINT('',#5517);
#1969=VERTEX_POINT('',#5518);
#1970=VERTEX_POINT('',#5520);
#1971=VERTEX_POINT('',#5522);
#1972=VERTEX_POINT('',#5524);
#1973=VERTEX_POINT('',#5526);
#1974=VERTEX_POINT('',#5528);
#1975=VERTEX_POINT('',#5530);
#1976=VERTEX_POINT('',#5532);
#1977=VERTEX_POINT('',#5536);
#1978=VERTEX_POINT('',#5538);
#1979=VERTEX_POINT('',#5540);
#1980=VERTEX_POINT('',#5542);
#1981=VERTEX_POINT('',#5545);
#1982=VERTEX_POINT('',#5547);
#1983=VERTEX_POINT('',#5549);
#1984=VERTEX_POINT('',#5551);
#1985=VERTEX_POINT('',#5553);
#1986=VERTEX_POINT('',#5555);
#1987=VERTEX_POINT('',#5557);
#1988=VERTEX_POINT('',#5559);
#1989=VERTEX_POINT('',#5561);
#1990=VERTEX_POINT('',#5563);
#1991=VERTEX_POINT('',#5565);
#1992=VERTEX_POINT('',#5569);
#1993=VERTEX_POINT('',#5573);
#1994=VERTEX_POINT('',#5574);
#1995=VERTEX_POINT('',#5579);
#1996=VERTEX_POINT('',#5581);
#1997=VERTEX_POINT('',#5585);
#1998=VERTEX_POINT('',#5598);
#1999=VERTEX_POINT('',#5602);
#2000=VERTEX_POINT('',#5604);
#2001=VERTEX_POINT('',#5608);
#2002=VERTEX_POINT('',#5609);
#2003=VERTEX_POINT('',#5611);
#2004=VERTEX_POINT('',#5613);
#2005=VERTEX_POINT('',#5615);
#2006=VERTEX_POINT('',#5618);
#2007=VERTEX_POINT('',#5620);
#2008=VERTEX_POINT('',#5622);
#2009=VERTEX_POINT('',#5631);
#2010=VERTEX_POINT('',#5634);
#2011=VERTEX_POINT('',#5635);
#2012=VERTEX_POINT('',#5657);
#2013=VERTEX_POINT('',#5661);
#2014=VERTEX_POINT('',#5665);
#2015=VERTEX_POINT('',#5669);
#2016=VERTEX_POINT('',#5670);
#2017=VERTEX_POINT('',#5675);
#2018=VERTEX_POINT('',#5676);
#2019=VERTEX_POINT('',#5678);
#2020=VERTEX_POINT('',#5680);
#2021=VERTEX_POINT('',#5684);
#2022=VERTEX_POINT('',#5685);
#2023=VERTEX_POINT('',#5687);
#2024=VERTEX_POINT('',#5698);
#2025=VERTEX_POINT('',#5699);
#2026=VERTEX_POINT('',#5701);
#2027=VERTEX_POINT('',#5709);
#2028=VERTEX_POINT('',#5713);
#2029=VERTEX_POINT('',#5715);
#2030=VERTEX_POINT('',#5719);
#2031=VERTEX_POINT('',#5720);
#2032=VERTEX_POINT('',#5722);
#2033=VERTEX_POINT('',#5724);
#2034=VERTEX_POINT('',#5726);
#2035=VERTEX_POINT('',#5728);
#2036=VERTEX_POINT('',#5735);
#2037=VERTEX_POINT('',#5736);
#2038=VERTEX_POINT('',#5738);
#2039=VERTEX_POINT('',#5740);
#2040=VERTEX_POINT('',#5744);
#2041=VERTEX_POINT('',#5745);
#2042=VERTEX_POINT('',#5747);
#2043=VERTEX_POINT('',#5749);
#2044=VERTEX_POINT('',#5770);
#2045=VERTEX_POINT('',#5772);
#2046=VERTEX_POINT('',#5774);
#2047=VERTEX_POINT('',#5777);
#2048=VERTEX_POINT('',#5784);
#2049=VERTEX_POINT('',#5790);
#2050=VERTEX_POINT('',#5791);
#2051=VERTEX_POINT('',#5796);
#2052=VERTEX_POINT('',#5802);
#2053=VERTEX_POINT('',#5804);
#2054=VERTEX_POINT('',#5808);
#2055=VERTEX_POINT('',#5813);
#2056=VERTEX_POINT('',#5815);
#2057=VERTEX_POINT('',#5819);
#2058=VERTEX_POINT('',#5821);
#2059=VERTEX_POINT('',#5823);
#2060=VERTEX_POINT('',#5825);
#2061=VERTEX_POINT('',#5836);
#2062=VERTEX_POINT('',#5838);
#2063=VERTEX_POINT('',#5848);
#2064=VERTEX_POINT('',#5858);
#2065=VERTEX_POINT('',#5861);
#2066=VERTEX_POINT('',#5867);
#2067=VERTEX_POINT('',#5871);
#2068=VERTEX_POINT('',#5875);
#2069=VERTEX_POINT('',#5879);
#2070=VERTEX_POINT('',#5881);
#2071=VERTEX_POINT('',#5889);
#2072=VERTEX_POINT('',#5915);
#2073=VERTEX_POINT('',#5933);
#2074=VERTEX_POINT('',#5935);
#2075=VERTEX_POINT('',#5937);
#2076=VERTEX_POINT('',#5941);
#2077=VERTEX_POINT('',#5946);
#2078=VERTEX_POINT('',#5951);
#2079=VERTEX_POINT('',#5955);
#2080=VERTEX_POINT('',#5959);
#2081=VERTEX_POINT('',#5976);
#2082=LINE('',#4834,#2395);
#2083=LINE('',#4837,#2396);
#2084=LINE('',#4839,#2397);
#2085=LINE('',#4841,#2398);
#2086=LINE('',#4846,#2399);
#2087=LINE('',#4849,#2400);
#2088=LINE('',#4851,#2401);
#2089=LINE('',#4853,#2402);
#2090=LINE('',#4855,#2403);
#2091=LINE('',#4860,#2404);
#2092=LINE('',#4864,#2405);
#2093=LINE('',#4867,#2406);
#2094=LINE('',#4869,#2407);
#2095=LINE('',#4871,#2408);
#2096=LINE('',#4873,#2409);
#2097=LINE('',#4875,#2410);
#2098=LINE('',#4877,#2411);
#2099=LINE('',#4879,#2412);
#2100=LINE('',#4881,#2413);
#2101=LINE('',#4883,#2414);
#2102=LINE('',#4886,#2415);
#2103=LINE('',#4888,#2416);
#2104=LINE('',#4890,#2417);
#2105=LINE('',#4895,#2418);
#2106=LINE('',#4898,#2419);
#2107=LINE('',#4900,#2420);
#2108=LINE('',#4902,#2421);
#2109=LINE('',#4904,#2422);
#2110=LINE('',#4906,#2423);
#2111=LINE('',#4908,#2424);
#2112=LINE('',#4910,#2425);
#2113=LINE('',#4913,#2426);
#2114=LINE('',#4915,#2427);
#2115=LINE('',#4917,#2428);
#2116=LINE('',#4919,#2429);
#2117=LINE('',#4924,#2430);
#2118=LINE('',#4926,#2431);
#2119=LINE('',#4928,#2432);
#2120=LINE('',#4930,#2433);
#2121=LINE('',#4932,#2434);
#2122=LINE('',#4934,#2435);
#2123=LINE('',#4936,#2436);
#2124=LINE('',#4938,#2437);
#2125=LINE('',#4950,#2438);
#2126=LINE('',#4953,#2439);
#2127=LINE('',#4955,#2440);
#2128=LINE('',#4958,#2441);
#2129=LINE('',#4960,#2442);
#2130=LINE('',#4963,#2443);
#2131=LINE('',#4967,#2444);
#2132=LINE('',#4969,#2445);
#2133=LINE('',#4977,#2446);
#2134=LINE('',#4981,#2447);
#2135=LINE('',#4983,#2448);
#2136=LINE('',#4985,#2449);
#2137=LINE('',#4987,#2450);
#2138=LINE('',#4989,#2451);
#2139=LINE('',#4991,#2452);
#2140=LINE('',#4993,#2453);
#2141=LINE('',#4995,#2454);
#2142=LINE('',#4997,#2455);
#2143=LINE('',#5002,#2456);
#2144=LINE('',#5006,#2457);
#2145=LINE('',#5008,#2458);
#2146=LINE('',#5010,#2459);
#2147=LINE('',#5012,#2460);
#2148=LINE('',#5015,#2461);
#2149=LINE('',#5017,#2462);
#2150=LINE('',#5019,#2463);
#2151=LINE('',#5024,#2464);
#2152=LINE('',#5034,#2465);
#2153=LINE('',#5036,#2466);
#2154=LINE('',#5041,#2467);
#2155=LINE('',#5043,#2468);
#2156=LINE('',#5045,#2469);
#2157=LINE('',#5049,#2470);
#2158=LINE('',#5051,#2471);
#2159=LINE('',#5056,#2472);
#2160=LINE('',#5058,#2473);
#2161=LINE('',#5060,#2474);
#2162=LINE('',#5062,#2475);
#2163=LINE('',#5064,#2476);
#2164=LINE('',#5069,#2477);
#2165=LINE('',#5071,#2478);
#2166=LINE('',#5072,#2479);
#2167=LINE('',#5078,#2480);
#2168=LINE('',#5087,#2481);
#2169=LINE('',#5091,#2482);
#2170=LINE('',#5097,#2483);
#2171=LINE('',#5100,#2484);
#2172=LINE('',#5102,#2485);
#2173=LINE('',#5106,#2486);
#2174=LINE('',#5108,#2487);
#2175=LINE('',#5111,#2488);
#2176=LINE('',#5113,#2489);
#2177=LINE('',#5115,#2490);
#2178=LINE('',#5120,#2491);
#2179=LINE('',#5121,#2492);
#2180=LINE('',#5123,#2493);
#2181=LINE('',#5125,#2494);
#2182=LINE('',#5128,#2495);
#2183=LINE('',#5130,#2496);
#2184=LINE('',#5132,#2497);
#2185=LINE('',#5134,#2498);
#2186=LINE('',#5136,#2499);
#2187=LINE('',#5138,#2500);
#2188=LINE('',#5142,#2501);
#2189=LINE('',#5144,#2502);
#2190=LINE('',#5146,#2503);
#2191=LINE('',#5148,#2504);
#2192=LINE('',#5150,#2505);
#2193=LINE('',#5152,#2506);
#2194=LINE('',#5153,#2507);
#2195=LINE('',#5155,#2508);
#2196=LINE('',#5157,#2509);
#2197=LINE('',#5192,#2510);
#2198=LINE('',#5194,#2511);
#2199=LINE('',#5196,#2512);
#2200=LINE('',#5201,#2513);
#2201=LINE('',#5205,#2514);
#2202=LINE('',#5207,#2515);
#2203=LINE('',#5209,#2516);
#2204=LINE('',#5210,#2517);
#2205=LINE('',#5212,#2518);
#2206=LINE('',#5224,#2519);
#2207=LINE('',#5228,#2520);
#2208=LINE('',#5234,#2521);
#2209=LINE('',#5237,#2522);
#2210=LINE('',#5239,#2523);
#2211=LINE('',#5242,#2524);
#2212=LINE('',#5244,#2525);
#2213=LINE('',#5245,#2526);
#2214=LINE('',#5247,#2527);
#2215=LINE('',#5248,#2528);
#2216=LINE('',#5252,#2529);
#2217=LINE('',#5260,#2530);
#2218=LINE('',#5264,#2531);
#2219=LINE('',#5265,#2532);
#2220=LINE('',#5267,#2533);
#2221=LINE('',#5269,#2534);
#2222=LINE('',#5271,#2535);
#2223=LINE('',#5275,#2536);
#2224=LINE('',#5278,#2537);
#2225=LINE('',#5280,#2538);
#2226=LINE('',#5281,#2539);
#2227=LINE('',#5282,#2540);
#2228=LINE('',#5283,#2541);
#2229=LINE('',#5284,#2542);
#2230=LINE('',#5288,#2543);
#2231=LINE('',#5290,#2544);
#2232=LINE('',#5291,#2545);
#2233=LINE('',#5294,#2546);
#2234=LINE('',#5305,#2547);
#2235=LINE('',#5306,#2548);
#2236=LINE('',#5311,#2549);
#2237=LINE('',#5313,#2550);
#2238=LINE('',#5315,#2551);
#2239=LINE('',#5316,#2552);
#2240=LINE('',#5318,#2553);
#2241=LINE('',#5323,#2554);
#2242=LINE('',#5325,#2555);
#2243=LINE('',#5326,#2556);
#2244=LINE('',#5328,#2557);
#2245=LINE('',#5329,#2558);
#2246=LINE('',#5331,#2559);
#2247=LINE('',#5364,#2560);
#2248=LINE('',#5369,#2561);
#2249=LINE('',#5371,#2562);
#2250=LINE('',#5373,#2563);
#2251=LINE('',#5375,#2564);
#2252=LINE('',#5377,#2565);
#2253=LINE('',#5379,#2566);
#2254=LINE('',#5381,#2567);
#2255=LINE('',#5384,#2568);
#2256=LINE('',#5388,#2569);
#2257=LINE('',#5391,#2570);
#2258=LINE('',#5394,#2571);
#2259=LINE('',#5420,#2572);
#2260=LINE('',#5424,#2573);
#2261=LINE('',#5431,#2574);
#2262=LINE('',#5436,#2575);
#2263=LINE('',#5442,#2576);
#2264=LINE('',#5451,#2577);
#2265=LINE('',#5454,#2578);
#2266=LINE('',#5456,#2579);
#2267=LINE('',#5458,#2580);
#2268=LINE('',#5460,#2581);
#2269=LINE('',#5463,#2582);
#2270=LINE('',#5465,#2583);
#2271=LINE('',#5467,#2584);
#2272=LINE('',#5469,#2585);
#2273=LINE('',#5474,#2586);
#2274=LINE('',#5478,#2587);
#2275=LINE('',#5483,#2588);
#2276=LINE('',#5487,#2589);
#2277=LINE('',#5492,#2590);
#2278=LINE('',#5496,#2591);
#2279=LINE('',#5498,#2592);
#2280=LINE('',#5500,#2593);
#2281=LINE('',#5502,#2594);
#2282=LINE('',#5504,#2595);
#2283=LINE('',#5507,#2596);
#2284=LINE('',#5509,#2597);
#2285=LINE('',#5519,#2598);
#2286=LINE('',#5521,#2599);
#2287=LINE('',#5523,#2600);
#2288=LINE('',#5531,#2601);
#2289=LINE('',#5534,#2602);
#2290=LINE('',#5535,#2603);
#2291=LINE('',#5543,#2604);
#2292=LINE('',#5544,#2605);
#2293=LINE('',#5552,#2606);
#2294=LINE('',#5556,#2607);
#2295=LINE('',#5558,#2608);
#2296=LINE('',#5562,#2609);
#2297=LINE('',#5568,#2610);
#2298=LINE('',#5570,#2611);
#2299=LINE('',#5575,#2612);
#2300=LINE('',#5576,#2613);
#2301=LINE('',#5582,#2614);
#2302=LINE('',#5601,#2615);
#2303=LINE('',#5603,#2616);
#2304=LINE('',#5605,#2617);
#2305=LINE('',#5607,#2618);
#2306=LINE('',#5610,#2619);
#2307=LINE('',#5612,#2620);
#2308=LINE('',#5614,#2621);
#2309=LINE('',#5616,#2622);
#2310=LINE('',#5617,#2623);
#2311=LINE('',#5619,#2624);
#2312=LINE('',#5621,#2625);
#2313=LINE('',#5623,#2626);
#2314=LINE('',#5625,#2627);
#2315=LINE('',#5626,#2628);
#2316=LINE('',#5628,#2629);
#2317=LINE('',#5636,#2630);
#2318=LINE('',#5637,#2631);
#2319=LINE('',#5654,#2632);
#2320=LINE('',#5660,#2633);
#2321=LINE('',#5662,#2634);
#2322=LINE('',#5666,#2635);
#2323=LINE('',#5668,#2636);
#2324=LINE('',#5672,#2637);
#2325=LINE('',#5674,#2638);
#2326=LINE('',#5677,#2639);
#2327=LINE('',#5679,#2640);
#2328=LINE('',#5681,#2641);
#2329=LINE('',#5686,#2642);
#2330=LINE('',#5689,#2643);
#2331=LINE('',#5700,#2644);
#2332=LINE('',#5710,#2645);
#2333=LINE('',#5721,#2646);
#2334=LINE('',#5723,#2647);
#2335=LINE('',#5725,#2648);
#2336=LINE('',#5727,#2649);
#2337=LINE('',#5731,#2650);
#2338=LINE('',#5732,#2651);
#2339=LINE('',#5734,#2652);
#2340=LINE('',#5739,#2653);
#2341=LINE('',#5743,#2654);
#2342=LINE('',#5748,#2655);
#2343=LINE('',#5767,#2656);
#2344=LINE('',#5771,#2657);
#2345=LINE('',#5776,#2658);
#2346=LINE('',#5787,#2659);
#2347=LINE('',#5792,#2660);
#2348=LINE('',#5793,#2661);
#2349=LINE('',#5797,#2662);
#2350=LINE('',#5798,#2663);
#2351=LINE('',#5799,#2664);
#2352=LINE('',#5801,#2665);
#2353=LINE('',#5803,#2666);
#2354=LINE('',#5805,#2667);
#2355=LINE('',#5807,#2668);
#2356=LINE('',#5816,#2669);
#2357=LINE('',#5822,#2670);
#2358=LINE('',#5826,#2671);
#2359=LINE('',#5827,#2672);
#2360=LINE('',#5837,#2673);
#2361=LINE('',#5847,#2674);
#2362=LINE('',#5851,#2675);
#2363=LINE('',#5852,#2676);
#2364=LINE('',#5854,#2677);
#2365=LINE('',#5855,#2678);
#2366=LINE('',#5860,#2679);
#2367=LINE('',#5864,#2680);
#2368=LINE('',#5866,#2681);
#2369=LINE('',#5869,#2682);
#2370=LINE('',#5876,#2683);
#2371=LINE('',#5914,#2684);
#2372=LINE('',#5916,#2685);
#2373=LINE('',#5918,#2686);
#2374=LINE('',#5920,#2687);
#2375=LINE('',#5930,#2688);
#2376=LINE('',#5932,#2689);
#2377=LINE('',#5934,#2690);
#2378=LINE('',#5936,#2691);
#2379=LINE('',#5938,#2692);
#2380=LINE('',#5940,#2693);
#2381=LINE('',#5942,#2694);
#2382=LINE('',#5943,#2695);
#2383=LINE('',#5945,#2696);
#2384=LINE('',#5952,#2697);
#2385=LINE('',#5954,#2698);
#2386=LINE('',#5956,#2699);
#2387=LINE('',#5958,#2700);
#2388=LINE('',#5962,#2701);
#2389=LINE('',#5964,#2702);
#2390=LINE('',#5975,#2703);
#2391=LINE('',#5979,#2704);
#2392=LINE('',#6004,#2705);
#2393=LINE('',#6007,#2706);
#2394=LINE('',#6009,#2707);
#2395=VECTOR('',#3819,1000.);
#2396=VECTOR('',#3820,1000.);
#2397=VECTOR('',#3821,1000.);
#2398=VECTOR('',#3822,1000.);
#2399=VECTOR('',#3829,1000.);
#2400=VECTOR('',#3830,1000.);
#2401=VECTOR('',#3831,1000.);
#2402=VECTOR('',#3832,1000.);
#2403=VECTOR('',#3835,1000.);
#2404=VECTOR('',#3838,1000.);
#2405=VECTOR('',#3843,1000.);
#2406=VECTOR('',#3844,1000.);
#2407=VECTOR('',#3845,1000.);
#2408=VECTOR('',#3846,1000.);
#2409=VECTOR('',#3847,1000.);
#2410=VECTOR('',#3848,1000.);
#2411=VECTOR('',#3851,1000.);
#2412=VECTOR('',#3852,1000.);
#2413=VECTOR('',#3853,1000.);
#2414=VECTOR('',#3856,1000.);
#2415=VECTOR('',#3857,1000.);
#2416=VECTOR('',#3858,1000.);
#2417=VECTOR('',#3859,1000.);
#2418=VECTOR('',#3866,1000.);
#2419=VECTOR('',#3867,1000.);
#2420=VECTOR('',#3868,1000.);
#2421=VECTOR('',#3869,1000.);
#2422=VECTOR('',#3872,1000.);
#2423=VECTOR('',#3873,1000.);
#2424=VECTOR('',#3874,1000.);
#2425=VECTOR('',#3877,1000.);
#2426=VECTOR('',#3878,1000.);
#2427=VECTOR('',#3879,1000.);
#2428=VECTOR('',#3880,1000.);
#2429=VECTOR('',#3883,1000.);
#2430=VECTOR('',#3886,1000.);
#2431=VECTOR('',#3887,1000.);
#2432=VECTOR('',#3888,1000.);
#2433=VECTOR('',#3889,1000.);
#2434=VECTOR('',#3890,1000.);
#2435=VECTOR('',#3893,1000.);
#2436=VECTOR('',#3894,1000.);
#2437=VECTOR('',#3895,1000.);
#2438=VECTOR('',#3908,1000.);
#2439=VECTOR('',#3911,1000.);
#2440=VECTOR('',#3914,1000.);
#2441=VECTOR('',#3915,1000.);
#2442=VECTOR('',#3916,1000.);
#2443=VECTOR('',#3919,1000.);
#2444=VECTOR('',#3922,1000.);
#2445=VECTOR('',#3923,1000.);
#2446=VECTOR('',#3932,1000.);
#2447=VECTOR('',#3935,1000.);
#2448=VECTOR('',#3938,1000.);
#2449=VECTOR('',#3939,1000.);
#2450=VECTOR('',#3940,1000.);
#2451=VECTOR('',#3941,1000.);
#2452=VECTOR('',#3944,1000.);
#2453=VECTOR('',#3945,1000.);
#2454=VECTOR('',#3946,1000.);
#2455=VECTOR('',#3949,1000.);
#2456=VECTOR('',#3952,1000.);
#2457=VECTOR('',#3957,1000.);
#2458=VECTOR('',#3958,1000.);
#2459=VECTOR('',#3959,1000.);
#2460=VECTOR('',#3962,1000.);
#2461=VECTOR('',#3963,1000.);
#2462=VECTOR('',#3964,1000.);
#2463=VECTOR('',#3965,1000.);
#2464=VECTOR('',#3972,1000.);
#2465=VECTOR('',#3983,1000.);
#2466=VECTOR('',#3984,1000.);
#2467=VECTOR('',#3989,1000.);
#2468=VECTOR('',#3990,1000.);
#2469=VECTOR('',#3991,1000.);
#2470=VECTOR('',#3994,1000.);
#2471=VECTOR('',#3995,1000.);
#2472=VECTOR('',#4000,1000.);
#2473=VECTOR('',#4001,1000.);
#2474=VECTOR('',#4002,1000.);
#2475=VECTOR('',#4003,1000.);
#2476=VECTOR('',#4004,1000.);
#2477=VECTOR('',#4009,1000.);
#2478=VECTOR('',#4010,1000.);
#2479=VECTOR('',#4011,1000.);
#2480=VECTOR('',#4016,1000.);
#2481=VECTOR('',#4027,1000.);
#2482=VECTOR('',#4032,1000.);
#2483=VECTOR('',#4039,1000.);
#2484=VECTOR('',#4040,1000.);
#2485=VECTOR('',#4041,1000.);
#2486=VECTOR('',#4044,1000.);
#2487=VECTOR('',#4047,1000.);
#2488=VECTOR('',#4048,1000.);
#2489=VECTOR('',#4049,1000.);
#2490=VECTOR('',#4050,1000.);
#2491=VECTOR('',#4055,1000.);
#2492=VECTOR('',#4056,1000.);
#2493=VECTOR('',#4057,1000.);
#2494=VECTOR('',#4060,1000.);
#2495=VECTOR('',#4061,1000.);
#2496=VECTOR('',#4062,1000.);
#2497=VECTOR('',#4063,1000.);
#2498=VECTOR('',#4066,1000.);
#2499=VECTOR('',#4067,1000.);
#2500=VECTOR('',#4068,1000.);
#2501=VECTOR('',#4073,1000.);
#2502=VECTOR('',#4076,1000.);
#2503=VECTOR('',#4077,1000.);
#2504=VECTOR('',#4078,1000.);
#2505=VECTOR('',#4081,1000.);
#2506=VECTOR('',#4082,1000.);
#2507=VECTOR('',#4083,1000.);
#2508=VECTOR('',#4084,1000.);
#2509=VECTOR('',#4085,1000.);
#2510=VECTOR('',#4094,1000.);
#2511=VECTOR('',#4095,1000.);
#2512=VECTOR('',#4096,1000.);
#2513=VECTOR('',#4103,1000.);
#2514=VECTOR('',#4108,1000.);
#2515=VECTOR('',#4109,1000.);
#2516=VECTOR('',#4112,1000.);
#2517=VECTOR('',#4113,1000.);
#2518=VECTOR('',#4116,1000.);
#2519=VECTOR('',#4129,1000.);
#2520=VECTOR('',#4132,1000.);
#2521=VECTOR('',#4137,1000.);
#2522=VECTOR('',#4140,1000.);
#2523=VECTOR('',#4143,1000.);
#2524=VECTOR('',#4148,1000.);
#2525=VECTOR('',#4151,1000.);
#2526=VECTOR('',#4152,1000.);
#2527=VECTOR('',#4153,1000.);
#2528=VECTOR('',#4154,1000.);
#2529=VECTOR('',#4159,1000.);
#2530=VECTOR('',#4170,1000.);
#2531=VECTOR('',#4173,1000.);
#2532=VECTOR('',#4174,1000.);
#2533=VECTOR('',#4177,1000.);
#2534=VECTOR('',#4178,1000.);
#2535=VECTOR('',#4181,1000.);
#2536=VECTOR('',#4186,1000.);
#2537=VECTOR('',#4191,1000.);
#2538=VECTOR('',#4192,1000.);
#2539=VECTOR('',#4193,1000.);
#2540=VECTOR('',#4194,1000.);
#2541=VECTOR('',#4195,1000.);
#2542=VECTOR('',#4196,1000.);
#2543=VECTOR('',#4201,1000.);
#2544=VECTOR('',#4204,1000.);
#2545=VECTOR('',#4205,1000.);
#2546=VECTOR('',#4210,1000.);
#2547=VECTOR('',#4221,1000.);
#2548=VECTOR('',#4222,1000.);
#2549=VECTOR('',#4231,1000.);
#2550=VECTOR('',#4234,1000.);
#2551=VECTOR('',#4235,1000.);
#2552=VECTOR('',#4236,1000.);
#2553=VECTOR('',#4237,1000.);
#2554=VECTOR('',#4246,1000.);
#2555=VECTOR('',#4247,1000.);
#2556=VECTOR('',#4248,1000.);
#2557=VECTOR('',#4251,1000.);
#2558=VECTOR('',#4252,1000.);
#2559=VECTOR('',#4255,1000.);
#2560=VECTOR('',#4262,1000.);
#2561=VECTOR('',#4271,1000.);
#2562=VECTOR('',#4274,1000.);
#2563=VECTOR('',#4275,1000.);
#2564=VECTOR('',#4278,1000.);
#2565=VECTOR('',#4279,1000.);
#2566=VECTOR('',#4282,1000.);
#2567=VECTOR('',#4285,1000.);
#2568=VECTOR('',#4290,1000.);
#2569=VECTOR('',#4297,1000.);
#2570=VECTOR('',#4302,1000.);
#2571=VECTOR('',#4307,1000.);
#2572=VECTOR('',#4344,1000.);
#2573=VECTOR('',#4347,1000.);
#2574=VECTOR('',#4356,1000.);
#2575=VECTOR('',#4359,1000.);
#2576=VECTOR('',#4366,1000.);
#2577=VECTOR('',#4375,1000.);
#2578=VECTOR('',#4376,1000.);
#2579=VECTOR('',#4377,1000.);
#2580=VECTOR('',#4378,1000.);
#2581=VECTOR('',#4381,1000.);
#2582=VECTOR('',#4382,1000.);
#2583=VECTOR('',#4383,1000.);
#2584=VECTOR('',#4384,1000.);
#2585=VECTOR('',#4387,1000.);
#2586=VECTOR('',#4390,1000.);
#2587=VECTOR('',#4395,1000.);
#2588=VECTOR('',#4398,1000.);
#2589=VECTOR('',#4403,1000.);
#2590=VECTOR('',#4406,1000.);
#2591=VECTOR('',#4409,1000.);
#2592=VECTOR('',#4410,1000.);
#2593=VECTOR('',#4411,1000.);
#2594=VECTOR('',#4412,1000.);
#2595=VECTOR('',#4415,1000.);
#2596=VECTOR('',#4416,1000.);
#2597=VECTOR('',#4417,1000.);
#2598=VECTOR('',#4426,1000.);
#2599=VECTOR('',#4427,1000.);
#2600=VECTOR('',#4428,1000.);
#2601=VECTOR('',#4435,1000.);
#2602=VECTOR('',#4438,1000.);
#2603=VECTOR('',#4439,1000.);
#2604=VECTOR('',#4446,1000.);
#2605=VECTOR('',#4447,1000.);
#2606=VECTOR('',#4454,1000.);
#2607=VECTOR('',#4457,1000.);
#2608=VECTOR('',#4458,1000.);
#2609=VECTOR('',#4461,1000.);
#2610=VECTOR('',#4468,1000.);
#2611=VECTOR('',#4469,1000.);
#2612=VECTOR('',#4474,1000.);
#2613=VECTOR('',#4475,1000.);
#2614=VECTOR('',#4482,1000.);
#2615=VECTOR('',#4491,1000.);
#2616=VECTOR('',#4492,1000.);
#2617=VECTOR('',#4493,1000.);
#2618=VECTOR('',#4496,1000.);
#2619=VECTOR('',#4497,1000.);
#2620=VECTOR('',#4498,1000.);
#2621=VECTOR('',#4499,1000.);
#2622=VECTOR('',#4500,1000.);
#2623=VECTOR('',#4501,1000.);
#2624=VECTOR('',#4502,1000.);
#2625=VECTOR('',#4503,1000.);
#2626=VECTOR('',#4504,1000.);
#2627=VECTOR('',#4507,1000.);
#2628=VECTOR('',#4508,1000.);
#2629=VECTOR('',#4511,1000.);
#2630=VECTOR('',#4520,1000.);
#2631=VECTOR('',#4521,1000.);
#2632=VECTOR('',#4526,1000.);
#2633=VECTOR('',#4535,1000.);
#2634=VECTOR('',#4536,1000.);
#2635=VECTOR('',#4541,1000.);
#2636=VECTOR('',#4544,1000.);
#2637=VECTOR('',#4547,1000.);
#2638=VECTOR('',#4550,1000.);
#2639=VECTOR('',#4551,1000.);
#2640=VECTOR('',#4552,1000.);
#2641=VECTOR('',#4553,1000.);
#2642=VECTOR('',#4558,1000.);
#2643=VECTOR('',#4561,1000.);
#2644=VECTOR('',#4564,1000.);
#2645=VECTOR('',#4565,1000.);
#2646=VECTOR('',#4578,1000.);
#2647=VECTOR('',#4579,1000.);
#2648=VECTOR('',#4580,1000.);
#2649=VECTOR('',#4581,1000.);
#2650=VECTOR('',#4586,1000.);
#2651=VECTOR('',#4587,1000.);
#2652=VECTOR('',#4590,1000.);
#2653=VECTOR('',#4593,1000.);
#2654=VECTOR('',#4598,1000.);
#2655=VECTOR('',#4601,1000.);
#2656=VECTOR('',#4608,1000.);
#2657=VECTOR('',#4613,1000.);
#2658=VECTOR('',#4618,1000.);
#2659=VECTOR('',#4635,1000.);
#2660=VECTOR('',#4640,1000.);
#2661=VECTOR('',#4641,1000.);
#2662=VECTOR('',#4646,1000.);
#2663=VECTOR('',#4647,1000.);
#2664=VECTOR('',#4648,1000.);
#2665=VECTOR('',#4651,1000.);
#2666=VECTOR('',#4652,1000.);
#2667=VECTOR('',#4653,1000.);
#2668=VECTOR('',#4656,1000.);
#2669=VECTOR('',#4667,1000.);
#2670=VECTOR('',#4674,1000.);
#2671=VECTOR('',#4677,1000.);
#2672=VECTOR('',#4678,1000.);
#2673=VECTOR('',#4681,1000.);
#2674=VECTOR('',#4684,1000.);
#2675=VECTOR('',#4689,1000.);
#2676=VECTOR('',#4690,1000.);
#2677=VECTOR('',#4693,1000.);
#2678=VECTOR('',#4694,1000.);
#2679=VECTOR('',#4701,1000.);
#2680=VECTOR('',#4706,1000.);
#2681=VECTOR('',#4709,1000.);
#2682=VECTOR('',#4712,1000.);
#2683=VECTOR('',#4721,1000.);
#2684=VECTOR('',#4734,1000.);
#2685=VECTOR('',#4735,1000.);
#2686=VECTOR('',#4738,1000.);
#2687=VECTOR('',#4741,1000.);
#2688=VECTOR('',#4746,1000.);
#2689=VECTOR('',#4749,1000.);
#2690=VECTOR('',#4750,1000.);
#2691=VECTOR('',#4751,1000.);
#2692=VECTOR('',#4752,1000.);
#2693=VECTOR('',#4755,1000.);
#2694=VECTOR('',#4756,1000.);
#2695=VECTOR('',#4757,1000.);
#2696=VECTOR('',#4760,1000.);
#2697=VECTOR('',#4769,1000.);
#2698=VECTOR('',#4772,1000.);
#2699=VECTOR('',#4773,1000.);
#2700=VECTOR('',#4776,1000.);
#2701=VECTOR('',#4781,1000.);
#2702=VECTOR('',#4784,1000.);
#2703=VECTOR('',#4791,1000.);
#2704=VECTOR('',#4796,1000.);
#2705=VECTOR('',#4817,1000.);
#2706=VECTOR('',#4822,1000.);
#2707=VECTOR('',#4825,1000.);
#2708=EDGE_LOOP('',(#277,#278,#279,#280));
#2709=EDGE_LOOP('',(#281));
#2710=EDGE_LOOP('',(#282,#283,#284,#285));
#2711=EDGE_LOOP('',(#286,#287,#288,#289));
#2712=EDGE_LOOP('',(#290,#291,#292,#293,#294,#295));
#2713=EDGE_LOOP('',(#296,#297,#298,#299));
#2714=EDGE_LOOP('',(#300,#301,#302,#303));
#2715=EDGE_LOOP('',(#304));
#2716=EDGE_LOOP('',(#305,#306,#307,#308));
#2717=EDGE_LOOP('',(#309,#310,#311,#312));
#2718=EDGE_LOOP('',(#313,#314,#315,#316));
#2719=EDGE_LOOP('',(#317,#318,#319,#320,#321,#322,#323));
#2720=EDGE_LOOP('',(#324,#325,#326,#327,#328));
#2721=EDGE_LOOP('',(#329));
#2722=EDGE_LOOP('',(#330));
#2723=EDGE_LOOP('',(#331,#332,#333,#334,#335));
#2724=EDGE_LOOP('',(#336,#337,#338,#339,#340,#341,#342,#343,#344));
#2725=EDGE_LOOP('',(#345,#346,#347,#348,#349,#350,#351));
#2726=EDGE_LOOP('',(#352,#353,#354,#355,#356));
#2727=EDGE_LOOP('',(#357,#358,#359,#360));
#2728=EDGE_LOOP('',(#361,#362,#363,#364));
#2729=EDGE_LOOP('',(#365,#366,#367,#368));
#2730=EDGE_LOOP('',(#369,#370,#371,#372));
#2731=EDGE_LOOP('',(#373));
#2732=EDGE_LOOP('',(#374,#375,#376,#377));
#2733=EDGE_LOOP('',(#378));
#2734=EDGE_LOOP('',(#379));
#2735=EDGE_LOOP('',(#380));
#2736=EDGE_LOOP('',(#381));
#2737=EDGE_LOOP('',(#382));
#2738=EDGE_LOOP('',(#383,#384,#385,#386,#387,#388,#389,#390,#391,#392,#393,
#394,#395,#396,#397,#398,#399,#400,#401,#402,#403,#404,#405,#406,#407,#408,
#409,#410,#411,#412,#413,#414));
#2739=EDGE_LOOP('',(#415));
#2740=EDGE_LOOP('',(#416,#417));
#2741=EDGE_LOOP('',(#418,#419,#420,#421));
#2742=EDGE_LOOP('',(#422,#423,#424,#425));
#2743=EDGE_LOOP('',(#426,#427,#428,#429,#430));
#2744=EDGE_LOOP('',(#431,#432,#433,#434));
#2745=EDGE_LOOP('',(#435,#436,#437,#438,#439));
#2746=EDGE_LOOP('',(#440,#441,#442,#443));
#2747=EDGE_LOOP('',(#444,#445,#446,#447));
#2748=EDGE_LOOP('',(#448,#449,#450,#451,#452));
#2749=EDGE_LOOP('',(#453,#454,#455,#456));
#2750=EDGE_LOOP('',(#457,#458,#459,#460,#461,#462,#463,#464,#465,#466));
#2751=EDGE_LOOP('',(#467,#468,#469,#470));
#2752=EDGE_LOOP('',(#471,#472,#473,#474));
#2753=EDGE_LOOP('',(#475));
#2754=EDGE_LOOP('',(#476));
#2755=EDGE_LOOP('',(#477,#478,#479));
#2756=EDGE_LOOP('',(#480,#481,#482,#483));
#2757=EDGE_LOOP('',(#484,#485,#486,#487));
#2758=EDGE_LOOP('',(#488,#489,#490,#491));
#2759=EDGE_LOOP('',(#492,#493,#494,#495,#496,#497,#498,#499,#500,#501,#502,
#503,#504,#505));
#2760=EDGE_LOOP('',(#506,#507,#508,#509,#510,#511,#512,#513));
#2761=EDGE_LOOP('',(#514));
#2762=EDGE_LOOP('',(#515,#516,#517,#518));
#2763=EDGE_LOOP('',(#519,#520,#521,#522,#523,#524,#525,#526));
#2764=EDGE_LOOP('',(#527,#528,#529,#530));
#2765=EDGE_LOOP('',(#531));
#2766=EDGE_LOOP('',(#532));
#2767=EDGE_LOOP('',(#533));
#2768=EDGE_LOOP('',(#534,#535,#536,#537,#538));
#2769=EDGE_LOOP('',(#539,#540,#541,#542));
#2770=EDGE_LOOP('',(#543,#544,#545,#546));
#2771=EDGE_LOOP('',(#547,#548,#549,#550));
#2772=EDGE_LOOP('',(#551));
#2773=EDGE_LOOP('',(#552));
#2774=EDGE_LOOP('',(#553,#554,#555,#556,#557,#558,#559,#560,#561,#562,#563,
#564,#565));
#2775=EDGE_LOOP('',(#566,#567,#568,#569));
#2776=EDGE_LOOP('',(#570,#571,#572,#573,#574,#575,#576,#577));
#2777=EDGE_LOOP('',(#578,#579,#580,#581));
#2778=EDGE_LOOP('',(#582,#583,#584,#585));
#2779=EDGE_LOOP('',(#586));
#2780=EDGE_LOOP('',(#587,#588,#589,#590,#591,#592,#593,#594));
#2781=EDGE_LOOP('',(#595,#596,#597));
#2782=EDGE_LOOP('',(#598,#599,#600,#601,#602,#603));
#2783=EDGE_LOOP('',(#604));
#2784=EDGE_LOOP('',(#605,#606));
#2785=EDGE_LOOP('',(#607,#608,#609,#610));
#2786=EDGE_LOOP('',(#611,#612,#613,#614));
#2787=EDGE_LOOP('',(#615,#616,#617,#618,#619,#620,#621));
#2788=EDGE_LOOP('',(#622,#623,#624,#625));
#2789=EDGE_LOOP('',(#626,#627,#628,#629,#630,#631,#632,#633,#634));
#2790=EDGE_LOOP('',(#635,#636,#637,#638));
#2791=EDGE_LOOP('',(#639,#640,#641,#642));
#2792=EDGE_LOOP('',(#643));
#2793=EDGE_LOOP('',(#644));
#2794=EDGE_LOOP('',(#645,#646,#647,#648));
#2795=EDGE_LOOP('',(#649,#650,#651,#652,#653,#654,#655,#656,#657,#658));
#2796=EDGE_LOOP('',(#659,#660,#661,#662));
#2797=EDGE_LOOP('',(#663,#664,#665,#666,#667,#668,#669,#670,#671,#672));
#2798=EDGE_LOOP('',(#673,#674,#675,#676,#677,#678,#679,#680,#681));
#2799=EDGE_LOOP('',(#682,#683,#684,#685,#686,#687,#688,#689,#690));
#2800=EDGE_LOOP('',(#691,#692,#693,#694));
#2801=EDGE_LOOP('',(#695,#696,#697,#698));
#2802=EDGE_LOOP('',(#699,#700,#701,#702));
#2803=EDGE_LOOP('',(#703,#704,#705,#706));
#2804=EDGE_LOOP('',(#707));
#2805=EDGE_LOOP('',(#708,#709,#710,#711));
#2806=EDGE_LOOP('',(#712,#713,#714,#715));
#2807=EDGE_LOOP('',(#716,#717,#718));
#2808=EDGE_LOOP('',(#719,#720,#721,#722));
#2809=EDGE_LOOP('',(#723));
#2810=EDGE_LOOP('',(#724));
#2811=EDGE_LOOP('',(#725,#726,#727,#728));
#2812=EDGE_LOOP('',(#729,#730,#731,#732,#733,#734));
#2813=EDGE_LOOP('',(#735,#736,#737,#738,#739,#740,#741,#742,#743,#744));
#2814=EDGE_LOOP('',(#745,#746,#747,#748));
#2815=EDGE_LOOP('',(#749,#750,#751,#752));
#2816=EDGE_LOOP('',(#753,#754,#755,#756,#757));
#2817=EDGE_LOOP('',(#758,#759,#760,#761));
#2818=EDGE_LOOP('',(#762,#763,#764,#765,#766,#767,#768,#769));
#2819=EDGE_LOOP('',(#770,#771,#772));
#2820=EDGE_LOOP('',(#773));
#2821=EDGE_LOOP('',(#774));
#2822=EDGE_LOOP('',(#775));
#2823=EDGE_LOOP('',(#776));
#2824=EDGE_LOOP('',(#777));
#2825=EDGE_LOOP('',(#778));
#2826=EDGE_LOOP('',(#779,#780,#781,#782));
#2827=EDGE_LOOP('',(#783));
#2828=EDGE_LOOP('',(#784));
#2829=EDGE_LOOP('',(#785,#786,#787,#788));
#2830=EDGE_LOOP('',(#789));
#2831=EDGE_LOOP('',(#790,#791,#792,#793));
#2832=EDGE_LOOP('',(#794,#795,#796,#797));
#2833=EDGE_LOOP('',(#798,#799,#800,#801));
#2834=EDGE_LOOP('',(#802,#803,#804,#805));
#2835=EDGE_LOOP('',(#806,#807,#808,#809));
#2836=EDGE_LOOP('',(#810,#811,#812,#813,#814,#815,#816,#817));
#2837=EDGE_LOOP('',(#818,#819,#820,#821,#822,#823));
#2838=EDGE_LOOP('',(#824));
#2839=EDGE_LOOP('',(#825,#826,#827,#828,#829,#830,#831,#832,#833,#834,#835,
#836,#837,#838,#839,#840,#841,#842,#843,#844,#845,#846,#847,#848,#849,#850,
#851,#852,#853,#854));
#2840=EDGE_LOOP('',(#855,#856,#857,#858));
#2841=EDGE_LOOP('',(#859,#860,#861,#862));
#2842=EDGE_LOOP('',(#863,#864,#865,#866,#867));
#2843=EDGE_LOOP('',(#868,#869,#870,#871,#872,#873));
#2844=EDGE_LOOP('',(#874,#875,#876,#877,#878));
#2845=EDGE_LOOP('',(#879,#880,#881,#882,#883,#884,#885,#886,#887,#888,#889,
#890));
#2846=EDGE_LOOP('',(#891,#892,#893,#894));
#2847=EDGE_LOOP('',(#895,#896,#897));
#2848=EDGE_LOOP('',(#898));
#2849=EDGE_LOOP('',(#899,#900,#901,#902));
#2850=EDGE_LOOP('',(#903,#904,#905,#906));
#2851=EDGE_LOOP('',(#907,#908,#909));
#2852=EDGE_LOOP('',(#910,#911,#912,#913,#914));
#2853=EDGE_LOOP('',(#915,#916,#917,#918));
#2854=EDGE_LOOP('',(#919,#920,#921,#922));
#2855=EDGE_LOOP('',(#923,#924,#925));
#2856=EDGE_LOOP('',(#926,#927,#928,#929));
#2857=EDGE_LOOP('',(#930,#931,#932,#933,#934));
#2858=EDGE_LOOP('',(#935,#936,#937,#938));
#2859=EDGE_LOOP('',(#939));
#2860=EDGE_LOOP('',(#940));
#2861=EDGE_LOOP('',(#941));
#2862=EDGE_LOOP('',(#942));
#2863=EDGE_LOOP('',(#943,#944,#945,#946,#947,#948));
#2864=EDGE_LOOP('',(#949,#950,#951,#952));
#2865=EDGE_LOOP('',(#953,#954,#955,#956));
#2866=EDGE_LOOP('',(#957,#958,#959,#960));
#2867=EDGE_LOOP('',(#961,#962,#963,#964));
#2868=EDGE_LOOP('',(#965,#966,#967,#968,#969));
#2869=EDGE_LOOP('',(#970,#971,#972,#973,#974,#975,#976,#977,#978,#979,#980,
#981));
#2870=EDGE_LOOP('',(#982,#983));
#2871=EDGE_LOOP('',(#984));
#2872=EDGE_LOOP('',(#985,#986,#987,#988));
#2873=EDGE_LOOP('',(#989,#990));
#2874=EDGE_LOOP('',(#991,#992,#993,#994));
#2875=EDGE_LOOP('',(#995,#996,#997,#998,#999,#1000,#1001,#1002));
#2876=EDGE_LOOP('',(#1003,#1004,#1005,#1006));
#2877=EDGE_LOOP('',(#1007,#1008,#1009,#1010,#1011,#1012));
#2878=EDGE_LOOP('',(#1013,#1014,#1015,#1016,#1017,#1018));
#2879=EDGE_LOOP('',(#1019,#1020,#1021,#1022));
#2880=EDGE_LOOP('',(#1023,#1024,#1025,#1026,#1027,#1028,#1029,#1030));
#2881=EDGE_LOOP('',(#1031,#1032,#1033,#1034));
#2882=EDGE_LOOP('',(#1035,#1036,#1037,#1038,#1039));
#2883=EDGE_LOOP('',(#1040,#1041,#1042,#1043));
#2884=EDGE_LOOP('',(#1044,#1045,#1046,#1047));
#2885=EDGE_LOOP('',(#1048));
#2886=EDGE_LOOP('',(#1049));
#2887=EDGE_LOOP('',(#1050,#1051,#1052,#1053));
#2888=EDGE_LOOP('',(#1054,#1055,#1056,#1057));
#2889=EDGE_LOOP('',(#1058,#1059,#1060,#1061,#1062,#1063,#1064,#1065,#1066,
#1067,#1068,#1069));
#2890=EDGE_LOOP('',(#1070,#1071,#1072,#1073));
#2891=EDGE_LOOP('',(#1074,#1075,#1076,#1077,#1078,#1079,#1080,#1081,#1082,
#1083,#1084,#1085,#1086,#1087,#1088,#1089));
#2892=EDGE_LOOP('',(#1090));
#2893=EDGE_LOOP('',(#1091,#1092,#1093,#1094,#1095));
#2894=EDGE_LOOP('',(#1096,#1097,#1098));
#2895=EDGE_LOOP('',(#1099,#1100,#1101,#1102));
#2896=EDGE_LOOP('',(#1103,#1104,#1105,#1106,#1107));
#2897=EDGE_LOOP('',(#1108,#1109,#1110,#1111));
#2898=EDGE_LOOP('',(#1112,#1113,#1114,#1115,#1116));
#2899=EDGE_LOOP('',(#1117,#1118,#1119,#1120,#1121));
#2900=EDGE_LOOP('',(#1122,#1123,#1124,#1125,#1126,#1127,#1128,#1129));
#2901=EDGE_LOOP('',(#1130,#1131,#1132,#1133));
#2902=EDGE_LOOP('',(#1134,#1135,#1136,#1137));
#2903=EDGE_LOOP('',(#1138,#1139,#1140,#1141));
#2904=EDGE_LOOP('',(#1142,#1143,#1144,#1145));
#2905=EDGE_LOOP('',(#1146,#1147,#1148,#1149));
#2906=EDGE_LOOP('',(#1150,#1151,#1152,#1153,#1154));
#2907=EDGE_LOOP('',(#1155,#1156,#1157,#1158,#1159,#1160,#1161,#1162,#1163,
#1164,#1165,#1166));
#2908=EDGE_LOOP('',(#1167,#1168,#1169));
#2909=EDGE_LOOP('',(#1170,#1171,#1172,#1173));
#2910=EDGE_LOOP('',(#1174,#1175,#1176,#1177));
#2911=EDGE_LOOP('',(#1178,#1179,#1180,#1181,#1182,#1183));
#2912=EDGE_LOOP('',(#1184,#1185,#1186,#1187,#1188));
#2913=EDGE_LOOP('',(#1189,#1190,#1191,#1192,#1193,#1194,#1195,#1196,#1197,
#1198,#1199,#1200,#1201,#1202,#1203,#1204));
#2914=EDGE_LOOP('',(#1205));
#2915=EDGE_LOOP('',(#1206));
#2916=EDGE_LOOP('',(#1207));
#2917=EDGE_LOOP('',(#1208,#1209,#1210));
#2918=EDGE_LOOP('',(#1211,#1212,#1213,#1214,#1215,#1216,#1217,#1218));
#2919=EDGE_LOOP('',(#1219,#1220,#1221,#1222));
#2920=EDGE_LOOP('',(#1223,#1224,#1225,#1226));
#2921=EDGE_LOOP('',(#1227,#1228,#1229,#1230));
#2922=EDGE_LOOP('',(#1231,#1232,#1233,#1234));
#2923=EDGE_LOOP('',(#1235,#1236,#1237,#1238));
#2924=EDGE_LOOP('',(#1239,#1240,#1241,#1242));
#2925=EDGE_LOOP('',(#1243,#1244,#1245,#1246));
#2926=EDGE_LOOP('',(#1247,#1248,#1249,#1250,#1251,#1252,#1253,#1254));
#2927=EDGE_LOOP('',(#1255,#1256,#1257,#1258));
#2928=FACE_BOUND('',#2708,.T.);
#2929=FACE_BOUND('',#2709,.T.);
#2930=FACE_BOUND('',#2710,.T.);
#2931=FACE_BOUND('',#2711,.T.);
#2932=FACE_BOUND('',#2712,.T.);
#2933=FACE_BOUND('',#2713,.T.);
#2934=FACE_BOUND('',#2714,.T.);
#2935=FACE_BOUND('',#2715,.T.);
#2936=FACE_BOUND('',#2716,.T.);
#2937=FACE_BOUND('',#2717,.T.);
#2938=FACE_BOUND('',#2718,.T.);
#2939=FACE_BOUND('',#2719,.T.);
#2940=FACE_BOUND('',#2720,.T.);
#2941=FACE_BOUND('',#2721,.T.);
#2942=FACE_BOUND('',#2722,.T.);
#2943=FACE_BOUND('',#2723,.T.);
#2944=FACE_BOUND('',#2724,.T.);
#2945=FACE_BOUND('',#2725,.T.);
#2946=FACE_BOUND('',#2726,.T.);
#2947=FACE_BOUND('',#2727,.T.);
#2948=FACE_BOUND('',#2728,.T.);
#2949=FACE_BOUND('',#2729,.T.);
#2950=FACE_BOUND('',#2730,.T.);
#2951=FACE_BOUND('',#2731,.T.);
#2952=FACE_BOUND('',#2732,.T.);
#2953=FACE_BOUND('',#2733,.T.);
#2954=FACE_BOUND('',#2734,.T.);
#2955=FACE_BOUND('',#2735,.T.);
#2956=FACE_BOUND('',#2736,.T.);
#2957=FACE_BOUND('',#2737,.T.);
#2958=FACE_BOUND('',#2738,.T.);
#2959=FACE_BOUND('',#2739,.T.);
#2960=FACE_BOUND('',#2740,.T.);
#2961=FACE_BOUND('',#2741,.T.);
#2962=FACE_BOUND('',#2742,.T.);
#2963=FACE_BOUND('',#2743,.T.);
#2964=FACE_BOUND('',#2744,.T.);
#2965=FACE_BOUND('',#2745,.T.);
#2966=FACE_BOUND('',#2746,.T.);
#2967=FACE_BOUND('',#2747,.T.);
#2968=FACE_BOUND('',#2748,.T.);
#2969=FACE_BOUND('',#2749,.T.);
#2970=FACE_BOUND('',#2750,.T.);
#2971=FACE_BOUND('',#2751,.T.);
#2972=FACE_BOUND('',#2752,.T.);
#2973=FACE_BOUND('',#2753,.T.);
#2974=FACE_BOUND('',#2754,.T.);
#2975=FACE_BOUND('',#2755,.T.);
#2976=FACE_BOUND('',#2756,.T.);
#2977=FACE_BOUND('',#2757,.T.);
#2978=FACE_BOUND('',#2758,.T.);
#2979=FACE_BOUND('',#2759,.T.);
#2980=FACE_BOUND('',#2760,.T.);
#2981=FACE_BOUND('',#2761,.T.);
#2982=FACE_BOUND('',#2762,.T.);
#2983=FACE_BOUND('',#2763,.T.);
#2984=FACE_BOUND('',#2764,.T.);
#2985=FACE_BOUND('',#2765,.T.);
#2986=FACE_BOUND('',#2766,.T.);
#2987=FACE_BOUND('',#2767,.T.);
#2988=FACE_BOUND('',#2768,.T.);
#2989=FACE_BOUND('',#2769,.T.);
#2990=FACE_BOUND('',#2770,.T.);
#2991=FACE_BOUND('',#2771,.T.);
#2992=FACE_BOUND('',#2772,.T.);
#2993=FACE_BOUND('',#2773,.T.);
#2994=FACE_BOUND('',#2774,.T.);
#2995=FACE_BOUND('',#2775,.T.);
#2996=FACE_BOUND('',#2776,.T.);
#2997=FACE_BOUND('',#2777,.T.);
#2998=FACE_BOUND('',#2778,.T.);
#2999=FACE_BOUND('',#2779,.T.);
#3000=FACE_BOUND('',#2780,.T.);
#3001=FACE_BOUND('',#2781,.T.);
#3002=FACE_BOUND('',#2782,.T.);
#3003=FACE_BOUND('',#2783,.T.);
#3004=FACE_BOUND('',#2784,.T.);
#3005=FACE_BOUND('',#2785,.T.);
#3006=FACE_BOUND('',#2786,.T.);
#3007=FACE_BOUND('',#2787,.T.);
#3008=FACE_BOUND('',#2788,.T.);
#3009=FACE_BOUND('',#2789,.T.);
#3010=FACE_BOUND('',#2790,.T.);
#3011=FACE_BOUND('',#2791,.T.);
#3012=FACE_BOUND('',#2792,.T.);
#3013=FACE_BOUND('',#2793,.T.);
#3014=FACE_BOUND('',#2794,.T.);
#3015=FACE_BOUND('',#2795,.T.);
#3016=FACE_BOUND('',#2796,.T.);
#3017=FACE_BOUND('',#2797,.T.);
#3018=FACE_BOUND('',#2798,.T.);
#3019=FACE_BOUND('',#2799,.T.);
#3020=FACE_BOUND('',#2800,.T.);
#3021=FACE_BOUND('',#2801,.T.);
#3022=FACE_BOUND('',#2802,.T.);
#3023=FACE_BOUND('',#2803,.T.);
#3024=FACE_BOUND('',#2804,.T.);
#3025=FACE_BOUND('',#2805,.T.);
#3026=FACE_BOUND('',#2806,.T.);
#3027=FACE_BOUND('',#2807,.T.);
#3028=FACE_BOUND('',#2808,.T.);
#3029=FACE_BOUND('',#2809,.T.);
#3030=FACE_BOUND('',#2810,.T.);
#3031=FACE_BOUND('',#2811,.T.);
#3032=FACE_BOUND('',#2812,.T.);
#3033=FACE_BOUND('',#2813,.T.);
#3034=FACE_BOUND('',#2814,.T.);
#3035=FACE_BOUND('',#2815,.T.);
#3036=FACE_BOUND('',#2816,.T.);
#3037=FACE_BOUND('',#2817,.T.);
#3038=FACE_BOUND('',#2818,.T.);
#3039=FACE_BOUND('',#2819,.T.);
#3040=FACE_BOUND('',#2820,.T.);
#3041=FACE_BOUND('',#2821,.T.);
#3042=FACE_BOUND('',#18,.T.);
#3043=FACE_BOUND('',#2822,.T.);
#3044=FACE_BOUND('',#2823,.T.);
#3045=FACE_BOUND('',#2824,.T.);
#3046=FACE_BOUND('',#2825,.T.);
#3047=FACE_BOUND('',#2826,.T.);
#3048=FACE_BOUND('',#2827,.T.);
#3049=FACE_BOUND('',#2828,.T.);
#3050=FACE_BOUND('',#2829,.T.);
#3051=FACE_BOUND('',#2830,.T.);
#3052=FACE_BOUND('',#2831,.T.);
#3053=FACE_BOUND('',#2832,.T.);
#3054=FACE_BOUND('',#2833,.T.);
#3055=FACE_BOUND('',#2834,.T.);
#3056=FACE_BOUND('',#2835,.T.);
#3057=FACE_BOUND('',#2836,.T.);
#3058=FACE_BOUND('',#2837,.T.);
#3059=FACE_BOUND('',#2838,.T.);
#3060=FACE_BOUND('',#2839,.T.);
#3061=FACE_BOUND('',#2840,.T.);
#3062=FACE_BOUND('',#2841,.T.);
#3063=FACE_BOUND('',#2842,.T.);
#3064=FACE_BOUND('',#2843,.T.);
#3065=FACE_BOUND('',#2844,.T.);
#3066=FACE_BOUND('',#2845,.T.);
#3067=FACE_BOUND('',#2846,.T.);
#3068=FACE_BOUND('',#2847,.T.);
#3069=FACE_BOUND('',#2848,.T.);
#3070=FACE_BOUND('',#2849,.T.);
#3071=FACE_BOUND('',#2850,.T.);
#3072=FACE_BOUND('',#2851,.T.);
#3073=FACE_BOUND('',#2852,.T.);
#3074=FACE_BOUND('',#2853,.T.);
#3075=FACE_BOUND('',#2854,.T.);
#3076=FACE_BOUND('',#2855,.T.);
#3077=FACE_BOUND('',#2856,.T.);
#3078=FACE_BOUND('',#2857,.T.);
#3079=FACE_BOUND('',#2858,.T.);
#3080=FACE_BOUND('',#2859,.T.);
#3081=FACE_BOUND('',#2860,.T.);
#3082=FACE_BOUND('',#2861,.T.);
#3083=FACE_BOUND('',#2862,.T.);
#3084=FACE_BOUND('',#2863,.T.);
#3085=FACE_BOUND('',#2864,.T.);
#3086=FACE_BOUND('',#2865,.T.);
#3087=FACE_BOUND('',#2866,.T.);
#3088=FACE_BOUND('',#2867,.T.);
#3089=FACE_BOUND('',#2868,.T.);
#3090=FACE_BOUND('',#2869,.T.);
#3091=FACE_BOUND('',#2870,.T.);
#3092=FACE_BOUND('',#2871,.T.);
#3093=FACE_BOUND('',#2872,.T.);
#3094=FACE_BOUND('',#2873,.T.);
#3095=FACE_BOUND('',#2874,.T.);
#3096=FACE_BOUND('',#2875,.T.);
#3097=FACE_BOUND('',#2876,.T.);
#3098=FACE_BOUND('',#2877,.T.);
#3099=FACE_BOUND('',#2878,.T.);
#3100=FACE_BOUND('',#2879,.T.);
#3101=FACE_BOUND('',#2880,.T.);
#3102=FACE_BOUND('',#2881,.T.);
#3103=FACE_BOUND('',#2882,.T.);
#3104=FACE_BOUND('',#2883,.T.);
#3105=FACE_BOUND('',#2884,.T.);
#3106=FACE_BOUND('',#2885,.T.);
#3107=FACE_BOUND('',#2886,.T.);
#3108=FACE_BOUND('',#2887,.T.);
#3109=FACE_BOUND('',#2888,.T.);
#3110=FACE_BOUND('',#2889,.T.);
#3111=FACE_BOUND('',#2890,.T.);
#3112=FACE_BOUND('',#2891,.T.);
#3113=FACE_BOUND('',#2892,.T.);
#3114=FACE_BOUND('',#2893,.T.);
#3115=FACE_BOUND('',#2894,.T.);
#3116=FACE_BOUND('',#2895,.T.);
#3117=FACE_BOUND('',#2896,.T.);
#3118=FACE_BOUND('',#2897,.T.);
#3119=FACE_BOUND('',#2898,.T.);
#3120=FACE_BOUND('',#2899,.T.);
#3121=FACE_BOUND('',#2900,.T.);
#3122=FACE_BOUND('',#2901,.T.);
#3123=FACE_BOUND('',#2902,.T.);
#3124=FACE_BOUND('',#2903,.T.);
#3125=FACE_BOUND('',#2904,.T.);
#3126=FACE_BOUND('',#2905,.T.);
#3127=FACE_BOUND('',#2906,.T.);
#3128=FACE_BOUND('',#2907,.T.);
#3129=FACE_BOUND('',#2908,.T.);
#3130=FACE_BOUND('',#2909,.T.);
#3131=FACE_BOUND('',#2910,.T.);
#3132=FACE_BOUND('',#2911,.T.);
#3133=FACE_BOUND('',#2912,.T.);
#3134=FACE_BOUND('',#2913,.T.);
#3135=FACE_BOUND('',#2914,.T.);
#3136=FACE_BOUND('',#2915,.T.);
#3137=FACE_BOUND('',#2916,.T.);
#3138=FACE_BOUND('',#2917,.T.);
#3139=FACE_BOUND('',#2918,.T.);
#3140=FACE_BOUND('',#2919,.T.);
#3141=FACE_BOUND('',#2920,.T.);
#3142=FACE_BOUND('',#2921,.T.);
#3143=FACE_BOUND('',#2922,.T.);
#3144=FACE_BOUND('',#2923,.T.);
#3145=FACE_BOUND('',#2924,.T.);
#3146=FACE_BOUND('',#2925,.T.);
#3147=FACE_BOUND('',#2926,.T.);
#3148=FACE_BOUND('',#2927,.T.);
#3149=PLANE('',#3464);
#3150=PLANE('',#3465);
#3151=PLANE('',#3467);
#3152=PLANE('',#3471);
#3153=PLANE('',#3472);
#3154=PLANE('',#3473);
#3155=PLANE('',#3474);
#3156=PLANE('',#3476);
#3157=PLANE('',#3477);
#3158=PLANE('',#3478);
#3159=PLANE('',#3479);
#3160=PLANE('',#3481);
#3161=PLANE('',#3489);
#3162=PLANE('',#3497);
#3163=PLANE('',#3498);
#3164=PLANE('',#3502);
#3165=PLANE('',#3503);
#3166=PLANE('',#3504);
#3167=PLANE('',#3506);
#3168=PLANE('',#3507);
#3169=PLANE('',#3530);
#3170=PLANE('',#3532);
#3171=PLANE('',#3533);
#3172=PLANE('',#3535);
#3173=PLANE('',#3536);
#3174=PLANE('',#3537);
#3175=PLANE('',#3539);
#3176=PLANE('',#3540);
#3177=PLANE('',#3544);
#3178=PLANE('',#3547);
#3179=PLANE('',#3549);
#3180=PLANE('',#3550);
#3181=PLANE('',#3554);
#3182=PLANE('',#3563);
#3183=PLANE('',#3565);
#3184=PLANE('',#3569);
#3185=PLANE('',#3572);
#3186=PLANE('',#3574);
#3187=PLANE('',#3575);
#3188=PLANE('',#3579);
#3189=PLANE('',#3581);
#3190=PLANE('',#3582);
#3191=PLANE('',#3583);
#3192=PLANE('',#3584);
#3193=PLANE('',#3585);
#3194=PLANE('',#3589);
#3195=PLANE('',#3594);
#3196=PLANE('',#3597);
#3197=PLANE('',#3600);
#3198=PLANE('',#3602);
#3199=PLANE('',#3604);
#3200=PLANE('',#3608);
#3201=PLANE('',#3609);
#3202=PLANE('',#3610);
#3203=PLANE('',#3613);
#3204=PLANE('',#3614);
#3205=PLANE('',#3615);
#3206=PLANE('',#3616);
#3207=PLANE('',#3617);
#3208=PLANE('',#3618);
#3209=PLANE('',#3621);
#3210=PLANE('',#3623);
#3211=PLANE('',#3625);
#3212=PLANE('',#3626);
#3213=PLANE('',#3627);
#3214=PLANE('',#3633);
#3215=PLANE('',#3643);
#3216=PLANE('',#3646);
#3217=PLANE('',#3651);
#3218=PLANE('',#3652);
#3219=PLANE('',#3659);
#3220=PLANE('',#3662);
#3221=PLANE('',#3681);
#3222=PLANE('',#3690);
#3223=PLANE('',#3691);
#3224=PLANE('',#3693);
#3225=PLANE('',#3694);
#3226=PLANE('',#3699);
#3227=PLANE('',#3700);
#3228=PLANE('',#3703);
#3229=PLANE('',#3706);
#3230=PLANE('',#3708);
#3231=PLANE('',#3713);
#3232=PLANE('',#3717);
#3233=PLANE('',#3720);
#3234=PLANE('',#3729);
#3235=PLANE('',#3735);
#3236=PLANE('',#3740);
#3237=PLANE('',#3745);
#3238=PLANE('',#3759);
#3239=PLANE('',#3760);
#3240=PLANE('',#3765);
#3241=PLANE('',#3766);
#3242=PLANE('',#3777);
#3243=PLANE('',#3781);
#3244=PLANE('',#3782);
#3245=PLANE('',#3783);
#3246=PLANE('',#3786);
#3247=PLANE('',#3789);
#3248=PLANE('',#3790);
#3249=PLANE('',#3792);
#3250=PLANE('',#3793);
#3251=PLANE('',#3794);
#3252=PLANE('',#3798);
#3253=PLANE('',#3799);
#3254=PLANE('',#3802);
#3255=PLANE('',#3803);
#3256=PLANE('',#3804);
#3257=PLANE('',#3806);
#3258=PLANE('',#3809);
#3259=PLANE('',#3810);
#3260=PLANE('',#3811);
#3261=PLANE('',#3812);
#3262=ADVANCED_FACE('',(#2928),#3149,.T.);
#3263=ADVANCED_FACE('',(#2929),#3150,.F.);
#3264=ADVANCED_FACE('',(#2930),#3151,.F.);
#3265=ADVANCED_FACE('',(#2931),#52,.T.);
#3266=ADVANCED_FACE('',(#2932),#3152,.T.);
#3267=ADVANCED_FACE('',(#2933),#3153,.T.);
#3268=ADVANCED_FACE('',(#2934),#3154,.T.);
#3269=ADVANCED_FACE('',(#2935),#3155,.F.);
#3270=ADVANCED_FACE('',(#2936),#3156,.F.);
#3271=ADVANCED_FACE('',(#2937),#3157,.F.);
#3272=ADVANCED_FACE('',(#2938),#3158,.F.);
#3273=ADVANCED_FACE('',(#2939),#3159,.F.);
#3274=ADVANCED_FACE('',(#2940),#3160,.F.);
#3275=ADVANCED_FACE('',(#2941,#2942),#53,.F.);
#3276=ADVANCED_FACE('',(#2943),#54,.T.);
#3277=ADVANCED_FACE('',(#2944),#3161,.F.);
#3278=ADVANCED_FACE('',(#2945),#55,.T.);
#3279=ADVANCED_FACE('',(#2946),#3162,.F.);
#3280=ADVANCED_FACE('',(#2947),#3163,.F.);
#3281=ADVANCED_FACE('',(#2948),#56,.T.);
#3282=ADVANCED_FACE('',(#2949),#3164,.T.);
#3283=ADVANCED_FACE('',(#2950),#3165,.F.);
#3284=ADVANCED_FACE('',(#2951),#3166,.F.);
#3285=ADVANCED_FACE('',(#2952),#3167,.F.);
#3286=ADVANCED_FACE('',(#2953,#2954,#2955,#2956,#2957,#2958),#3168,.F.);
#3287=ADVANCED_FACE('',(#2959,#2960),#47,.T.);
#3288=ADVANCED_FACE('',(#2961),#57,.T.);
#3289=ADVANCED_FACE('',(#2962),#58,.T.);
#3290=ADVANCED_FACE('',(#2963),#3169,.F.);
#3291=ADVANCED_FACE('',(#2964),#3170,.F.);
#3292=ADVANCED_FACE('',(#2965),#3171,.F.);
#3293=ADVANCED_FACE('',(#2966),#3172,.T.);
#3294=ADVANCED_FACE('',(#2967),#3173,.T.);
#3295=ADVANCED_FACE('',(#2968),#3174,.F.);
#3296=ADVANCED_FACE('',(#2969),#3175,.T.);
#3297=ADVANCED_FACE('',(#2970),#3176,.T.);
#3298=ADVANCED_FACE('',(#2971),#45,.F.);
#3299=ADVANCED_FACE('',(#2972),#3177,.T.);
#3300=ADVANCED_FACE('',(#2973,#2974),#59,.F.);
#3301=ADVANCED_FACE('',(#2975),#3178,.F.);
#3302=ADVANCED_FACE('',(#2976),#3179,.T.);
#3303=ADVANCED_FACE('',(#2977),#3180,.T.);
#3304=ADVANCED_FACE('',(#2978),#60,.T.);
#3305=ADVANCED_FACE('',(#2979,#2980),#3181,.F.);
#3306=ADVANCED_FACE('',(#2981),#3182,.F.);
#3307=ADVANCED_FACE('',(#2982),#61,.T.);
#3308=ADVANCED_FACE('',(#2983),#3183,.F.);
#3309=ADVANCED_FACE('',(#2984),#62,.F.);
#3310=ADVANCED_FACE('',(#2985),#3184,.T.);
#3311=ADVANCED_FACE('',(#2986,#2987),#63,.F.);
#3312=ADVANCED_FACE('',(#2988),#3185,.T.);
#3313=ADVANCED_FACE('',(#2989),#3186,.T.);
#3314=ADVANCED_FACE('',(#2990),#3187,.F.);
#3315=ADVANCED_FACE('',(#2991),#64,.F.);
#3316=ADVANCED_FACE('',(#2992,#2993),#65,.F.);
#3317=ADVANCED_FACE('',(#2994),#3188,.T.);
#3318=ADVANCED_FACE('',(#2995),#3189,.F.);
#3319=ADVANCED_FACE('',(#2996),#3190,.T.);
#3320=ADVANCED_FACE('',(#2997),#3191,.T.);
#3321=ADVANCED_FACE('',(#2998),#3192,.F.);
#3322=ADVANCED_FACE('',(#2999,#3000),#3193,.T.);
#3323=ADVANCED_FACE('',(#3001),#66,.F.);
#3324=ADVANCED_FACE('',(#3002),#3194,.T.);
#3325=ADVANCED_FACE('',(#3003,#3004),#20,.T.);
#3326=ADVANCED_FACE('',(#3005),#67,.T.);
#3327=ADVANCED_FACE('',(#3006),#68,.F.);
#3328=ADVANCED_FACE('',(#3007),#3195,.F.);
#3329=ADVANCED_FACE('',(#3008),#69,.F.);
#3330=ADVANCED_FACE('',(#3009),#3196,.T.);
#3331=ADVANCED_FACE('',(#3010),#70,.T.);
#3332=ADVANCED_FACE('',(#3011),#3197,.F.);
#3333=ADVANCED_FACE('',(#3012,#3013),#71,.F.);
#3334=ADVANCED_FACE('',(#3014),#46,.F.);
#3335=ADVANCED_FACE('',(#3015),#3198,.F.);
#3336=ADVANCED_FACE('',(#3016),#3199,.F.);
#3337=ADVANCED_FACE('',(#3017),#72,.T.);
#3338=ADVANCED_FACE('',(#3018),#3200,.F.);
#3339=ADVANCED_FACE('',(#3019),#3201,.T.);
#3340=ADVANCED_FACE('',(#3020),#3202,.T.);
#3341=ADVANCED_FACE('',(#3021),#73,.F.);
#3342=ADVANCED_FACE('',(#3022),#74,.T.);
#3343=ADVANCED_FACE('',(#3023),#3203,.T.);
#3344=ADVANCED_FACE('',(#3024),#3204,.F.);
#3345=ADVANCED_FACE('',(#3025),#3205,.T.);
#3346=ADVANCED_FACE('',(#3026),#3206,.F.);
#3347=ADVANCED_FACE('',(#3027),#3207,.F.);
#3348=ADVANCED_FACE('',(#3028),#3208,.T.);
#3349=ADVANCED_FACE('',(#3029,#3030),#21,.F.);
#3350=ADVANCED_FACE('',(#3031),#75,.F.);
#3351=ADVANCED_FACE('',(#3032),#3209,.F.);
#3352=ADVANCED_FACE('',(#3033),#76,.T.);
#3353=ADVANCED_FACE('',(#3034),#3210,.F.);
#3354=ADVANCED_FACE('',(#3035),#77,.T.);
#3355=ADVANCED_FACE('',(#3036),#3211,.F.);
#3356=ADVANCED_FACE('',(#3037),#3212,.F.);
#3357=ADVANCED_FACE('',(#3038),#3213,.F.);
#3358=ADVANCED_FACE('',(#3039),#78,.F.);
#3359=ADVANCED_FACE('',(#3040,#3041),#48,.F.);
#3360=ADVANCED_FACE('',(#3042,#3043),#19,.F.);
#3361=ADVANCED_FACE('',(#3044),#3214,.T.);
#3362=ADVANCED_FACE('',(#3045,#3046),#79,.F.);
#3363=ADVANCED_FACE('',(#3047),#80,.F.);
#3364=ADVANCED_FACE('',(#3048,#3049),#49,.F.);
#3365=ADVANCED_FACE('',(#3050),#3215,.F.);
#3366=ADVANCED_FACE('',(#3051,#3052),#3216,.T.);
#3367=ADVANCED_FACE('',(#3053),#3217,.T.);
#3368=ADVANCED_FACE('',(#3054),#3218,.T.);
#3369=ADVANCED_FACE('',(#3055),#81,.T.);
#3370=ADVANCED_FACE('',(#3056),#82,.T.);
#3371=ADVANCED_FACE('',(#3057),#3219,.T.);
#3372=ADVANCED_FACE('',(#3058,#3059,#3060),#3220,.T.);
#3373=ADVANCED_FACE('',(#3061),#3221,.F.);
#3374=ADVANCED_FACE('',(#3062),#83,.T.);
#3375=ADVANCED_FACE('',(#3063),#84,.F.);
#3376=ADVANCED_FACE('',(#3064),#85,.T.);
#3377=ADVANCED_FACE('',(#3065),#3222,.T.);
#3378=ADVANCED_FACE('',(#3066),#3223,.F.);
#3379=ADVANCED_FACE('',(#3067),#86,.T.);
#3380=ADVANCED_FACE('',(#3068),#3224,.F.);
#3381=ADVANCED_FACE('',(#3069),#3225,.T.);
#3382=ADVANCED_FACE('',(#3070),#87,.T.);
#3383=ADVANCED_FACE('',(#3071),#88,.T.);
#3384=ADVANCED_FACE('',(#3072),#3226,.F.);
#3385=ADVANCED_FACE('',(#3073),#3227,.T.);
#3386=ADVANCED_FACE('',(#3074),#3228,.T.);
#3387=ADVANCED_FACE('',(#3075),#89,.F.);
#3388=ADVANCED_FACE('',(#3076),#3229,.F.);
#3389=ADVANCED_FACE('',(#3077),#3230,.F.);
#3390=ADVANCED_FACE('',(#3078),#90,.F.);
#3391=ADVANCED_FACE('',(#3079),#91,.T.);
#3392=ADVANCED_FACE('',(#3080,#3081),#3231,.F.);
#3393=ADVANCED_FACE('',(#3082,#3083),#92,.T.);
#3394=ADVANCED_FACE('',(#3084),#3232,.T.);
#3395=ADVANCED_FACE('',(#3085),#3233,.T.);
#3396=ADVANCED_FACE('',(#3086),#93,.T.);
#3397=ADVANCED_FACE('',(#3087),#94,.T.);
#3398=ADVANCED_FACE('',(#3088),#95,.F.);
#3399=ADVANCED_FACE('',(#3089),#96,.F.);
#3400=ADVANCED_FACE('',(#3090),#3234,.F.);
#3401=ADVANCED_FACE('',(#3091),#3235,.T.);
#3402=ADVANCED_FACE('',(#3092,#3093),#22,.T.);
#3403=ADVANCED_FACE('',(#3094),#3236,.T.);
#3404=ADVANCED_FACE('',(#3095),#97,.F.);
#3405=ADVANCED_FACE('',(#3096),#98,.F.);
#3406=ADVANCED_FACE('',(#3097),#3237,.T.);
#3407=ADVANCED_FACE('',(#3098),#99,.F.);
#3408=ADVANCED_FACE('',(#3099),#100,.F.);
#3409=ADVANCED_FACE('',(#3100),#101,.F.);
#3410=ADVANCED_FACE('',(#3101),#102,.F.);
#3411=ADVANCED_FACE('',(#3102),#103,.F.);
#3412=ADVANCED_FACE('',(#3103),#104,.F.);
#3413=ADVANCED_FACE('',(#3104),#3238,.T.);
#3414=ADVANCED_FACE('',(#3105),#3239,.T.);
#3415=ADVANCED_FACE('',(#3106,#3107),#105,.T.);
#3416=ADVANCED_FACE('',(#3108),#106,.T.);
#3417=ADVANCED_FACE('',(#3109),#3240,.T.);
#3418=ADVANCED_FACE('',(#3110),#3241,.F.);
#3419=ADVANCED_FACE('',(#3111),#107,.F.);
#3420=ADVANCED_FACE('',(#3112,#3113),#50,.T.);
#3421=ADVANCED_FACE('',(#3114),#108,.F.);
#3422=ADVANCED_FACE('',(#3115),#3242,.F.);
#3423=ADVANCED_FACE('',(#3116),#109,.T.);
#3424=ADVANCED_FACE('',(#3117),#110,.F.);
#3425=ADVANCED_FACE('',(#3118),#111,.F.);
#3426=ADVANCED_FACE('',(#3119),#3243,.F.);
#3427=ADVANCED_FACE('',(#3120),#3244,.T.);
#3428=ADVANCED_FACE('',(#3121),#3245,.T.);
#3429=ADVANCED_FACE('',(#3122),#112,.F.);
#3430=ADVANCED_FACE('',(#3123),#3246,.T.);
#3431=ADVANCED_FACE('',(#3124),#113,.T.);
#3432=ADVANCED_FACE('',(#3125),#3247,.F.);
#3433=ADVANCED_FACE('',(#3126),#3248,.T.);
#3434=ADVANCED_FACE('',(#3127),#3249,.F.);
#3435=ADVANCED_FACE('',(#3128),#3250,.T.);
#3436=ADVANCED_FACE('',(#3129),#3251,.T.);
#3437=ADVANCED_FACE('',(#3130),#114,.T.);
#3438=ADVANCED_FACE('',(#3131),#115,.T.);
#3439=ADVANCED_FACE('',(#3132),#3252,.T.);
#3440=ADVANCED_FACE('',(#3133),#3253,.T.);
#3441=ADVANCED_FACE('',(#3134),#51,.F.);
#3442=ADVANCED_FACE('',(#3135,#3136),#23,.T.);
#3443=ADVANCED_FACE('',(#3137),#3254,.T.);
#3444=ADVANCED_FACE('',(#3138),#3255,.F.);
#3445=ADVANCED_FACE('',(#3139),#3256,.F.);
#3446=ADVANCED_FACE('',(#3140),#116,.T.);
#3447=ADVANCED_FACE('',(#3141),#3257,.T.);
#3448=ADVANCED_FACE('',(#3142),#117,.F.);
#3449=ADVANCED_FACE('',(#3143),#118,.T.);
#3450=ADVANCED_FACE('',(#3144),#3258,.T.);
#3451=ADVANCED_FACE('',(#3145),#3259,.F.);
#3452=ADVANCED_FACE('',(#3146),#3260,.F.);
#3453=ADVANCED_FACE('',(#3147),#3261,.T.);
#3454=ADVANCED_FACE('',(#3148),#119,.T.);
#3455=CLOSED_SHELL('',(#3262,#3263,#3264,#3265,#3266,#3267,#3268,#3269,
#3270,#3271,#3272,#3273,#3274,#3275,#3276,#3277,#3278,#3279,#3280,#3281,
#3282,#3283,#3284,#3285,#3286,#3287,#3288,#3289,#3290,#3291,#3292,#3293,
#3294,#3295,#3296,#3297,#3298,#3299,#3300,#3301,#3302,#3303,#3304,#3305,
#3306,#3307,#3308,#3309,#3310,#3311,#3312,#3313,#3314,#3315,#3316,#3317,
#3318,#3319,#3320,#3321,#3322,#3323,#3324,#3325,#3326,#3327,#3328,#3329,
#3330,#3331,#3332,#3333,#3334,#3335,#3336,#3337,#3338,#3339,#3340,#3341,
#3342,#3343,#3344,#3345,#3346,#3347,#3348,#3349,#3350,#3351,#3352,#3353,
#3354,#3355,#3356,#3357,#3358));
#3456=CLOSED_SHELL('',(#3359,#3360,#3361));
#3457=CLOSED_SHELL('',(#3362,#3363,#3364,#3365,#3366,#3367,#3368,#3369,
#3370,#3371,#3372,#3373,#3374,#3375,#3376,#3377,#3378,#3379,#3380,#3381,
#3382,#3383,#3384,#3385,#3386,#3387,#3388,#3389,#3390,#3391,#3392,#3393,
#3394,#3395,#3396,#3397,#3398,#3399,#3400,#3401,#3402,#3403,#3404,#3405,
#3406,#3407,#3408,#3409,#3410,#3411,#3412,#3413,#3414,#3415,#3416,#3417,
#3418,#3419,#3420,#3421,#3422,#3423,#3424,#3425,#3426,#3427,#3428,#3429,
#3430,#3431,#3432,#3433,#3434,#3435,#3436,#3437,#3438,#3439,#3440,#3441,
#3442,#3443,#3444,#3445,#3446,#3447,#3448,#3449,#3450,#3451,#3452,#3453,
#3454));
#3458=BREP_WITH_VOIDS('1',#3455,(#16,#17));
#3459=SHAPE_DEFINITION_REPRESENTATION(#6020,#3461);
#3460=SHAPE_DEFINITION_REPRESENTATION(#6021,#3462);
#3461=SHAPE_REPRESENTATION('NANOT160BP',(#3463,#3814),#6013);
#3462=SHAPE_REPRESENTATION('NANOT160BP_PART1',(#3463),#6014);
#3463=AXIS2_PLACEMENT_3D('',#4832,#3815,#3816);
#3464=AXIS2_PLACEMENT_3D('',#4833,#3817,#3818);
#3465=AXIS2_PLACEMENT_3D('',#4842,#3823,#3824);
#3466=AXIS2_PLACEMENT_3D('',#4843,#3825,#3826);
#3467=AXIS2_PLACEMENT_3D('',#4845,#3827,#3828);
#3468=AXIS2_PLACEMENT_3D('',#4854,#3833,#3834);
#3469=AXIS2_PLACEMENT_3D('',#4858,#3836,#3837);
#3470=AXIS2_PLACEMENT_3D('',#4862,#3839,#3840);
#3471=AXIS2_PLACEMENT_3D('',#4863,#3841,#3842);
#3472=AXIS2_PLACEMENT_3D('',#4876,#3849,#3850);
#3473=AXIS2_PLACEMENT_3D('',#4882,#3854,#3855);
#3474=AXIS2_PLACEMENT_3D('',#4891,#3860,#3861);
#3475=AXIS2_PLACEMENT_3D('',#4892,#3862,#3863);
#3476=AXIS2_PLACEMENT_3D('',#4894,#3864,#3865);
#3477=AXIS2_PLACEMENT_3D('',#4903,#3870,#3871);
#3478=AXIS2_PLACEMENT_3D('',#4909,#3875,#3876);
#3479=AXIS2_PLACEMENT_3D('',#4918,#3881,#3882);
#3480=AXIS2_PLACEMENT_3D('',#4922,#3884,#3885);
#3481=AXIS2_PLACEMENT_3D('',#4933,#3891,#3892);
#3482=AXIS2_PLACEMENT_3D('',#4940,#3896,#3897);
#3483=AXIS2_PLACEMENT_3D('',#4941,#3898,#3899);
#3484=AXIS2_PLACEMENT_3D('',#4942,#3900,#3901);
#3485=AXIS2_PLACEMENT_3D('',#4944,#3902,#3903);
#3486=AXIS2_PLACEMENT_3D('',#4946,#3904,#3905);
#3487=AXIS2_PLACEMENT_3D('',#4947,#3906,#3907);
#3488=AXIS2_PLACEMENT_3D('',#4951,#3909,#3910);
#3489=AXIS2_PLACEMENT_3D('',#4954,#3912,#3913);
#3490=AXIS2_PLACEMENT_3D('',#4961,#3917,#3918);
#3491=AXIS2_PLACEMENT_3D('',#4965,#3920,#3921);
#3492=AXIS2_PLACEMENT_3D('',#4970,#3924,#3925);
#3493=AXIS2_PLACEMENT_3D('',#4971,#3926,#3927);
#3494=AXIS2_PLACEMENT_3D('',#4974,#3928,#3929);
#3495=AXIS2_PLACEMENT_3D('',#4975,#3930,#3931);
#3496=AXIS2_PLACEMENT_3D('',#4979,#3933,#3934);
#3497=AXIS2_PLACEMENT_3D('',#4982,#3936,#3937);
#3498=AXIS2_PLACEMENT_3D('',#4990,#3942,#3943);
#3499=AXIS2_PLACEMENT_3D('',#4996,#3947,#3948);
#3500=AXIS2_PLACEMENT_3D('',#5000,#3950,#3951);
#3501=AXIS2_PLACEMENT_3D('',#5004,#3953,#3954);
#3502=AXIS2_PLACEMENT_3D('',#5005,#3955,#3956);
#3503=AXIS2_PLACEMENT_3D('',#5011,#3960,#3961);
#3504=AXIS2_PLACEMENT_3D('',#5020,#3966,#3967);
#3505=AXIS2_PLACEMENT_3D('',#5021,#3968,#3969);
#3506=AXIS2_PLACEMENT_3D('',#5023,#3970,#3971);
#3507=AXIS2_PLACEMENT_3D('',#5025,#3973,#3974);
#3508=AXIS2_PLACEMENT_3D('',#5026,#3975,#3976);
#3509=AXIS2_PLACEMENT_3D('',#5028,#3977,#3978);
#3510=AXIS2_PLACEMENT_3D('',#5030,#3979,#3980);
#3511=AXIS2_PLACEMENT_3D('',#5032,#3981,#3982);
#3512=AXIS2_PLACEMENT_3D('',#5038,#3985,#3986);
#3513=AXIS2_PLACEMENT_3D('',#5039,#3987,#3988);
#3514=AXIS2_PLACEMENT_3D('',#5047,#3992,#3993);
#3515=AXIS2_PLACEMENT_3D('',#5052,#3996,#3997);
#3516=AXIS2_PLACEMENT_3D('',#5054,#3998,#3999);
#3517=AXIS2_PLACEMENT_3D('',#5066,#4005,#4006);
#3518=AXIS2_PLACEMENT_3D('',#5067,#4007,#4008);
#3519=AXIS2_PLACEMENT_3D('',#5074,#4012,#4013);
#3520=AXIS2_PLACEMENT_3D('',#5076,#4014,#4015);
#3521=AXIS2_PLACEMENT_3D('',#5079,#4017,#4018);
#3522=AXIS2_PLACEMENT_3D('',#5080,#4019,#4020);
#3523=AXIS2_PLACEMENT_3D('',#5082,#4021,#4022);
#3524=AXIS2_PLACEMENT_3D('',#5085,#4023,#4024);
#3525=AXIS2_PLACEMENT_3D('',#5086,#4025,#4026);
#3526=AXIS2_PLACEMENT_3D('',#5089,#4028,#4029);
#3527=AXIS2_PLACEMENT_3D('',#5090,#4030,#4031);
#3528=AXIS2_PLACEMENT_3D('',#5094,#4033,#4034);
#3529=AXIS2_PLACEMENT_3D('',#5095,#4035,#4036);
#3530=AXIS2_PLACEMENT_3D('',#5096,#4037,#4038);
#3531=AXIS2_PLACEMENT_3D('',#5104,#4042,#4043);
#3532=AXIS2_PLACEMENT_3D('',#5107,#4045,#4046);
#3533=AXIS2_PLACEMENT_3D('',#5116,#4051,#4052);
#3534=AXIS2_PLACEMENT_3D('',#5117,#4053,#4054);
#3535=AXIS2_PLACEMENT_3D('',#5124,#4058,#4059);
#3536=AXIS2_PLACEMENT_3D('',#5133,#4064,#4065);
#3537=AXIS2_PLACEMENT_3D('',#5139,#4069,#4070);
#3538=AXIS2_PLACEMENT_3D('',#5140,#4071,#4072);
#3539=AXIS2_PLACEMENT_3D('',#5143,#4074,#4075);
#3540=AXIS2_PLACEMENT_3D('',#5149,#4079,#4080);
#3541=AXIS2_PLACEMENT_3D('',#5186,#4086,#4087);
#3542=AXIS2_PLACEMENT_3D('',#5188,#4088,#4089);
#3543=AXIS2_PLACEMENT_3D('',#5190,#4090,#4091);
#3544=AXIS2_PLACEMENT_3D('',#5191,#4092,#4093);
#3545=AXIS2_PLACEMENT_3D('',#5197,#4097,#4098);
#3546=AXIS2_PLACEMENT_3D('',#5198,#4099,#4100);
#3547=AXIS2_PLACEMENT_3D('',#5200,#4101,#4102);
#3548=AXIS2_PLACEMENT_3D('',#5203,#4104,#4105);
#3549=AXIS2_PLACEMENT_3D('',#5204,#4106,#4107);
#3550=AXIS2_PLACEMENT_3D('',#5208,#4110,#4111);
#3551=AXIS2_PLACEMENT_3D('',#5211,#4114,#4115);
#3552=AXIS2_PLACEMENT_3D('',#5215,#4117,#4118);
#3553=AXIS2_PLACEMENT_3D('',#5216,#4119,#4120);
#3554=AXIS2_PLACEMENT_3D('',#5217,#4121,#4122);
#3555=AXIS2_PLACEMENT_3D('',#5218,#4123,#4124);
#3556=AXIS2_PLACEMENT_3D('',#5221,#4125,#4126);
#3557=AXIS2_PLACEMENT_3D('',#5222,#4127,#4128);
#3558=AXIS2_PLACEMENT_3D('',#5226,#4130,#4131);
#3559=AXIS2_PLACEMENT_3D('',#5230,#4133,#4134);
#3560=AXIS2_PLACEMENT_3D('',#5232,#4135,#4136);
#3561=AXIS2_PLACEMENT_3D('',#5235,#4138,#4139);
#3562=AXIS2_PLACEMENT_3D('',#5238,#4141,#4142);
#3563=AXIS2_PLACEMENT_3D('',#5240,#4144,#4145);
#3564=AXIS2_PLACEMENT_3D('',#5241,#4146,#4147);
#3565=AXIS2_PLACEMENT_3D('',#5243,#4149,#4150);
#3566=AXIS2_PLACEMENT_3D('',#5249,#4155,#4156);
#3567=AXIS2_PLACEMENT_3D('',#5250,#4157,#4158);
#3568=AXIS2_PLACEMENT_3D('',#5254,#4160,#4161);
#3569=AXIS2_PLACEMENT_3D('',#5255,#4162,#4163);
#3570=AXIS2_PLACEMENT_3D('',#5256,#4164,#4165);
#3571=AXIS2_PLACEMENT_3D('',#5258,#4166,#4167);
#3572=AXIS2_PLACEMENT_3D('',#5259,#4168,#4169);
#3573=AXIS2_PLACEMENT_3D('',#5262,#4171,#4172);
#3574=AXIS2_PLACEMENT_3D('',#5266,#4175,#4176);
#3575=AXIS2_PLACEMENT_3D('',#5270,#4179,#4180);
#3576=AXIS2_PLACEMENT_3D('',#5272,#4182,#4183);
#3577=AXIS2_PLACEMENT_3D('',#5273,#4184,#4185);
#3578=AXIS2_PLACEMENT_3D('',#5276,#4187,#4188);
#3579=AXIS2_PLACEMENT_3D('',#5277,#4189,#4190);
#3580=AXIS2_PLACEMENT_3D('',#5286,#4197,#4198);
#3581=AXIS2_PLACEMENT_3D('',#5287,#4199,#4200);
#3582=AXIS2_PLACEMENT_3D('',#5289,#4202,#4203);
#3583=AXIS2_PLACEMENT_3D('',#5292,#4206,#4207);
#3584=AXIS2_PLACEMENT_3D('',#5293,#4208,#4209);
#3585=AXIS2_PLACEMENT_3D('',#5295,#4211,#4212);
#3586=AXIS2_PLACEMENT_3D('',#5296,#4213,#4214);
#3587=AXIS2_PLACEMENT_3D('',#5298,#4215,#4216);
#3588=AXIS2_PLACEMENT_3D('',#5299,#4217,#4218);
#3589=AXIS2_PLACEMENT_3D('',#5304,#4219,#4220);
#3590=AXIS2_PLACEMENT_3D('',#5307,#4223,#4224);
#3591=AXIS2_PLACEMENT_3D('',#5308,#4225,#4226);
#3592=AXIS2_PLACEMENT_3D('',#5309,#4227,#4228);
#3593=AXIS2_PLACEMENT_3D('',#5310,#4229,#4230);
#3594=AXIS2_PLACEMENT_3D('',#5312,#4232,#4233);
#3595=AXIS2_PLACEMENT_3D('',#5319,#4238,#4239);
#3596=AXIS2_PLACEMENT_3D('',#5320,#4240,#4241);
#3597=AXIS2_PLACEMENT_3D('',#5321,#4242,#4243);
#3598=AXIS2_PLACEMENT_3D('',#5322,#4244,#4245);
#3599=AXIS2_PLACEMENT_3D('',#5327,#4249,#4250);
#3600=AXIS2_PLACEMENT_3D('',#5330,#4253,#4254);
#3601=AXIS2_PLACEMENT_3D('',#5332,#4256,#4257);
#3602=AXIS2_PLACEMENT_3D('',#5361,#4258,#4259);
#3603=AXIS2_PLACEMENT_3D('',#5362,#4260,#4261);
#3604=AXIS2_PLACEMENT_3D('',#5365,#4263,#4264);
#3605=AXIS2_PLACEMENT_3D('',#5366,#4265,#4266);
#3606=AXIS2_PLACEMENT_3D('',#5367,#4267,#4268);
#3607=AXIS2_PLACEMENT_3D('',#5368,#4269,#4270);
#3608=AXIS2_PLACEMENT_3D('',#5370,#4272,#4273);
#3609=AXIS2_PLACEMENT_3D('',#5374,#4276,#4277);
#3610=AXIS2_PLACEMENT_3D('',#5378,#4280,#4281);
#3611=AXIS2_PLACEMENT_3D('',#5380,#4283,#4284);
#3612=AXIS2_PLACEMENT_3D('',#5382,#4286,#4287);
#3613=AXIS2_PLACEMENT_3D('',#5383,#4288,#4289);
#3614=AXIS2_PLACEMENT_3D('',#5385,#4291,#4292);
#3615=AXIS2_PLACEMENT_3D('',#5386,#4293,#4294);
#3616=AXIS2_PLACEMENT_3D('',#5387,#4295,#4296);
#3617=AXIS2_PLACEMENT_3D('',#5389,#4298,#4299);
#3618=AXIS2_PLACEMENT_3D('',#5390,#4300,#4301);
#3619=AXIS2_PLACEMENT_3D('',#5392,#4303,#4304);
#3620=AXIS2_PLACEMENT_3D('',#5393,#4305,#4306);
#3621=AXIS2_PLACEMENT_3D('',#5395,#4308,#4309);
#3622=AXIS2_PLACEMENT_3D('',#5396,#4310,#4311);
#3623=AXIS2_PLACEMENT_3D('',#5397,#4312,#4313);
#3624=AXIS2_PLACEMENT_3D('',#5398,#4314,#4315);
#3625=AXIS2_PLACEMENT_3D('',#5399,#4316,#4317);
#3626=AXIS2_PLACEMENT_3D('',#5400,#4318,#4319);
#3627=AXIS2_PLACEMENT_3D('',#5401,#4320,#4321);
#3628=AXIS2_PLACEMENT_3D('',#5402,#4322,#4323);
#3629=AXIS2_PLACEMENT_3D('',#5403,#4324,#4325);
#3630=AXIS2_PLACEMENT_3D('',#5404,#4326,#4327);
#3631=AXIS2_PLACEMENT_3D('',#5406,#4328,#4329);
#3632=AXIS2_PLACEMENT_3D('',#5408,#4330,#4331);
#3633=AXIS2_PLACEMENT_3D('',#5410,#4332,#4333);
#3634=AXIS2_PLACEMENT_3D('',#5411,#4334,#4335);
#3635=AXIS2_PLACEMENT_3D('',#5412,#4336,#4337);
#3636=AXIS2_PLACEMENT_3D('',#5414,#4338,#4339);
#3637=AXIS2_PLACEMENT_3D('',#5416,#4340,#4341);
#3638=AXIS2_PLACEMENT_3D('',#5417,#4342,#4343);
#3639=AXIS2_PLACEMENT_3D('',#5422,#4345,#4346);
#3640=AXIS2_PLACEMENT_3D('',#5425,#4348,#4349);
#3641=AXIS2_PLACEMENT_3D('',#5426,#4350,#4351);
#3642=AXIS2_PLACEMENT_3D('',#5428,#4352,#4353);
#3643=AXIS2_PLACEMENT_3D('',#5430,#4354,#4355);
#3644=AXIS2_PLACEMENT_3D('',#5434,#4357,#4358);
#3645=AXIS2_PLACEMENT_3D('',#5438,#4360,#4361);
#3646=AXIS2_PLACEMENT_3D('',#5439,#4362,#4363);
#3647=AXIS2_PLACEMENT_3D('',#5440,#4364,#4365);
#3648=AXIS2_PLACEMENT_3D('',#5445,#4367,#4368);
#3649=AXIS2_PLACEMENT_3D('',#5447,#4369,#4370);
#3650=AXIS2_PLACEMENT_3D('',#5449,#4371,#4372);
#3651=AXIS2_PLACEMENT_3D('',#5450,#4373,#4374);
#3652=AXIS2_PLACEMENT_3D('',#5459,#4379,#4380);
#3653=AXIS2_PLACEMENT_3D('',#5468,#4385,#4386);
#3654=AXIS2_PLACEMENT_3D('',#5472,#4388,#4389);
#3655=AXIS2_PLACEMENT_3D('',#5476,#4391,#4392);
#3656=AXIS2_PLACEMENT_3D('',#5477,#4393,#4394);
#3657=AXIS2_PLACEMENT_3D('',#5481,#4396,#4397);
#3658=AXIS2_PLACEMENT_3D('',#5485,#4399,#4400);
#3659=AXIS2_PLACEMENT_3D('',#5486,#4401,#4402);
#3660=AXIS2_PLACEMENT_3D('',#5490,#4404,#4405);
#3661=AXIS2_PLACEMENT_3D('',#5494,#4407,#4408);
#3662=AXIS2_PLACEMENT_3D('',#5503,#4413,#4414);
#3663=AXIS2_PLACEMENT_3D('',#5511,#4418,#4419);
#3664=AXIS2_PLACEMENT_3D('',#5513,#4420,#4421);
#3665=AXIS2_PLACEMENT_3D('',#5515,#4422,#4423);
#3666=AXIS2_PLACEMENT_3D('',#5516,#4424,#4425);
#3667=AXIS2_PLACEMENT_3D('',#5525,#4429,#4430);
#3668=AXIS2_PLACEMENT_3D('',#5527,#4431,#4432);
#3669=AXIS2_PLACEMENT_3D('',#5529,#4433,#4434);
#3670=AXIS2_PLACEMENT_3D('',#5533,#4436,#4437);
#3671=AXIS2_PLACEMENT_3D('',#5537,#4440,#4441);
#3672=AXIS2_PLACEMENT_3D('',#5539,#4442,#4443);
#3673=AXIS2_PLACEMENT_3D('',#5541,#4444,#4445);
#3674=AXIS2_PLACEMENT_3D('',#5546,#4448,#4449);
#3675=AXIS2_PLACEMENT_3D('',#5548,#4450,#4451);
#3676=AXIS2_PLACEMENT_3D('',#5550,#4452,#4453);
#3677=AXIS2_PLACEMENT_3D('',#5554,#4455,#4456);
#3678=AXIS2_PLACEMENT_3D('',#5560,#4459,#4460);
#3679=AXIS2_PLACEMENT_3D('',#5564,#4462,#4463);
#3680=AXIS2_PLACEMENT_3D('',#5566,#4464,#4465);
#3681=AXIS2_PLACEMENT_3D('',#5567,#4466,#4467);
#3682=AXIS2_PLACEMENT_3D('',#5571,#4470,#4471);
#3683=AXIS2_PLACEMENT_3D('',#5572,#4472,#4473);
#3684=AXIS2_PLACEMENT_3D('',#5577,#4476,#4477);
#3685=AXIS2_PLACEMENT_3D('',#5578,#4478,#4479);
#3686=AXIS2_PLACEMENT_3D('',#5580,#4480,#4481);
#3687=AXIS2_PLACEMENT_3D('',#5583,#4483,#4484);
#3688=AXIS2_PLACEMENT_3D('',#5584,#4485,#4486);
#3689=AXIS2_PLACEMENT_3D('',#5599,#4487,#4488);
#3690=AXIS2_PLACEMENT_3D('',#5600,#4489,#4490);
#3691=AXIS2_PLACEMENT_3D('',#5606,#4494,#4495);
#3692=AXIS2_PLACEMENT_3D('',#5624,#4505,#4506);
#3693=AXIS2_PLACEMENT_3D('',#5627,#4509,#4510);
#3694=AXIS2_PLACEMENT_3D('',#5629,#4512,#4513);
#3695=AXIS2_PLACEMENT_3D('',#5630,#4514,#4515);
#3696=AXIS2_PLACEMENT_3D('',#5632,#4516,#4517);
#3697=AXIS2_PLACEMENT_3D('',#5633,#4518,#4519);
#3698=AXIS2_PLACEMENT_3D('',#5638,#4522,#4523);
#3699=AXIS2_PLACEMENT_3D('',#5653,#4524,#4525);
#3700=AXIS2_PLACEMENT_3D('',#5655,#4527,#4528);
#3701=AXIS2_PLACEMENT_3D('',#5656,#4529,#4530);
#3702=AXIS2_PLACEMENT_3D('',#5658,#4531,#4532);
#3703=AXIS2_PLACEMENT_3D('',#5659,#4533,#4534);
#3704=AXIS2_PLACEMENT_3D('',#5663,#4537,#4538);
#3705=AXIS2_PLACEMENT_3D('',#5664,#4539,#4540);
#3706=AXIS2_PLACEMENT_3D('',#5667,#4542,#4543);
#3707=AXIS2_PLACEMENT_3D('',#5671,#4545,#4546);
#3708=AXIS2_PLACEMENT_3D('',#5673,#4548,#4549);
#3709=AXIS2_PLACEMENT_3D('',#5682,#4554,#4555);
#3710=AXIS2_PLACEMENT_3D('',#5683,#4556,#4557);
#3711=AXIS2_PLACEMENT_3D('',#5688,#4559,#4560);
#3712=AXIS2_PLACEMENT_3D('',#5690,#4562,#4563);
#3713=AXIS2_PLACEMENT_3D('',#5711,#4566,#4567);
#3714=AXIS2_PLACEMENT_3D('',#5712,#4568,#4569);
#3715=AXIS2_PLACEMENT_3D('',#5714,#4570,#4571);
#3716=AXIS2_PLACEMENT_3D('',#5716,#4572,#4573);
#3717=AXIS2_PLACEMENT_3D('',#5717,#4574,#4575);
#3718=AXIS2_PLACEMENT_3D('',#5718,#4576,#4577);
#3719=AXIS2_PLACEMENT_3D('',#5729,#4582,#4583);
#3720=AXIS2_PLACEMENT_3D('',#5730,#4584,#4585);
#3721=AXIS2_PLACEMENT_3D('',#5733,#4588,#4589);
#3722=AXIS2_PLACEMENT_3D('',#5737,#4591,#4592);
#3723=AXIS2_PLACEMENT_3D('',#5741,#4594,#4595);
#3724=AXIS2_PLACEMENT_3D('',#5742,#4596,#4597);
#3725=AXIS2_PLACEMENT_3D('',#5746,#4599,#4600);
#3726=AXIS2_PLACEMENT_3D('',#5750,#4602,#4603);
#3727=AXIS2_PLACEMENT_3D('',#5751,#4604,#4605);
#3728=AXIS2_PLACEMENT_3D('',#5766,#4606,#4607);
#3729=AXIS2_PLACEMENT_3D('',#5768,#4609,#4610);
#3730=AXIS2_PLACEMENT_3D('',#5769,#4611,#4612);
#3731=AXIS2_PLACEMENT_3D('',#5773,#4614,#4615);
#3732=AXIS2_PLACEMENT_3D('',#5775,#4616,#4617);
#3733=AXIS2_PLACEMENT_3D('',#5778,#4619,#4620);
#3734=AXIS2_PLACEMENT_3D('',#5779,#4621,#4622);
#3735=AXIS2_PLACEMENT_3D('',#5780,#4623,#4624);
#3736=AXIS2_PLACEMENT_3D('',#5781,#4625,#4626);
#3737=AXIS2_PLACEMENT_3D('',#5782,#4627,#4628);
#3738=AXIS2_PLACEMENT_3D('',#5783,#4629,#4630);
#3739=AXIS2_PLACEMENT_3D('',#5785,#4631,#4632);
#3740=AXIS2_PLACEMENT_3D('',#5786,#4633,#4634);
#3741=AXIS2_PLACEMENT_3D('',#5788,#4636,#4637);
#3742=AXIS2_PLACEMENT_3D('',#5789,#4638,#4639);
#3743=AXIS2_PLACEMENT_3D('',#5794,#4642,#4643);
#3744=AXIS2_PLACEMENT_3D('',#5795,#4644,#4645);
#3745=AXIS2_PLACEMENT_3D('',#5800,#4649,#4650);
#3746=AXIS2_PLACEMENT_3D('',#5806,#4654,#4655);
#3747=AXIS2_PLACEMENT_3D('',#5809,#4657,#4658);
#3748=AXIS2_PLACEMENT_3D('',#5810,#4659,#4660);
#3749=AXIS2_PLACEMENT_3D('',#5811,#4661,#4662);
#3750=AXIS2_PLACEMENT_3D('',#5812,#4663,#4664);
#3751=AXIS2_PLACEMENT_3D('',#5814,#4665,#4666);
#3752=AXIS2_PLACEMENT_3D('',#5817,#4668,#4669);
#3753=AXIS2_PLACEMENT_3D('',#5818,#4670,#4671);
#3754=AXIS2_PLACEMENT_3D('',#5820,#4672,#4673);
#3755=AXIS2_PLACEMENT_3D('',#5824,#4675,#4676);
#3756=AXIS2_PLACEMENT_3D('',#5828,#4679,#4680);
#3757=AXIS2_PLACEMENT_3D('',#5846,#4682,#4683);
#3758=AXIS2_PLACEMENT_3D('',#5849,#4685,#4686);
#3759=AXIS2_PLACEMENT_3D('',#5850,#4687,#4688);
#3760=AXIS2_PLACEMENT_3D('',#5853,#4691,#4692);
#3761=AXIS2_PLACEMENT_3D('',#5856,#4695,#4696);
#3762=AXIS2_PLACEMENT_3D('',#5857,#4697,#4698);
#3763=AXIS2_PLACEMENT_3D('',#5859,#4699,#4700);
#3764=AXIS2_PLACEMENT_3D('',#5862,#4702,#4703);
#3765=AXIS2_PLACEMENT_3D('',#5863,#4704,#4705);
#3766=AXIS2_PLACEMENT_3D('',#5865,#4707,#4708);
#3767=AXIS2_PLACEMENT_3D('',#5868,#4710,#4711);
#3768=AXIS2_PLACEMENT_3D('',#5870,#4713,#4714);
#3769=AXIS2_PLACEMENT_3D('',#5872,#4715,#4716);
#3770=AXIS2_PLACEMENT_3D('',#5873,#4717,#4718);
#3771=AXIS2_PLACEMENT_3D('',#5874,#4719,#4720);
#3772=AXIS2_PLACEMENT_3D('',#5877,#4722,#4723);
#3773=AXIS2_PLACEMENT_3D('',#5878,#4724,#4725);
#3774=AXIS2_PLACEMENT_3D('',#5880,#4726,#4727);
#3775=AXIS2_PLACEMENT_3D('',#5890,#4728,#4729);
#3776=AXIS2_PLACEMENT_3D('',#5912,#4730,#4731);
#3777=AXIS2_PLACEMENT_3D('',#5913,#4732,#4733);
#3778=AXIS2_PLACEMENT_3D('',#5917,#4736,#4737);
#3779=AXIS2_PLACEMENT_3D('',#5919,#4739,#4740);
#3780=AXIS2_PLACEMENT_3D('',#5921,#4742,#4743);
#3781=AXIS2_PLACEMENT_3D('',#5929,#4744,#4745);
#3782=AXIS2_PLACEMENT_3D('',#5931,#4747,#4748);
#3783=AXIS2_PLACEMENT_3D('',#5939,#4753,#4754);
#3784=AXIS2_PLACEMENT_3D('',#5944,#4758,#4759);
#3785=AXIS2_PLACEMENT_3D('',#5947,#4761,#4762);
#3786=AXIS2_PLACEMENT_3D('',#5948,#4763,#4764);
#3787=AXIS2_PLACEMENT_3D('',#5949,#4765,#4766);
#3788=AXIS2_PLACEMENT_3D('',#5950,#4767,#4768);
#3789=AXIS2_PLACEMENT_3D('',#5953,#4770,#4771);
#3790=AXIS2_PLACEMENT_3D('',#5957,#4774,#4775);
#3791=AXIS2_PLACEMENT_3D('',#5960,#4777,#4778);
#3792=AXIS2_PLACEMENT_3D('',#5961,#4779,#4780);
#3793=AXIS2_PLACEMENT_3D('',#5963,#4782,#4783);
#3794=AXIS2_PLACEMENT_3D('',#5965,#4785,#4786);
#3795=AXIS2_PLACEMENT_3D('',#5966,#4787,#4788);
#3796=AXIS2_PLACEMENT_3D('',#5974,#4789,#4790);
#3797=AXIS2_PLACEMENT_3D('',#5977,#4792,#4793);
#3798=AXIS2_PLACEMENT_3D('',#5978,#4794,#4795);
#3799=AXIS2_PLACEMENT_3D('',#5980,#4797,#4798);
#3800=AXIS2_PLACEMENT_3D('',#5981,#4799,#4800);
#3801=AXIS2_PLACEMENT_3D('',#5996,#4801,#4802);
#3802=AXIS2_PLACEMENT_3D('',#5997,#4803,#4804);
#3803=AXIS2_PLACEMENT_3D('',#5998,#4805,#4806);
#3804=AXIS2_PLACEMENT_3D('',#5999,#4807,#4808);
#3805=AXIS2_PLACEMENT_3D('',#6000,#4809,#4810);
#3806=AXIS2_PLACEMENT_3D('',#6001,#4811,#4812);
#3807=AXIS2_PLACEMENT_3D('',#6002,#4813,#4814);
#3808=AXIS2_PLACEMENT_3D('',#6003,#4815,#4816);
#3809=AXIS2_PLACEMENT_3D('',#6005,#4818,#4819);
#3810=AXIS2_PLACEMENT_3D('',#6006,#4820,#4821);
#3811=AXIS2_PLACEMENT_3D('',#6008,#4823,#4824);
#3812=AXIS2_PLACEMENT_3D('',#6010,#4826,#4827);
#3813=AXIS2_PLACEMENT_3D('',#6011,#4828,#4829);
#3814=AXIS2_PLACEMENT_3D('',#6012,#4830,#4831);
#3815=DIRECTION('',(0.,0.,1.));
#3816=DIRECTION('',(1.,0.,0.));
#3817=DIRECTION('',(0.,0.,1.));
#3818=DIRECTION('',(1.,0.,0.));
#3819=DIRECTION('',(0.,1.,0.));
#3820=DIRECTION('',(-1.,0.,0.));
#3821=DIRECTION('',(0.,1.,0.));
#3822=DIRECTION('',(1.,0.,0.));
#3823=DIRECTION('',(0.,1.,0.));
#3824=DIRECTION('',(1.,0.,0.));
#3825=DIRECTION('',(0.,-1.,0.));
#3826=DIRECTION('',(-1.,0.,0.));
#3827=DIRECTION('',(0.,1.,0.));
#3828=DIRECTION('',(1.,0.,0.));
#3829=DIRECTION('',(-1.,0.,0.));
#3830=DIRECTION('',(0.,0.,-1.));
#3831=DIRECTION('',(-1.,0.,0.));
#3832=DIRECTION('',(0.,0.,1.));
#3833=DIRECTION('',(0.,1.,0.));
#3834=DIRECTION('',(0.,0.,-1.));
#3835=DIRECTION('',(0.,-1.,0.));
#3836=DIRECTION('',(0.,-1.,0.));
#3837=DIRECTION('',(0.,0.,-1.));
#3838=DIRECTION('',(0.,-1.,0.));
#3839=DIRECTION('',(0.,1.,0.));
#3840=DIRECTION('',(1.,0.,0.));
#3841=DIRECTION('',(1.,0.,0.));
#3842=DIRECTION('',(0.,1.,0.));
#3843=DIRECTION('',(0.,-1.,0.));
#3844=DIRECTION('',(0.,0.,1.));
#3845=DIRECTION('',(0.,1.,0.));
#3846=DIRECTION('',(0.,0.,1.));
#3847=DIRECTION('',(0.,-1.,0.));
#3848=DIRECTION('',(0.,0.,-1.));
#3849=DIRECTION('',(1.,0.,0.));
#3850=DIRECTION('',(0.,1.,0.));
#3851=DIRECTION('',(0.,0.,1.));
#3852=DIRECTION('',(0.,-1.,0.));
#3853=DIRECTION('',(0.,0.,1.));
#3854=DIRECTION('',(0.,0.,1.));
#3855=DIRECTION('',(1.,0.,0.));
#3856=DIRECTION('',(-1.,0.,0.));
#3857=DIRECTION('',(0.,1.,0.));
#3858=DIRECTION('',(1.,0.,0.));
#3859=DIRECTION('',(0.,-1.,0.));
#3860=DIRECTION('',(0.,1.,0.));
#3861=DIRECTION('',(1.,0.,0.));
#3862=DIRECTION('',(0.,1.,0.));
#3863=DIRECTION('',(1.,0.,0.));
#3864=DIRECTION('',(0.,0.,1.));
#3865=DIRECTION('',(1.,0.,0.));
#3866=DIRECTION('',(-1.,0.,0.));
#3867=DIRECTION('',(0.,-1.,0.));
#3868=DIRECTION('',(1.,0.,0.));
#3869=DIRECTION('',(0.,1.,0.));
#3870=DIRECTION('',(1.,0.,0.));
#3871=DIRECTION('',(0.,1.,0.));
#3872=DIRECTION('',(0.,0.,1.));
#3873=DIRECTION('',(0.,-1.,0.));
#3874=DIRECTION('',(0.,0.,-1.));
#3875=DIRECTION('',(1.,0.,0.));
#3876=DIRECTION('',(0.,1.,0.));
#3877=DIRECTION('',(0.,0.,1.));
#3878=DIRECTION('',(0.,1.,0.));
#3879=DIRECTION('',(0.,0.,-1.));
#3880=DIRECTION('',(0.,1.,0.));
#3881=DIRECTION('',(0.,0.,1.));
#3882=DIRECTION('',(1.,0.,0.));
#3883=DIRECTION('',(0.,-1.,0.));
#3884=DIRECTION('',(0.,0.,1.));
#3885=DIRECTION('',(1.,0.,0.));
#3886=DIRECTION('',(0.,1.,0.));
#3887=DIRECTION('',(-1.,0.,0.));
#3888=DIRECTION('',(0.,1.,0.));
#3889=DIRECTION('',(0.,1.,0.));
#3890=DIRECTION('',(1.,0.,0.));
#3891=DIRECTION('',(0.,1.,0.));
#3892=DIRECTION('',(1.,0.,0.));
#3893=DIRECTION('',(-1.,0.,0.));
#3894=DIRECTION('',(0.,0.,1.));
#3895=DIRECTION('',(-1.,0.,0.));
#3896=DIRECTION('',(0.,1.,0.));
#3897=DIRECTION('',(1.,0.,0.));
#3898=DIRECTION('',(0.,1.,0.));
#3899=DIRECTION('',(-1.,0.,0.));
#3900=DIRECTION('',(0.,-1.,0.));
#3901=DIRECTION('',(1.,0.,0.));
#3902=DIRECTION('',(0.,-1.,0.));
#3903=DIRECTION('',(-1.,0.,0.));
#3904=DIRECTION('',(0.,0.,1.));
#3905=DIRECTION('',(0.,1.,0.));
#3906=DIRECTION('',(0.,0.,-1.));
#3907=DIRECTION('',(0.3333333333716,0.942809041568534,0.));
#3908=DIRECTION('',(0.,0.,-1.));
#3909=DIRECTION('',(0.,0.,-1.));
#3910=DIRECTION('',(0.3333333333716,0.942809041568534,0.));
#3911=DIRECTION('',(0.,0.,-1.));
#3912=DIRECTION('',(1.,0.,0.));
#3913=DIRECTION('',(0.,1.,0.));
#3914=DIRECTION('',(0.,-1.,0.));
#3915=DIRECTION('',(0.,0.813733471190931,0.581238193741222));
#3916=DIRECTION('',(0.,-1.,0.));
#3917=DIRECTION('',(1.,0.,0.));
#3918=DIRECTION('',(0.,1.,0.));
#3919=DIRECTION('',(0.,0.,-1.));
#3920=DIRECTION('',(-1.,0.,0.));
#3921=DIRECTION('',(0.,0.,-1.));
#3922=DIRECTION('',(0.,1.,0.));
#3923=DIRECTION('',(0.,0.,-1.));
#3924=DIRECTION('',(0.,0.,-1.));
#3925=DIRECTION('',(0.,1.,0.));
#3926=DIRECTION('',(0.,0.,1.));
#3927=DIRECTION('',(-0.3333333333716,0.942809041568534,0.));
#3928=DIRECTION('',(0.,0.,1.));
#3929=DIRECTION('',(-0.884433277415094,0.466666666691328,0.));
#3930=DIRECTION('',(0.,0.,-1.));
#3931=DIRECTION('',(-1.,0.,0.));
#3932=DIRECTION('',(0.,0.,-1.));
#3933=DIRECTION('',(0.,0.,1.));
#3934=DIRECTION('',(-0.3333333333716,0.942809041568534,0.));
#3935=DIRECTION('',(0.,0.,-1.));
#3936=DIRECTION('',(0.,0.,1.));
#3937=DIRECTION('',(1.,0.,0.));
#3938=DIRECTION('',(1.,0.,0.));
#3939=DIRECTION('',(0.,-1.,0.));
#3940=DIRECTION('',(-1.,0.,0.));
#3941=DIRECTION('',(0.,1.,0.));
#3942=DIRECTION('',(0.,0.,1.));
#3943=DIRECTION('',(1.,0.,0.));
#3944=DIRECTION('',(1.,0.,0.));
#3945=DIRECTION('',(1.,0.,0.));
#3946=DIRECTION('',(0.,-1.,0.));
#3947=DIRECTION('',(0.,1.,0.));
#3948=DIRECTION('',(0.,0.,1.));
#3949=DIRECTION('',(0.,-1.,0.));
#3950=DIRECTION('',(0.,-1.,0.));
#3951=DIRECTION('',(0.,0.,1.));
#3952=DIRECTION('',(0.,-1.,0.));
#3953=DIRECTION('',(0.,1.,0.));
#3954=DIRECTION('',(-1.,0.,0.));
#3955=DIRECTION('',(0.,0.,1.));
#3956=DIRECTION('',(1.,0.,0.));
#3957=DIRECTION('',(0.,-1.,0.));
#3958=DIRECTION('',(1.,0.,0.));
#3959=DIRECTION('',(0.,1.,0.));
#3960=DIRECTION('',(0.,1.,0.));
#3961=DIRECTION('',(1.,0.,0.));
#3962=DIRECTION('',(1.,0.,0.));
#3963=DIRECTION('',(0.,0.,1.));
#3964=DIRECTION('',(1.,0.,0.));
#3965=DIRECTION('',(0.,0.,-1.));
#3966=DIRECTION('',(0.,1.,0.));
#3967=DIRECTION('',(1.,0.,0.));
#3968=DIRECTION('',(0.,-1.,0.));
#3969=DIRECTION('',(-1.,0.,0.));
#3970=DIRECTION('',(1.,0.,0.));
#3971=DIRECTION('',(0.,1.,0.));
#3972=DIRECTION('',(0.,0.,1.));
#3973=DIRECTION('',(0.,1.,0.));
#3974=DIRECTION('',(1.,0.,0.));
#3975=DIRECTION('',(0.,-1.,0.));
#3976=DIRECTION('',(1.,0.,0.));
#3977=DIRECTION('',(0.,-1.,0.));
#3978=DIRECTION('',(1.,0.,0.));
#3979=DIRECTION('',(0.,-1.,0.));
#3980=DIRECTION('',(1.,0.,0.));
#3981=DIRECTION('',(0.,-1.,0.));
#3982=DIRECTION('',(1.,0.,0.));
#3983=DIRECTION('',(1.,0.,0.));
#3984=DIRECTION('',(0.,0.,-1.));
#3985=DIRECTION('',(0.,1.,0.));
#3986=DIRECTION('',(0.,0.,-1.));
#3987=DIRECTION('',(0.,1.,0.));
#3988=DIRECTION('',(1.,0.,0.));
#3989=DIRECTION('',(0.,0.,1.));
#3990=DIRECTION('',(-1.,0.,0.));
#3991=DIRECTION('',(0.,0.,1.));
#3992=DIRECTION('',(0.,1.,0.));
#3993=DIRECTION('',(0.,0.,-1.));
#3994=DIRECTION('',(0.,0.,1.));
#3995=DIRECTION('',(1.,0.,0.));
#3996=DIRECTION('',(0.,1.,0.));
#3997=DIRECTION('',(0.749999999994259,0.,0.661437827772657));
#3998=DIRECTION('',(0.,-1.,0.));
#3999=DIRECTION('',(-1.,0.,0.));
#4000=DIRECTION('',(0.,0.,1.));
#4001=DIRECTION('',(1.,0.,0.));
#4002=DIRECTION('',(0.,0.,1.));
#4003=DIRECTION('',(-1.,0.,0.));
#4004=DIRECTION('',(0.,0.,1.));
#4005=DIRECTION('',(0.,1.,0.));
#4006=DIRECTION('',(0.,0.,1.));
#4007=DIRECTION('',(0.,1.,0.));
#4008=DIRECTION('',(-1.,0.,0.));
#4009=DIRECTION('',(0.,0.,-1.));
#4010=DIRECTION('',(1.,0.,0.));
#4011=DIRECTION('',(0.,0.,-1.));
#4012=DIRECTION('',(0.,-1.,0.));
#4013=DIRECTION('',(0.74999999999421,0.,-0.661437827772713));
#4014=DIRECTION('',(0.,1.,0.));
#4015=DIRECTION('',(-1.,0.,0.));
#4016=DIRECTION('',(0.,0.,-1.));
#4017=DIRECTION('',(0.,1.,0.));
#4018=DIRECTION('',(1.,0.,0.));
#4019=DIRECTION('',(0.,-1.,0.));
#4020=DIRECTION('',(-1.,0.,0.));
#4021=DIRECTION('',(0.,1.,0.));
#4022=DIRECTION('',(1.,0.,0.));
#4023=DIRECTION('',(0.,-1.,0.));
#4024=DIRECTION('',(1.,0.,0.));
#4025=DIRECTION('',(0.,1.,0.));
#4026=DIRECTION('',(0.,0.,1.));
#4027=DIRECTION('',(0.,1.,0.));
#4028=DIRECTION('',(0.,-1.,0.));
#4029=DIRECTION('',(0.,0.,1.));
#4030=DIRECTION('',(-1.,0.,0.));
#4031=DIRECTION('',(0.,-1.,0.));
#4032=DIRECTION('',(1.,0.,0.));
#4033=DIRECTION('',(1.,0.,0.));
#4034=DIRECTION('',(0.,1.,0.));
#4035=DIRECTION('',(-1.,0.,0.));
#4036=DIRECTION('',(0.,-1.,0.));
#4037=DIRECTION('',(0.,1.,0.));
#4038=DIRECTION('',(1.,0.,0.));
#4039=DIRECTION('',(1.,0.,0.));
#4040=DIRECTION('',(0.,0.,-1.));
#4041=DIRECTION('',(1.,0.,0.));
#4042=DIRECTION('',(0.,1.,0.));
#4043=DIRECTION('',(0.133333333389977,0.,-0.991071249813613));
#4044=DIRECTION('',(0.,0.,-1.));
#4045=DIRECTION('',(1.,0.,0.));
#4046=DIRECTION('',(0.,1.,0.));
#4047=DIRECTION('',(0.,0.,1.));
#4048=DIRECTION('',(0.,1.,0.));
#4049=DIRECTION('',(0.,0.,1.));
#4050=DIRECTION('',(0.,-1.,0.));
#4051=DIRECTION('',(0.,1.,0.));
#4052=DIRECTION('',(1.,0.,0.));
#4053=DIRECTION('',(0.,1.,0.));
#4054=DIRECTION('',(0.,0.,-1.));
#4055=DIRECTION('',(1.,0.,0.));
#4056=DIRECTION('',(1.,0.,0.));
#4057=DIRECTION('',(0.,0.,1.));
#4058=DIRECTION('',(0.,1.,0.));
#4059=DIRECTION('',(1.,0.,0.));
#4060=DIRECTION('',(1.,0.,0.));
#4061=DIRECTION('',(0.,0.,-1.));
#4062=DIRECTION('',(-1.,0.,0.));
#4063=DIRECTION('',(0.,0.,1.));
#4064=DIRECTION('',(0.,1.,0.));
#4065=DIRECTION('',(1.,0.,0.));
#4066=DIRECTION('',(0.,0.,-1.));
#4067=DIRECTION('',(0.,0.,1.));
#4068=DIRECTION('',(1.,0.,0.));
#4069=DIRECTION('',(0.,1.,0.));
#4070=DIRECTION('',(1.,0.,0.));
#4071=DIRECTION('',(0.,1.,0.));
#4072=DIRECTION('',(-0.884433277414781,0.,-0.466666666691921));
#4073=DIRECTION('',(0.,0.,-1.));
#4074=DIRECTION('',(0.,1.,0.));
#4075=DIRECTION('',(1.,0.,0.));
#4076=DIRECTION('',(-1.,0.,0.));
#4077=DIRECTION('',(0.,0.,1.));
#4078=DIRECTION('',(-1.,0.,0.));
#4079=DIRECTION('',(0.,0.,1.));
#4080=DIRECTION('',(1.,0.,0.));
#4081=DIRECTION('',(1.,0.,0.));
#4082=DIRECTION('',(0.,1.,0.));
#4083=DIRECTION('',(-1.,0.,0.));
#4084=DIRECTION('',(0.,-1.,0.));
#4085=DIRECTION('',(-0.074789948264558,0.997199309886737,0.));
#4086=DIRECTION('',(0.,0.,-1.));
#4087=DIRECTION('',(-0.359271324207251,-0.933233151791324,0.));
#4088=DIRECTION('',(0.,-1.,0.));
#4089=DIRECTION('',(1.,0.,0.));
#4090=DIRECTION('',(0.,0.,-1.));
#4091=DIRECTION('',(0.479933559451256,-0.877304837848537,0.));
#4092=DIRECTION('',(0.,0.,1.));
#4093=DIRECTION('',(1.,0.,0.));
#4094=DIRECTION('',(-1.,0.,0.));
#4095=DIRECTION('',(-1.,0.,0.));
#4096=DIRECTION('',(0.,-1.,0.));
#4097=DIRECTION('',(0.,1.,0.));
#4098=DIRECTION('',(-1.,0.,0.));
#4099=DIRECTION('',(0.,-1.,0.));
#4100=DIRECTION('',(-1.,0.,0.));
#4101=DIRECTION('',(0.,1.,0.));
#4102=DIRECTION('',(1.,0.,0.));
#4103=DIRECTION('',(0.,0.,-1.));
#4104=DIRECTION('',(0.,1.,0.));
#4105=DIRECTION('',(0.884433277415094,0.,-0.466666666691328));
#4106=DIRECTION('',(0.,0.,1.));
#4107=DIRECTION('',(1.,0.,0.));
#4108=DIRECTION('',(-1.,0.,0.));
#4109=DIRECTION('',(0.,1.,0.));
#4110=DIRECTION('',(1.,0.,0.));
#4111=DIRECTION('',(0.,1.,0.));
#4112=DIRECTION('',(0.,-1.,0.));
#4113=DIRECTION('',(0.,1.,0.));
#4114=DIRECTION('',(0.,1.,0.));
#4115=DIRECTION('',(-1.,0.,0.));
#4116=DIRECTION('',(0.,1.,0.));
#4117=DIRECTION('',(0.,-1.,0.));
#4118=DIRECTION('',(-1.,0.,0.));
#4119=DIRECTION('',(0.,1.,0.));
#4120=DIRECTION('',(0.,0.,-1.));
#4121=DIRECTION('',(0.,1.,0.));
#4122=DIRECTION('',(1.,0.,0.));
#4123=DIRECTION('',(0.,-1.,0.));
#4124=DIRECTION('',(-1.,0.,0.));
#4125=DIRECTION('',(0.,-1.,0.));
#4126=DIRECTION('',(1.,0.,0.));
#4127=DIRECTION('',(0.,-1.,0.));
#4128=DIRECTION('',(0.,0.,-1.));
#4129=DIRECTION('',(-1.,0.,0.));
#4130=DIRECTION('',(0.,-1.,0.));
#4131=DIRECTION('',(-1.,0.,0.));
#4132=DIRECTION('',(0.,0.,1.));
#4133=DIRECTION('',(0.,1.,0.));
#4134=DIRECTION('',(-1.,0.,0.));
#4135=DIRECTION('',(0.,1.,0.));
#4136=DIRECTION('',(1.,0.,0.));
#4137=DIRECTION('',(0.,0.,1.));
#4138=DIRECTION('',(0.,1.,0.));
#4139=DIRECTION('',(0.,0.,1.));
#4140=DIRECTION('',(0.,0.,-1.));
#4141=DIRECTION('',(0.,1.,0.));
#4142=DIRECTION('',(0.,0.,1.));
#4143=DIRECTION('',(0.,0.,-1.));
#4144=DIRECTION('',(0.,1.,0.));
#4145=DIRECTION('',(1.,0.,0.));
#4146=DIRECTION('',(0.,-1.,0.));
#4147=DIRECTION('',(0.,0.,1.));
#4148=DIRECTION('',(0.,-1.,0.));
#4149=DIRECTION('',(0.,0.,1.));
#4150=DIRECTION('',(1.,0.,0.));
#4151=DIRECTION('',(0.,1.,0.));
#4152=DIRECTION('',(0.,-1.,0.));
#4153=DIRECTION('',(-1.,0.,0.));
#4154=DIRECTION('',(0.,-1.,0.));
#4155=DIRECTION('',(-1.,0.,0.));
#4156=DIRECTION('',(0.,-1.,0.));
#4157=DIRECTION('',(1.,0.,0.));
#4158=DIRECTION('',(0.,-1.,0.));
#4159=DIRECTION('',(1.,0.,0.));
#4160=DIRECTION('',(-1.,0.,0.));
#4161=DIRECTION('',(0.,0.,-1.));
#4162=DIRECTION('',(0.,1.,0.));
#4163=DIRECTION('',(1.,0.,0.));
#4164=DIRECTION('',(0.,-1.,0.));
#4165=DIRECTION('',(-1.,0.,0.));
#4166=DIRECTION('',(0.,-1.,0.));
#4167=DIRECTION('',(1.,0.,0.));
#4168=DIRECTION('',(0.997199309888457,-0.0747899482416268,0.));
#4169=DIRECTION('',(0.,0.,-1.));
#4170=DIRECTION('',(-0.074789948264558,-0.997199309886737,0.));
#4171=DIRECTION('',(0.997199309888457,-0.0747899482416268,0.));
#4172=DIRECTION('',(0.0747899482416268,0.997199309888457,0.));
#4173=DIRECTION('',(0.,0.,-1.));
#4174=DIRECTION('',(0.,0.,-1.));
#4175=DIRECTION('',(1.,0.,0.));
#4176=DIRECTION('',(0.,1.,0.));
#4177=DIRECTION('',(0.,0.,1.));
#4178=DIRECTION('',(0.,1.,0.));
#4179=DIRECTION('',(0.,0.,1.));
#4180=DIRECTION('',(1.,0.,0.));
#4181=DIRECTION('',(0.,1.,0.));
#4182=DIRECTION('',(0.,-1.,0.));
#4183=DIRECTION('',(1.,0.,0.));
#4184=DIRECTION('',(0.,-1.,0.));
#4185=DIRECTION('',(0.,0.,-1.));
#4186=DIRECTION('',(0.,1.,0.));
#4187=DIRECTION('',(0.,1.,0.));
#4188=DIRECTION('',(-1.,0.,0.));
#4189=DIRECTION('',(0.,0.,1.));
#4190=DIRECTION('',(1.,0.,0.));
#4191=DIRECTION('',(0.,-1.,0.));
#4192=DIRECTION('',(1.,0.,0.));
#4193=DIRECTION('',(0.,-1.,0.));
#4194=DIRECTION('',(0.,1.,0.));
#4195=DIRECTION('',(0.,1.,0.));
#4196=DIRECTION('',(0.,1.,0.));
#4197=DIRECTION('',(0.,0.,-1.));
#4198=DIRECTION('',(0.,1.,0.));
#4199=DIRECTION('',(1.,0.,0.));
#4200=DIRECTION('',(0.,1.,0.));
#4201=DIRECTION('',(0.,0.,-1.));
#4202=DIRECTION('',(1.,0.,0.));
#4203=DIRECTION('',(0.,1.,0.));
#4204=DIRECTION('',(0.,1.,0.));
#4205=DIRECTION('',(0.,1.,0.));
#4206=DIRECTION('',(0.,0.,1.));
#4207=DIRECTION('',(1.,0.,0.));
#4208=DIRECTION('',(1.,0.,0.));
#4209=DIRECTION('',(0.,1.,0.));
#4210=DIRECTION('',(0.,0.,-1.));
#4211=DIRECTION('',(0.,1.,0.));
#4212=DIRECTION('',(1.,0.,0.));
#4213=DIRECTION('',(0.,1.,0.));
#4214=DIRECTION('',(-1.,0.,0.));
#4215=DIRECTION('',(0.,-1.,0.));
#4216=DIRECTION('',(1.,0.,0.));
#4217=DIRECTION('',(0.,-1.,0.));
#4218=DIRECTION('',(1.,0.,0.));
#4219=DIRECTION('',(1.,0.,0.));
#4220=DIRECTION('',(0.,1.,0.));
#4221=DIRECTION('',(0.,1.,0.));
#4222=DIRECTION('',(0.,-1.,0.));
#4223=DIRECTION('',(0.,1.,0.));
#4224=DIRECTION('',(0.999999980496149,0.,0.00019750367543641));
#4225=DIRECTION('',(0.,-1.,0.));
#4226=DIRECTION('',(-1.,0.,0.));
#4227=DIRECTION('',(0.,1.,0.));
#4228=DIRECTION('',(1.,0.,0.));
#4229=DIRECTION('',(0.,1.,0.));
#4230=DIRECTION('',(-1.,0.,0.));
#4231=DIRECTION('',(0.,-1.,0.));
#4232=DIRECTION('',(0.,0.,1.));
#4233=DIRECTION('',(1.,0.,0.));
#4234=DIRECTION('',(0.,1.,0.));
#4235=DIRECTION('',(-1.,0.,0.));
#4236=DIRECTION('',(0.,-1.,0.));
#4237=DIRECTION('',(1.,0.,0.));
#4238=DIRECTION('',(-1.,0.,0.));
#4239=DIRECTION('',(0.,-1.,0.));
#4240=DIRECTION('',(1.,0.,0.));
#4241=DIRECTION('',(0.,-1.,0.));
#4242=DIRECTION('',(1.,0.,0.));
#4243=DIRECTION('',(0.,1.,0.));
#4244=DIRECTION('',(-1.,0.,0.));
#4245=DIRECTION('',(0.,-1.,0.));
#4246=DIRECTION('',(0.,1.,0.));
#4247=DIRECTION('',(0.,-0.813733471190931,-0.581238193741222));
#4248=DIRECTION('',(0.,0.,-1.));
#4249=DIRECTION('',(0.,-1.,0.));
#4250=DIRECTION('',(-1.,0.,0.));
#4251=DIRECTION('',(0.,1.,0.));
#4252=DIRECTION('',(0.,-1.,0.));
#4253=DIRECTION('',(0.,-0.581238193719475,0.813733471206465));
#4254=DIRECTION('',(-1.,0.,0.));
#4255=DIRECTION('',(-1.,0.,0.));
#4256=DIRECTION('',(0.,1.,0.));
#4257=DIRECTION('',(-1.,0.,0.));
#4258=DIRECTION('',(0.,1.,0.));
#4259=DIRECTION('',(1.,0.,0.));
#4260=DIRECTION('',(0.,-1.,0.));
#4261=DIRECTION('',(-1.,0.,0.));
#4262=DIRECTION('',(0.,0.,1.));
#4263=DIRECTION('',(0.,0.,1.));
#4264=DIRECTION('',(1.,0.,0.));
#4265=DIRECTION('',(0.,1.,0.));
#4266=DIRECTION('',(-1.,0.,0.));
#4267=DIRECTION('',(0.997199309888457,0.0747899482416268,0.));
#4268=DIRECTION('',(-0.0747899482416268,0.997199309888457,0.));
#4269=DIRECTION('',(0.,1.,0.));
#4270=DIRECTION('',(-0.333333333371689,0.,-0.942809041568503));
#4271=DIRECTION('',(0.,-1.,0.));
#4272=DIRECTION('',(1.,0.,0.));
#4273=DIRECTION('',(0.,1.,0.));
#4274=DIRECTION('',(0.,0.813733471190931,0.581238193741222));
#4275=DIRECTION('',(0.,-1.,0.));
#4276=DIRECTION('',(1.,0.,0.));
#4277=DIRECTION('',(0.,1.,0.));
#4278=DIRECTION('',(0.,1.,0.));
#4279=DIRECTION('',(0.,-0.813733471190931,-0.581238193741222));
#4280=DIRECTION('',(0.,0.,1.));
#4281=DIRECTION('',(1.,0.,0.));
#4282=DIRECTION('',(0.,1.,0.));
#4283=DIRECTION('',(0.,-1.,0.));
#4284=DIRECTION('',(0.,0.,-1.));
#4285=DIRECTION('',(0.,-1.,0.));
#4286=DIRECTION('',(-1.,0.,0.));
#4287=DIRECTION('',(0.,-1.,0.));
#4288=DIRECTION('',(1.,0.,0.));
#4289=DIRECTION('',(0.,1.,0.));
#4290=DIRECTION('',(0.,1.,0.));
#4291=DIRECTION('',(0.,1.,0.));
#4292=DIRECTION('',(1.,0.,0.));
#4293=DIRECTION('',(1.,0.,0.));
#4294=DIRECTION('',(0.,1.,0.));
#4295=DIRECTION('',(0.,-0.581238193719475,0.813733471206465));
#4296=DIRECTION('',(-1.,0.,0.));
#4297=DIRECTION('',(1.,0.,0.));
#4298=DIRECTION('',(0.,1.,0.));
#4299=DIRECTION('',(1.,0.,0.));
#4300=DIRECTION('',(0.,1.,0.));
#4301=DIRECTION('',(1.,0.,0.));
#4302=DIRECTION('',(0.,0.,1.));
#4303=DIRECTION('',(0.,1.,0.));
#4304=DIRECTION('',(0.999905770736349,0.,0.0137276963889907));
#4305=DIRECTION('',(0.,-1.,0.));
#4306=DIRECTION('',(1.,0.,0.));
#4307=DIRECTION('',(0.,-1.,0.));
#4308=DIRECTION('',(1.,0.,0.));
#4309=DIRECTION('',(0.,1.,0.));
#4310=DIRECTION('',(0.,1.,0.));
#4311=DIRECTION('',(0.,0.,-1.));
#4312=DIRECTION('',(0.,0.,1.));
#4313=DIRECTION('',(1.,0.,0.));
#4314=DIRECTION('',(0.,1.,0.));
#4315=DIRECTION('',(1.,0.,0.));
#4316=DIRECTION('',(0.997199309888457,0.0747899482416268,0.));
#4317=DIRECTION('',(0.,0.,-1.));
#4318=DIRECTION('',(0.,0.,1.));
#4319=DIRECTION('',(1.,0.,0.));
#4320=DIRECTION('',(1.,0.,0.));
#4321=DIRECTION('',(0.,1.,0.));
#4322=DIRECTION('',(0.,0.,1.));
#4323=DIRECTION('',(0.,1.,0.));
#4324=DIRECTION('',(0.,1.,0.));
#4325=DIRECTION('',(1.,0.,0.));
#4326=DIRECTION('',(0.,1.,0.));
#4327=DIRECTION('',(-1.,0.,0.));
#4328=DIRECTION('',(0.,1.,0.));
#4329=DIRECTION('',(-1.,0.,0.));
#4330=DIRECTION('',(0.,-1.,0.));
#4331=DIRECTION('',(-1.,0.,0.));
#4332=DIRECTION('',(0.,1.,0.));
#4333=DIRECTION('',(1.,0.,0.));
#4334=DIRECTION('',(0.,-1.,0.));
#4335=DIRECTION('',(1.,0.,0.));
#4336=DIRECTION('',(0.,1.,0.));
#4337=DIRECTION('',(1.,0.,0.));
#4338=DIRECTION('',(0.,1.,0.));
#4339=DIRECTION('',(1.,0.,0.));
#4340=DIRECTION('',(0.,-1.,0.));
#4341=DIRECTION('',(1.,0.,0.));
#4342=DIRECTION('',(0.,-1.,0.));
#4343=DIRECTION('',(0.916515138987995,0.,0.400000000007271));
#4344=DIRECTION('',(0.,-1.,0.));
#4345=DIRECTION('',(0.,1.,0.));
#4346=DIRECTION('',(0.507692307696975,0.,0.861538461535711));
#4347=DIRECTION('',(0.,-1.,0.));
#4348=DIRECTION('',(0.,1.,0.));
#4349=DIRECTION('',(1.,0.,0.));
#4350=DIRECTION('',(0.,1.,0.));
#4351=DIRECTION('',(-1.,0.,0.));
#4352=DIRECTION('',(0.,1.,0.));
#4353=DIRECTION('',(1.,0.,0.));
#4354=DIRECTION('',(0.,0.,1.));
#4355=DIRECTION('',(1.,0.,0.));
#4356=DIRECTION('',(0.,-1.,0.));
#4357=DIRECTION('',(0.,0.,-1.));
#4358=DIRECTION('',(-0.130516381524939,0.991446152926944,0.));
#4359=DIRECTION('',(0.,-1.,0.));
#4360=DIRECTION('',(0.,0.,1.));
#4361=DIRECTION('',(0.130516381524939,0.991446152926944,0.));
#4362=DIRECTION('',(0.,1.,0.));
#4363=DIRECTION('',(1.,0.,0.));
#4364=DIRECTION('',(0.,1.,0.));
#4365=DIRECTION('',(-1.,0.,0.));
#4366=DIRECTION('',(0.,0.,1.));
#4367=DIRECTION('',(0.,1.,0.));
#4368=DIRECTION('',(-0.699854212224619,0.,0.714285714284878));
#4369=DIRECTION('',(0.,-1.,0.));
#4370=DIRECTION('',(0.699854212224101,0.,0.714285714285385));
#4371=DIRECTION('',(0.,1.,0.));
#4372=DIRECTION('',(-0.299324156325567,0.,-0.954151481390658));
#4373=DIRECTION('',(1.,0.,0.));
#4374=DIRECTION('',(0.,1.,0.));
#4375=DIRECTION('',(0.,0.,-1.));
#4376=DIRECTION('',(0.,1.,0.));
#4377=DIRECTION('',(0.,0.,1.));
#4378=DIRECTION('',(0.,-1.,0.));
#4379=DIRECTION('',(1.,0.,0.));
#4380=DIRECTION('',(0.,1.,0.));
#4381=DIRECTION('',(0.,1.,0.));
#4382=DIRECTION('',(0.,0.,-1.));
#4383=DIRECTION('',(0.,1.,0.));
#4384=DIRECTION('',(0.,0.,1.));
#4385=DIRECTION('',(0.,1.,0.));
#4386=DIRECTION('',(0.,0.,1.));
#4387=DIRECTION('',(0.,-1.,0.));
#4388=DIRECTION('',(0.,1.,0.));
#4389=DIRECTION('',(-0.983047795214532,0.,0.183349481384179));
#4390=DIRECTION('',(0.,-1.,0.));
#4391=DIRECTION('',(0.,-1.,0.));
#4392=DIRECTION('',(-0.759934207677566,0.,0.65000000000113));
#4393=DIRECTION('',(0.,1.,0.));
#4394=DIRECTION('',(0.,0.,1.));
#4395=DIRECTION('',(0.,-1.,0.));
#4396=DIRECTION('',(0.,-1.,0.));
#4397=DIRECTION('',(0.759934207677566,0.,-0.65000000000113));
#4398=DIRECTION('',(0.,-1.,0.));
#4399=DIRECTION('',(0.,-1.,0.));
#4400=DIRECTION('',(0.759934207677566,0.,-0.65000000000113));
#4401=DIRECTION('',(0.,1.,0.));
#4402=DIRECTION('',(1.,0.,0.));
#4403=DIRECTION('',(1.,0.,0.));
#4404=DIRECTION('',(0.,-1.,0.));
#4405=DIRECTION('',(-0.904814271417099,0.,-0.425806451618507));
#4406=DIRECTION('',(1.,0.,0.));
#4407=DIRECTION('',(0.,-1.,0.));
#4408=DIRECTION('',(1.,0.,0.));
#4409=DIRECTION('',(0.,0.,-1.));
#4410=DIRECTION('',(-1.,0.,0.));
#4411=DIRECTION('',(0.,0.,1.));
#4412=DIRECTION('',(-0.928476690846846,0.,0.371390676450136));
#4413=DIRECTION('',(0.,1.,0.));
#4414=DIRECTION('',(1.,0.,0.));
#4415=DIRECTION('',(1.,0.,0.));
#4416=DIRECTION('',(0.,0.,-1.));
#4417=DIRECTION('',(1.,0.,0.));
#4418=DIRECTION('',(0.,-1.,0.));
#4419=DIRECTION('',(-0.699854212635419,0.,-0.714285713882378));
#4420=DIRECTION('',(0.,1.,0.));
#4421=DIRECTION('',(0.699854212059943,0.,-0.714285714446227));
#4422=DIRECTION('',(0.,1.,0.));
#4423=DIRECTION('',(-0.699854212635318,0.,0.714285713882477));
#4424=DIRECTION('',(0.,-1.,0.));
#4425=DIRECTION('',(-0.714731351356364,0.,-0.699399095930432));
#4426=DIRECTION('',(1.,0.,0.));
#4427=DIRECTION('',(0.,0.,1.));
#4428=DIRECTION('',(-1.,0.,0.));
#4429=DIRECTION('',(0.,-1.,0.));
#4430=DIRECTION('',(-0.528582527474291,0.,0.848881918554572));
#4431=DIRECTION('',(0.,1.,0.));
#4432=DIRECTION('',(0.949390291967895,0.,-0.31409882762773));
#4433=DIRECTION('',(0.,-1.,0.));
#4434=DIRECTION('',(-0.904814271417099,0.,0.425806451618507));
#4435=DIRECTION('',(1.,0.,0.));
#4436=DIRECTION('',(0.,1.,0.));
#4437=DIRECTION('',(1.,0.,0.));
#4438=DIRECTION('',(1.,0.,0.));
#4439=DIRECTION('',(1.,0.,0.));
#4440=DIRECTION('',(0.,-1.,0.));
#4441=DIRECTION('',(0.949390291985315,0.,0.314098827575079));
#4442=DIRECTION('',(0.,1.,0.));
#4443=DIRECTION('',(-0.528582527474291,0.,-0.848881918554572));
#4444=DIRECTION('',(0.,-1.,0.));
#4445=DIRECTION('',(0.714731351356809,0.,0.699399095929978));
#4446=DIRECTION('',(-1.,0.,0.));
#4447=DIRECTION('',(1.,0.,0.));
#4448=DIRECTION('',(0.,-1.,0.));
#4449=DIRECTION('',(0.528582527474291,0.,-0.848881918554572));
#4450=DIRECTION('',(0.,1.,0.));
#4451=DIRECTION('',(-0.949390291967895,0.,0.31409882762773));
#4452=DIRECTION('',(0.,-1.,0.));
#4453=DIRECTION('',(0.942045950214516,0.,-0.335483870975088));
#4454=DIRECTION('',(-1.,0.,0.));
#4455=DIRECTION('',(0.,-1.,0.));
#4456=DIRECTION('',(0.507692307696975,0.,-0.861538461535711));
#4457=DIRECTION('',(-1.,0.,0.));
#4458=DIRECTION('',(0.,0.,1.));
#4459=DIRECTION('',(0.,1.,0.));
#4460=DIRECTION('',(0.,0.,1.));
#4461=DIRECTION('',(-1.,0.,0.));
#4462=DIRECTION('',(0.,-1.,0.));
#4463=DIRECTION('',(-0.949390291985315,0.,-0.314098827575079));
#4464=DIRECTION('',(0.,1.,0.));
#4465=DIRECTION('',(0.528582527474291,0.,0.848881918554572));
#4466=DIRECTION('',(0.,0.,1.));
#4467=DIRECTION('',(1.,0.,0.));
#4468=DIRECTION('',(1.,0.,0.));
#4469=DIRECTION('',(0.,-1.,0.));
#4470=DIRECTION('',(0.,-1.,0.));
#4471=DIRECTION('',(-0.949390291987691,0.,0.314098827567897));
#4472=DIRECTION('',(0.,1.,0.));
#4473=DIRECTION('',(-0.949390291965819,0.,0.314098827634005));
#4474=DIRECTION('',(0.,-1.,0.));
#4475=DIRECTION('',(0.,-1.,0.));
#4476=DIRECTION('',(0.,-1.,0.));
#4477=DIRECTION('',(1.,0.,0.));
#4478=DIRECTION('',(0.,1.,0.));
#4479=DIRECTION('',(1.,0.,0.));
#4480=DIRECTION('',(0.,-1.,0.));
#4481=DIRECTION('',(0.714731351356809,0.,-0.699399095929978));
#4482=DIRECTION('',(0.,-1.,0.));
#4483=DIRECTION('',(0.,0.,1.));
#4484=DIRECTION('',(0.,1.,0.));
#4485=DIRECTION('',(0.,0.,1.));
#4486=DIRECTION('',(0.336547008485972,0.941666666649692,0.));
#4487=DIRECTION('',(0.,0.,-1.));
#4488=DIRECTION('',(0.249436796943828,0.96839108026169,0.));
#4489=DIRECTION('',(0.,0.,1.));
#4490=DIRECTION('',(1.,0.,0.));
#4491=DIRECTION('',(1.,0.,0.));
#4492=DIRECTION('',(1.,0.,0.));
#4493=DIRECTION('',(0.,-1.,0.));
#4494=DIRECTION('',(0.,0.,1.));
#4495=DIRECTION('',(1.,0.,0.));
#4496=DIRECTION('',(1.,0.,0.));
#4497=DIRECTION('',(-1.,0.,0.));
#4498=DIRECTION('',(1.,0.,0.));
#4499=DIRECTION('',(0.,-1.,0.));
#4500=DIRECTION('',(-1.,0.,0.));
#4501=DIRECTION('',(1.,0.,0.));
#4502=DIRECTION('',(0.,1.,0.));
#4503=DIRECTION('',(1.,0.,0.));
#4504=DIRECTION('',(0.,1.,0.));
#4505=DIRECTION('',(0.,-1.,0.));
#4506=DIRECTION('',(1.,0.,0.));
#4507=DIRECTION('',(0.,-1.,0.));
#4508=DIRECTION('',(0.,1.,0.));
#4509=DIRECTION('',(0.,0.,1.));
#4510=DIRECTION('',(1.,0.,0.));
#4511=DIRECTION('',(0.,1.,0.));
#4512=DIRECTION('',(0.,1.,0.));
#4513=DIRECTION('',(1.,0.,0.));
#4514=DIRECTION('',(0.,-1.,0.));
#4515=DIRECTION('',(1.,0.,0.));
#4516=DIRECTION('',(0.,1.,0.));
#4517=DIRECTION('',(-0.949390291987989,0.,-0.314098827566996));
#4518=DIRECTION('',(0.,-1.,0.));
#4519=DIRECTION('',(-0.949390291968064,0.,-0.31409882762722));
#4520=DIRECTION('',(0.,-1.,0.));
#4521=DIRECTION('',(0.,-1.,0.));
#4522=DIRECTION('',(0.,1.,0.));
#4523=DIRECTION('',(0.,0.,-1.));
#4524=DIRECTION('',(0.,1.,0.));
#4525=DIRECTION('',(1.,0.,0.));
#4526=DIRECTION('',(0.,0.,-1.));
#4527=DIRECTION('',(0.,1.,0.));
#4528=DIRECTION('',(1.,0.,0.));
#4529=DIRECTION('',(0.,-1.,0.));
#4530=DIRECTION('',(0.754760889284473,0.,0.656000000004963));
#4531=DIRECTION('',(0.,-1.,0.));
#4532=DIRECTION('',(0.942045950214516,0.,0.335483870975088));
#4533=DIRECTION('',(0.,1.,0.));
#4534=DIRECTION('',(1.,0.,0.));
#4535=DIRECTION('',(1.,0.,0.));
#4536=DIRECTION('',(0.,0.,1.));
#4537=DIRECTION('',(0.,1.,0.));
#4538=DIRECTION('',(0.7547608892887,0.,0.6560000000001));
#4539=DIRECTION('',(0.,-1.,0.));
#4540=DIRECTION('',(0.754760889284615,0.,0.656000000004799));
#4541=DIRECTION('',(0.,1.,0.));
#4542=DIRECTION('',(0.,1.,0.));
#4543=DIRECTION('',(1.,0.,0.));
#4544=DIRECTION('',(0.,0.,1.));
#4545=DIRECTION('',(0.,-1.,0.));
#4546=DIRECTION('',(-0.714731351356314,0.,0.699399095930483));
#4547=DIRECTION('',(1.,0.,0.));
#4548=DIRECTION('',(-0.371390676354087,0.,0.928476690885266));
#4549=DIRECTION('',(0.,1.,0.));
#4550=DIRECTION('',(-0.928476690846846,0.,-0.371390676450136));
#4551=DIRECTION('',(0.,-1.,0.));
#4552=DIRECTION('',(0.928476690846846,0.,0.371390676450136));
#4553=DIRECTION('',(0.,-1.,0.));
#4554=DIRECTION('',(0.,1.,0.));
#4555=DIRECTION('',(-1.,0.,0.));
#4556=DIRECTION('',(0.,-1.,0.));
#4557=DIRECTION('',(-1.,0.,0.));
#4558=DIRECTION('',(0.,1.,0.));
#4559=DIRECTION('',(0.,-1.,0.));
#4560=DIRECTION('',(-1.,0.,0.));
#4561=DIRECTION('',(0.,1.,0.));
#4562=DIRECTION('',(0.,-1.,0.));
#4563=DIRECTION('',(0.,0.,1.));
#4564=DIRECTION('',(0.,-1.,0.));
#4565=DIRECTION('',(0.,-1.,0.));
#4566=DIRECTION('',(0.,1.,0.));
#4567=DIRECTION('',(1.,0.,0.));
#4568=DIRECTION('',(0.,1.,0.));
#4569=DIRECTION('',(0.,0.,-1.));
#4570=DIRECTION('',(0.,1.,0.));
#4571=DIRECTION('',(-1.,0.,0.));
#4572=DIRECTION('',(0.,-1.,0.));
#4573=DIRECTION('',(-1.,0.,0.));
#4574=DIRECTION('',(0.,1.,0.));
#4575=DIRECTION('',(1.,0.,0.));
#4576=DIRECTION('',(0.,1.,0.));
#4577=DIRECTION('',(-0.754760889287956,0.,-0.656000000000955));
#4578=DIRECTION('',(-1.,0.,0.));
#4579=DIRECTION('',(-0.928476690846846,0.,0.371390676450136));
#4580=DIRECTION('',(0.,0.,-1.));
#4581=DIRECTION('',(1.,0.,0.));
#4582=DIRECTION('',(0.,-1.,0.));
#4583=DIRECTION('',(-0.754760889284658,0.,-0.65600000000475));
#4584=DIRECTION('',(1.,0.,0.));
#4585=DIRECTION('',(0.,1.,0.));
#4586=DIRECTION('',(0.,1.,0.));
#4587=DIRECTION('',(0.,-1.,0.));
#4588=DIRECTION('',(0.,-1.,0.));
#4589=DIRECTION('',(1.,0.,0.));
#4590=DIRECTION('',(0.,-1.,0.));
#4591=DIRECTION('',(0.,1.,0.));
#4592=DIRECTION('',(-0.991640396704347,0.,-0.129032258075435));
#4593=DIRECTION('',(0.,1.,0.));
#4594=DIRECTION('',(0.,-1.,0.));
#4595=DIRECTION('',(-0.99164039670436,0.,0.129032258075337));
#4596=DIRECTION('',(0.,1.,0.));
#4597=DIRECTION('',(0.,0.,1.));
#4598=DIRECTION('',(0.,1.,0.));
#4599=DIRECTION('',(0.,-1.,0.));
#4600=DIRECTION('',(-0.983047795214532,0.,-0.183349481384179));
#4601=DIRECTION('',(0.,-1.,0.));
#4602=DIRECTION('',(0.,1.,0.));
#4603=DIRECTION('',(-0.759934207677566,0.,-0.65000000000113));
#4604=DIRECTION('',(0.,-1.,0.));
#4605=DIRECTION('',(0.358338574524287,0.,0.933591701981065));
#4606=DIRECTION('',(0.,1.,0.));
#4607=DIRECTION('',(-0.699854212223739,0.,-0.71428571428574));
#4608=DIRECTION('',(0.,-1.,0.));
#4609=DIRECTION('',(0.,1.,0.));
#4610=DIRECTION('',(1.,0.,0.));
#4611=DIRECTION('',(0.,-1.,0.));
#4612=DIRECTION('',(1.,0.,0.));
#4613=DIRECTION('',(-1.,0.,0.));
#4614=DIRECTION('',(0.,-1.,0.));
#4615=DIRECTION('',(0.,0.,-1.));
#4616=DIRECTION('',(0.,1.,0.));
#4617=DIRECTION('',(0.949390291985583,0.,-0.314098827574268));
#4618=DIRECTION('',(0.,0.,-1.));
#4619=DIRECTION('',(0.,-1.,0.));
#4620=DIRECTION('',(1.,0.,0.));
#4621=DIRECTION('',(0.,1.,0.));
#4622=DIRECTION('',(0.754760889287956,0.,0.656000000000955));
#4623=DIRECTION('',(0.,1.,0.));
#4624=DIRECTION('',(1.,0.,0.));
#4625=DIRECTION('',(0.,1.,0.));
#4626=DIRECTION('',(-0.488896364712493,0.,0.872341873677349));
#4627=DIRECTION('',(0.,1.,0.));
#4628=DIRECTION('',(0.999908965684887,0.,-0.0134929738375298));
#4629=DIRECTION('',(0.,1.,0.));
#4630=DIRECTION('',(0.488896364712493,0.,-0.872341873677349));
#4631=DIRECTION('',(0.,-1.,0.));
#4632=DIRECTION('',(-1.,0.,0.));
#4633=DIRECTION('',(0.,1.,0.));
#4634=DIRECTION('',(1.,0.,0.));
#4635=DIRECTION('',(1.,0.,0.));
#4636=DIRECTION('',(0.,1.,0.));
#4637=DIRECTION('',(-0.7547608892887,0.,-0.6560000000001));
#4638=DIRECTION('',(0.,-1.,0.));
#4639=DIRECTION('',(-0.754760889284615,0.,-0.656000000004799));
#4640=DIRECTION('',(0.,1.,0.));
#4641=DIRECTION('',(0.,-1.,0.));
#4642=DIRECTION('',(0.,-1.,0.));
#4643=DIRECTION('',(1.,0.,0.));
#4644=DIRECTION('',(0.,1.,0.));
#4645=DIRECTION('',(-0.754760889287956,0.,-0.656000000000955));
#4646=DIRECTION('',(0.,-1.,0.));
#4647=DIRECTION('',(0.,1.,0.));
#4648=DIRECTION('',(0.,1.,0.));
#4649=DIRECTION('',(0.,0.,1.));
#4650=DIRECTION('',(1.,0.,0.));
#4651=DIRECTION('',(0.,-1.,0.));
#4652=DIRECTION('',(-1.,0.,0.));
#4653=DIRECTION('',(0.,-1.,0.));
#4654=DIRECTION('',(0.,-1.,0.));
#4655=DIRECTION('',(1.,0.,0.));
#4656=DIRECTION('',(0.,-1.,0.));
#4657=DIRECTION('',(0.,-1.,0.));
#4658=DIRECTION('',(0.754760889287956,0.,-0.656000000000955));
#4659=DIRECTION('',(0.,-1.,0.));
#4660=DIRECTION('',(1.,0.,0.));
#4661=DIRECTION('',(0.,1.,0.));
#4662=DIRECTION('',(0.,0.,1.));
#4663=DIRECTION('',(0.,-1.,0.));
#4664=DIRECTION('',(0.,0.,1.));
#4665=DIRECTION('',(0.,-1.,0.));
#4666=DIRECTION('',(0.,0.,1.));
#4667=DIRECTION('',(0.,-1.,0.));
#4668=DIRECTION('',(0.,-1.,0.));
#4669=DIRECTION('',(1.,0.,0.));
#4670=DIRECTION('',(0.,1.,0.));
#4671=DIRECTION('',(-0.949390291985275,0.,0.314098827575199));
#4672=DIRECTION('',(0.,1.,0.));
#4673=DIRECTION('',(-0.875139352658891,0.,0.483870967746337));
#4674=DIRECTION('',(0.,1.,0.));
#4675=DIRECTION('',(0.,-1.,0.));
#4676=DIRECTION('',(-0.875139352658891,0.,0.483870967746337));
#4677=DIRECTION('',(0.,-1.,0.));
#4678=DIRECTION('',(0.,-1.,0.));
#4679=DIRECTION('',(0.,-1.,0.));
#4680=DIRECTION('',(-0.983047795216412,0.,0.183349481374102));
#4681=DIRECTION('',(0.,-1.,0.));
#4682=DIRECTION('',(0.,1.,0.));
#4683=DIRECTION('',(1.,0.,0.));
#4684=DIRECTION('',(0.,-1.,0.));
#4685=DIRECTION('',(0.,-1.,0.));
#4686=DIRECTION('',(1.,0.,0.));
#4687=DIRECTION('',(1.,0.,0.));
#4688=DIRECTION('',(0.,1.,0.));
#4689=DIRECTION('',(0.,0.,-1.));
#4690=DIRECTION('',(0.,0.,-1.));
#4691=DIRECTION('',(1.,0.,0.));
#4692=DIRECTION('',(0.,1.,0.));
#4693=DIRECTION('',(0.,-1.,0.));
#4694=DIRECTION('',(0.,-1.,0.));
#4695=DIRECTION('',(0.,-1.,0.));
#4696=DIRECTION('',(1.,0.,0.));
#4697=DIRECTION('',(0.,-1.,0.));
#4698=DIRECTION('',(-1.,0.,0.));
#4699=DIRECTION('',(0.,1.,0.));
#4700=DIRECTION('',(0.,0.,-1.));
#4701=DIRECTION('',(0.,1.,0.));
#4702=DIRECTION('',(0.,-1.,0.));
#4703=DIRECTION('',(0.,0.,-1.));
#4704=DIRECTION('',(0.,0.,1.));
#4705=DIRECTION('',(1.,0.,0.));
#4706=DIRECTION('',(0.,1.,0.));
#4707=DIRECTION('',(0.,1.,0.));
#4708=DIRECTION('',(1.,0.,0.));
#4709=DIRECTION('',(0.,0.,1.));
#4710=DIRECTION('',(0.,-1.,0.));
#4711=DIRECTION('',(0.949390291965819,0.,0.314098827634005));
#4712=DIRECTION('',(-1.,0.,0.));
#4713=DIRECTION('',(0.,1.,0.));
#4714=DIRECTION('',(0.949390291968263,0.,-0.31409882762662));
#4715=DIRECTION('',(0.,1.,0.));
#4716=DIRECTION('',(-1.,0.,0.));
#4717=DIRECTION('',(0.,-1.,0.));
#4718=DIRECTION('',(1.,0.,0.));
#4719=DIRECTION('',(0.,1.,0.));
#4720=DIRECTION('',(0.916515138987995,0.,-0.400000000007271));
#4721=DIRECTION('',(0.,-1.,0.));
#4722=DIRECTION('',(0.,1.,0.));
#4723=DIRECTION('',(0.,0.,-1.));
#4724=DIRECTION('',(0.,0.,1.));
#4725=DIRECTION('',(0.,1.,0.));
#4726=DIRECTION('',(0.,-1.,0.));
#4727=DIRECTION('',(0.983047795214532,0.,0.18334948138418));
#4728=DIRECTION('',(0.,-1.,0.));
#4729=DIRECTION('',(0.991640396704347,0.,-0.129032258075435));
#4730=DIRECTION('',(0.,-1.,0.));
#4731=DIRECTION('',(-0.699854212223739,0.,0.71428571428574));
#4732=DIRECTION('',(0.,1.,0.));
#4733=DIRECTION('',(1.,0.,0.));
#4734=DIRECTION('',(0.,0.,1.));
#4735=DIRECTION('',(-1.,0.,0.));
#4736=DIRECTION('',(0.,-1.,0.));
#4737=DIRECTION('',(0.949390291987989,0.,-0.314098827566996));
#4738=DIRECTION('',(0.,-1.,0.));
#4739=DIRECTION('',(0.,-1.,0.));
#4740=DIRECTION('',(-1.,0.,0.));
#4741=DIRECTION('',(0.,-1.,0.));
#4742=DIRECTION('',(0.,-1.,0.));
#4743=DIRECTION('',(0.983047795216412,0.,-0.183349481374102));
#4744=DIRECTION('',(0.,0.,1.));
#4745=DIRECTION('',(1.,0.,0.));
#4746=DIRECTION('',(0.,1.,0.));
#4747=DIRECTION('',(0.,0.,1.));
#4748=DIRECTION('',(1.,0.,0.));
#4749=DIRECTION('',(1.,0.,0.));
#4750=DIRECTION('',(0.,1.,0.));
#4751=DIRECTION('',(1.,0.,0.));
#4752=DIRECTION('',(0.,1.,0.));
#4753=DIRECTION('',(1.,0.,0.));
#4754=DIRECTION('',(0.,1.,0.));
#4755=DIRECTION('',(0.,-1.,0.));
#4756=DIRECTION('',(0.,0.,-1.));
#4757=DIRECTION('',(0.,0.,1.));
#4758=DIRECTION('',(0.,1.,0.));
#4759=DIRECTION('',(0.,0.,-1.));
#4760=DIRECTION('',(0.,1.,0.));
#4761=DIRECTION('',(0.,-1.,0.));
#4762=DIRECTION('',(0.,0.,-1.));
#4763=DIRECTION('',(0.371390676354087,0.,0.928476690885266));
#4764=DIRECTION('',(0.,-1.,0.));
#4765=DIRECTION('',(0.,1.,0.));
#4766=DIRECTION('',(0.,0.,1.));
#4767=DIRECTION('',(0.,-1.,0.));
#4768=DIRECTION('',(0.983047795214532,0.,0.183349481384179));
#4769=DIRECTION('',(0.,-1.,0.));
#4770=DIRECTION('',(1.,0.,0.));
#4771=DIRECTION('',(0.,1.,0.));
#4772=DIRECTION('',(0.,0.,1.));
#4773=DIRECTION('',(0.,1.,0.));
#4774=DIRECTION('',(0.,0.,1.));
#4775=DIRECTION('',(1.,0.,0.));
#4776=DIRECTION('',(0.,-1.,0.));
#4777=DIRECTION('',(0.,0.,-1.));
#4778=DIRECTION('',(-0.130516381524939,0.991446152926944,0.));
#4779=DIRECTION('',(0.,0.,1.));
#4780=DIRECTION('',(1.,0.,0.));
#4781=DIRECTION('',(-1.,0.,0.));
#4782=DIRECTION('',(0.,0.,1.));
#4783=DIRECTION('',(1.,0.,0.));
#4784=DIRECTION('',(1.,0.,0.));
#4785=DIRECTION('',(0.,0.,1.));
#4786=DIRECTION('',(1.,0.,0.));
#4787=DIRECTION('',(0.,-1.,0.));
#4788=DIRECTION('',(0.,0.,-1.));
#4789=DIRECTION('',(0.,-1.,0.));
#4790=DIRECTION('',(1.,0.,0.));
#4791=DIRECTION('',(0.,-1.,0.));
#4792=DIRECTION('',(0.,-1.,0.));
#4793=DIRECTION('',(0.991640396704347,0.,-0.129032258075435));
#4794=DIRECTION('',(0.,1.,0.));
#4795=DIRECTION('',(1.,0.,0.));
#4796=DIRECTION('',(1.,0.,0.));
#4797=DIRECTION('',(0.,1.,0.));
#4798=DIRECTION('',(1.,0.,0.));
#4799=DIRECTION('',(0.,1.,0.));
#4800=DIRECTION('',(0.,0.,-1.));
#4801=DIRECTION('',(0.,1.,0.));
#4802=DIRECTION('',(0.999990036472088,0.,0.00446396197924795));
#4803=DIRECTION('',(0.,1.,0.));
#4804=DIRECTION('',(1.,0.,0.));
#4805=DIRECTION('',(0.,1.,0.));
#4806=DIRECTION('',(1.,0.,0.));
#4807=DIRECTION('',(1.,0.,0.));
#4808=DIRECTION('',(0.,1.,0.));
#4809=DIRECTION('',(0.,1.,0.));
#4810=DIRECTION('',(0.,0.,1.));
#4811=DIRECTION('',(0.,1.,0.));
#4812=DIRECTION('',(1.,0.,0.));
#4813=DIRECTION('',(0.,-1.,0.));
#4814=DIRECTION('',(-0.358338574524287,0.,-0.933591701981065));
#4815=DIRECTION('',(0.,1.,0.));
#4816=DIRECTION('',(1.,0.,0.));
#4817=DIRECTION('',(0.,-1.,0.));
#4818=DIRECTION('',(0.,0.,1.));
#4819=DIRECTION('',(1.,0.,0.));
#4820=DIRECTION('',(0.,0.,1.));
#4821=DIRECTION('',(1.,0.,0.));
#4822=DIRECTION('',(-1.,0.,0.));
#4823=DIRECTION('',(0.,0.,1.));
#4824=DIRECTION('',(1.,0.,0.));
#4825=DIRECTION('',(1.,0.,0.));
#4826=DIRECTION('',(0.,1.,0.));
#4827=DIRECTION('',(1.,0.,0.));
#4828=DIRECTION('',(0.,1.,0.));
#4829=DIRECTION('',(0.949390291987691,0.,0.314098827567897));
#4830=DIRECTION('',(0.,0.,1.));
#4831=DIRECTION('',(1.,0.,0.));
#4832=CARTESIAN_POINT('',(0.,0.,0.));
#4833=CARTESIAN_POINT('',(0.,0.1865,0.85));
#4834=CARTESIAN_POINT('',(-0.90000000001,0.,0.85000000001));
#4835=CARTESIAN_POINT('',(-0.9,0.,0.85));
#4836=CARTESIAN_POINT('',(-0.9,0.373,0.85));
#4837=CARTESIAN_POINT('',(0.90000000001,0.,0.85000000001));
#4838=CARTESIAN_POINT('',(0.9,0.,0.85));
#4839=CARTESIAN_POINT('',(0.90000000001,0.,0.85000000001));
#4840=CARTESIAN_POINT('',(0.9,0.373,0.85));
#4841=CARTESIAN_POINT('',(-0.90000000001,0.37300000001,0.85000000001));
#4842=CARTESIAN_POINT('',(-1.05,0.1,-0.595));
#4843=CARTESIAN_POINT('',(0.,0.10000000001,0.20000000001));
#4844=CARTESIAN_POINT('',(-0.05,0.10000000001,0.20000000001));
#4845=CARTESIAN_POINT('',(-1.05,-1.,-0.41));
#4846=CARTESIAN_POINT('',(-1.00000000001,-1.00000000001,-0.82000000001));
#4847=CARTESIAN_POINT('',(-1.,-1.,-0.82));
#4848=CARTESIAN_POINT('',(-1.1,-1.,-0.82));
#4849=CARTESIAN_POINT('',(-1.00000000001,-1.00000000001,0.));
#4850=CARTESIAN_POINT('',(-1.,-1.,0.));
#4851=CARTESIAN_POINT('',(-1.00000000001,-1.00000000001,0.));
#4852=CARTESIAN_POINT('',(-1.1,-1.,0.));
#4853=CARTESIAN_POINT('',(-1.10000000001,-1.00000000001,-0.82000000001));
#4854=CARTESIAN_POINT('',(1.,0.4035153096251,-0.75));
#4855=CARTESIAN_POINT('',(1.00000000001,0.40000000001,-0.90000000001));
#4856=CARTESIAN_POINT('',(1.,0.4,-0.9));
#4857=CARTESIAN_POINT('',(1.,0.373,-0.9));
#4858=CARTESIAN_POINT('',(1.00000000001,0.40000000001,-0.75000000001));
#4859=CARTESIAN_POINT('',(1.15,0.4,-0.75));
#4860=CARTESIAN_POINT('',(1.15000000001,0.40000000001,-0.75000000001));
#4861=CARTESIAN_POINT('',(1.15,0.373,-0.75));
#4862=CARTESIAN_POINT('',(1.00000000001,0.37300000001,-0.75000000001));
#4863=CARTESIAN_POINT('',(1.1,-0.525,-0.335000176497));
#4864=CARTESIAN_POINT('',(1.10000000001,0.37300000001,0.08413379069409));
#4865=CARTESIAN_POINT('',(1.10000000001,0.373000000006667,0.0841337906874233));
#4866=CARTESIAN_POINT('',(1.10000000001,0.,0.08413379069076));
#4867=CARTESIAN_POINT('',(1.10000000001,0.,-0.42000000001));
#4868=CARTESIAN_POINT('',(1.10000000000667,0.,-0.420000000006667));
#4869=CARTESIAN_POINT('',(1.10000000001,0.,-0.42000000001));
#4870=CARTESIAN_POINT('',(1.10000000000667,0.100000000006667,-0.420000000006667));
#4871=CARTESIAN_POINT('',(1.10000000001,0.10000000001,-0.70000000001));
#4872=CARTESIAN_POINT('',(1.10000000001,0.100000000006667,-0.700000000003333));
#4873=CARTESIAN_POINT('',(1.10000000001,0.37300000001,-0.70000000001));
#4874=CARTESIAN_POINT('',(1.10000000001,0.373000000006667,-0.700000000003333));
#4875=CARTESIAN_POINT('',(1.10000000001,0.37300000001,0.08413379069409));
#4876=CARTESIAN_POINT('',(1.15,0.3865,0.));
#4877=CARTESIAN_POINT('',(1.15000000001,0.40000000001,-0.75000000001));
#4878=CARTESIAN_POINT('',(1.15,0.4,0.75));
#4879=CARTESIAN_POINT('',(1.15000000001,0.40000000001,0.75000000001));
#4880=CARTESIAN_POINT('',(1.15,0.373,0.75));
#4881=CARTESIAN_POINT('',(1.15000000001,0.37300000001,-0.75000000001));
#4882=CARTESIAN_POINT('',(-0.5,-0.525,-0.6));
#4883=CARTESIAN_POINT('',(-0.45000000001,-1.05000000001,-0.60000000001));
#4884=CARTESIAN_POINT('',(-0.45,-1.05,-0.6));
#4885=CARTESIAN_POINT('',(-0.55,-1.05,-0.6));
#4886=CARTESIAN_POINT('',(-0.45000000001,-1.05000000001,-0.60000000001));
#4887=CARTESIAN_POINT('',(-0.45,0.,-0.6));
#4888=CARTESIAN_POINT('',(-0.55000000001,0.,-0.60000000001));
#4889=CARTESIAN_POINT('',(-0.55,0.,-0.6));
#4890=CARTESIAN_POINT('',(-0.55000000001,0.,-0.60000000001));
#4891=CARTESIAN_POINT('',(0.4165566002536,0.04,0.));
#4892=CARTESIAN_POINT('',(0.40000000001,0.04000000001,0.));
#4893=CARTESIAN_POINT('',(0.46000000001,0.04000000001,0.));
#4894=CARTESIAN_POINT('',(-1.05,0.05,0.38));
#4895=CARTESIAN_POINT('',(-1.05000000001,0.,0.38000000001));
#4896=CARTESIAN_POINT('',(-1.05,0.,0.38));
#4897=CARTESIAN_POINT('',(-1.10000000000667,0.,0.380000000006667));
#4898=CARTESIAN_POINT('',(-1.10000000001,0.10000000001,0.38000000001));
#4899=CARTESIAN_POINT('',(-1.10000000000667,0.100000000006667,0.380000000006667));
#4900=CARTESIAN_POINT('',(-1.10000000001,0.10000000001,0.38000000001));
#4901=CARTESIAN_POINT('',(-1.05000000000667,0.100000000006667,0.380000000006667));
#4902=CARTESIAN_POINT('',(-1.05000000001,0.,0.38000000001));
#4903=CARTESIAN_POINT('',(-1.1,-0.525,-0.335000176497));
#4904=CARTESIAN_POINT('',(-1.10000000001,0.,0.38000000001));
#4905=CARTESIAN_POINT('',(-1.10000000000667,0.,0.675000000006667));
#4906=CARTESIAN_POINT('',(-1.10000000001,0.10000000001,0.67500000001));
#4907=CARTESIAN_POINT('',(-1.10000000000667,0.100000000006667,0.675000000006667));
#4908=CARTESIAN_POINT('',(-1.10000000001,0.10000000001,0.67500000001));
#4909=CARTESIAN_POINT('',(-1.,-0.4542893218813,-0.335000176497));
#4910=CARTESIAN_POINT('',(-1.00000000001,0.,-0.8414213562473));
#4911=CARTESIAN_POINT('',(-1.00000000000809,0.,-0.841421356244647));
#4912=CARTESIAN_POINT('',(-1.00000000000667,0.,-0.770000000006667));
#4913=CARTESIAN_POINT('',(-1.00000000001,-0.10000000000999,-0.8414213562473));
#4914=CARTESIAN_POINT('',(-1.00000000001,-0.100000000006653,-0.841421356243967));
#4915=CARTESIAN_POINT('',(-1.00000000001,-0.10000000001,-0.77000000001));
#4916=CARTESIAN_POINT('',(-1.00000000001,-0.1000000000075,-0.7700000000075));
#4917=CARTESIAN_POINT('',(-1.00000000001,-0.10000000001,-0.77000000001));
#4918=CARTESIAN_POINT('',(-1.05,-0.1292893218813,-0.77));
#4919=CARTESIAN_POINT('',(1.082664991624,0.02000000001,-0.77000000001));
#4920=CARTESIAN_POINT('',(1.082664991624,0.0199999999904093,-0.77000000001));
#4921=CARTESIAN_POINT('',(1.08266499162137,0.,-0.770000000008798));
#4922=CARTESIAN_POINT('',(0.95000000001,-0.05000000001,-0.77000000001));
#4923=CARTESIAN_POINT('',(1.10000000001,-0.0500000000033333,-0.770000000006667));
#4924=CARTESIAN_POINT('',(1.10000000001,-0.35000000001,-0.77000000001));
#4925=CARTESIAN_POINT('',(1.10000000000667,-0.350000000002883,-0.770000000007297));
#4926=CARTESIAN_POINT('',(1.10000000001,-0.35000000001,-0.77000000001));
#4927=CARTESIAN_POINT('',(1.00000000000667,-0.350000000012683,-0.77000000001));
#4928=CARTESIAN_POINT('',(1.00000000001,-0.35000000001,-0.77000000001));
#4929=CARTESIAN_POINT('',(1.00000000001,-0.100000000005,-0.770000000005));
#4930=CARTESIAN_POINT('',(1.00000000001,-0.10000000001,-0.77000000001));
#4931=CARTESIAN_POINT('',(1.00000000000667,0.,-0.770000000006667));
#4932=CARTESIAN_POINT('',(1.00000000001,0.,-0.77000000001));
#4933=CARTESIAN_POINT('',(-1.05,0.1,-0.595));
#4934=CARTESIAN_POINT('',(1.10000000001,0.10000000001,-0.42000000001));
#4935=CARTESIAN_POINT('',(1.00000000000667,0.100000000006667,-0.420000000006667));
#4936=CARTESIAN_POINT('',(1.00000000001,0.10000000001,-0.77000000001));
#4937=CARTESIAN_POINT('',(1.00000000000667,0.100000000006667,-0.770000000006667));
#4938=CARTESIAN_POINT('',(1.082664991624,0.10000000001,-0.77000000001));
#4939=CARTESIAN_POINT('',(1.08266499162137,0.100000000006667,-0.770000000008798));
#4940=CARTESIAN_POINT('',(0.95000000001,0.10000000001,-0.70000000001));
#4941=CARTESIAN_POINT('',(-0.5,0.1362465763423,-0.475));
#4942=CARTESIAN_POINT('',(-0.50000000001,0.,-0.47500000001));
#4943=CARTESIAN_POINT('',(-0.45000000001,0.,-0.47500000001));
#4944=CARTESIAN_POINT('',(-0.50000000001,0.13000000001,-0.47500000001));
#4945=CARTESIAN_POINT('',(-0.55000000001,0.13000000001,-0.47500000001));
#4946=CARTESIAN_POINT('',(0.95,-0.05,-0.429934591186));
#4947=CARTESIAN_POINT('',(0.95000000001,-0.05000000001,-0.45000000001));
#4948=CARTESIAN_POINT('',(1.00000000001,0.0914213562339763,-0.450000000006667));
#4949=CARTESIAN_POINT('',(1.1,-0.05,-0.45));
#4950=CARTESIAN_POINT('',(1.10000000001,-0.05000000001,-0.45000000001));
#4951=CARTESIAN_POINT('',(0.95000000001,-0.05000000001,-0.77000000001));
#4952=CARTESIAN_POINT('',(1.00000000001,0.0914213562339763,-0.770000000006667));
#4953=CARTESIAN_POINT('',(1.00000000001,0.09142135624731,-0.45000000001));
#4954=CARTESIAN_POINT('',(-1.1,-0.525,-0.335000176497));
#4955=CARTESIAN_POINT('',(-1.10000000001,-0.05000000001,-0.77000000001));
#4956=CARTESIAN_POINT('',(-1.1,-0.05,-0.77));
#4957=CARTESIAN_POINT('',(-1.1,-0.35,-0.77));
#4958=CARTESIAN_POINT('',(-1.10000000001,-0.42000000001,-0.82000000001));
#4959=CARTESIAN_POINT('',(-1.1,-0.42,-0.82));
#4960=CARTESIAN_POINT('',(-1.10000000001,-0.42000000001,-0.82000000001));
#4961=CARTESIAN_POINT('',(-1.10000000001,-0.85000000001,0.));
#4962=CARTESIAN_POINT('',(-1.1,-0.7,0.));
#4963=CARTESIAN_POINT('',(-1.10000000001,-0.70000000001,0.));
#4964=CARTESIAN_POINT('',(-1.1,-0.7,-0.35));
#4965=CARTESIAN_POINT('',(-1.10000000001,-0.60000000001,-0.35000000001));
#4966=CARTESIAN_POINT('',(-1.10000000000667,-0.600000000003333,-0.45000000001));
#4967=CARTESIAN_POINT('',(-1.10000000001,-0.60000000001,-0.45000000001));
#4968=CARTESIAN_POINT('',(-1.10000000001,-0.0500000000033433,-0.450000000006667));
#4969=CARTESIAN_POINT('',(-1.10000000001,-0.05000000001001,-0.45000000001));
#4970=CARTESIAN_POINT('',(-0.95,-0.05,-0.7772679491924));
#4971=CARTESIAN_POINT('',(-0.95000000001,-0.05000000001,-0.77000000001));
#4972=CARTESIAN_POINT('',(-1.00000000001,0.0914213562339763,-0.770000000006667));
#4973=CARTESIAN_POINT('',(-1.082664991624,0.0199999999904093,-0.77000000001));
#4974=CARTESIAN_POINT('',(-0.95000000001,-0.05000000001,-0.77000000001));
#4975=CARTESIAN_POINT('',(-0.95000000001,-0.05000000001,-0.45000000001));
#4976=CARTESIAN_POINT('',(-1.09142135624234,4.05318838394977E-12,-0.450000000006667));
#4977=CARTESIAN_POINT('',(-1.091421356247,0.,-0.42000000001));
#4978=CARTESIAN_POINT('',(-1.091421356237,0.,-0.42));
#4979=CARTESIAN_POINT('',(-0.95000000001,-0.05000000001,-0.42000000001));
#4980=CARTESIAN_POINT('',(-1.00000000001,0.0914213562339763,-0.420000000006667));
#4981=CARTESIAN_POINT('',(-1.00000000001,0.09142135624731,-0.42000000001));
#4982=CARTESIAN_POINT('',(-1.05,0.05,-0.42));
#4983=CARTESIAN_POINT('',(-1.10000000001,0.,-0.42000000001));
#4984=CARTESIAN_POINT('',(-1.10000000000667,0.,-0.420000000006667));
#4985=CARTESIAN_POINT('',(-1.10000000001,0.10000000001,-0.42000000001));
#4986=CARTESIAN_POINT('',(-1.10000000000667,0.100000000006667,-0.420000000006667));
#4987=CARTESIAN_POINT('',(-1.00000000001,0.10000000001,-0.42000000001));
#4988=CARTESIAN_POINT('',(-1.00000000000667,0.100000000006667,-0.420000000006667));
#4989=CARTESIAN_POINT('',(-1.00000000001,0.09142135624731,-0.42000000001));
#4990=CARTESIAN_POINT('',(0.,0.3865,-0.9));
#4991=CARTESIAN_POINT('',(-1.00000000001,0.40000000001,-0.90000000001));
#4992=CARTESIAN_POINT('',(-1.,0.4,-0.9));
#4993=CARTESIAN_POINT('',(-1.00000000001,0.37300000001,-0.90000000001));
#4994=CARTESIAN_POINT('',(-1.,0.373,-0.9));
#4995=CARTESIAN_POINT('',(-1.00000000001,0.40000000001,-0.90000000001));
#4996=CARTESIAN_POINT('',(-1.,0.4035153096251,0.75));
#4997=CARTESIAN_POINT('',(-1.00000000001,0.40000000001,0.90000000001));
#4998=CARTESIAN_POINT('',(-1.,0.4,0.9));
#4999=CARTESIAN_POINT('',(-1.,0.373,0.9));
#5000=CARTESIAN_POINT('',(-1.00000000001,0.40000000001,0.75000000001));
#5001=CARTESIAN_POINT('',(-1.15,0.4,0.75));
#5002=CARTESIAN_POINT('',(-1.15000000001,0.40000000001,0.75000000001));
#5003=CARTESIAN_POINT('',(-1.15,0.373,0.75));
#5004=CARTESIAN_POINT('',(-1.00000000001,0.37300000001,0.75000000001));
#5005=CARTESIAN_POINT('',(-1.05,-0.1292893218813,-0.77));
#5006=CARTESIAN_POINT('',(-1.00000000001,0.10000000001,-0.77000000001));
#5007=CARTESIAN_POINT('',(-1.00000000000667,0.100000000006667,-0.770000000006667));
#5008=CARTESIAN_POINT('',(-1.082664991624,0.10000000001,-0.77000000001));
#5009=CARTESIAN_POINT('',(-1.08266499162137,0.100000000006667,-0.770000000008798));
#5010=CARTESIAN_POINT('',(-1.082664991624,0.02000000001,-0.77000000001));
#5011=CARTESIAN_POINT('',(-1.05,-1.,-0.41));
#5012=CARTESIAN_POINT('',(1.00000000001,-1.00000000001,0.));
#5013=CARTESIAN_POINT('',(1.00000000000667,-1.00000000001,6.12323399573677E-18));
#5014=CARTESIAN_POINT('',(1.10000000000667,-1.00000000001,0.));
#5015=CARTESIAN_POINT('',(1.00000000001,-1.00000000001,-0.82000000001));
#5016=CARTESIAN_POINT('',(1.00000000000667,-1.00000000000667,-0.820000000006667));
#5017=CARTESIAN_POINT('',(1.00000000001,-1.00000000001,-0.82000000001));
#5018=CARTESIAN_POINT('',(1.10000000000667,-1.00000000000667,-0.820000000006667));
#5019=CARTESIAN_POINT('',(1.10000000001,-1.00000000001,0.));
#5020=CARTESIAN_POINT('',(-0.5636664493294,0.13,0.525));
#5021=CARTESIAN_POINT('',(-0.55000000001,0.13000000001,0.50000000001));
#5022=CARTESIAN_POINT('',(-0.60000000001,0.13000000001,0.50000000001));
#5023=CARTESIAN_POINT('',(-1.,-0.4542893218813,-0.335000176497));
#5024=CARTESIAN_POINT('',(-1.00000000001,0.10000000001,-0.77000000001));
#5025=CARTESIAN_POINT('',(0.,0.,0.125));
#5026=CARTESIAN_POINT('',(0.40000000001,0.,0.));
#5027=CARTESIAN_POINT('',(0.46000000001,0.,0.));
#5028=CARTESIAN_POINT('',(0.,0.,0.20000000001));
#5029=CARTESIAN_POINT('',(0.05,0.,0.20000000001));
#5030=CARTESIAN_POINT('',(-0.55000000001,0.,0.50000000001));
#5031=CARTESIAN_POINT('',(-0.50000000001,0.,0.50000000001));
#5032=CARTESIAN_POINT('',(0.,0.,-0.20000000001));
#5033=CARTESIAN_POINT('',(0.05,0.,-0.20000000001));
#5034=CARTESIAN_POINT('',(-1.091421356247,1.00307138573833E-11,-0.45000000001));
#5035=CARTESIAN_POINT('',(-0.650000000006667,3.34357128579443E-12,-0.450000000006667));
#5036=CARTESIAN_POINT('',(-0.65000000001,0.,-0.45000000001));
#5037=CARTESIAN_POINT('',(-0.65,0.,-0.5));
#5038=CARTESIAN_POINT('',(-0.55000000001,0.,-0.50000000001));
#5039=CARTESIAN_POINT('',(-0.45000000001,0.,-0.50000000001));
#5040=CARTESIAN_POINT('',(-0.35,0.,-0.5));
#5041=CARTESIAN_POINT('',(-0.35000000001,0.,-0.50000000001));
#5042=CARTESIAN_POINT('',(-0.35,0.,-0.45));
#5043=CARTESIAN_POINT('',(0.95000000001,0.,-0.45000000001));
#5044=CARTESIAN_POINT('',(0.95,0.,-0.45));
#5045=CARTESIAN_POINT('',(0.95000000001,0.,-0.45000000001));
#5046=CARTESIAN_POINT('',(0.950000000005,0.,-0.436602540385557));
#5047=CARTESIAN_POINT('',(1.00000000001,0.,-0.35000000001));
#5048=CARTESIAN_POINT('',(1.0000000000075,0.,-0.4500000000075));
#5049=CARTESIAN_POINT('',(1.00000000001,0.,-0.45000000001));
#5050=CARTESIAN_POINT('',(1.00000000000667,0.,-0.420000000006667));
#5051=CARTESIAN_POINT('',(1.00000000001,0.,-0.42000000001));
#5052=CARTESIAN_POINT('',(1.00000000001,0.,0.08413379069409));
#5053=CARTESIAN_POINT('',(1.075,0.,0.1502775734607));
#5054=CARTESIAN_POINT('',(1.15000000001,0.,0.2164213562473));
#5055=CARTESIAN_POINT('',(1.05,0.,0.2164213562373));
#5056=CARTESIAN_POINT('',(1.05000000001,0.,0.2164213562473));
#5057=CARTESIAN_POINT('',(1.05000000000667,0.,0.380000000006667));
#5058=CARTESIAN_POINT('',(1.05000000001,0.,0.38000000001));
#5059=CARTESIAN_POINT('',(1.10000000000667,0.,0.380000000006667));
#5060=CARTESIAN_POINT('',(1.10000000001,0.,0.38000000001));
#5061=CARTESIAN_POINT('',(1.10000000000667,0.,0.675000000006667));
#5062=CARTESIAN_POINT('',(1.10000000001,0.,0.67500000001));
#5063=CARTESIAN_POINT('',(1.05000000000667,0.,0.675000000006667));
#5064=CARTESIAN_POINT('',(1.05000000001,0.,0.67500000001));
#5065=CARTESIAN_POINT('',(1.05,0.,0.7));
#5066=CARTESIAN_POINT('',(0.90000000001,0.,0.70000000001));
#5067=CARTESIAN_POINT('',(-0.90000000001,0.,0.70000000001));
#5068=CARTESIAN_POINT('',(-1.05,0.,0.7));
#5069=CARTESIAN_POINT('',(-1.05000000001,0.,0.70000000001));
#5070=CARTESIAN_POINT('',(-1.05,0.,0.675));
#5071=CARTESIAN_POINT('',(-1.10000000001,0.,0.67500000001));
#5072=CARTESIAN_POINT('',(-1.05000000001,0.,0.38000000001));
#5073=CARTESIAN_POINT('',(-1.05,0.,0.2164213562373));
#5074=CARTESIAN_POINT('',(-1.15000000001,0.,0.2164213562473));
#5075=CARTESIAN_POINT('',(-1.075,0.,0.1502775734607));
#5076=CARTESIAN_POINT('',(-1.00000000001,0.,0.08413379069409));
#5077=CARTESIAN_POINT('',(-1.10000000001,0.,0.0841337906874233));
#5078=CARTESIAN_POINT('',(-1.10000000001,0.,0.08413379069409));
#5079=CARTESIAN_POINT('',(0.,-0.4765625,0.));
#5080=CARTESIAN_POINT('',(0.,0.4313341493368,0.));
#5081=CARTESIAN_POINT('',(-0.5785417,0.4313341493368,0.));
#5082=CARTESIAN_POINT('',(0.,0.5281213149876,0.));
#5083=CARTESIAN_POINT('',(0.3867780349608,0.5281213149775,0.));
#5084=CARTESIAN_POINT('',(-0.3867780349608,0.5281213149775,0.));
#5085=CARTESIAN_POINT('',(0.,0.5281213149875,0.));
#5086=CARTESIAN_POINT('',(-0.9,0.38046,0.7));
#5087=CARTESIAN_POINT('',(-1.05000000001,0.,0.70000000001));
#5088=CARTESIAN_POINT('',(-1.05,0.373,0.7));
#5089=CARTESIAN_POINT('',(-0.90000000001,0.37300000001,0.70000000001));
#5090=CARTESIAN_POINT('',(-1.105813811142,-0.85,0.));
#5091=CARTESIAN_POINT('',(1.00000000001,-0.70000000001,0.));
#5092=CARTESIAN_POINT('',(1.00000000000667,-0.70000000001,0.));
#5093=CARTESIAN_POINT('',(1.10000000000667,-0.70000000001,6.12323399573677E-18));
#5094=CARTESIAN_POINT('',(1.00000000001,-0.85000000001,0.));
#5095=CARTESIAN_POINT('',(1.10000000001,-0.85000000001,0.));
#5096=CARTESIAN_POINT('',(-0.885,-0.5,-0.65));
#5097=CARTESIAN_POINT('',(0.80000000001,-0.50000000001,-0.45000000001));
#5098=CARTESIAN_POINT('',(0.800000000006667,-0.500000000006667,-0.450000000006667));
#5099=CARTESIAN_POINT('',(0.970000000003831,-0.500000000006704,-0.450000000006667));
#5100=CARTESIAN_POINT('',(0.80000000001,-0.50000000001,-0.45000000001));
#5101=CARTESIAN_POINT('',(0.800000000006667,-0.500000000006667,-0.850000000006667));
#5102=CARTESIAN_POINT('',(0.80000000001,-0.50000000001,-0.85000000001));
#5103=CARTESIAN_POINT('',(0.950000000003333,-0.500000000006667,-0.85000000001));
#5104=CARTESIAN_POINT('',(0.95000000001,-0.50000000001,-0.70000000001));
#5105=CARTESIAN_POINT('',(0.970000000007166,-0.50000000001,-0.848660687480243));
#5106=CARTESIAN_POINT('',(0.97000000001,-0.50000000001,-0.45000000001));
#5107=CARTESIAN_POINT('',(-0.8,-0.775,-0.65));
#5108=CARTESIAN_POINT('',(-0.80000000001,-0.50000000001,-0.85000000001));
#5109=CARTESIAN_POINT('',(-0.8,-0.5,-0.85));
#5110=CARTESIAN_POINT('',(-0.800000000006667,-0.500000000006667,-0.450000000006667));
#5111=CARTESIAN_POINT('',(-0.80000000001,-1.05000000001,-0.85000000001));
#5112=CARTESIAN_POINT('',(-0.8,-1.05,-0.85));
#5113=CARTESIAN_POINT('',(-0.80000000001,-1.05000000001,-0.85000000001));
#5114=CARTESIAN_POINT('',(-0.800000000006667,-1.05000000000667,-0.450000000006667));
#5115=CARTESIAN_POINT('',(-0.80000000001,-0.50000000001,-0.45000000001));
#5116=CARTESIAN_POINT('',(-0.885,-0.5,-0.65));
#5117=CARTESIAN_POINT('',(-0.95000000001,-0.50000000001,-0.70000000001));
#5118=CARTESIAN_POINT('',(-0.95,-0.5,-0.85));
#5119=CARTESIAN_POINT('',(-0.97,-0.5,-0.8486606874732));
#5120=CARTESIAN_POINT('',(-0.95000000001,-0.50000000001,-0.85000000001));
#5121=CARTESIAN_POINT('',(-0.97000000001,-0.50000000001,-0.45000000001));
#5122=CARTESIAN_POINT('',(-0.970000000006897,-0.500000000006934,-0.450000000006667));
#5123=CARTESIAN_POINT('',(-0.97000000001,-0.50000000001,-0.8486606874832));
#5124=CARTESIAN_POINT('',(-1.05,0.1,-0.595));
#5125=CARTESIAN_POINT('',(1.05000000001,0.10000000001,0.67500000001));
#5126=CARTESIAN_POINT('',(1.05000000000667,0.100000000006667,0.675000000006667));
#5127=CARTESIAN_POINT('',(1.10000000000667,0.100000000006667,0.675000000006667));
#5128=CARTESIAN_POINT('',(1.10000000001,0.10000000001,0.67500000001));
#5129=CARTESIAN_POINT('',(1.10000000000667,0.100000000006667,0.380000000006667));
#5130=CARTESIAN_POINT('',(1.10000000001,0.10000000001,0.38000000001));
#5131=CARTESIAN_POINT('',(1.05000000000667,0.100000000006667,0.380000000006667));
#5132=CARTESIAN_POINT('',(1.05000000001,0.10000000001,0.38000000001));
#5133=CARTESIAN_POINT('',(-1.05,-0.7,-0.175));
#5134=CARTESIAN_POINT('',(1.00000000001,-0.70000000001,0.));
#5135=CARTESIAN_POINT('',(1.00000000000667,-0.70000000001,-0.350000000003333));
#5136=CARTESIAN_POINT('',(1.10000000001,-0.70000000001,-0.35000000001));
#5137=CARTESIAN_POINT('',(1.10000000000667,-0.70000000001,-0.350000000003333));
#5138=CARTESIAN_POINT('',(1.00000000001,-0.70000000001,-0.35000000001));
#5139=CARTESIAN_POINT('',(-1.05,0.1,-0.595));
#5140=CARTESIAN_POINT('',(-0.95000000001,0.10000000001,-0.70000000001));
#5141=CARTESIAN_POINT('',(-1.10000000001,0.100000000006667,-0.700000000003333));
#5142=CARTESIAN_POINT('',(-1.10000000001,0.10000000001,-0.42000000001));
#5143=CARTESIAN_POINT('',(-1.05,-0.7,-0.175));
#5144=CARTESIAN_POINT('',(-1.00000000001,-0.70000000001,0.));
#5145=CARTESIAN_POINT('',(-1.,-0.7,0.));
#5146=CARTESIAN_POINT('',(-1.00000000001,-0.70000000001,-0.35000000001));
#5147=CARTESIAN_POINT('',(-1.,-0.7,-0.35));
#5148=CARTESIAN_POINT('',(-1.00000000001,-0.70000000001,-0.35000000001));
#5149=CARTESIAN_POINT('',(0.325,-0.525,-0.45));
#5150=CARTESIAN_POINT('',(-0.80000000001,-1.05000000001,-0.45000000001));
#5151=CARTESIAN_POINT('',(-0.650000000006667,-1.05000000000667,-0.450000000006667));
#5152=CARTESIAN_POINT('',(-0.65000000001,-1.05000000001,-0.45000000001));
#5153=CARTESIAN_POINT('',(-1.00000000001,-0.60000000001,-0.45000000001));
#5154=CARTESIAN_POINT('',(-1.00000000000667,-0.600000000003333,-0.45000000001));
#5155=CARTESIAN_POINT('',(-1.00000000001,-0.10000000001,-0.45000000001));
#5156=CARTESIAN_POINT('',(-1.00000000001,-0.100000000092197,-0.450000000006667));
#5157=CARTESIAN_POINT('',(-0.97000000001,-0.50000000001,-0.45000000001));
#5158=CARTESIAN_POINT('',(-0.2620700635213,0.5859886413773,-0.01648805084371));
#5159=CARTESIAN_POINT('',(-0.3032067971941,0.5632240628098,-0.01907615475465));
#5160=CARTESIAN_POINT('',(-0.3458431632941,0.5434225500063,-0.02175860754076));
#5161=CARTESIAN_POINT('',(-0.3897669072339,0.5266826798932,-0.02452205527528));
#5162=CARTESIAN_POINT('',(-0.2722167868827,0.5859886413773,0.1447894986417));
#5163=CARTESIAN_POINT('',(-0.314946236072,0.5632240628098,0.1675168829305));
#5164=CARTESIAN_POINT('',(-0.3592333798539,0.5434225500063,0.1910727900363));
#5165=CARTESIAN_POINT('',(-0.4048577456532,0.5266826798932,0.2153399527105));
#5166=CARTESIAN_POINT('',(-0.1615964231119,0.5859886413773,0.2625882213945));
#5167=CARTESIAN_POINT('',(-0.186961964413,0.5632240628098,0.3038062895094));
#5168=CARTESIAN_POINT('',(-0.2132522020833,0.5434225500063,0.3465269550845));
#5169=CARTESIAN_POINT('',(-0.2403362566868,0.5266826798932,0.3905375438681));
#5170=CARTESIAN_POINT('',(1.33104071794E-12,0.5859886413773,0.2625882213937));
#5171=CARTESIAN_POINT('',(1.540009802835E-12,0.5632240628098,0.3038062895085));
#5172=CARTESIAN_POINT('',(1.75649886248E-12,0.5434225500063,0.3465269550834));
#5173=CARTESIAN_POINT('',(1.979595242265E-12,0.5266826798932,0.3905375438669));
#5174=CARTESIAN_POINT('',(0.1615964231145,0.5859886413773,0.2625882213928));
#5175=CARTESIAN_POINT('',(0.186961964416,0.5632240628098,0.3038062895075));
#5176=CARTESIAN_POINT('',(0.2132522020868,0.5434225500063,0.3465269550823));
#5177=CARTESIAN_POINT('',(0.2403362566907,0.5266826798932,0.3905375438657));
#5178=CARTESIAN_POINT('',(0.2722167868842,0.5859886413773,0.1447894986389));
#5179=CARTESIAN_POINT('',(0.3149462360737,0.5632240628098,0.1675168829273));
#5180=CARTESIAN_POINT('',(0.3592333798558,0.5434225500063,0.1910727900326));
#5181=CARTESIAN_POINT('',(0.4048577456554,0.5266826798932,0.2153399527064));
#5182=CARTESIAN_POINT('',(0.2620700635211,0.5859886413773,-0.01648805084636));
#5183=CARTESIAN_POINT('',(0.3032067971939,0.5632240628098,-0.01907615475772));
#5184=CARTESIAN_POINT('',(0.3458431632938,0.5434225500063,-0.02175860754426));
#5185=CARTESIAN_POINT('',(0.3897669072336,0.5266826798932,-0.02452205527923));
#5186=CARTESIAN_POINT('',(0.7460493591727,1.461354466781,0.));
#5187=CARTESIAN_POINT('',(0.2661157997149,0.5840496289204,0.));
#5188=CARTESIAN_POINT('',(0.,0.5840496289305,0.));
#5189=CARTESIAN_POINT('',(-0.2661157997149,0.5840496289205,2.763481407051E-12));
#5190=CARTESIAN_POINT('',(-0.7460493591727,1.461354466781,1.7747360045163E-11));
#5191=CARTESIAN_POINT('',(0.,0.3865,0.9));
#5192=CARTESIAN_POINT('',(1.00000000001,0.40000000001,0.90000000001));
#5193=CARTESIAN_POINT('',(1.,0.4,0.9));
#5194=CARTESIAN_POINT('',(1.00000000001,0.37300000001,0.90000000001));
#5195=CARTESIAN_POINT('',(1.,0.373,0.9));
#5196=CARTESIAN_POINT('',(1.00000000001,0.40000000001,0.90000000001));
#5197=CARTESIAN_POINT('',(0.,0.1062465763423,-0.2));
#5198=CARTESIAN_POINT('',(0.,0.10000000001,-0.20000000001));
#5199=CARTESIAN_POINT('',(-0.05,0.10000000001,-0.20000000001));
#5200=CARTESIAN_POINT('',(0.,0.,0.125));
#5201=CARTESIAN_POINT('',(1.00000000001,0.,-0.77000000001));
#5202=CARTESIAN_POINT('',(1.00000000000809,0.,-0.841421356244647));
#5203=CARTESIAN_POINT('',(0.95000000001,0.,-0.70000000001));
#5204=CARTESIAN_POINT('',(-0.625,0.115,0.675));
#5205=CARTESIAN_POINT('',(-1.05000000001,0.10000000001,0.67500000001));
#5206=CARTESIAN_POINT('',(-1.05000000000667,0.100000000006667,0.675000000006667));
#5207=CARTESIAN_POINT('',(-1.05000000001,0.,0.67500000001));
#5208=CARTESIAN_POINT('',(1.1,-0.525,-0.335000176497));
#5209=CARTESIAN_POINT('',(1.10000000001,0.10000000001,0.67500000001));
#5210=CARTESIAN_POINT('',(1.10000000001,0.,0.38000000001));
#5211=CARTESIAN_POINT('',(-1.,0.4035153096251,-0.75));
#5212=CARTESIAN_POINT('',(-1.15000000001,0.37300000001,-0.75000000001));
#5213=CARTESIAN_POINT('',(-1.15,0.373,-0.75));
#5214=CARTESIAN_POINT('',(-1.15,0.4,-0.75));
#5215=CARTESIAN_POINT('',(-1.00000000001,0.40000000001,-0.75000000001));
#5216=CARTESIAN_POINT('',(-1.00000000001,0.37300000001,-0.75000000001));
#5217=CARTESIAN_POINT('',(0.,0.373,0.));
#5218=CARTESIAN_POINT('',(1.15000000001,0.37300000001,0.2164213562473));
#5219=CARTESIAN_POINT('',(1.05,0.373,0.2164213562373));
#5220=CARTESIAN_POINT('',(1.075,0.373,0.1502775734607));
#5221=CARTESIAN_POINT('',(1.00000000001,0.37300000001,0.08413379069409));
#5222=CARTESIAN_POINT('',(0.95000000001,0.37300000001,-0.70000000001));
#5223=CARTESIAN_POINT('',(0.95,0.373,-0.85));
#5224=CARTESIAN_POINT('',(0.95000000001,0.37300000001,-0.85000000001));
#5225=CARTESIAN_POINT('',(-0.95,0.373,-0.85));
#5226=CARTESIAN_POINT('',(-0.95000000001,0.37300000001,-0.70000000001));
#5227=CARTESIAN_POINT('',(-1.10000000001,0.373000000006667,-0.700000000003333));
#5228=CARTESIAN_POINT('',(-1.10000000001,0.37300000001,-0.70000000001));
#5229=CARTESIAN_POINT('',(-1.10000000001,0.373000000006667,0.0841337906874233));
#5230=CARTESIAN_POINT('',(-1.00000000001,0.37300000001,0.08413379069409));
#5231=CARTESIAN_POINT('',(-1.075,0.373,0.1502775734607));
#5232=CARTESIAN_POINT('',(-1.15000000001,0.37300000001,0.2164213562473));
#5233=CARTESIAN_POINT('',(-1.05,0.373,0.2164213562373));
#5234=CARTESIAN_POINT('',(-1.05000000001,0.37300000001,0.2164213562473));
#5235=CARTESIAN_POINT('',(0.90000000001,0.37300000001,0.70000000001));
#5236=CARTESIAN_POINT('',(1.05,0.373,0.7));
#5237=CARTESIAN_POINT('',(1.05000000001,0.37300000001,0.70000000001));
#5238=CARTESIAN_POINT('',(1.00000000001,0.37300000001,0.75000000001));
#5239=CARTESIAN_POINT('',(-1.15000000001,0.37300000001,0.75000000001));
#5240=CARTESIAN_POINT('',(-1.05,0.1,-0.595));
#5241=CARTESIAN_POINT('',(0.9,-0.00746,0.7));
#5242=CARTESIAN_POINT('',(1.05000000001,0.37300000001,0.70000000001));
#5243=CARTESIAN_POINT('',(0.,-0.3385,-0.85));
#5244=CARTESIAN_POINT('',(0.95000000001,-0.50000000001,-0.85000000001));
#5245=CARTESIAN_POINT('',(0.80000000001,-0.50000000001,-0.85000000001));
#5246=CARTESIAN_POINT('',(0.8,-1.05,-0.85));
#5247=CARTESIAN_POINT('',(0.80000000001,-1.05000000001,-0.85000000001));
#5248=CARTESIAN_POINT('',(-0.95000000001,0.37300000001,-0.85000000001));
#5249=CARTESIAN_POINT('',(-1.105813811142,-0.6,-0.35));
#5250=CARTESIAN_POINT('',(1.10000000001,-0.60000000001,-0.35000000001));
#5251=CARTESIAN_POINT('',(1.10000000000667,-0.600000000003333,-0.45000000001));
#5252=CARTESIAN_POINT('',(1.00000000001,-0.60000000001,-0.45000000001));
#5253=CARTESIAN_POINT('',(1.00000000000667,-0.600000000003333,-0.45000000001));
#5254=CARTESIAN_POINT('',(1.00000000001,-0.60000000001,-0.35000000001));
#5255=CARTESIAN_POINT('',(0.,0.6,0.));
#5256=CARTESIAN_POINT('',(0.,0.60000000001,0.));
#5257=CARTESIAN_POINT('',(-0.2037244,0.60000000001,0.));
#5258=CARTESIAN_POINT('',(0.4,-0.006246576342285,0.));
#5259=CARTESIAN_POINT('',(0.985,-0.3,-0.6493303437366));
#5260=CARTESIAN_POINT('',(1.00000000001,-0.10000000001,-0.45000000001));
#5261=CARTESIAN_POINT('',(1.,-0.1,-0.45));
#5262=CARTESIAN_POINT('',(0.95,-0.766666666666713,-0.7));
#5263=CARTESIAN_POINT('',(1.00000000001,-0.10000000000665,-0.841421356243967));
#5264=CARTESIAN_POINT('',(1.00000000001,-0.10000000001,-0.77000000001));
#5265=CARTESIAN_POINT('',(1.00000000001,-0.10000000001,-0.45000000001));
#5266=CARTESIAN_POINT('',(0.8,-0.775,-0.65));
#5267=CARTESIAN_POINT('',(0.80000000001,-1.05000000001,-0.85000000001));
#5268=CARTESIAN_POINT('',(0.8,-1.05,-0.45));
#5269=CARTESIAN_POINT('',(0.80000000001,-1.05000000001,-0.45000000001));
#5270=CARTESIAN_POINT('',(-1.05,0.05,0.38));
#5271=CARTESIAN_POINT('',(1.05000000001,0.,0.38000000001));
#5272=CARTESIAN_POINT('',(-0.45,-1.071,-0.5));
#5273=CARTESIAN_POINT('',(-0.45000000001,-1.05000000001,-0.50000000001));
#5274=CARTESIAN_POINT('',(-0.35,-1.05,-0.5));
#5275=CARTESIAN_POINT('',(-0.35000000001,-1.05000000001,-0.50000000001));
#5276=CARTESIAN_POINT('',(0.,0.1062465763423,0.2));
#5277=CARTESIAN_POINT('',(0.325,-0.525,-0.45));
#5278=CARTESIAN_POINT('',(-0.35000000001,0.,-0.45000000001));
#5279=CARTESIAN_POINT('',(-0.35,-1.05,-0.45));
#5280=CARTESIAN_POINT('',(-0.35000000001,-1.05000000001,-0.45000000001));
#5281=CARTESIAN_POINT('',(1.00000000001,-0.10000000001,-0.45000000001));
#5282=CARTESIAN_POINT('',(1.10000000001,-0.60000000001,-0.45000000001));
#5283=CARTESIAN_POINT('',(1.00000000001,0.,-0.45000000001));
#5284=CARTESIAN_POINT('',(1.00000000001,-0.05000000001,-0.45000000001));
#5285=CARTESIAN_POINT('',(1.000000000005,-0.050000000005,-0.45000000001));
#5286=CARTESIAN_POINT('',(0.95000000001,-0.05000000001,-0.45000000001));
#5287=CARTESIAN_POINT('',(-0.35,-0.525,-0.475));
#5288=CARTESIAN_POINT('',(-0.35000000001,-1.05000000001,-0.45000000001));
#5289=CARTESIAN_POINT('',(1.05,0.1865,0.4582106781186));
#5290=CARTESIAN_POINT('',(1.05000000001,0.,0.67500000001));
#5291=CARTESIAN_POINT('',(1.05000000001,0.,0.2164213562473));
#5292=CARTESIAN_POINT('',(-0.625,0.115,0.675));
#5293=CARTESIAN_POINT('',(-1.15,0.3865,0.));
#5294=CARTESIAN_POINT('',(-1.15000000001,0.40000000001,0.75000000001));
#5295=CARTESIAN_POINT('',(0.,0.4,0.));
#5296=CARTESIAN_POINT('',(0.,0.40000000001,0.));
#5297=CARTESIAN_POINT('',(-0.6860211,0.40000000001,0.));
#5298=CARTESIAN_POINT('',(1.00000000001,0.40000000001,0.75000000001));
#5299=CARTESIAN_POINT('',(1.,-0.05581381114244,-0.35));
#5300=CARTESIAN_POINT('',(1.,-0.05,-0.45));
#5301=CARTESIAN_POINT('',(1.,-0.0228282397786509,-0.45));
#5302=CARTESIAN_POINT('',(0.973518686447561,3.36419569792878E-12,-0.450181060329954));
#5303=CARTESIAN_POINT('',(0.950000000000676,3.68211736630177E-12,-0.436602540379154));
#5304=CARTESIAN_POINT('',(1.,-0.525,-0.335000176497));
#5305=CARTESIAN_POINT('',(1.00000000001,0.09142135624731,-0.77000000001));
#5306=CARTESIAN_POINT('',(1.00000000001,0.10000000001,-0.42000000001));
#5307=CARTESIAN_POINT('',(0.,0.47,0.));
#5308=CARTESIAN_POINT('',(0.,0.5840496289305,0.));
#5309=CARTESIAN_POINT('',(1.,0.4035153096251,0.75));
#5310=CARTESIAN_POINT('',(1.15,0.38046,0.2164213562373));
#5311=CARTESIAN_POINT('',(1.07500000001,0.37300000001,0.1502775734707));
#5312=CARTESIAN_POINT('',(-1.05,-0.1292893218813,-0.77));
#5313=CARTESIAN_POINT('',(-1.00000000001,-0.35000000001,-0.77000000001));
#5314=CARTESIAN_POINT('',(-1.,-0.35,-0.77));
#5315=CARTESIAN_POINT('',(-1.00000000001,-0.35000000001,-0.77000000001));
#5316=CARTESIAN_POINT('',(-1.082664991624,0.02000000001,-0.77000000001));
#5317=CARTESIAN_POINT('',(-1.08266499162137,0.,-0.770000000008798));
#5318=CARTESIAN_POINT('',(-1.082664991624,0.,-0.77000000001));
#5319=CARTESIAN_POINT('',(-1.105813811142,-0.6,-0.35));
#5320=CARTESIAN_POINT('',(-1.00000000001,-0.60000000001,-0.35000000001));
#5321=CARTESIAN_POINT('',(-1.,-0.4542893218813,-0.335000176497));
#5322=CARTESIAN_POINT('',(-1.00000000001,-0.85000000001,0.));
#5323=CARTESIAN_POINT('',(-1.00000000001,-1.00000000001,-0.82000000001));
#5324=CARTESIAN_POINT('',(-1.,-0.42,-0.82));
#5325=CARTESIAN_POINT('',(-1.00000000001,-0.35000000001,-0.77000000001));
#5326=CARTESIAN_POINT('',(-1.00000000001,-0.10000000001,-0.45000000001));
#5327=CARTESIAN_POINT('',(-1.,-0.00746,0.08413379068409));
#5328=CARTESIAN_POINT('',(-1.10000000001,0.,0.08413379069409));
#5329=CARTESIAN_POINT('',(-1.07500000001,0.37300000001,0.1502775734707));
#5330=CARTESIAN_POINT('',(-1.05,-0.385,-0.795));
#5331=CARTESIAN_POINT('',(-1.00000000001,-0.42000000001,-0.82000000001));
#5332=CARTESIAN_POINT('',(-0.55,0.1362465763423,0.5));
#5333=CARTESIAN_POINT('',(0.2620700635213,0.5859886413773,0.01648805084371));
#5334=CARTESIAN_POINT('',(0.3032067971941,0.5632240628098,0.01907615475465));
#5335=CARTESIAN_POINT('',(0.3458431632941,0.5434225500063,0.02175860754076));
#5336=CARTESIAN_POINT('',(0.3897669072339,0.5266826798932,0.02452205527528));
#5337=CARTESIAN_POINT('',(0.2722167868827,0.5859886413773,-0.1447894986417));
#5338=CARTESIAN_POINT('',(0.314946236072,0.5632240628098,-0.1675168829305));
#5339=CARTESIAN_POINT('',(0.3592333798539,0.5434225500063,-0.1910727900363));
#5340=CARTESIAN_POINT('',(0.4048577456532,0.5266826798932,-0.2153399527105));
#5341=CARTESIAN_POINT('',(0.1615964231119,0.5859886413773,-0.2625882213945));
#5342=CARTESIAN_POINT('',(0.186961964413,0.5632240628098,-0.3038062895094));
#5343=CARTESIAN_POINT('',(0.2132522020833,0.5434225500063,-0.3465269550845));
#5344=CARTESIAN_POINT('',(0.2403362566868,0.5266826798932,-0.3905375438681));
#5345=CARTESIAN_POINT('',(-1.331139493852E-12,0.5859886413773,-0.2625882213937));
#5346=CARTESIAN_POINT('',(-1.540091202304E-12,0.5632240628098,-0.3038062895085));
#5347=CARTESIAN_POINT('',(-1.756656179972E-12,0.5434225500063,-0.3465269550834));
#5348=CARTESIAN_POINT('',(-1.97974336053E-12,0.5266826798932,-0.3905375438669));
#5349=CARTESIAN_POINT('',(-0.1615964231145,0.5859886413773,-0.2625882213928));
#5350=CARTESIAN_POINT('',(-0.186961964416,0.5632240628098,-0.3038062895075));
#5351=CARTESIAN_POINT('',(-0.2132522020868,0.5434225500063,-0.3465269550823));
#5352=CARTESIAN_POINT('',(-0.2403362566907,0.5266826798932,-0.3905375438657));
#5353=CARTESIAN_POINT('',(-0.2722167868842,0.5859886413773,-0.1447894986389));
#5354=CARTESIAN_POINT('',(-0.3149462360737,0.5632240628098,-0.1675168829273));
#5355=CARTESIAN_POINT('',(-0.3592333798558,0.5434225500063,-0.1910727900326));
#5356=CARTESIAN_POINT('',(-0.4048577456554,0.5266826798932,-0.2153399527064));
#5357=CARTESIAN_POINT('',(-0.2620700635211,0.5859886413773,0.01648805084636));
#5358=CARTESIAN_POINT('',(-0.3032067971939,0.5632240628098,0.01907615475772));
#5359=CARTESIAN_POINT('',(-0.3458431632938,0.5434225500063,0.02175860754426));
#5360=CARTESIAN_POINT('',(-0.3897669072336,0.5266826798932,0.02452205527923));
#5361=CARTESIAN_POINT('',(0.,-1.05,-0.65));
#5362=CARTESIAN_POINT('',(-0.55000000001,-1.05000000001,-0.50000000001));
#5363=CARTESIAN_POINT('',(-0.65,-1.05,-0.5));
#5364=CARTESIAN_POINT('',(-0.65000000001,-1.05000000001,-0.50000000001));
#5365=CARTESIAN_POINT('',(-1.05,0.05,-0.42));
#5366=CARTESIAN_POINT('',(-0.95,0.39046,-0.7));
#5367=CARTESIAN_POINT('',(-0.95,-0.766666666666713,-0.7));
#5368=CARTESIAN_POINT('',(-0.95000000001,0.,-0.70000000001));
#5369=CARTESIAN_POINT('',(-1.10000000001,0.37300000001,-0.70000000001));
#5370=CARTESIAN_POINT('',(1.,-0.525,-0.335000176497));
#5371=CARTESIAN_POINT('',(1.00000000001,-0.42000000001,-0.82000000001));
#5372=CARTESIAN_POINT('',(1.00000000000667,-0.420000000002883,-0.820000000007297));
#5373=CARTESIAN_POINT('',(1.00000000001,-0.42000000001,-0.82000000001));
#5374=CARTESIAN_POINT('',(1.1,-0.525,-0.335000176497));
#5375=CARTESIAN_POINT('',(1.10000000001,-1.00000000001,-0.82000000001));
#5376=CARTESIAN_POINT('',(1.10000000000667,-0.42000000000243,-0.820000000007932));
#5377=CARTESIAN_POINT('',(1.10000000001,-0.35000000001,-0.77000000001));
#5378=CARTESIAN_POINT('',(-1.05,-0.1292893218813,-0.77));
#5379=CARTESIAN_POINT('',(1.082664991624,0.02000000001,-0.77000000001));
#5380=CARTESIAN_POINT('',(-0.55,-1.071,-0.5));
#5381=CARTESIAN_POINT('',(-0.65000000001,0.,-0.50000000001));
#5382=CARTESIAN_POINT('',(-1.105813811142,-0.85,0.));
#5383=CARTESIAN_POINT('',(1.,-0.525,-0.335000176497));
#5384=CARTESIAN_POINT('',(1.00000000001,-0.10000000000999,-0.8414213562473));
#5385=CARTESIAN_POINT('',(-0.5636664493294,0.13,0.525));
#5386=CARTESIAN_POINT('',(-0.65,-0.525,-0.475));
#5387=CARTESIAN_POINT('',(-1.05,-0.385,-0.795));
#5388=CARTESIAN_POINT('',(1.00000000001,-0.42000000001,-0.82000000001));
#5389=CARTESIAN_POINT('',(0.,0.,0.125));
#5390=CARTESIAN_POINT('',(-1.05,0.1,-0.595));
#5391=CARTESIAN_POINT('',(-1.05000000001,0.10000000001,0.38000000001));
#5392=CARTESIAN_POINT('',(0.,0.6,0.));
#5393=CARTESIAN_POINT('',(-1.15,-0.00746,0.2164213562373));
#5394=CARTESIAN_POINT('',(-1.05000000001,0.37300000001,0.2164213562473));
#5395=CARTESIAN_POINT('',(-1.1,-0.525,-0.335000176497));
#5396=CARTESIAN_POINT('',(0.95,0.39046,-0.7));
#5397=CARTESIAN_POINT('',(-1.05,-0.71,-0.82));
#5398=CARTESIAN_POINT('',(1.,0.38046,0.08413379068409));
#5399=CARTESIAN_POINT('',(-0.985,-0.3,-0.6493303437366));
#5400=CARTESIAN_POINT('',(-1.05,-0.71,-0.82));
#5401=CARTESIAN_POINT('',(-1.05,0.1865,0.4582106781186));
#5402=CARTESIAN_POINT('',(0.95,-0.05,-0.429934591186));
#5403=CARTESIAN_POINT('',(0.,-0.45725,0.));
#5404=CARTESIAN_POINT('',(0.,0.5664046838586,0.));
#5405=CARTESIAN_POINT('',(-0.1163879,0.5664046838586,0.));
#5406=CARTESIAN_POINT('',(0.,0.56000000001,0.));
#5407=CARTESIAN_POINT('',(-0.1631487,0.56000000001,0.));
#5408=CARTESIAN_POINT('',(0.,0.5695884724643,0.));
#5409=CARTESIAN_POINT('',(0.,0.573,0.));
#5410=CARTESIAN_POINT('',(0.,0.56,0.));
#5411=CARTESIAN_POINT('',(0.4,-0.006246576342285,0.));
#5412=CARTESIAN_POINT('',(0.40000000001,0.19300000001,0.));
#5413=CARTESIAN_POINT('',(0.46000000001,0.19300000001,0.));
#5414=CARTESIAN_POINT('',(0.40000000001,0.14000000001,0.));
#5415=CARTESIAN_POINT('',(0.46000000001,0.14000000001,0.));
#5416=CARTESIAN_POINT('',(0.,0.1867534236577,0.));
#5417=CARTESIAN_POINT('',(0.,0.19300000001,0.));
#5418=CARTESIAN_POINT('',(0.5957348403443,0.193,0.26));
#5419=CARTESIAN_POINT('',(0.33,0.193,0.56));
#5420=CARTESIAN_POINT('',(0.33000000001,0.21800000001,0.56000000001));
#5421=CARTESIAN_POINT('',(0.33,0.218,0.56));
#5422=CARTESIAN_POINT('',(0.,0.21800000001,0.));
#5423=CARTESIAN_POINT('',(0.5957348403443,0.218,0.26));
#5424=CARTESIAN_POINT('',(0.5957348403543,0.21800000001,0.26000000001));
#5425=CARTESIAN_POINT('',(0.,-0.45725,0.));
#5426=CARTESIAN_POINT('',(0.,0.3906952001869,0.));
#5427=CARTESIAN_POINT('',(-0.585153,0.3906952001869,0.));
#5428=CARTESIAN_POINT('',(0.,0.5491858939849,0.));
#5429=CARTESIAN_POINT('',(0.2202314,0.5491858939849,0.));
#5430=CARTESIAN_POINT('',(-3.100297796266E-14,0.3125705053454,-0.54));
#5431=CARTESIAN_POINT('',(-0.4559605246171,0.3126290223278,-0.54000000001));
#5432=CARTESIAN_POINT('',(-0.4559605246071,0.3126290223178,-0.54));
#5433=CARTESIAN_POINT('',(-0.4559605246072,0.2826290223178,-0.54));
#5434=CARTESIAN_POINT('',(0.,-3.15099985504,-0.54000000001));
#5435=CARTESIAN_POINT('',(0.4559605246084,0.3126290223177,-0.5399999999999));
#5436=CARTESIAN_POINT('',(0.4559605246184,0.3126290223277,-0.5400000000099));
#5437=CARTESIAN_POINT('',(0.4559605246071,0.2826290223179,-0.54));
#5438=CARTESIAN_POINT('',(0.,-3.18099985504,-0.54000000001));
#5439=CARTESIAN_POINT('',(-0.01767243153849,0.2,0.));
#5440=CARTESIAN_POINT('',(0.,0.20000000001,0.));
#5441=CARTESIAN_POINT('',(-0.175,0.20000000001,0.));
#5442=CARTESIAN_POINT('',(0.215016558662,0.20000000001,-0.154584851869));
#5443=CARTESIAN_POINT('',(0.215016558652,0.2,-0.154584851859));
#5444=CARTESIAN_POINT('',(0.215016558652,0.2,0.1545848518589));
#5445=CARTESIAN_POINT('',(0.2449489742883,0.20000000001,-0.25000000001));
#5446=CARTESIAN_POINT('',(0.1749635530559,0.2,-0.1785714285714));
#5447=CARTESIAN_POINT('',(0.,0.20000000001,0.));
#5448=CARTESIAN_POINT('',(0.1749635530559,0.2,0.1785714285714));
#5449=CARTESIAN_POINT('',(0.2449489742883,0.20000000001,0.25000000001));
#5450=CARTESIAN_POINT('',(0.65,0.178,0.));
#5451=CARTESIAN_POINT('',(0.65000000001,0.19300000001,0.17500000001));
#5452=CARTESIAN_POINT('',(0.650000000006667,0.193000000006667,0.175000000006667));
#5453=CARTESIAN_POINT('',(0.650000000006667,0.193000000006667,-0.175000000006667));
#5454=CARTESIAN_POINT('',(0.65000000001,0.16300000001,0.17500000001));
#5455=CARTESIAN_POINT('',(0.650000000006667,0.163000000006667,0.175000000006667));
#5456=CARTESIAN_POINT('',(0.65000000001,0.16300000001,-0.17500000001));
#5457=CARTESIAN_POINT('',(0.650000000006667,0.163000000006667,-0.175000000006667));
#5458=CARTESIAN_POINT('',(0.65000000001,0.19300000001,-0.17500000001));
#5459=CARTESIAN_POINT('',(-0.35,-0.525,-0.475));
#5460=CARTESIAN_POINT('',(-0.35000000001,0.19300000001,0.43000000001));
#5461=CARTESIAN_POINT('',(-0.35000000001,0.193000000006667,0.430000000003333));
#5462=CARTESIAN_POINT('',(-0.35000000001,0.218000000006667,0.430000000003333));
#5463=CARTESIAN_POINT('',(-0.35000000001,0.21800000001,0.56000000001));
#5464=CARTESIAN_POINT('',(-0.350000000006667,0.218000000006667,0.560000000006667));
#5465=CARTESIAN_POINT('',(-0.35000000001,0.19300000001,0.56000000001));
#5466=CARTESIAN_POINT('',(-0.350000000006667,0.193000000006667,0.560000000006667));
#5467=CARTESIAN_POINT('',(-0.35000000001,0.19300000001,0.43000000001));
#5468=CARTESIAN_POINT('',(0.,0.3061566610377,0.));
#5469=CARTESIAN_POINT('',(-0.5699506557689,0.3035225432281,0.48750000001));
#5470=CARTESIAN_POINT('',(-0.5699506557589,0.3035225432181,0.4875));
#5471=CARTESIAN_POINT('',(-0.5699506557589,0.273522543218,0.4875));
#5472=CARTESIAN_POINT('',(0.,0.303522543228,0.));
#5473=CARTESIAN_POINT('',(-0.7372858464124,0.303522543218,0.1375121110303));
#5474=CARTESIAN_POINT('',(-0.7372858464224,0.3035225432281,0.1375121110403));
#5475=CARTESIAN_POINT('',(-0.7372858464124,0.273522543218,0.1375121110303));
#5476=CARTESIAN_POINT('',(0.,0.273522543228,0.));
#5477=CARTESIAN_POINT('',(0.,0.3061566610377,0.));
#5478=CARTESIAN_POINT('',(0.5699506557689,0.3035225432281,-0.48750000001));
#5479=CARTESIAN_POINT('',(0.5699506557589,0.3035225432181,-0.4875));
#5480=CARTESIAN_POINT('',(0.5699506557589,0.2735225432181,-0.4875000000001));
#5481=CARTESIAN_POINT('',(0.,0.3035225432284,0.));
#5482=CARTESIAN_POINT('',(0.7372858464124,0.3035225432181,-0.1375121110303));
#5483=CARTESIAN_POINT('',(0.7372858464224,0.3035225432281,-0.1375121110403));
#5484=CARTESIAN_POINT('',(0.7372858464124,0.273522543218,-0.1375121110303));
#5485=CARTESIAN_POINT('',(0.,0.273522543228,0.));
#5486=CARTESIAN_POINT('',(0.5300428057091,0.218,0.41));
#5487=CARTESIAN_POINT('',(-0.6782329983225,0.21800000001,-0.37500000001));
#5488=CARTESIAN_POINT('',(-0.678232998312165,0.218000000006667,-0.37500000001));
#5489=CARTESIAN_POINT('',(-0.450000000000002,0.218000000006667,-0.37500000001));
#5490=CARTESIAN_POINT('',(0.,0.21800000001,0.));
#5491=CARTESIAN_POINT('',(-0.701231060353632,0.218000000006667,-0.330000000006666));
#5492=CARTESIAN_POINT('',(-0.7012310603603,0.21800000001,-0.33000000001));
#5493=CARTESIAN_POINT('',(-0.450000000003333,0.218000000006667,-0.33000000001));
#5494=CARTESIAN_POINT('',(-0.45000000001,0.21800000001,-0.43000000001));
#5495=CARTESIAN_POINT('',(-0.35000000001,0.218000000006667,-0.430000000003333));
#5496=CARTESIAN_POINT('',(-0.35000000001,0.21800000001,-0.43000000001));
#5497=CARTESIAN_POINT('',(-0.350000000006667,0.218000000006667,-0.560000000006667));
#5498=CARTESIAN_POINT('',(-0.35000000001,0.21800000001,-0.56000000001));
#5499=CARTESIAN_POINT('',(-0.400000000006667,0.218000000006667,-0.560000000006667));
#5500=CARTESIAN_POINT('',(-0.40000000001,0.21800000001,-0.56000000001));
#5501=CARTESIAN_POINT('',(-0.400000000008276,0.218000000006667,-0.395000000007356));
#5502=CARTESIAN_POINT('',(-0.40000000001,0.21800000001,-0.39500000001));
#5503=CARTESIAN_POINT('',(2.475797344914E-14,0.193,1.24344978758E-14));
#5504=CARTESIAN_POINT('',(0.2449489742882,0.19300000001,-0.15000000001));
#5505=CARTESIAN_POINT('',(0.2449489742782,0.193,-0.15));
#5506=CARTESIAN_POINT('',(0.2554021996646,0.193,-0.15));
#5507=CARTESIAN_POINT('',(0.2554021996746,0.19300000001,0.15000000001));
#5508=CARTESIAN_POINT('',(0.2554021996646,0.193,0.15));
#5509=CARTESIAN_POINT('',(0.2449489742882,0.19300000001,0.15000000001));
#5510=CARTESIAN_POINT('',(0.2449489742782,0.193,0.15));
#5511=CARTESIAN_POINT('',(0.2449489742883,0.19300000001,0.25000000001));
#5512=CARTESIAN_POINT('',(0.1749635530148,0.193,0.1785714286116));
#5513=CARTESIAN_POINT('',(0.,0.19300000001,0.));
#5514=CARTESIAN_POINT('',(0.1749635530148,0.193,-0.1785714286116));
#5515=CARTESIAN_POINT('',(0.2449489742883,0.19300000001,-0.25000000001));
#5516=CARTESIAN_POINT('',(-0.72500000001,0.19300000001,-0.1050600904171));
#5517=CARTESIAN_POINT('',(-0.796473135140773,0.19300000001,-0.175000000009964));
#5518=CARTESIAN_POINT('',(-0.7778582527447,0.193,-0.1899482822643));
#5519=CARTESIAN_POINT('',(-0.7964731351457,0.19300000001,-0.17500000001));
#5520=CARTESIAN_POINT('',(-0.650000000006667,0.193000000006667,-0.175000000006667));
#5521=CARTESIAN_POINT('',(-0.65000000001,0.19300000001,-0.17500000001));
#5522=CARTESIAN_POINT('',(-0.650000000006667,0.193000000006667,0.175000000006667));
#5523=CARTESIAN_POINT('',(-0.65000000001,0.19300000001,0.17500000001));
#5524=CARTESIAN_POINT('',(-0.796473135140773,0.19300000001,0.175000000009964));
#5525=CARTESIAN_POINT('',(-0.72500000001,0.19300000001,0.1050600904171));
#5526=CARTESIAN_POINT('',(-0.7778582527447,0.193,0.1899482822643));
#5527=CARTESIAN_POINT('',(-0.8307165054994,0.19300000001,0.2748364741314));
#5528=CARTESIAN_POINT('',(-0.7357774762906,0.193,0.2434265913647));
#5529=CARTESIAN_POINT('',(0.,0.19300000001,0.));
#5530=CARTESIAN_POINT('',(-0.7012310603503,0.193,0.33));
#5531=CARTESIAN_POINT('',(-0.7012310603603,0.19300000001,0.33000000001));
#5532=CARTESIAN_POINT('',(-0.45,0.193,0.33));
#5533=CARTESIAN_POINT('',(-0.45000000001,0.19300000001,0.43000000001));
#5534=CARTESIAN_POINT('',(-0.35000000001,0.19300000001,0.56000000001));
#5535=CARTESIAN_POINT('',(0.5957348403543,0.19300000001,0.26000000001));
#5536=CARTESIAN_POINT('',(0.7300856114183,0.193,0.26));
#5537=CARTESIAN_POINT('',(0.,0.19300000001,0.));
#5538=CARTESIAN_POINT('',(0.7357774762906,0.193,0.2434265913647));
#5539=CARTESIAN_POINT('',(0.8307165054994,0.19300000001,0.2748364741314));
#5540=CARTESIAN_POINT('',(0.7778582527447,0.193,0.1899482822643));
#5541=CARTESIAN_POINT('',(0.72500000001,0.19300000001,0.1050600904171));
#5542=CARTESIAN_POINT('',(0.796473135140848,0.19300000001,0.175000000009939));
#5543=CARTESIAN_POINT('',(0.7964731351458,0.19300000001,0.17500000001));
#5544=CARTESIAN_POINT('',(0.65000000001,0.19300000001,-0.17500000001));
#5545=CARTESIAN_POINT('',(0.796473135140773,0.19300000001,-0.175000000009964));
#5546=CARTESIAN_POINT('',(0.72500000001,0.19300000001,-0.1050600904171));
#5547=CARTESIAN_POINT('',(0.7778582527447,0.193,-0.1899482822643));
#5548=CARTESIAN_POINT('',(0.8307165054994,0.19300000001,-0.2748364741314));
#5549=CARTESIAN_POINT('',(0.7357774762906,0.193,-0.2434265913647));
#5550=CARTESIAN_POINT('',(0.,0.19300000001,0.));
#5551=CARTESIAN_POINT('',(0.7300856114183,0.193,-0.26));
#5552=CARTESIAN_POINT('',(0.7300856114283,0.19300000001,-0.26000000001));
#5553=CARTESIAN_POINT('',(0.5957348403443,0.193,-0.26));
#5554=CARTESIAN_POINT('',(0.,0.19300000001,0.));
#5555=CARTESIAN_POINT('',(0.33,0.193,-0.56));
#5556=CARTESIAN_POINT('',(0.33000000001,0.19300000001,-0.56000000001));
#5557=CARTESIAN_POINT('',(-0.350000000006667,0.193000000006667,-0.560000000006667));
#5558=CARTESIAN_POINT('',(-0.35000000001,0.19300000001,-0.56000000001));
#5559=CARTESIAN_POINT('',(-0.35000000001,0.193000000006667,-0.430000000003333));
#5560=CARTESIAN_POINT('',(-0.45000000001,0.19300000001,-0.43000000001));
#5561=CARTESIAN_POINT('',(-0.45,0.193,-0.33));
#5562=CARTESIAN_POINT('',(-0.45000000001,0.19300000001,-0.33000000001));
#5563=CARTESIAN_POINT('',(-0.7012310603503,0.193,-0.33));
#5564=CARTESIAN_POINT('',(0.,0.19300000001,0.));
#5565=CARTESIAN_POINT('',(-0.7357774762906,0.193,-0.2434265913647));
#5566=CARTESIAN_POINT('',(-0.8307165054994,0.19300000001,-0.2748364741314));
#5567=CARTESIAN_POINT('',(0.6629102258813,0.2055,0.26));
#5568=CARTESIAN_POINT('',(0.5957348403543,0.21800000001,0.26000000001));
#5569=CARTESIAN_POINT('',(0.7300856114183,0.218,0.26));
#5570=CARTESIAN_POINT('',(0.7300856114283,0.21800000001,0.26000000001));
#5571=CARTESIAN_POINT('',(0.8307165054894,0.1867534236577,-0.2748364741214));
#5572=CARTESIAN_POINT('',(0.8307165054994,0.37300000001,-0.2748364741314));
#5573=CARTESIAN_POINT('',(0.7357774762908,0.373,-0.243426591364));
#5574=CARTESIAN_POINT('',(0.777858252748,0.373,-0.1899482822622));
#5575=CARTESIAN_POINT('',(0.7357774763007,0.37300000001,-0.2434265913744));
#5576=CARTESIAN_POINT('',(0.7778582527557,0.37300000001,-0.1899482822734));
#5577=CARTESIAN_POINT('',(0.725,0.1867534236577,-0.1050600904071));
#5578=CARTESIAN_POINT('',(0.72500000001,0.37300000001,-0.1050600904171));
#5579=CARTESIAN_POINT('',(0.825,0.373,-0.1050600904071));
#5580=CARTESIAN_POINT('',(0.72500000001,0.19300000001,-0.1050600904171));
#5581=CARTESIAN_POINT('',(0.82500000001,0.193000000006667,-0.105060090410433));
#5582=CARTESIAN_POINT('',(0.82500000001,0.37300000001,-0.1050600904171));
#5583=CARTESIAN_POINT('',(0.215016558652,0.08,0.1607682459333));
#5584=CARTESIAN_POINT('',(0.215016558662,0.08000000001,-0.15000000001));
#5585=CARTESIAN_POINT('',(0.2449489742783,0.1962069296332,-0.15));
#5586=CARTESIAN_POINT('',(0.215016558662,0.20000000001,-0.154584851869));
#5587=CARTESIAN_POINT('',(0.2183045770356,0.20000000001,-0.1535533769464));
#5588=CARTESIAN_POINT('',(0.2249323841847,0.1997299006445,-0.1518468359576));
#5589=CARTESIAN_POINT('',(0.2349692013295,0.1984751553946,-0.1503296908189));
#5590=CARTESIAN_POINT('',(0.2416333594677,0.1970609609921,-0.15000000001));
#5591=CARTESIAN_POINT('',(0.2449489742883,0.1962069296432,-0.15000000001));
#5592=CARTESIAN_POINT('',(0.215016558662,0.20000000001,0.154584851869));
#5593=CARTESIAN_POINT('',(0.218276393361,0.20000000001,0.153562218367));
#5594=CARTESIAN_POINT('',(0.2248761901522,0.1997336238085,0.151859092813));
#5595=CARTESIAN_POINT('',(0.2349084975073,0.1984858653178,0.1503344639828));
#5596=CARTESIAN_POINT('',(0.2416117631585,0.1970665237387,0.15000000001));
#5597=CARTESIAN_POINT('',(0.2449489742883,0.1962069296432,0.15000000001));
#5598=CARTESIAN_POINT('',(0.2449489742783,0.1962069296332,0.15));
#5599=CARTESIAN_POINT('',(0.215016558662,0.08000000001,0.15000000001));
#5600=CARTESIAN_POINT('',(-0.7375,0.178,-0.175));
#5601=CARTESIAN_POINT('',(0.7964731351458,0.19300000001,-0.17500000001));
#5602=CARTESIAN_POINT('',(0.825000000006667,0.193000000006667,-0.175000000006667));
#5603=CARTESIAN_POINT('',(0.65000000001,0.16300000001,-0.17500000001));
#5604=CARTESIAN_POINT('',(0.825000000006667,0.163000000006667,-0.175000000006667));
#5605=CARTESIAN_POINT('',(0.82500000001,0.19300000001,-0.17500000001));
#5606=CARTESIAN_POINT('',(0.,0.283,0.56));
#5607=CARTESIAN_POINT('',(-0.4717255558155,0.37300000001,0.56000000001));
#5608=CARTESIAN_POINT('',(-0.4717255558055,0.373,0.56));
#5609=CARTESIAN_POINT('',(-0.31384709653,0.373,0.56));
#5610=CARTESIAN_POINT('',(0.3138412470282,0.3730000000145,0.5600000000196));
#5611=CARTESIAN_POINT('',(0.31384709653,0.373,0.56));
#5612=CARTESIAN_POINT('',(0.3138412470282,0.3730000000145,0.5600000000196));
#5613=CARTESIAN_POINT('',(0.4717255558055,0.373,0.56));
#5614=CARTESIAN_POINT('',(0.4717255558155,0.37300000001,0.56000000001));
#5615=CARTESIAN_POINT('',(0.4717255558055,0.218,0.56));
#5616=CARTESIAN_POINT('',(0.4717255558155,0.21800000001,0.56000000001));
#5617=CARTESIAN_POINT('',(-0.40000000001,0.21800000001,0.56000000001));
#5618=CARTESIAN_POINT('',(-0.400000000006667,0.218000000006667,0.560000000006667));
#5619=CARTESIAN_POINT('',(-0.40000000001,0.21800000001,0.56000000001));
#5620=CARTESIAN_POINT('',(-0.4,0.23,0.56));
#5621=CARTESIAN_POINT('',(-0.4717255558155,0.23000000001,0.56000000001));
#5622=CARTESIAN_POINT('',(-0.4717255558055,0.23,0.56));
#5623=CARTESIAN_POINT('',(-0.4717255558155,0.23000000001,0.56000000001));
#5624=CARTESIAN_POINT('',(0.,0.09418618885756,0.));
#5625=CARTESIAN_POINT('',(0.1749635530659,0.20000000001,0.1785714285814));
#5626=CARTESIAN_POINT('',(0.1749635530509,0.19300000001,-0.1785714285935));
#5627=CARTESIAN_POINT('',(0.4159096075595,0.1023306154854,-0.15));
#5628=CARTESIAN_POINT('',(0.2449489742882,0.19300000001,-0.15000000001));
#5629=CARTESIAN_POINT('',(0.,0.21,0.));
#5630=CARTESIAN_POINT('',(0.,0.21000000001,0.));
#5631=CARTESIAN_POINT('',(0.175,0.21000000001,0.));
#5632=CARTESIAN_POINT('',(0.8307165054894,0.3792465763423,0.2748364741214));
#5633=CARTESIAN_POINT('',(0.8307165054994,0.37300000001,0.2748364741314));
#5634=CARTESIAN_POINT('',(0.7357774762906,0.373,0.2434265913647));
#5635=CARTESIAN_POINT('',(0.7778582527455,0.373,0.1899482822638));
#5636=CARTESIAN_POINT('',(0.777858252755,0.37300000001,0.189948282274));
#5637=CARTESIAN_POINT('',(0.7357774763006,0.37300000001,0.2434265913747));
#5638=CARTESIAN_POINT('',(0.4559605246071,0.3152631401375,-0.39));
#5639=CARTESIAN_POINT('',(0.4559605246171,0.2826290223279,-0.54000000001));
#5640=CARTESIAN_POINT('',(0.4667987845094,0.2812022474506,-0.54000000001));
#5641=CARTESIAN_POINT('',(0.4884343203925,0.2786201903505,-0.5376247055315));
#5642=CARTESIAN_POINT('',(0.5190382762082,0.2757388139986,-0.5273775427294));
#5643=CARTESIAN_POINT('',(0.5471946166616,0.2739251720853,-0.5105507546553));
#5644=CARTESIAN_POINT('',(0.562953543899,0.2735225432281,-0.4956805302637));
#5645=CARTESIAN_POINT('',(0.5699506557689,0.2735225432281,-0.4875000000101));
#5646=CARTESIAN_POINT('',(0.4559605246184,0.3126290223277,-0.5400000000099));
#5647=CARTESIAN_POINT('',(0.4668844757874,0.3111909668425,-0.5400000000099));
#5648=CARTESIAN_POINT('',(0.4886478935256,0.3085966801625,-0.5375869755866));
#5649=CARTESIAN_POINT('',(0.5192918311488,0.3057181735186,-0.5272608398954));
#5650=CARTESIAN_POINT('',(0.5473623066177,0.3039189083085,-0.5104121289085));
#5651=CARTESIAN_POINT('',(0.5630095547793,0.3035225432281,-0.4956150462884));
#5652=CARTESIAN_POINT('',(0.5699506557689,0.3035225432281,-0.48750000001));
#5653=CARTESIAN_POINT('',(2.475797344914E-14,0.193,1.24344978758E-14));
#5654=CARTESIAN_POINT('',(0.82500000001,0.19300000001,-0.1050600904171));
#5655=CARTESIAN_POINT('',(0.5300428057091,0.218,0.41));
#5656=CARTESIAN_POINT('',(0.4717255558155,0.21800000001,0.41000000001));
#5657=CARTESIAN_POINT('',(0.5849396891988,0.218,0.5084));
#5658=CARTESIAN_POINT('',(0.,0.21800000001,0.));
#5659=CARTESIAN_POINT('',(-0.7375,0.163,0.));
#5660=CARTESIAN_POINT('',(0.65000000001,0.16300000001,0.17500000001));
#5661=CARTESIAN_POINT('',(0.825000000006667,0.163000000006667,0.175000000006667));
#5662=CARTESIAN_POINT('',(0.82500000001,0.16300000001,-0.17500000001));
#5663=CARTESIAN_POINT('',(0.4717255558055,0.3792465763423,0.41));
#5664=CARTESIAN_POINT('',(0.4717255558155,0.37300000001,0.41000000001));
#5665=CARTESIAN_POINT('',(0.5849396891988,0.373,0.5084));
#5666=CARTESIAN_POINT('',(0.5849396892088,0.21800000001,0.50840000001));
#5667=CARTESIAN_POINT('',(2.475797344914E-14,0.193,1.24344978758E-14));
#5668=CARTESIAN_POINT('',(-0.82500000001,0.19300000001,0.1050600904171));
#5669=CARTESIAN_POINT('',(-0.82500000001,0.193000000006667,0.105060090410433));
#5670=CARTESIAN_POINT('',(-0.825000000006667,0.193000000006667,0.175000000006667));
#5671=CARTESIAN_POINT('',(-0.72500000001,0.19300000001,0.1050600904171));
#5672=CARTESIAN_POINT('',(-0.82500000001,0.19300000001,0.17500000001));
#5673=CARTESIAN_POINT('',(-0.3,0.145,0.435));
#5674=CARTESIAN_POINT('',(-0.40000000001,0.21800000001,0.39500000001));
#5675=CARTESIAN_POINT('',(-0.400000000008276,0.218000000006667,0.395000000007356));
#5676=CARTESIAN_POINT('',(-0.450000000000001,0.218000000006667,0.37500000001));
#5677=CARTESIAN_POINT('',(-0.45000000001,0.23000000001,0.37500000001));
#5678=CARTESIAN_POINT('',(-0.45,0.23,0.375));
#5679=CARTESIAN_POINT('',(-0.45000000001,0.23000000001,0.37500000001));
#5680=CARTESIAN_POINT('',(-0.4,0.23,0.395));
#5681=CARTESIAN_POINT('',(-0.40000000001,0.23000000001,0.39500000001));
#5682=CARTESIAN_POINT('',(-0.725,0.3792465763423,-0.1050600904071));
#5683=CARTESIAN_POINT('',(-0.72500000001,0.37300000001,-0.1050600904171));
#5684=CARTESIAN_POINT('',(-0.825,0.373,-0.1050600904071));
#5685=CARTESIAN_POINT('',(-0.7778582527477,0.373,-0.1899482822624));
#5686=CARTESIAN_POINT('',(-0.82500000001,0.19300000001,-0.1050600904171));
#5687=CARTESIAN_POINT('',(-0.82500000001,0.193000000006667,-0.105060090410433));
#5688=CARTESIAN_POINT('',(-0.72500000001,0.19300000001,-0.1050600904171));
#5689=CARTESIAN_POINT('',(-0.7778582527547,0.19300000001,-0.1899482822742));
#5690=CARTESIAN_POINT('',(0.4559605246071,0.2708884253982,0.39));
#5691=CARTESIAN_POINT('',(0.5699506557689,0.3035225432281,0.48750000001));
#5692=CARTESIAN_POINT('',(0.5630093071073,0.3035225432281,0.495615335849));
#5693=CARTESIAN_POINT('',(0.547361634693,0.3039189401211,0.5104126877716));
#5694=CARTESIAN_POINT('',(0.5192909401822,0.3057182423314,0.5272611902488));
#5695=CARTESIAN_POINT('',(0.4886481109919,0.3085966692423,0.5375868714725));
#5696=CARTESIAN_POINT('',(0.4668846047342,0.3111909498676,0.54000000001));
#5697=CARTESIAN_POINT('',(0.4559605246171,0.3126290223278,0.54000000001));
#5698=CARTESIAN_POINT('',(0.5699506557589,0.3035225432181,0.4875));
#5699=CARTESIAN_POINT('',(0.4559605246071,0.3126290223178,0.54));
#5700=CARTESIAN_POINT('',(0.4559605246171,0.3126290223278,0.54000000001));
#5701=CARTESIAN_POINT('',(0.4559605246072,0.2826290223181,0.54));
#5702=CARTESIAN_POINT('',(0.5699506557689,0.2735225432281,0.48750000001));
#5703=CARTESIAN_POINT('',(0.5629533566477,0.2735225432281,0.4956807491848));
#5704=CARTESIAN_POINT('',(0.5471941236811,0.2739251962478,0.5105511615585));
#5705=CARTESIAN_POINT('',(0.5190376884157,0.2757388605953,0.527377752079));
#5706=CARTESIAN_POINT('',(0.4884347668618,0.2786201522056,0.5376245638175));
#5707=CARTESIAN_POINT('',(0.4667990050452,0.2812022184187,0.54000000001));
#5708=CARTESIAN_POINT('',(0.4559605246171,0.2826290223278,0.54000000001));
#5709=CARTESIAN_POINT('',(0.5699506557589,0.2735225432181,0.4875));
#5710=CARTESIAN_POINT('',(0.5699506557689,0.3035225432281,0.48750000001));
#5711=CARTESIAN_POINT('',(0.,0.38,0.));
#5712=CARTESIAN_POINT('',(0.,0.38000000001,0.));
#5713=CARTESIAN_POINT('',(0.,0.38000000001,-0.1681221));
#5714=CARTESIAN_POINT('',(0.,0.38000000001,0.));
#5715=CARTESIAN_POINT('',(-0.275,0.38000000001,0.));
#5716=CARTESIAN_POINT('',(0.,0.1941861888576,0.));
#5717=CARTESIAN_POINT('',(-0.5521685895406,0.23,0.525));
#5718=CARTESIAN_POINT('',(0.,0.23000000001,0.));
#5719=CARTESIAN_POINT('',(-0.584939689205688,0.230000000006667,-0.508400000006423));
#5720=CARTESIAN_POINT('',(-0.678232998312165,0.230000000006667,-0.37500000001));
#5721=CARTESIAN_POINT('',(-0.45000000001,0.23000000001,-0.37500000001));
#5722=CARTESIAN_POINT('',(-0.450000000000002,0.230000000006667,-0.37500000001));
#5723=CARTESIAN_POINT('',(-0.40000000001,0.23000000001,-0.39500000001));
#5724=CARTESIAN_POINT('',(-0.400000000008276,0.230000000006667,-0.395000000007356));
#5725=CARTESIAN_POINT('',(-0.40000000001,0.23000000001,-0.39500000001));
#5726=CARTESIAN_POINT('',(-0.400000000006667,0.230000000006667,-0.560000000006667));
#5727=CARTESIAN_POINT('',(-0.4717255558155,0.23000000001,-0.56000000001));
#5728=CARTESIAN_POINT('',(-0.471725555808833,0.230000000006667,-0.56000000001));
#5729=CARTESIAN_POINT('',(-0.4717255558155,0.23000000001,-0.41000000001));
#5730=CARTESIAN_POINT('',(-0.4,0.205,0.535));
#5731=CARTESIAN_POINT('',(-0.40000000001,0.21800000001,-0.56000000001));
#5732=CARTESIAN_POINT('',(-0.40000000001,0.23000000001,-0.39500000001));
#5733=CARTESIAN_POINT('',(0.,0.1867534236577,0.));
#5734=CARTESIAN_POINT('',(-0.768521307457,0.2980000000101,-0.1000000000099));
#5735=CARTESIAN_POINT('',(-0.76852130745259,0.298000000007093,-0.100000000006977));
#5736=CARTESIAN_POINT('',(-0.768521307453661,0.267998132434432,-0.100000000006559));
#5737=CARTESIAN_POINT('',(0.,0.2680000000104,0.));
#5738=CARTESIAN_POINT('',(-0.76852130745259,0.268000000007093,0.100000000006967));
#5739=CARTESIAN_POINT('',(-0.768521307457,0.2680000000101,0.10000000000989));
#5740=CARTESIAN_POINT('',(-0.76852130745259,0.298000000007093,0.100000000006967));
#5741=CARTESIAN_POINT('',(0.,0.2980000000104,0.));
#5742=CARTESIAN_POINT('',(0.,0.3061566610377,0.));
#5743=CARTESIAN_POINT('',(-0.5699506557689,0.2735225432281,-0.48750000001));
#5744=CARTESIAN_POINT('',(-0.5699506557589,0.2735225432181,-0.4875));
#5745=CARTESIAN_POINT('',(-0.5699506557589,0.3035225432181,-0.4875));
#5746=CARTESIAN_POINT('',(0.,0.273522543228,0.));
#5747=CARTESIAN_POINT('',(-0.7372858464124,0.2735225432181,-0.1375121110303));
#5748=CARTESIAN_POINT('',(-0.7372858464224,0.3035225432281,-0.1375121110403));
#5749=CARTESIAN_POINT('',(-0.7372858464124,0.3035225432181,-0.1375121110303));
#5750=CARTESIAN_POINT('',(0.,0.303522543228,0.));
#5751=CARTESIAN_POINT('',(-0.7864382361732,0.2653658821802,-0.1466795850989));
#5752=CARTESIAN_POINT('',(-0.768521307457,0.2980000000101,-0.1000000000099));
#5753=CARTESIAN_POINT('',(-0.7644420857857,0.2988635537865,-0.1015657192379));
#5754=CARTESIAN_POINT('',(-0.7567902791341,0.3004285062741,-0.1057579256121));
#5755=CARTESIAN_POINT('',(-0.747622747211,0.3021548736716,-0.1143221707377));
#5756=CARTESIAN_POINT('',(-0.7406504731613,0.3032764622793,-0.1252534730051));
#5757=CARTESIAN_POINT('',(-0.7380598156509,0.3035225432281,-0.1333623924923));
#5758=CARTESIAN_POINT('',(-0.7372858464224,0.3035225432281,-0.1375121110403));
#5759=CARTESIAN_POINT('',(-0.7372858464224,0.2735225432281,-0.1375121110403));
#5760=CARTESIAN_POINT('',(-0.7380604244493,0.2735225432281,-0.1333591283546));
#5761=CARTESIAN_POINT('',(-0.7406551072519,0.2732757348632,-0.1252455787602));
#5762=CARTESIAN_POINT('',(-0.7476194645276,0.2721554890323,-0.1143251530998));
#5763=CARTESIAN_POINT('',(-0.756805798184,0.2704255037749,-0.1057454431549));
#5764=CARTESIAN_POINT('',(-0.7644497450804,0.2688619323466,-0.1015627793866));
#5765=CARTESIAN_POINT('',(-0.768521307457,0.2680000000101,-0.10000000000989));
#5766=CARTESIAN_POINT('',(0.2449489742783,0.2058138111424,0.25));
#5767=CARTESIAN_POINT('',(0.2449489742883,0.1962069296432,0.15000000001));
#5768=CARTESIAN_POINT('',(0.,0.373,0.));
#5769=CARTESIAN_POINT('',(0.,0.3730000000284,0.));
#5770=CARTESIAN_POINT('',(0.31384709653,0.373,-0.56));
#5771=CARTESIAN_POINT('',(0.4717255558155,0.37300000001,-0.56000000001));
#5772=CARTESIAN_POINT('',(0.4717255558055,0.373,-0.56));
#5773=CARTESIAN_POINT('',(0.4717255558155,0.37300000001,-0.41000000001));
#5774=CARTESIAN_POINT('',(0.5849396891988,0.373,-0.5084));
#5775=CARTESIAN_POINT('',(0.,0.37300000001,0.));
#5776=CARTESIAN_POINT('',(0.82500000001,0.37300000001,0.1050600904171));
#5777=CARTESIAN_POINT('',(0.825,0.373,0.1050600904071));
#5778=CARTESIAN_POINT('',(0.72500000001,0.37300000001,0.1050600904171));
#5779=CARTESIAN_POINT('',(0.,0.37300000001,0.));
#5780=CARTESIAN_POINT('',(0.,0.373,0.));
#5781=CARTESIAN_POINT('',(0.,0.37300000001,0.));
#5782=CARTESIAN_POINT('',(0.,0.473,0.));
#5783=CARTESIAN_POINT('',(0.,0.37300000001,0.));
#5784=CARTESIAN_POINT('',(-0.31384709653,0.373,-0.56));
#5785=CARTESIAN_POINT('',(0.,0.3730000000284,0.));
#5786=CARTESIAN_POINT('',(0.,0.373,0.));
#5787=CARTESIAN_POINT('',(-0.3138412470282,0.3730000000145,-0.5600000000196));
#5788=CARTESIAN_POINT('',(-0.4717255558055,0.3792465763423,-0.41));
#5789=CARTESIAN_POINT('',(-0.4717255558155,0.37300000001,-0.41000000001));
#5790=CARTESIAN_POINT('',(-0.5849396891988,0.373,-0.5084));
#5791=CARTESIAN_POINT('',(-0.4717255558055,0.373,-0.56));
#5792=CARTESIAN_POINT('',(-0.5849396892088,0.23000000001,-0.50840000001));
#5793=CARTESIAN_POINT('',(-0.4717255558155,0.37300000001,-0.56000000001));
#5794=CARTESIAN_POINT('',(0.,0.1867534236577,0.));
#5795=CARTESIAN_POINT('',(0.,0.37300000001,0.));
#5796=CARTESIAN_POINT('',(-0.7357774762908,0.373,-0.243426591364));
#5797=CARTESIAN_POINT('',(-0.7357774763007,0.37300000001,-0.2434265913744));
#5798=CARTESIAN_POINT('',(-0.7012310603603,0.19300000001,-0.33000000001));
#5799=CARTESIAN_POINT('',(-0.6782329983225,0.21800000001,-0.37500000001));
#5800=CARTESIAN_POINT('',(0.6629102258813,0.2055,-0.26));
#5801=CARTESIAN_POINT('',(0.7300856114283,0.21800000001,-0.26000000001));
#5802=CARTESIAN_POINT('',(0.730085611421627,0.218000000006667,-0.260000000006664));
#5803=CARTESIAN_POINT('',(0.7300856114283,0.21800000001,-0.26000000001));
#5804=CARTESIAN_POINT('',(0.595734840347622,0.218000000006667,-0.260000000006662));
#5805=CARTESIAN_POINT('',(0.5957348403543,0.21800000001,-0.26000000001));
#5806=CARTESIAN_POINT('',(0.,0.1867534236577,0.));
#5807=CARTESIAN_POINT('',(0.5849396892088,0.37300000001,-0.50840000001));
#5808=CARTESIAN_POINT('',(0.584939689201607,0.218000000006667,-0.508400000003946));
#5809=CARTESIAN_POINT('',(0.,0.21800000001,0.));
#5810=CARTESIAN_POINT('',(0.,0.1867534236577,0.));
#5811=CARTESIAN_POINT('',(-0.4717255558055,0.3792465763423,0.41));
#5812=CARTESIAN_POINT('',(-0.4717255558155,0.37300000001,0.41000000001));
#5813=CARTESIAN_POINT('',(-0.5849396891988,0.373,0.5084));
#5814=CARTESIAN_POINT('',(-0.4717255558155,0.23000000001,0.41000000001));
#5815=CARTESIAN_POINT('',(-0.5849396891988,0.23,0.5084));
#5816=CARTESIAN_POINT('',(-0.5849396892088,0.37300000001,0.50840000001));
#5817=CARTESIAN_POINT('',(0.,0.1867534236577,0.));
#5818=CARTESIAN_POINT('',(0.,0.37300000001,0.));
#5819=CARTESIAN_POINT('',(-0.7357774762906,0.373,0.2434265913648));
#5820=CARTESIAN_POINT('',(0.,0.23000000001,0.));
#5821=CARTESIAN_POINT('',(-0.6782329983125,0.23,0.375));
#5822=CARTESIAN_POINT('',(-0.6782329983225,0.21800000001,0.37500000001));
#5823=CARTESIAN_POINT('',(-0.678232998312165,0.218000000006667,0.37500000001));
#5824=CARTESIAN_POINT('',(0.,0.21800000001,0.));
#5825=CARTESIAN_POINT('',(-0.701231060353632,0.218000000006667,0.330000000006666));
#5826=CARTESIAN_POINT('',(-0.7012310603603,0.21800000001,0.33000000001));
#5827=CARTESIAN_POINT('',(-0.7357774763006,0.37300000001,0.2434265913747));
#5828=CARTESIAN_POINT('',(0.7864382361732,0.2653658821802,-0.146679585099));
#5829=CARTESIAN_POINT('',(0.7372858464224,0.3035225432281,-0.1375121110403));
#5830=CARTESIAN_POINT('',(0.7380602386812,0.3035225432281,-0.13336012437));
#5831=CARTESIAN_POINT('',(0.7406541623578,0.3032758678384,-0.1252474250896));
#5832=CARTESIAN_POINT('',(0.7476197254373,0.3021554848066,-0.1143242885955));
#5833=CARTESIAN_POINT('',(0.7568089876733,0.3004248557288,-0.1057430996423));
#5834=CARTESIAN_POINT('',(0.7644513765207,0.2988615869776,-0.1015621531942));
#5835=CARTESIAN_POINT('',(0.768521307457,0.2980000000101,-0.10000000000991));
#5836=CARTESIAN_POINT('',(0.768521307453661,0.297998112822982,-0.100000000006576));
#5837=CARTESIAN_POINT('',(0.768521307457,0.2980000000101,-0.10000000000991));
#5838=CARTESIAN_POINT('',(0.768521307452589,0.26800000000696,-0.100000000006994));
#5839=CARTESIAN_POINT('',(0.7372858464224,0.2735225432281,-0.1375121110403));
#5840=CARTESIAN_POINT('',(0.7380630703123,0.2735225432281,-0.1333449422782));
#5841=CARTESIAN_POINT('',(0.7406678143946,0.2732742249769,-0.1252112938989));
#5842=CARTESIAN_POINT('',(0.747660007868,0.2721483340192,-0.1142768058619));
#5843=CARTESIAN_POINT('',(0.7568345748799,0.2704197472889,-0.1057284110757));
#5844=CARTESIAN_POINT('',(0.7644618576159,0.2688593681746,-0.1015581302571));
#5845=CARTESIAN_POINT('',(0.768521307457,0.2680000000101,-0.10000000000992));
#5846=CARTESIAN_POINT('',(0.725,0.3792465763423,0.1050600904071));
#5847=CARTESIAN_POINT('',(0.82500000001,0.37300000001,0.1050600904171));
#5848=CARTESIAN_POINT('',(0.82500000001,0.193000000006667,0.105060090410433));
#5849=CARTESIAN_POINT('',(0.72500000001,0.19300000001,0.1050600904171));
#5850=CARTESIAN_POINT('',(-0.4,0.205,0.535));
#5851=CARTESIAN_POINT('',(-0.40000000001,0.21800000001,0.56000000001));
#5852=CARTESIAN_POINT('',(-0.40000000001,0.23000000001,0.56000000001));
#5853=CARTESIAN_POINT('',(-0.35,-0.525,-0.475));
#5854=CARTESIAN_POINT('',(-0.35000000001,0.21800000001,-0.43000000001));
#5855=CARTESIAN_POINT('',(-0.35000000001,0.21800000001,-0.56000000001));
#5856=CARTESIAN_POINT('',(0.,0.3784,0.));
#5857=CARTESIAN_POINT('',(0.,0.46000000001,0.));
#5858=CARTESIAN_POINT('',(-0.275,0.46000000001,0.));
#5859=CARTESIAN_POINT('',(-0.45,0.2242465763423,0.43));
#5860=CARTESIAN_POINT('',(-0.45000000001,0.19300000001,0.33000000001));
#5861=CARTESIAN_POINT('',(-0.450000000003333,0.218000000006667,0.33000000001));
#5862=CARTESIAN_POINT('',(-0.45000000001,0.21800000001,0.43000000001));
#5863=CARTESIAN_POINT('',(-0.6398957944753,0.1247795013242,-0.375));
#5864=CARTESIAN_POINT('',(-0.45000000001,0.21800000001,-0.37500000001));
#5865=CARTESIAN_POINT('',(0.,0.373,0.));
#5866=CARTESIAN_POINT('',(-0.82500000001,0.37300000001,-0.1050600904171));
#5867=CARTESIAN_POINT('',(-0.825,0.373,0.1050600904071));
#5868=CARTESIAN_POINT('',(-0.8307165054994,0.37300000001,-0.2748364741314));
#5869=CARTESIAN_POINT('',(-0.3138412470282,0.3730000000145,-0.5600000000196));
#5870=CARTESIAN_POINT('',(-0.8307165054994,0.37300000001,0.2748364741314));
#5871=CARTESIAN_POINT('',(-0.7778582527457,0.373,0.1899482822637));
#5872=CARTESIAN_POINT('',(-0.72500000001,0.37300000001,0.1050600904171));
#5873=CARTESIAN_POINT('',(0.,0.1867534236577,0.));
#5874=CARTESIAN_POINT('',(0.,0.21800000001,0.));
#5875=CARTESIAN_POINT('',(0.32999999999202,0.218000000006667,-0.56000000001));
#5876=CARTESIAN_POINT('',(0.33000000001,0.21800000001,-0.56000000001));
#5877=CARTESIAN_POINT('',(0.,-3.15099985503,0.));
#5878=CARTESIAN_POINT('',(0.,-3.15099985504,0.54000000001));
#5879=CARTESIAN_POINT('',(-0.4559605246072,0.3126290223181,0.54));
#5880=CARTESIAN_POINT('',(0.,0.3035225432284,0.));
#5881=CARTESIAN_POINT('',(0.7372858464124,0.3035225432181,0.1375121110303));
#5882=CARTESIAN_POINT('',(0.768521307457,0.2980000000101,0.10000000000987));
#5883=CARTESIAN_POINT('',(0.7644420857857,0.2988635537865,0.1015657192379));
#5884=CARTESIAN_POINT('',(0.7567902791341,0.3004285062741,0.1057579256121));
#5885=CARTESIAN_POINT('',(0.747622747211,0.3021548736716,0.1143221707377));
#5886=CARTESIAN_POINT('',(0.7406504731613,0.3032764622793,0.1252534730051));
#5887=CARTESIAN_POINT('',(0.7380598156509,0.3035225432281,0.1333623924923));
#5888=CARTESIAN_POINT('',(0.7372858464224,0.3035225432281,0.1375121110403));
#5889=CARTESIAN_POINT('',(0.768521307452591,0.298000000007093,0.100000000006947));
#5890=CARTESIAN_POINT('',(0.,0.2980000000104,0.));
#5891=CARTESIAN_POINT('',(-0.5699506557689,0.3035225432281,-0.48750000001));
#5892=CARTESIAN_POINT('',(-0.5630093071074,0.3035225432281,-0.495615335849));
#5893=CARTESIAN_POINT('',(-0.547361634693,0.3039189401211,-0.5104126877716));
#5894=CARTESIAN_POINT('',(-0.5192909401822,0.3057182423314,-0.5272611902488));
#5895=CARTESIAN_POINT('',(-0.4886481109919,0.3085966692423,-0.5375868714725));
#5896=CARTESIAN_POINT('',(-0.4668846047342,0.3111909498676,-0.54000000001));
#5897=CARTESIAN_POINT('',(-0.4559605246171,0.3126290223278,-0.54000000001));
#5898=CARTESIAN_POINT('',(-0.768521307457,0.2980000000101,0.10000000000989));
#5899=CARTESIAN_POINT('',(-0.76446340464,0.2988590406762,0.101557536466));
#5900=CARTESIAN_POINT('',(-0.7568362108219,0.300419515711,0.1057251089944));
#5901=CARTESIAN_POINT('',(-0.7476440592698,0.3021511970246,0.1142949468233));
#5902=CARTESIAN_POINT('',(-0.7406660005803,0.3032743078782,0.1252188416262));
#5903=CARTESIAN_POINT('',(-0.7380624674364,0.3035225432281,0.1333481746617));
#5904=CARTESIAN_POINT('',(-0.7372858464224,0.3035225432281,0.1375121110403));
#5905=CARTESIAN_POINT('',(-0.5699506557689,0.3035225432281,0.48750000001));
#5906=CARTESIAN_POINT('',(-0.5629535169138,0.3035225432281,0.4956805618129));
#5907=CARTESIAN_POINT('',(-0.547194535837,0.3039251752369,0.510550821291));
#5908=CARTESIAN_POINT('',(-0.5190381552459,0.3057388237047,0.5273775982209));
#5909=CARTESIAN_POINT('',(-0.4884342183791,0.3086202017648,0.5376247235105));
#5910=CARTESIAN_POINT('',(-0.4667987435947,0.3112022528367,0.54000000001));
#5911=CARTESIAN_POINT('',(-0.4559605246171,0.3126290223279,0.54000000001));
#5912=CARTESIAN_POINT('',(0.2449489742783,0.06951541816207,-0.25));
#5913=CARTESIAN_POINT('',(2.475797344914E-14,0.193,1.24344978758E-14));
#5914=CARTESIAN_POINT('',(0.82500000001,0.19300000001,0.1050600904171));
#5915=CARTESIAN_POINT('',(0.825000000006667,0.193000000006667,0.175000000006667));
#5916=CARTESIAN_POINT('',(0.82500000001,0.19300000001,0.17500000001));
#5917=CARTESIAN_POINT('',(-0.8307165054894,0.1867534236577,0.2748364741214));
#5918=CARTESIAN_POINT('',(-0.777858252755,0.37300000001,0.189948282274));
#5919=CARTESIAN_POINT('',(-0.725,0.1867534236577,0.1050600904071));
#5920=CARTESIAN_POINT('',(-0.82500000001,0.37300000001,0.1050600904171));
#5921=CARTESIAN_POINT('',(-0.7864382361732,0.2653658821802,0.146679585099));
#5922=CARTESIAN_POINT('',(-0.7372858464224,0.2735225432281,0.1375121110403));
#5923=CARTESIAN_POINT('',(-0.7380630703123,0.2735225432281,0.1333449422782));
#5924=CARTESIAN_POINT('',(-0.7406678143946,0.2732742249769,0.1252112938989));
#5925=CARTESIAN_POINT('',(-0.747660007868,0.2721483340192,0.1142768058619));
#5926=CARTESIAN_POINT('',(-0.7568345748799,0.2704197472889,0.1057284110757));
#5927=CARTESIAN_POINT('',(-0.7644618576159,0.2688593681746,0.1015581302571));
#5928=CARTESIAN_POINT('',(-0.768521307457,0.2680000000101,0.10000000000989));
#5929=CARTESIAN_POINT('',(-0.7375,0.178,0.175));
#5930=CARTESIAN_POINT('',(0.82500000001,0.16300000001,0.17500000001));
#5931=CARTESIAN_POINT('',(-0.7375,0.178,-0.175));
#5932=CARTESIAN_POINT('',(-0.82500000001,0.19300000001,-0.17500000001));
#5933=CARTESIAN_POINT('',(-0.825000000006667,0.193000000006667,-0.175000000006667));
#5934=CARTESIAN_POINT('',(-0.82500000001,0.16300000001,-0.17500000001));
#5935=CARTESIAN_POINT('',(-0.825,0.163,-0.175));
#5936=CARTESIAN_POINT('',(-0.82500000001,0.16300000001,-0.17500000001));
#5937=CARTESIAN_POINT('',(-0.650000000006667,0.163000000006667,-0.175000000006667));
#5938=CARTESIAN_POINT('',(-0.65000000001,0.16300000001,-0.17500000001));
#5939=CARTESIAN_POINT('',(-0.825,0.268,0.));
#5940=CARTESIAN_POINT('',(-0.82500000001,0.19300000001,0.17500000001));
#5941=CARTESIAN_POINT('',(-0.825,0.163,0.175));
#5942=CARTESIAN_POINT('',(-0.82500000001,0.16300000001,0.17500000001));
#5943=CARTESIAN_POINT('',(-0.82500000001,0.19300000001,-0.17500000001));
#5944=CARTESIAN_POINT('',(0.4717255558055,0.3792465763423,-0.41));
#5945=CARTESIAN_POINT('',(0.4717255558155,0.21800000001,-0.56000000001));
#5946=CARTESIAN_POINT('',(0.471725555808833,0.218000000006667,-0.56000000001));
#5947=CARTESIAN_POINT('',(0.4717255558155,0.21800000001,-0.41000000001));
#5948=CARTESIAN_POINT('',(-0.3,0.145,-0.435));
#5949=CARTESIAN_POINT('',(0.,0.3061566610377,0.));
#5950=CARTESIAN_POINT('',(0.,0.273522543228,0.));
#5951=CARTESIAN_POINT('',(0.7372858464124,0.273522543218,0.1375121110303));
#5952=CARTESIAN_POINT('',(0.7372858464224,0.3035225432281,0.1375121110403));
#5953=CARTESIAN_POINT('',(-0.65,-0.525,-0.475));
#5954=CARTESIAN_POINT('',(-0.65000000001,0.16300000001,-0.17500000001));
#5955=CARTESIAN_POINT('',(-0.650000000006667,0.163000000006667,0.175000000006667));
#5956=CARTESIAN_POINT('',(-0.65000000001,0.16300000001,0.17500000001));
#5957=CARTESIAN_POINT('',(3.100297796266E-14,0.3125705053454,0.54));
#5958=CARTESIAN_POINT('',(-0.4559605246171,0.3126290223279,0.54000000001));
#5959=CARTESIAN_POINT('',(-0.4559605246071,0.2826290223179,0.54));
#5960=CARTESIAN_POINT('',(0.,-3.18099985504,0.54000000001));
#5961=CARTESIAN_POINT('',(-0.7375,0.178,0.175));
#5962=CARTESIAN_POINT('',(-0.65000000001,0.16300000001,0.17500000001));
#5963=CARTESIAN_POINT('',(0.,0.283,-0.56));
#5964=CARTESIAN_POINT('',(0.33000000001,0.21800000001,-0.56000000001));
#5965=CARTESIAN_POINT('',(0.4159096075595,0.1023306154854,0.15));
#5966=CARTESIAN_POINT('',(-0.4559605246071,0.2708884253982,-0.39));
#5967=CARTESIAN_POINT('',(-0.5699506557689,0.2735225432281,-0.48750000001));
#5968=CARTESIAN_POINT('',(-0.5629533566477,0.2735225432281,-0.4956807491848));
#5969=CARTESIAN_POINT('',(-0.5471941236811,0.2739251962478,-0.5105511615585));
#5970=CARTESIAN_POINT('',(-0.5190376884157,0.2757388605953,-0.527377752079));
#5971=CARTESIAN_POINT('',(-0.4884347668617,0.2786201522056,-0.5376245638175));
#5972=CARTESIAN_POINT('',(-0.4667990050453,0.2812022184187,-0.54000000001));
#5973=CARTESIAN_POINT('',(-0.4559605246172,0.2826290223278,-0.54000000001));
#5974=CARTESIAN_POINT('',(0.,0.1867534236577,0.));
#5975=CARTESIAN_POINT('',(0.768521307457,0.2980000000101,0.10000000000987));
#5976=CARTESIAN_POINT('',(0.768521307452604,0.268000000006925,0.100000000006927));
#5977=CARTESIAN_POINT('',(0.,0.26800000001,0.));
#5978=CARTESIAN_POINT('',(-0.5521685895406,0.23,0.525));
#5979=CARTESIAN_POINT('',(-0.6782329983225,0.23000000001,0.37500000001));
#5980=CARTESIAN_POINT('',(0.5300428057091,0.218,0.41));
#5981=CARTESIAN_POINT('',(0.,-3.18099985503,0.));
#5982=CARTESIAN_POINT('',(-0.4559605246171,0.2826290223279,0.54000000001));
#5983=CARTESIAN_POINT('',(-0.4667987845094,0.2812022474506,0.54000000001));
#5984=CARTESIAN_POINT('',(-0.4884343203925,0.2786201903505,0.5376247055315));
#5985=CARTESIAN_POINT('',(-0.5190382762082,0.2757388139986,0.5273775427294));
#5986=CARTESIAN_POINT('',(-0.5471946166616,0.2739251720853,0.5105507546553));
#5987=CARTESIAN_POINT('',(-0.5629535438991,0.2735225432281,0.4956805302636));
#5988=CARTESIAN_POINT('',(-0.5699506557689,0.2735225432281,0.48750000001));
#5989=CARTESIAN_POINT('',(0.768521307457,0.2680000000101,0.10000000000987));
#5990=CARTESIAN_POINT('',(0.7644624873174,0.2688592348695,0.1015578885601));
#5991=CARTESIAN_POINT('',(0.7568346487407,0.2704198402339,0.1057263839962));
#5992=CARTESIAN_POINT('',(0.7476453421818,0.2721509279176,0.1142939622294));
#5993=CARTESIAN_POINT('',(0.7406677011222,0.2732740801061,0.1252151753774));
#5994=CARTESIAN_POINT('',(0.738062795909,0.2735225432281,0.1333464135207));
#5995=CARTESIAN_POINT('',(0.7372858464224,0.2735225432281,0.1375121110403));
#5996=CARTESIAN_POINT('',(0.,0.46,0.));
#5997=CARTESIAN_POINT('',(0.4074542893905,0.14,0.));
#5998=CARTESIAN_POINT('',(2.475797344914E-14,0.193,1.24344978758E-14));
#5999=CARTESIAN_POINT('',(0.825,0.268,0.));
#6000=CARTESIAN_POINT('',(-0.4559605246071,0.3152631401375,0.39));
#6001=CARTESIAN_POINT('',(-0.7375,0.163,0.));
#6002=CARTESIAN_POINT('',(0.7864382361732,0.2653658821802,0.1466795850989));
#6003=CARTESIAN_POINT('',(-0.45,0.2242465763423,-0.43));
#6004=CARTESIAN_POINT('',(-0.45000000001,0.21800000001,-0.33000000001));
#6005=CARTESIAN_POINT('',(-0.5756155301751,0.2055,-0.33));
#6006=CARTESIAN_POINT('',(-0.5756155301752,0.2055,0.33));
#6007=CARTESIAN_POINT('',(-0.45000000001,0.21800000001,0.33000000001));
#6008=CARTESIAN_POINT('',(-0.6398957944753,0.1247795013242,0.375));
#6009=CARTESIAN_POINT('',(-0.6782329983225,0.21800000001,0.37500000001));
#6010=CARTESIAN_POINT('',(0.5300428057091,0.218,0.41));
#6011=CARTESIAN_POINT('',(-0.8307165054894,0.3792465763423,-0.2748364741214));
#6012=CARTESIAN_POINT('',(0.,0.,0.));
#6013=(
GEOMETRIC_REPRESENTATION_CONTEXT(3)
GLOBAL_UNCERTAINTY_ASSIGNED_CONTEXT((#6015))
GLOBAL_UNIT_ASSIGNED_CONTEXT((#6019,#6018,#6017))
REPRESENTATION_CONTEXT('NANOT160BP','TOP_LEVEL_ASSEMBLY_PART')
);
#6014=(
GEOMETRIC_REPRESENTATION_CONTEXT(3)
GLOBAL_UNCERTAINTY_ASSIGNED_CONTEXT((#6016))
GLOBAL_UNIT_ASSIGNED_CONTEXT((#6019,#6018,#6017))
REPRESENTATION_CONTEXT('NANOT160BP_PART1','COMPONENT_PART')
);
#6015=UNCERTAINTY_MEASURE_WITH_UNIT(LENGTH_MEASURE(1.E-5),#6019,
'DISTANCE_ACCURACY_VALUE','Maximum Tolerance applied to model');
#6016=UNCERTAINTY_MEASURE_WITH_UNIT(LENGTH_MEASURE(1.E-5),#6019,
'DISTANCE_ACCURACY_VALUE','Maximum Tolerance applied to model');
#6017=(
NAMED_UNIT(*)
SI_UNIT($,.STERADIAN.)
SOLID_ANGLE_UNIT()
);
#6018=(
NAMED_UNIT(*)
PLANE_ANGLE_UNIT()
SI_UNIT($,.RADIAN.)
);
#6019=(
LENGTH_UNIT()
NAMED_UNIT(*)
SI_UNIT(.MILLI.,.METRE.)
);
#6020=PRODUCT_DEFINITION_SHAPE('','',#6023);
#6021=PRODUCT_DEFINITION_SHAPE('','',#6024);
#6022=PRODUCT_DEFINITION_SHAPE(' ','NAUO PRDDFN',#11);
#6023=PRODUCT_DEFINITION('','',#6027,#6025);
#6024=PRODUCT_DEFINITION('','',#6028,#6026);
#6025=PRODUCT_DEFINITION_CONTEXT('',#6038,'design');
#6026=PRODUCT_DEFINITION_CONTEXT('',#6038,'design');
#6027=PRODUCT_DEFINITION_FORMATION_WITH_SPECIFIED_SOURCE('','',#6031,
 .NOT_KNOWN.);
#6028=PRODUCT_DEFINITION_FORMATION_WITH_SPECIFIED_SOURCE('','',#6032,
 .NOT_KNOWN.);
#6029=PRODUCT_RELATED_PRODUCT_CATEGORY('','',(#6031));
#6030=PRODUCT_RELATED_PRODUCT_CATEGORY('','',(#6032));
#6031=PRODUCT('NANOT160BP','NANOT160BP','NANOT160BP',(#6035));
#6032=PRODUCT('NANOT160BP_PART1','NANOT160BP_PART1','NANOT160BP_PART1',
(#6036));
#6033=PRODUCT_CATEGORY('','');
#6034=PRODUCT_CATEGORY('','');
#6035=PRODUCT_CONTEXT('',#6038,'mechanical');
#6036=PRODUCT_CONTEXT('',#6038,'mechanical');
#6037=APPLICATION_PROTOCOL_DEFINITION('international standard',
'ap242_managed_model_based_3d_engineering',2011,#6038);
#6038=APPLICATION_CONTEXT('managed model based 3d engineering');
ENDSEC;
END-ISO-10303-21;
